"Schema版本","ID","符号种类","规范名称","别名","语法","类别","值类型","所需上下文","当前实现","兼容状态","已知差异或实施结论","安全等级","来源","附件出现","真实语料次数","翎风说明","测试编号","说明书页面","负责人","最后复核日期","版本","无上下文结果","可用脚本入口","触发时点"
"1","LFENV-SYMBOL-0001","附件原文","AC","","<$AC>","人物","Integer","玩家对象","LingFengP0ServerSymbols + ScriptTextRenderer","B","已通过 LFENV-05 P0 Adapter、统一 Renderer、真实 NPC/条件动作/系统触发/ScriptApi 入口与旧分支回归测试。","普通","用户附件:翎风服务器常量","是","0","防御力","LFENV-CATALOG-001","Docs/design/scripting/翎风服务器常量与整服Envir直接运行实施规格.md","LFENV","2026-08-16","LFENV-2026-08-16-baseline","ContextUnavailable（按契约显示为空或 0，预检保留诊断）","NPC 对话、#IF/#ACT 文本参数、系统与事件触发页","玩家脚本上下文有效期间"
"1","LFENV-SYMBOL-0002","附件原文","ADDMAXBW","","<$ADDMAXBW>","人物","Integer","玩家对象","未实现（LFENV 后续阶段）","D","真实语料或附件已登记，等待对应 LFENV Adapter 实现与契约测试。","普通","用户附件:翎风服务器常量","是","0","背包最大负重","LFENV-CATALOG-001","Docs/design/scripting/翎风服务器常量与整服Envir直接运行实施规格.md","LFENV","2026-08-16","LFENV-2026-08-16-baseline","ContextUnavailable（按契约显示为空或 0，预检保留诊断）","NPC 对话、#IF/#ACT 文本参数、系统与事件触发页","玩家脚本上下文有效期间"
"1","LFENV-SYMBOL-0003","附件原文","ANTIMAGIC","","<$ANTIMAGIC>","人物","String","玩家对象","未实现（LFENV 后续阶段）","D","真实语料或附件已登记，等待对应 LFENV Adapter 实现与契约测试。","普通","用户附件:翎风服务器常量","是","0","魔法躲避","LFENV-CATALOG-001","Docs/design/scripting/翎风服务器常量与整服Envir直接运行实施规格.md","LFENV","2026-08-16","LFENV-2026-08-16-baseline","ContextUnavailable（按契约显示为空或 0，预检保留诊断）","NPC 对话、#IF/#ACT 文本参数、系统与事件触发页","玩家脚本上下文有效期间"
"1","LFENV-SYMBOL-0004","附件原文","ANTIPOISON","","<$ANTIPOISON>","人物","String","玩家对象","未实现（LFENV 后续阶段）","D","真实语料或附件已登记，等待对应 LFENV Adapter 实现与契约测试。","普通","用户附件:翎风服务器常量","是","0","毒躲避","LFENV-CATALOG-001","Docs/design/scripting/翎风服务器常量与整服Envir直接运行实施规格.md","LFENV","2026-08-16","LFENV-2026-08-16-baseline","ContextUnavailable（按契约显示为空或 0，预检保留诊断）","NPC 对话、#IF/#ACT 文本参数、系统与事件触发页","玩家脚本上下文有效期间"
"1","LFENV-SYMBOL-0005","附件原文","ARMRING_L","BRACELET_L","<$ARMRING_L>","物品事件","String","玩家对象与物品事件上下文","LingFengP0ServerSymbols + ScriptTextRenderer","B","已通过 LFENV-05 P0 Adapter、统一 Renderer、真实 NPC/条件动作/系统触发/ScriptApi 入口与旧分支回归测试。","普通","用户附件:翎风服务器常量","是","0","右手镯","LFENV-CATALOG-001","Docs/design/scripting/翎风服务器常量与整服Envir直接运行实施规格.md","LFENV","2026-08-16","LFENV-2026-08-16-baseline","ContextUnavailable（显示为空，预检保留诊断）","NPC 对话、#IF/#ACT 文本参数、系统与事件触发页","对应不可变物品事件 DTO 生命周期内"
"1","LFENV-SYMBOL-0006","附件原文","ARMRING_R","BRACELET_R","<$ARMRING_R>","物品事件","String","玩家对象与物品事件上下文","LingFengP0ServerSymbols + ScriptTextRenderer","B","已通过 LFENV-05 P0 Adapter、统一 Renderer、真实 NPC/条件动作/系统触发/ScriptApi 入口与旧分支回归测试。","普通","用户附件:翎风服务器常量","是","0","左手镯","LFENV-CATALOG-001","Docs/design/scripting/翎风服务器常量与整服Envir直接运行实施规格.md","LFENV","2026-08-16","LFENV-2026-08-16-baseline","ContextUnavailable（显示为空，预检保留诊断）","NPC 对话、#IF/#ACT 文本参数、系统与事件触发页","对应不可变物品事件 DTO 生命周期内"
"1","LFENV-SYMBOL-0007","附件原文","ATTACKMONPOWERRATE","","<$ATTACKMONPOWERRATE>","战斗事件","Integer","玩家对象与战斗事件上下文","未实现（LFENV 后续阶段）","D","真实语料或附件已登记，等待对应 LFENV Adapter 实现与契约测试。","普通","用户附件:翎风服务器常量","是","0","人物攻击怪物伤害力倍数","LFENV-CATALOG-001","Docs/design/scripting/翎风服务器常量与整服Envir直接运行实施规格.md","LFENV","2026-08-16","LFENV-2026-08-16-baseline","ContextUnavailable（显示为空，预检保留诊断）","NPC 对话、#IF/#ACT 文本参数、系统与事件触发页","对应不可变战斗事件 DTO 生命周期内"
"1","LFENV-SYMBOL-0008","附件原文","ATTACKMONPOWERRATETIME","","<$ATTACKMONPOWERRATETIME>","战斗事件","Integer","玩家对象与战斗事件上下文","未实现（LFENV 后续阶段）","D","真实语料或附件已登记，等待对应 LFENV Adapter 实现与契约测试。","普通","用户附件:翎风服务器常量","是","0","人物攻击怪物伤害倍数剩余时间","LFENV-CATALOG-001","Docs/design/scripting/翎风服务器常量与整服Envir直接运行实施规格.md","LFENV","2026-08-16","LFENV-2026-08-16-baseline","ContextUnavailable（显示为空，预检保留诊断）","NPC 对话、#IF/#ACT 文本参数、系统与事件触发页","对应不可变战斗事件 DTO 生命周期内"
"1","LFENV-SYMBOL-0009","附件原文","ATTACKMONSTER_HP","","<$ATTACKMONSTER_HP>","战斗事件","Integer","玩家对象与战斗事件上下文","未实现（LFENV 后续阶段）","D","真实语料或附件已登记，等待对应 LFENV Adapter 实现与契约测试。","普通","用户附件:翎风服务器常量","是","0","当前攻击目标剩余血量","LFENV-CATALOG-001","Docs/design/scripting/翎风服务器常量与整服Envir直接运行实施规格.md","LFENV","2026-08-16","LFENV-2026-08-16-baseline","ContextUnavailable（显示为空，预检保留诊断）","NPC 对话、#IF/#ACT 文本参数、系统与事件触发页","对应不可变战斗事件 DTO 生命周期内"
"1","LFENV-SYMBOL-0010","附件原文","ATTACKMONSTER_HPEX","","<$ATTACKMONSTER_HPEX>","战斗事件","String","玩家对象与战斗事件上下文","未实现（LFENV 后续阶段）","D","真实语料或附件已登记，等待对应 LFENV Adapter 实现与契约测试。","普通","用户附件:翎风服务器常量","是","0","当前攻击(主目标)目标剩余血量","LFENV-CATALOG-001","Docs/design/scripting/翎风服务器常量与整服Envir直接运行实施规格.md","LFENV","2026-08-16","LFENV-2026-08-16-baseline","ContextUnavailable（显示为空，预检保留诊断）","NPC 对话、#IF/#ACT 文本参数、系统与事件触发页","对应不可变战斗事件 DTO 生命周期内"
"1","LFENV-SYMBOL-0011","附件原文","ATTACKMONSTER_MAXHP","","<$ATTACKMONSTER_MAXHP>","战斗事件","Integer","玩家对象与战斗事件上下文","未实现（LFENV 后续阶段）","D","真实语料或附件已登记，等待对应 LFENV Adapter 实现与契约测试。","普通","用户附件:翎风服务器常量","是","0","当前攻击目标总血量","LFENV-CATALOG-001","Docs/design/scripting/翎风服务器常量与整服Envir直接运行实施规格.md","LFENV","2026-08-16","LFENV-2026-08-16-baseline","ContextUnavailable（显示为空，预检保留诊断）","NPC 对话、#IF/#ACT 文本参数、系统与事件触发页","对应不可变战斗事件 DTO 生命周期内"
"1","LFENV-SYMBOL-0012","附件原文","ATTACKMONSTER_MAXHPEX","","<$ATTACKMONSTER_MAXHPEX>","战斗事件","Integer","玩家对象与战斗事件上下文","未实现（LFENV 后续阶段）","D","真实语料或附件已登记，等待对应 LFENV Adapter 实现与契约测试。","普通","用户附件:翎风服务器常量","是","0","当前攻击(主目标)目标总血量","LFENV-CATALOG-001","Docs/design/scripting/翎风服务器常量与整服Envir直接运行实施规格.md","LFENV","2026-08-16","LFENV-2026-08-16-baseline","ContextUnavailable（显示为空，预检保留诊断）","NPC 对话、#IF/#ACT 文本参数、系统与事件触发页","对应不可变战斗事件 DTO 生命周期内"
"1","LFENV-SYMBOL-0013","附件原文","ATTACKMONSTER_NAME","","<$ATTACKMONSTER_NAME>","战斗事件","String","玩家对象与战斗事件上下文","未实现（LFENV 后续阶段）","D","真实语料或附件已登记，等待对应 LFENV Adapter 实现与契约测试。","普通","用户附件:翎风服务器常量","是","0","当前击中目标的名称","LFENV-CATALOG-001","Docs/design/scripting/翎风服务器常量与整服Envir直接运行实施规格.md","LFENV","2026-08-16","LFENV-2026-08-16-baseline","ContextUnavailable（显示为空，预检保留诊断）","NPC 对话、#IF/#ACT 文本参数、系统与事件触发页","对应不可变战斗事件 DTO 生命周期内"
"1","LFENV-SYMBOL-0014","附件原文","ATTACKMONSTER_NAMEEX","","<$ATTACKMONSTER_NAMEEX>","战斗事件","String","玩家对象与战斗事件上下文","未实现（LFENV 后续阶段）","D","真实语料或附件已登记，等待对应 LFENV Adapter 实现与契约测试。","普通","用户附件:翎风服务器常量","是","0","当前锁定攻击(主目标)目标的名称","LFENV-CATALOG-001","Docs/design/scripting/翎风服务器常量与整服Envir直接运行实施规格.md","LFENV","2026-08-16","LFENV-2026-08-16-baseline","ContextUnavailable（显示为空，预检保留诊断）","NPC 对话、#IF/#ACT 文本参数、系统与事件触发页","对应不可变战斗事件 DTO 生命周期内"
"1","LFENV-SYMBOL-0015","附件原文","ATTACKMONSTER_X","","<$ATTACKMONSTER_X>","战斗事件","String","玩家对象与战斗事件上下文","未实现（LFENV 后续阶段）","D","真实语料或附件已登记，等待对应 LFENV Adapter 实现与契约测试。","普通","用户附件:翎风服务器常量","是","0","当前攻击目标X坐标","LFENV-CATALOG-001","Docs/design/scripting/翎风服务器常量与整服Envir直接运行实施规格.md","LFENV","2026-08-16","LFENV-2026-08-16-baseline","ContextUnavailable（显示为空，预检保留诊断）","NPC 对话、#IF/#ACT 文本参数、系统与事件触发页","对应不可变战斗事件 DTO 生命周期内"
"1","LFENV-SYMBOL-0016","附件原文","ATTACKMONSTER_XEX","","<$ATTACKMONSTER_XEX>","战斗事件","String","玩家对象与战斗事件上下文","未实现（LFENV 后续阶段）","D","真实语料或附件已登记，等待对应 LFENV Adapter 实现与契约测试。","普通","用户附件:翎风服务器常量","是","0","当前攻击(主目标)目标X坐标","LFENV-CATALOG-001","Docs/design/scripting/翎风服务器常量与整服Envir直接运行实施规格.md","LFENV","2026-08-16","LFENV-2026-08-16-baseline","ContextUnavailable（显示为空，预检保留诊断）","NPC 对话、#IF/#ACT 文本参数、系统与事件触发页","对应不可变战斗事件 DTO 生命周期内"
"1","LFENV-SYMBOL-0017","附件原文","ATTACKMONSTER_Y","","<$ATTACKMONSTER_Y>","战斗事件","String","玩家对象与战斗事件上下文","未实现（LFENV 后续阶段）","D","真实语料或附件已登记，等待对应 LFENV Adapter 实现与契约测试。","普通","用户附件:翎风服务器常量","是","0","当前攻击目标Y坐标","LFENV-CATALOG-001","Docs/design/scripting/翎风服务器常量与整服Envir直接运行实施规格.md","LFENV","2026-08-16","LFENV-2026-08-16-baseline","ContextUnavailable（显示为空，预检保留诊断）","NPC 对话、#IF/#ACT 文本参数、系统与事件触发页","对应不可变战斗事件 DTO 生命周期内"
"1","LFENV-SYMBOL-0018","附件原文","ATTACKMONSTER_YEX","","<$ATTACKMONSTER_YEX>","战斗事件","String","玩家对象与战斗事件上下文","未实现（LFENV 后续阶段）","D","真实语料或附件已登记，等待对应 LFENV Adapter 实现与契约测试。","普通","用户附件:翎风服务器常量","是","0","当前攻击(主目标)目标Y坐标","LFENV-CATALOG-001","Docs/design/scripting/翎风服务器常量与整服Envir直接运行实施规格.md","LFENV","2026-08-16","LFENV-2026-08-16-baseline","ContextUnavailable（显示为空，预检保留诊断）","NPC 对话、#IF/#ACT 文本参数、系统与事件触发页","对应不可变战斗事件 DTO 生命周期内"
"1","LFENV-SYMBOL-0019","附件原文","ATTACKSPEED","","<$ATTACKSPEED>","战斗事件","String","玩家对象与战斗事件上下文","未实现（LFENV 后续阶段）","D","真实语料或附件已登记，等待对应 LFENV Adapter 实现与契约测试。","普通","用户附件:翎风服务器常量","是","0","攻速（含脚本加速）","LFENV-CATALOG-001","Docs/design/scripting/翎风服务器常量与整服Envir直接运行实施规格.md","LFENV","2026-08-16","LFENV-2026-08-16-baseline","ContextUnavailable（显示为空，预检保留诊断）","NPC 对话、#IF/#ACT 文本参数、系统与事件触发页","对应不可变战斗事件 DTO 生命周期内"
"1","LFENV-SYMBOL-0020","附件原文","BANKACCOUNT0","","<$BANKACCOUNT0>","运营配置","String","公开运营配置","未实现（公开运营配置 Adapter 待 LFENV-08）","D","仅允许读取专门的公开运营配置；缺失时返回空字符串并记录 ConfigMissing。","敏感","用户附件:翎风服务器常量","是","0","银行帐号信息","LFENV-CATALOG-001","Docs/design/scripting/翎风服务器常量与整服Envir直接运行实施规格.md","LFENV","2026-08-16","LFENV-2026-08-16-baseline","空字符串并记录 ConfigMissing","NPC 对话显示与文本参数","脚本执行期间读取已发布运营配置快照"
"1","LFENV-SYMBOL-0021","附件原文","BANKACCOUNT1","","<$BANKACCOUNT1>","运营配置","String","公开运营配置","未实现（公开运营配置 Adapter 待 LFENV-08）","D","仅允许读取专门的公开运营配置；缺失时返回空字符串并记录 ConfigMissing。","敏感","用户附件:翎风服务器常量","是","0","银行帐号信息","LFENV-CATALOG-001","Docs/design/scripting/翎风服务器常量与整服Envir直接运行实施规格.md","LFENV","2026-08-16","LFENV-2026-08-16-baseline","空字符串并记录 ConfigMissing","NPC 对话显示与文本参数","脚本执行期间读取已发布运营配置快照"
"1","LFENV-SYMBOL-0022","附件原文","BANKACCOUNT2","","<$BANKACCOUNT2>","运营配置","String","公开运营配置","未实现（公开运营配置 Adapter 待 LFENV-08）","D","仅允许读取专门的公开运营配置；缺失时返回空字符串并记录 ConfigMissing。","敏感","用户附件:翎风服务器常量","是","0","银行帐号信息","LFENV-CATALOG-001","Docs/design/scripting/翎风服务器常量与整服Envir直接运行实施规格.md","LFENV","2026-08-16","LFENV-2026-08-16-baseline","空字符串并记录 ConfigMissing","NPC 对话显示与文本参数","脚本执行期间读取已发布运营配置快照"
"1","LFENV-SYMBOL-0023","附件原文","BANKACCOUNT3","","<$BANKACCOUNT3>","运营配置","String","公开运营配置","未实现（公开运营配置 Adapter 待 LFENV-08）","D","仅允许读取专门的公开运营配置；缺失时返回空字符串并记录 ConfigMissing。","敏感","用户附件:翎风服务器常量","是","0","银行帐号信息","LFENV-CATALOG-001","Docs/design/scripting/翎风服务器常量与整服Envir直接运行实施规格.md","LFENV","2026-08-16","LFENV-2026-08-16-baseline","空字符串并记录 ConfigMissing","NPC 对话显示与文本参数","脚本执行期间读取已发布运营配置快照"
"1","LFENV-SYMBOL-0024","附件原文","BANKACCOUNT4","","<$BANKACCOUNT4>","运营配置","String","公开运营配置","未实现（公开运营配置 Adapter 待 LFENV-08）","D","仅允许读取专门的公开运营配置；缺失时返回空字符串并记录 ConfigMissing。","敏感","用户附件:翎风服务器常量","是","0","银行帐号信息","LFENV-CATALOG-001","Docs/design/scripting/翎风服务器常量与整服Envir直接运行实施规格.md","LFENV","2026-08-16","LFENV-2026-08-16-baseline","空字符串并记录 ConfigMissing","NPC 对话显示与文本参数","脚本执行期间读取已发布运营配置快照"
"1","LFENV-SYMBOL-0025","附件原文","BANKACCOUNT5","","<$BANKACCOUNT5>","运营配置","String","公开运营配置","未实现（公开运营配置 Adapter 待 LFENV-08）","D","仅允许读取专门的公开运营配置；缺失时返回空字符串并记录 ConfigMissing。","敏感","用户附件:翎风服务器常量","是","0","银行帐号信息","LFENV-CATALOG-001","Docs/design/scripting/翎风服务器常量与整服Envir直接运行实施规格.md","LFENV","2026-08-16","LFENV-2026-08-16-baseline","空字符串并记录 ConfigMissing","NPC 对话显示与文本参数","脚本执行期间读取已发布运营配置快照"
"1","LFENV-SYMBOL-0026","附件原文","BANKACCOUNT6","","<$BANKACCOUNT6>","运营配置","String","公开运营配置","未实现（公开运营配置 Adapter 待 LFENV-08）","D","仅允许读取专门的公开运营配置；缺失时返回空字符串并记录 ConfigMissing。","敏感","用户附件:翎风服务器常量","是","0","银行帐号信息","LFENV-CATALOG-001","Docs/design/scripting/翎风服务器常量与整服Envir直接运行实施规格.md","LFENV","2026-08-16","LFENV-2026-08-16-baseline","空字符串并记录 ConfigMissing","NPC 对话显示与文本参数","脚本执行期间读取已发布运营配置快照"
"1","LFENV-SYMBOL-0027","附件原文","BANKACCOUNT7","","<$BANKACCOUNT7>","运营配置","String","公开运营配置","未实现（公开运营配置 Adapter 待 LFENV-08）","D","仅允许读取专门的公开运营配置；缺失时返回空字符串并记录 ConfigMissing。","敏感","用户附件:翎风服务器常量","是","0","银行帐号信息","LFENV-CATALOG-001","Docs/design/scripting/翎风服务器常量与整服Envir直接运行实施规格.md","LFENV","2026-08-16","LFENV-2026-08-16-baseline","空字符串并记录 ConfigMissing","NPC 对话显示与文本参数","脚本执行期间读取已发布运营配置快照"
"1","LFENV-SYMBOL-0028","附件原文","BANKACCOUNT8","","<$BANKACCOUNT8>","运营配置","String","公开运营配置","未实现（公开运营配置 Adapter 待 LFENV-08）","D","仅允许读取专门的公开运营配置；缺失时返回空字符串并记录 ConfigMissing。","敏感","用户附件:翎风服务器常量","是","0","银行帐号信息","LFENV-CATALOG-001","Docs/design/scripting/翎风服务器常量与整服Envir直接运行实施规格.md","LFENV","2026-08-16","LFENV-2026-08-16-baseline","空字符串并记录 ConfigMissing","NPC 对话显示与文本参数","脚本执行期间读取已发布运营配置快照"
"1","LFENV-SYMBOL-0029","附件原文","BANKACCOUNT9","","<$BANKACCOUNT9>","运营配置","String","公开运营配置","未实现（公开运营配置 Adapter 待 LFENV-08）","D","仅允许读取专门的公开运营配置；缺失时返回空字符串并记录 ConfigMissing。","敏感","用户附件:翎风服务器常量","是","0","银行帐号信息","LFENV-CATALOG-001","Docs/design/scripting/翎风服务器常量与整服Envir直接运行实施规格.md","LFENV","2026-08-16","LFENV-2026-08-16-baseline","空字符串并记录 ConfigMissing","NPC 对话显示与文本参数","脚本执行期间读取已发布运营配置快照"
"1","LFENV-SYMBOL-0030","附件原文","BBSSITE","","<$BBSSITE>","人物","String","玩家对象","未实现（LFENV 后续阶段）","D","真实语料或附件已登记，等待对应 LFENV Adapter 实现与契约测试。","普通","用户附件:翎风服务器常量","是","0","论坛网址","LFENV-CATALOG-001","Docs/design/scripting/翎风服务器常量与整服Envir直接运行实施规格.md","LFENV","2026-08-16","LFENV-2026-08-16-baseline","ContextUnavailable（按契约显示为空或 0，预检保留诊断）","NPC 对话、#IF/#ACT 文本参数、系统与事件触发页","玩家脚本上下文有效期间"
"1","LFENV-SYMBOL-0031","附件原文","BELT","","<$BELT>","物品事件","String","玩家对象与物品事件上下文","LingFengP0ServerSymbols + ScriptTextRenderer","B","已通过 LFENV-05 P0 Adapter、统一 Renderer、真实 NPC/条件动作/系统触发/ScriptApi 入口与旧分支回归测试。","普通","用户附件:翎风服务器常量","是","0","腰带","LFENV-CATALOG-001","Docs/design/scripting/翎风服务器常量与整服Envir直接运行实施规格.md","LFENV","2026-08-16","LFENV-2026-08-16-baseline","ContextUnavailable（显示为空，预检保留诊断）","NPC 对话、#IF/#ACT 文本参数、系统与事件触发页","对应不可变物品事件 DTO 生命周期内"
"1","LFENV-SYMBOL-0032","附件原文","BOOTS","","<$BOOTS>","物品事件","String","玩家对象与物品事件上下文","LingFengP0ServerSymbols + ScriptTextRenderer","B","已通过 LFENV-05 P0 Adapter、统一 Renderer、真实 NPC/条件动作/系统触发/ScriptApi 入口与旧分支回归测试。","普通","用户附件:翎风服务器常量","是","0","鞋子","LFENV-CATALOG-001","Docs/design/scripting/翎风服务器常量与整服Envir直接运行实施规格.md","LFENV","2026-08-16","LFENV-2026-08-16-baseline","ContextUnavailable（显示为空，预检保留诊断）","NPC 对话、#IF/#ACT 文本参数、系统与事件触发页","对应不可变物品事件 DTO 生命周期内"
"1","LFENV-SYMBOL-0033","附件原文","BUILDGUILDFEE","","<$BUILDGUILDFEE>","行会攻城","String","玩家对象与行会/城堡上下文","未实现（LFENV 后续阶段）","D","真实语料或附件已登记，等待对应 LFENV Adapter 实现与契约测试。","普通","用户附件:翎风服务器常量","是","0","创建行会费用","LFENV-CATALOG-001","Docs/design/scripting/翎风服务器常量与整服Envir直接运行实施规格.md","LFENV","2026-08-16","LFENV-2026-08-16-baseline","ContextUnavailable（按契约显示为空或 0，预检保留诊断）","NPC 对话、#IF/#ACT 文本参数、系统与事件触发页","玩家脚本上下文有效期间"
"1","LFENV-SYMBOL-0034","附件原文","BUJUK","AMULET","<$BUJUK>","人物","String","玩家对象","LingFengP0ServerSymbols + ScriptTextRenderer","B","已通过 LFENV-05 P0 Adapter、统一 Renderer、真实 NPC/条件动作/系统触发/ScriptApi 入口与旧分支回归测试。","普通","用户附件:翎风服务器常量","是","0","护身符","LFENV-CATALOG-001","Docs/design/scripting/翎风服务器常量与整服Envir直接运行实施规格.md","LFENV","2026-08-16","LFENV-2026-08-16-baseline","ContextUnavailable（按契约显示为空或 0，预检保留诊断）","NPC 对话、#IF/#ACT 文本参数、系统与事件触发页","玩家脚本上下文有效期间"
"1","LFENV-SYMBOL-0035","附件原文","BW","","<$BW>","人物","String","玩家对象","未实现（LFENV 后续阶段）","D","真实语料或附件已登记，等待对应 LFENV Adapter 实现与契约测试。","普通","用户附件:翎风服务器常量","是","0","背包重量","LFENV-CATALOG-001","Docs/design/scripting/翎风服务器常量与整服Envir直接运行实施规格.md","LFENV","2026-08-16","LFENV-2026-08-16-baseline","ContextUnavailable（按契约显示为空或 0，预检保留诊断）","NPC 对话、#IF/#ACT 文本参数、系统与事件触发页","玩家脚本上下文有效期间"
"1","LFENV-SYMBOL-0036","附件原文","CASTLEGETDAYS","","<$CASTLEGETDAYS>","行会攻城","Integer","玩家对象与行会/城堡上下文","未实现（LFENV 后续阶段）","D","真实语料或附件已登记，等待对应 LFENV Adapter 实现与契约测试。","普通","用户附件:翎风服务器常量","是","0","沙巴克占领天数,此变量需要沙巴克NPC中使用，比如沙皇宫管理人员","LFENV-CATALOG-001","Docs/design/scripting/翎风服务器常量与整服Envir直接运行实施规格.md","LFENV","2026-08-16","LFENV-2026-08-16-baseline","ContextUnavailable（按契约显示为空或 0，预检保留诊断）","NPC 对话、#IF/#ACT 文本参数、系统与事件触发页","玩家脚本上下文有效期间"
"1","LFENV-SYMBOL-0037","附件原文","CASTLENAME","","<$CASTLENAME>","行会攻城","String","玩家对象与行会/城堡上下文","未实现（LFENV 后续阶段）","D","真实语料或附件已登记，等待对应 LFENV Adapter 实现与契约测试。","普通","用户附件:翎风服务器常量","是","0","沙巴克名称","LFENV-CATALOG-001","Docs/design/scripting/翎风服务器常量与整服Envir直接运行实施规格.md","LFENV","2026-08-16","LFENV-2026-08-16-baseline","ContextUnavailable（按契约显示为空或 0，预检保留诊断）","NPC 对话、#IF/#ACT 文本参数、系统与事件触发页","玩家脚本上下文有效期间"
"1","LFENV-SYMBOL-0038","附件原文","CASTLEWARDATE","","<$CASTLEWARDATE>","行会攻城","String","玩家对象与行会/城堡上下文","未实现（LFENV 后续阶段）","D","真实语料或附件已登记，等待对应 LFENV Adapter 实现与契约测试。","普通","用户附件:翎风服务器常量","是","0","获取攻城时间","LFENV-CATALOG-001","Docs/design/scripting/翎风服务器常量与整服Envir直接运行实施规格.md","LFENV","2026-08-16","LFENV-2026-08-16-baseline","ContextUnavailable（按契约显示为空或 0，预检保留诊断）","NPC 对话、#IF/#ACT 文本参数、系统与事件触发页","玩家脚本上下文有效期间"
"1","LFENV-SYMBOL-0039","附件原文","CASTLEWARLASTDATE","","<$CASTLEWARLASTDATE>","行会攻城","String","玩家对象与行会/城堡上下文","未实现（LFENV 后续阶段）","D","真实语料或附件已登记，等待对应 LFENV Adapter 实现与契约测试。","普通","用户附件:翎风服务器常量","是","0","上次攻城时间","LFENV-CATALOG-001","Docs/design/scripting/翎风服务器常量与整服Envir直接运行实施规格.md","LFENV","2026-08-16","LFENV-2026-08-16-baseline","ContextUnavailable（按契约显示为空或 0，预检保留诊断）","NPC 对话、#IF/#ACT 文本参数、系统与事件触发页","玩家脚本上下文有效期间"
"1","LFENV-SYMBOL-0040","附件原文","CHARM","STONE","<$CHARM>","物品事件","String","玩家对象与物品事件上下文","LingFengP0ServerSymbols + ScriptTextRenderer","B","已通过 LFENV-05 P0 Adapter、统一 Renderer、真实 NPC/条件动作/系统触发/ScriptApi 入口与旧分支回归测试。","普通","用户附件:翎风服务器常量","是","0","宝石","LFENV-CATALOG-001","Docs/design/scripting/翎风服务器常量与整服Envir直接运行实施规格.md","LFENV","2026-08-16","LFENV-2026-08-16-baseline","ContextUnavailable（显示为空，预检保留诊断）","NPC 对话、#IF/#ACT 文本参数、系统与事件触发页","对应不可变物品事件 DTO 生命周期内"
"1","LFENV-SYMBOL-0041","附件原文","CLIENTBUILDVER","","<$CLIENTBUILDVER>","服务器与时间","String","服务器环境上下文","未实现（LFENV 后续阶段）","D","真实语料或附件已登记，等待对应 LFENV Adapter 实现与契约测试。","普通","用户附件:翎风服务器常量","是","0","登录器内核版本号","LFENV-CATALOG-001","Docs/design/scripting/翎风服务器常量与整服Envir直接运行实施规格.md","LFENV","2026-08-16","LFENV-2026-08-16-baseline","ContextUnavailable（按契约显示为空或 0，预检保留诊断）","NPC 对话、#IF/#ACT 文本参数、系统与事件触发页","脚本执行期间读取服务器只读快照"
"1","LFENV-SYMBOL-0042","附件原文","CLIENTDOWNLOAD","","<$CLIENTDOWNLOAD>","服务器与时间","String","服务器环境上下文","未实现（LFENV 后续阶段）","D","真实语料或附件已登记，等待对应 LFENV Adapter 实现与契约测试。","普通","用户附件:翎风服务器常量","是","0","客户端程序下载地址","LFENV-CATALOG-001","Docs/design/scripting/翎风服务器常量与整服Envir直接运行实施规格.md","LFENV","2026-08-16","LFENV-2026-08-16-baseline","ContextUnavailable（按契约显示为空或 0，预检保留诊断）","NPC 对话、#IF/#ACT 文本参数、系统与事件触发页","脚本执行期间读取服务器只读快照"
"1","LFENV-SYMBOL-0043","附件原文","COMBATPOWER","","<$COMBATPOWER>","人物","String","玩家对象","未实现（LFENV 后续阶段）","D","真实语料或附件已登记，等待对应 LFENV Adapter 实现与契约测试。","普通","用户附件:翎风服务器常量","是","0","人物战斗力","LFENV-CATALOG-001","Docs/design/scripting/翎风服务器常量与整服Envir直接运行实施规格.md","LFENV","2026-08-16","LFENV-2026-08-16-baseline","ContextUnavailable（按契约显示为空或 0，预检保留诊断）","NPC 对话、#IF/#ACT 文本参数、系统与事件触发页","玩家脚本上下文有效期间"
"1","LFENV-SYMBOL-0044","附件原文","CREDITPOINT","CREDIT","<$CREDITPOINT>","人物","Integer","玩家对象","LingFengP0ServerSymbols + ScriptTextRenderer","B","已通过 LFENV-05 P0 Adapter、统一 Renderer、真实 NPC/条件动作/系统触发/ScriptApi 入口与旧分支回归测试。","普通","用户附件:翎风服务器常量","是","0","声望点数","LFENV-CATALOG-001","Docs/design/scripting/翎风服务器常量与整服Envir直接运行实施规格.md","LFENV","2026-08-16","LFENV-2026-08-16-baseline","ContextUnavailable（按契约显示为空或 0，预检保留诊断）","NPC 对话、#IF/#ACT 文本参数、系统与事件触发页","玩家脚本上下文有效期间"
"1","LFENV-SYMBOL-0045","附件原文","CRYSTALEXP","","<$CRYSTALEXP>","人物","Integer","玩家对象","未实现（LFENV 后续阶段）","D","真实语料或附件已登记，等待对应 LFENV Adapter 实现与契约测试。","普通","用户附件:翎风服务器常量","是","0","天地结晶当前的经验","LFENV-CATALOG-001","Docs/design/scripting/翎风服务器常量与整服Envir直接运行实施规格.md","LFENV","2026-08-16","LFENV-2026-08-16-baseline","ContextUnavailable（按契约显示为空或 0，预检保留诊断）","NPC 对话、#IF/#ACT 文本参数、系统与事件触发页","玩家脚本上下文有效期间"
"1","LFENV-SYMBOL-0046","附件原文","CRYSTALLEVEL","","<$CRYSTALLEVEL>","人物","Integer","玩家对象","未实现（LFENV 后续阶段）","D","真实语料或附件已登记，等待对应 LFENV Adapter 实现与契约测试。","普通","用户附件:翎风服务器常量","是","0","天地结晶等级","LFENV-CATALOG-001","Docs/design/scripting/翎风服务器常量与整服Envir直接运行实施规格.md","LFENV","2026-08-16","LFENV-2026-08-16-baseline","ContextUnavailable（按契约显示为空或 0，预检保留诊断）","NPC 对话、#IF/#ACT 文本参数、系统与事件触发页","玩家脚本上下文有效期间"
"1","LFENV-SYMBOL-0047","附件原文","CRYSTALNGEXP","","<$CRYSTALNGEXP>","人物","Integer","玩家对象","未实现（LFENV 后续阶段）","D","真实语料或附件已登记，等待对应 LFENV Adapter 实现与契约测试。","普通","用户附件:翎风服务器常量","是","0","天地结晶当前的内功经验","LFENV-CATALOG-001","Docs/design/scripting/翎风服务器常量与整服Envir直接运行实施规格.md","LFENV","2026-08-16","LFENV-2026-08-16-baseline","ContextUnavailable（按契约显示为空或 0，预检保留诊断）","NPC 对话、#IF/#ACT 文本参数、系统与事件触发页","玩家脚本上下文有效期间"
"1","LFENV-SYMBOL-0048","附件原文","CURRRTARGETNAME","","<$CURRRTARGETNAME>","战斗事件","String","玩家对象与战斗事件上下文","未实现（LFENV 后续阶段）","D","真实语料或附件已登记，等待对应 LFENV Adapter 实现与契约测试。","普通","用户附件:翎风服务器常量","是","0","被杀者变量","LFENV-CATALOG-001","Docs/design/scripting/翎风服务器常量与整服Envir直接运行实施规格.md","LFENV","2026-08-16","LFENV-2026-08-16-baseline","ContextUnavailable（显示为空，预检保留诊断）","NPC 对话、#IF/#ACT 文本参数、系统与事件触发页","对应不可变战斗事件 DTO 生命周期内"
"1","LFENV-SYMBOL-0049","附件原文","CURRRUSEMAGICID","","<$CURRRUSEMAGICID>","人物","String","玩家对象","未实现（LFENV 后续阶段）","D","真实语料或附件已登记，等待对应 LFENV Adapter 实现与契约测试。","普通","用户附件:翎风服务器常量","是","0","人物当前攻击技能ID","LFENV-CATALOG-001","Docs/design/scripting/翎风服务器常量与整服Envir直接运行实施规格.md","LFENV","2026-08-16","LFENV-2026-08-16-baseline","ContextUnavailable（按契约显示为空或 0，预检保留诊断）","NPC 对话、#IF/#ACT 文本参数、系统与事件触发页","玩家脚本上下文有效期间"
"1","LFENV-SYMBOL-0050","附件原文","CURTARGETMASTERNAME","","<$CURTARGETMASTERNAME>","人物","String","玩家对象","未实现（LFENV 后续阶段）","D","真实语料或附件已登记，等待对应 LFENV Adapter 实现与契约测试。","普通","用户附件:翎风服务器常量","是","0","当前攻击目标的主人名(英雄、宝宝)","LFENV-CATALOG-001","Docs/design/scripting/翎风服务器常量与整服Envir直接运行实施规格.md","LFENV","2026-08-16","LFENV-2026-08-16-baseline","ContextUnavailable（按契约显示为空或 0，预检保留诊断）","NPC 对话、#IF/#ACT 文本参数、系统与事件触发页","玩家脚本上下文有效期间"
"1","LFENV-SYMBOL-0051","附件原文","DATE","","<$DATE>","服务器与时间","String","服务器环境上下文","LingFengP0ServerSymbols + ScriptTextRenderer","B","已通过 LFENV-05 P0 Adapter、统一 Renderer、真实 NPC/条件动作/系统触发/ScriptApi 入口与旧分支回归测试。","普通","用户附件:翎风服务器常量","是","0","当前日期 格式:2021-01-11","LFENV-CATALOG-001","Docs/design/scripting/翎风服务器常量与整服Envir直接运行实施规格.md","LFENV","2026-08-16","LFENV-2026-08-16-baseline","ContextUnavailable（按契约显示为空或 0，预检保留诊断）","NPC 对话、#IF/#ACT 文本参数、系统与事件触发页","脚本执行期间读取服务器只读快照"
"1","LFENV-SYMBOL-0052","附件原文","DATETIME","","<$DATETIME>","服务器与时间","Integer","服务器环境上下文","LingFengP0ServerSymbols + ScriptTextRenderer","B","已通过 LFENV-05 P0 Adapter、统一 Renderer、真实 NPC/条件动作/系统触发/ScriptApi 入口与旧分支回归测试。","普通","用户附件:翎风服务器常量","是","0","当前日期时间","LFENV-CATALOG-001","Docs/design/scripting/翎风服务器常量与整服Envir直接运行实施规格.md","LFENV","2026-08-16","LFENV-2026-08-16-baseline","ContextUnavailable（按契约显示为空或 0，预检保留诊断）","NPC 对话、#IF/#ACT 文本参数、系统与事件触发页","脚本执行期间读取服务器只读快照"
"1","LFENV-SYMBOL-0053","附件原文","DAY","","<$DAY>","服务器与时间","Integer","服务器环境上下文","LingFengP0ServerSymbols + ScriptTextRenderer","B","已通过 LFENV-05 P0 Adapter、统一 Renderer、真实 NPC/条件动作/系统触发/ScriptApi 入口与旧分支回归测试。","普通","用户附件:翎风服务器常量","是","0","当前日期","LFENV-CATALOG-001","Docs/design/scripting/翎风服务器常量与整服Envir直接运行实施规格.md","LFENV","2026-08-16","LFENV-2026-08-16-baseline","ContextUnavailable（按契约显示为空或 0，预检保留诊断）","NPC 对话、#IF/#ACT 文本参数、系统与事件触发页","脚本执行期间读取服务器只读快照"
"1","LFENV-SYMBOL-0054","附件原文","DC","","<$DC>","人物","Integer","玩家对象","LingFengP0ServerSymbols + ScriptTextRenderer","B","已通过 LFENV-05 P0 Adapter、统一 Renderer、真实 NPC/条件动作/系统触发/ScriptApi 入口与旧分支回归测试。","普通","用户附件:翎风服务器常量","是","0","物理攻击力","LFENV-CATALOG-001","Docs/design/scripting/翎风服务器常量与整服Envir直接运行实施规格.md","LFENV","2026-08-16","LFENV-2026-08-16-baseline","ContextUnavailable（按契约显示为空或 0，预检保留诊断）","NPC 对话、#IF/#ACT 文本参数、系统与事件触发页","玩家脚本上下文有效期间"
"1","LFENV-SYMBOL-0055","附件原文","DEARNAME","","<$DEARNAME>","人物","String","玩家对象","未实现（LFENV 后续阶段）","D","真实语料或附件已登记，等待对应 LFENV Adapter 实现与契约测试。","普通","用户附件:翎风服务器常量","是","0","配偶的名字","LFENV-CATALOG-001","Docs/design/scripting/翎风服务器常量与整服Envir直接运行实施规格.md","LFENV","2026-08-16","LFENV-2026-08-16-baseline","ContextUnavailable（按契约显示为空或 0，预检保留诊断）","NPC 对话、#IF/#ACT 文本参数、系统与事件触发页","玩家脚本上下文有效期间"
"1","LFENV-SYMBOL-0056","附件原文","DRESS","","<$DRESS>","物品事件","String","玩家对象与物品事件上下文","LingFengP0ServerSymbols + ScriptTextRenderer","B","已通过 LFENV-05 P0 Adapter、统一 Renderer、真实 NPC/条件动作/系统触发/ScriptApi 入口与旧分支回归测试。","普通","用户附件:翎风服务器常量","是","0","衣服","LFENV-CATALOG-001","Docs/design/scripting/翎风服务器常量与整服Envir直接运行实施规格.md","LFENV","2026-08-16","LFENV-2026-08-16-baseline","ContextUnavailable（显示为空，预检保留诊断）","NPC 对话、#IF/#ACT 文本参数、系统与事件触发页","对应不可变物品事件 DTO 生命周期内"
"1","LFENV-SYMBOL-0057","附件原文","DRUM","","<$DRUM>","人物","String","玩家对象","未实现（LFENV 后续阶段）","D","真实语料或附件已登记，等待对应 LFENV Adapter 实现与契约测试。","普通","用户附件:翎风服务器常量","是","0","军鼓变量","LFENV-CATALOG-001","Docs/design/scripting/翎风服务器常量与整服Envir直接运行实施规格.md","LFENV","2026-08-16","LFENV-2026-08-16-baseline","ContextUnavailable（按契约显示为空或 0，预检保留诊断）","NPC 对话、#IF/#ACT 文本参数、系统与事件触发页","玩家脚本上下文有效期间"
"1","LFENV-SYMBOL-0058","附件原文","DUMMYCOUNT","","<$DUMMYCOUNT>","人物","Integer","玩家对象","LingFengP0ServerSymbols + ScriptTextRenderer","B","已通过 LFENV-05 只读兼容显示契约；当前模型无独立字段时返回 0 或“空”，并携带 CompatibilitySubstitute 结构化诊断。","普通","用户附件:翎风服务器常量","是","0","在线的假人数","LFENV-CATALOG-001","Docs/design/scripting/翎风服务器常量与整服Envir直接运行实施规格.md","LFENV","2026-08-16","LFENV-2026-08-16-baseline","ContextUnavailable（按契约显示为空或 0，预检保留诊断）","NPC 对话、#IF/#ACT 文本参数、系统与事件触发页","玩家脚本上下文有效期间"
"1","LFENV-SYMBOL-0059","附件原文","EXP","","<$EXP>","人物","Integer","玩家对象","LingFengP0ServerSymbols + ScriptTextRenderer","B","已通过 LFENV-05 P0 Adapter、统一 Renderer、真实 NPC/条件动作/系统触发/ScriptApi 入口与旧分支回归测试。","普通","用户附件:翎风服务器常量","是","0","当前经验值","LFENV-CATALOG-001","Docs/design/scripting/翎风服务器常量与整服Envir直接运行实施规格.md","LFENV","2026-08-16","LFENV-2026-08-16-baseline","ContextUnavailable（按契约显示为空或 0，预检保留诊断）","NPC 对话、#IF/#ACT 文本参数、系统与事件触发页","玩家脚本上下文有效期间"
"1","LFENV-SYMBOL-0060","附件原文","FASHIONARMRINGL","","<$FASHIONARMRINGL>","物品事件","String","玩家对象与物品事件上下文","LingFengP0ServerSymbols + ScriptTextRenderer","B","已通过 LFENV-05 只读兼容显示契约；当前模型无独立字段时返回 0 或“空”，并携带 CompatibilitySubstitute 结构化诊断。","普通","用户附件:翎风服务器常量","是","0","时装左手镯","LFENV-CATALOG-001","Docs/design/scripting/翎风服务器常量与整服Envir直接运行实施规格.md","LFENV","2026-08-16","LFENV-2026-08-16-baseline","ContextUnavailable（显示为空，预检保留诊断）","NPC 对话、#IF/#ACT 文本参数、系统与事件触发页","对应不可变物品事件 DTO 生命周期内"
"1","LFENV-SYMBOL-0061","附件原文","FASHIONARMRINGR","","<$FASHIONARMRINGR>","物品事件","String","玩家对象与物品事件上下文","LingFengP0ServerSymbols + ScriptTextRenderer","B","已通过 LFENV-05 只读兼容显示契约；当前模型无独立字段时返回 0 或“空”，并携带 CompatibilitySubstitute 结构化诊断。","普通","用户附件:翎风服务器常量","是","0","时装右手镯","LFENV-CATALOG-001","Docs/design/scripting/翎风服务器常量与整服Envir直接运行实施规格.md","LFENV","2026-08-16","LFENV-2026-08-16-baseline","ContextUnavailable（显示为空，预检保留诊断）","NPC 对话、#IF/#ACT 文本参数、系统与事件触发页","对应不可变物品事件 DTO 生命周期内"
"1","LFENV-SYMBOL-0062","附件原文","FASHIONBELT","","<$FASHIONBELT>","物品事件","String","玩家对象与物品事件上下文","LingFengP0ServerSymbols + ScriptTextRenderer","B","已通过 LFENV-05 只读兼容显示契约；当前模型无独立字段时返回 0 或“空”，并携带 CompatibilitySubstitute 结构化诊断。","普通","用户附件:翎风服务器常量","是","0","时装腰带","LFENV-CATALOG-001","Docs/design/scripting/翎风服务器常量与整服Envir直接运行实施规格.md","LFENV","2026-08-16","LFENV-2026-08-16-baseline","ContextUnavailable（显示为空，预检保留诊断）","NPC 对话、#IF/#ACT 文本参数、系统与事件触发页","对应不可变物品事件 DTO 生命周期内"
"1","LFENV-SYMBOL-0063","附件原文","FASHIONBOOTS","","<$FASHIONBOOTS>","物品事件","String","玩家对象与物品事件上下文","LingFengP0ServerSymbols + ScriptTextRenderer","B","已通过 LFENV-05 只读兼容显示契约；当前模型无独立字段时返回 0 或“空”，并携带 CompatibilitySubstitute 结构化诊断。","普通","用户附件:翎风服务器常量","是","0","时装鞋子","LFENV-CATALOG-001","Docs/design/scripting/翎风服务器常量与整服Envir直接运行实施规格.md","LFENV","2026-08-16","LFENV-2026-08-16-baseline","ContextUnavailable（显示为空，预检保留诊断）","NPC 对话、#IF/#ACT 文本参数、系统与事件触发页","对应不可变物品事件 DTO 生命周期内"
"1","LFENV-SYMBOL-0064","附件原文","FASHIONCHARM","","<$FASHIONCHARM>","物品事件","String","玩家对象与物品事件上下文","LingFengP0ServerSymbols + ScriptTextRenderer","B","已通过 LFENV-05 只读兼容显示契约；当前模型无独立字段时返回 0 或“空”，并携带 CompatibilitySubstitute 结构化诊断。","普通","用户附件:翎风服务器常量","是","0","时装宝石","LFENV-CATALOG-001","Docs/design/scripting/翎风服务器常量与整服Envir直接运行实施规格.md","LFENV","2026-08-16","LFENV-2026-08-16-baseline","ContextUnavailable（显示为空，预检保留诊断）","NPC 对话、#IF/#ACT 文本参数、系统与事件触发页","对应不可变物品事件 DTO 生命周期内"
"1","LFENV-SYMBOL-0065","附件原文","FASHIONDRESS","","<$FASHIONDRESS>","物品事件","String","玩家对象与物品事件上下文","LingFengP0ServerSymbols + ScriptTextRenderer","B","已通过 LFENV-05 只读兼容显示契约；当前模型无独立字段时返回 0 或“空”，并携带 CompatibilitySubstitute 结构化诊断。","普通","用户附件:翎风服务器常量","是","0","时装衣服","LFENV-CATALOG-001","Docs/design/scripting/翎风服务器常量与整服Envir直接运行实施规格.md","LFENV","2026-08-16","LFENV-2026-08-16-baseline","ContextUnavailable（显示为空，预检保留诊断）","NPC 对话、#IF/#ACT 文本参数、系统与事件触发页","对应不可变物品事件 DTO 生命周期内"
"1","LFENV-SYMBOL-0066","附件原文","FASHIONHELMET","","<$FASHIONHELMET>","物品事件","String","玩家对象与物品事件上下文","LingFengP0ServerSymbols + ScriptTextRenderer","B","已通过 LFENV-05 只读兼容显示契约；当前模型无独立字段时返回 0 或“空”，并携带 CompatibilitySubstitute 结构化诊断。","普通","用户附件:翎风服务器常量","是","0","时装头盔","LFENV-CATALOG-001","Docs/design/scripting/翎风服务器常量与整服Envir直接运行实施规格.md","LFENV","2026-08-16","LFENV-2026-08-16-baseline","ContextUnavailable（显示为空，预检保留诊断）","NPC 对话、#IF/#ACT 文本参数、系统与事件触发页","对应不可变物品事件 DTO 生命周期内"
"1","LFENV-SYMBOL-0067","附件原文","FASHIONNECKLACE","","<$FASHIONNECKLACE>","物品事件","String","玩家对象与物品事件上下文","LingFengP0ServerSymbols + ScriptTextRenderer","B","已通过 LFENV-05 只读兼容显示契约；当前模型无独立字段时返回 0 或“空”，并携带 CompatibilitySubstitute 结构化诊断。","普通","用户附件:翎风服务器常量","是","0","时装项链","LFENV-CATALOG-001","Docs/design/scripting/翎风服务器常量与整服Envir直接运行实施规格.md","LFENV","2026-08-16","LFENV-2026-08-16-baseline","ContextUnavailable（显示为空，预检保留诊断）","NPC 对话、#IF/#ACT 文本参数、系统与事件触发页","对应不可变物品事件 DTO 生命周期内"
"1","LFENV-SYMBOL-0068","附件原文","FASHIONRIGHTHAND","","<$FASHIONRIGHTHAND>","物品事件","String","玩家对象与物品事件上下文","LingFengP0ServerSymbols + ScriptTextRenderer","B","已通过 LFENV-05 只读兼容显示契约；当前模型无独立字段时返回 0 或“空”，并携带 CompatibilitySubstitute 结构化诊断。","普通","用户附件:翎风服务器常量","是","0","时装照明物","LFENV-CATALOG-001","Docs/design/scripting/翎风服务器常量与整服Envir直接运行实施规格.md","LFENV","2026-08-16","LFENV-2026-08-16-baseline","ContextUnavailable（显示为空，预检保留诊断）","NPC 对话、#IF/#ACT 文本参数、系统与事件触发页","对应不可变物品事件 DTO 生命周期内"
"1","LFENV-SYMBOL-0069","附件原文","FASHIONRINGL","","<$FASHIONRINGL>","物品事件","String","玩家对象与物品事件上下文","LingFengP0ServerSymbols + ScriptTextRenderer","B","已通过 LFENV-05 只读兼容显示契约；当前模型无独立字段时返回 0 或“空”，并携带 CompatibilitySubstitute 结构化诊断。","普通","用户附件:翎风服务器常量","是","0","时装左戒指","LFENV-CATALOG-001","Docs/design/scripting/翎风服务器常量与整服Envir直接运行实施规格.md","LFENV","2026-08-16","LFENV-2026-08-16-baseline","ContextUnavailable（显示为空，预检保留诊断）","NPC 对话、#IF/#ACT 文本参数、系统与事件触发页","对应不可变物品事件 DTO 生命周期内"
"1","LFENV-SYMBOL-0070","附件原文","FASHIONRINGR","","<$FASHIONRINGR>","物品事件","String","玩家对象与物品事件上下文","LingFengP0ServerSymbols + ScriptTextRenderer","B","已通过 LFENV-05 只读兼容显示契约；当前模型无独立字段时返回 0 或“空”，并携带 CompatibilitySubstitute 结构化诊断。","普通","用户附件:翎风服务器常量","是","0","时装右戒指","LFENV-CATALOG-001","Docs/design/scripting/翎风服务器常量与整服Envir直接运行实施规格.md","LFENV","2026-08-16","LFENV-2026-08-16-baseline","ContextUnavailable（显示为空，预检保留诊断）","NPC 对话、#IF/#ACT 文本参数、系统与事件触发页","对应不可变物品事件 DTO 生命周期内"
"1","LFENV-SYMBOL-0071","附件原文","FASHIONWEAPON","","<$FASHIONWEAPON>","物品事件","String","玩家对象与物品事件上下文","LingFengP0ServerSymbols + ScriptTextRenderer","B","已通过 LFENV-05 只读兼容显示契约；当前模型无独立字段时返回 0 或“空”，并携带 CompatibilitySubstitute 结构化诊断。","普通","用户附件:翎风服务器常量","是","0","时装武器","LFENV-CATALOG-001","Docs/design/scripting/翎风服务器常量与整服Envir直接运行实施规格.md","LFENV","2026-08-16","LFENV-2026-08-16-baseline","ContextUnavailable（显示为空，预检保留诊断）","NPC 对话、#IF/#ACT 文本参数、系统与事件触发页","对应不可变物品事件 DTO 生命周期内"
"1","LFENV-SYMBOL-0072","附件原文","FBMAP","","<$FBMAP>","人物","String","玩家对象","LingFengP0ServerSymbols + ScriptTextRenderer","B","已通过 LFENV-05 P0 Adapter、统一 Renderer、真实 NPC/条件动作/系统触发/ScriptApi 入口与旧分支回归测试。","普通","用户附件:翎风服务器常量","是","0","人物当前副本地图代码","LFENV-CATALOG-001","Docs/design/scripting/翎风服务器常量与整服Envir直接运行实施规格.md","LFENV","2026-08-16","LFENV-2026-08-16-baseline","ContextUnavailable（按契约显示为空或 0，预检保留诊断）","NPC 对话、#IF/#ACT 文本参数、系统与事件触发页","玩家脚本上下文有效期间"
"1","LFENV-SYMBOL-0073","附件原文","FBMAPNAME","","<$FBMAPNAME>","人物","String","玩家对象","LingFengP0ServerSymbols + ScriptTextRenderer","B","已通过 LFENV-05 P0 Adapter、统一 Renderer、真实 NPC/条件动作/系统触发/ScriptApi 入口与旧分支回归测试。","普通","用户附件:翎风服务器常量","是","0","人物当前副本地图名称","LFENV-CATALOG-001","Docs/design/scripting/翎风服务器常量与整服Envir直接运行实施规格.md","LFENV","2026-08-16","LFENV-2026-08-16-baseline","ContextUnavailable（按契约显示为空或 0，预检保留诊断）","NPC 对话、#IF/#ACT 文本参数、系统与事件触发页","玩家脚本上下文有效期间"
"1","LFENV-SYMBOL-0074","附件原文","G_DRESS","","<$G_DRESS>","人物","String","玩家对象","未实现（LFENV 后续阶段）","D","真实语料或附件已登记，等待对应 LFENV Adapter 实现与契约测试。","普通","用户附件:翎风服务器常量","是","0","改名变量","LFENV-CATALOG-001","Docs/design/scripting/翎风服务器常量与整服Envir直接运行实施规格.md","LFENV","2026-08-16","LFENV-2026-08-16-baseline","ContextUnavailable（按契约显示为空或 0，预检保留诊断）","NPC 对话、#IF/#ACT 文本参数、系统与事件触发页","玩家脚本上下文有效期间"
"1","LFENV-SYMBOL-0075","附件原文","GAMEDIAMOND","","<$GAMEDIAMOND>","人物","String","玩家对象","LingFengP0ServerSymbols + ScriptTextRenderer","B","已通过 LFENV-05 只读兼容显示契约；当前模型无独立字段时返回 0 或“空”，并携带 CompatibilitySubstitute 结构化诊断。","普通","用户附件:翎风服务器常量","是","0","金刚石","LFENV-CATALOG-001","Docs/design/scripting/翎风服务器常量与整服Envir直接运行实施规格.md","LFENV","2026-08-16","LFENV-2026-08-16-baseline","ContextUnavailable（按契约显示为空或 0，预检保留诊断）","NPC 对话、#IF/#ACT 文本参数、系统与事件触发页","玩家脚本上下文有效期间"
"1","LFENV-SYMBOL-0076","附件原文","GAMEDIRECTORY","","<$GAMEDIRECTORY>","人物","String","玩家对象","未实现（LFENV 后续阶段）","X","涉及凭据、机器标识或服务器路径，默认拒绝暴露；仅可在后续安全评审后提供脱敏替代。","敏感","用户附件:翎风服务器常量","是","0","服务端目录变量","LFENV-CATALOG-001","Docs/design/scripting/翎风服务器常量与整服Envir直接运行实施规格.md","LFENV","2026-08-16","LFENV-2026-08-16-baseline","拒绝（Unsupported）","NPC 对话、#IF/#ACT 文本参数、系统与事件触发页","玩家脚本上下文有效期间"
"1","LFENV-SYMBOL-0077","附件原文","GAMEGIRD","","<$GAMEGIRD>","人物","String","玩家对象","LingFengP0ServerSymbols + ScriptTextRenderer","B","已通过 LFENV-05 只读兼容显示契约；当前模型无独立字段时返回 0 或“空”，并携带 CompatibilitySubstitute 结构化诊断。","普通","用户附件:翎风服务器常量","是","0","灵符","LFENV-CATALOG-001","Docs/design/scripting/翎风服务器常量与整服Envir直接运行实施规格.md","LFENV","2026-08-16","LFENV-2026-08-16-baseline","ContextUnavailable（按契约显示为空或 0，预检保留诊断）","NPC 对话、#IF/#ACT 文本参数、系统与事件触发页","玩家脚本上下文有效期间"
"1","LFENV-SYMBOL-0078","附件原文","GAMEGLORY","","<$GAMEGLORY>","人物","String","玩家对象","LingFengP0ServerSymbols + ScriptTextRenderer","B","已通过 LFENV-05 只读兼容显示契约；当前模型无独立字段时返回 0 或“空”，并携带 CompatibilitySubstitute 结构化诊断。","普通","用户附件:翎风服务器常量","是","0","人物荣誉值","LFENV-CATALOG-001","Docs/design/scripting/翎风服务器常量与整服Envir直接运行实施规格.md","LFENV","2026-08-16","LFENV-2026-08-16-baseline","ContextUnavailable（按契约显示为空或 0，预检保留诊断）","NPC 对话、#IF/#ACT 文本参数、系统与事件触发页","玩家脚本上下文有效期间"
"1","LFENV-SYMBOL-0079","附件原文","GAMEGOLD","","<$GAMEGOLD>","人物","Integer","玩家对象","LingFengP0ServerSymbols + ScriptTextRenderer","B","已通过 LFENV-05 P0 Adapter、统一 Renderer、真实 NPC/条件动作/系统触发/ScriptApi 入口与旧分支回归测试。","普通","用户附件:翎风服务器常量","是","0","游戏币数","LFENV-CATALOG-001","Docs/design/scripting/翎风服务器常量与整服Envir直接运行实施规格.md","LFENV","2026-08-16","LFENV-2026-08-16-baseline","ContextUnavailable（按契约显示为空或 0，预检保留诊断）","NPC 对话、#IF/#ACT 文本参数、系统与事件触发页","玩家脚本上下文有效期间"
"1","LFENV-SYMBOL-0080","附件原文","GAMEGOLDEX","","<$GAMEGOLDEX>","人物","Integer","玩家对象","未实现（LFENV 后续阶段）","D","真实语料或附件已登记，等待对应 LFENV Adapter 实现与契约测试。","普通","用户附件:翎风服务器常量","是","0","新游戏点数","LFENV-CATALOG-001","Docs/design/scripting/翎风服务器常量与整服Envir直接运行实施规格.md","LFENV","2026-08-16","LFENV-2026-08-16-baseline","ContextUnavailable（按契约显示为空或 0，预检保留诊断）","NPC 对话、#IF/#ACT 文本参数、系统与事件触发页","玩家脚本上下文有效期间"
"1","LFENV-SYMBOL-0081","附件原文","GAMEGOLDNAME","","<$GAMEGOLDNAME>","人物","Integer","玩家对象","未实现（LFENV 后续阶段）","D","真实语料或附件已登记，等待对应 LFENV Adapter 实现与契约测试。","普通","用户附件:翎风服务器常量","是","0","游戏币名称","LFENV-CATALOG-001","Docs/design/scripting/翎风服务器常量与整服Envir直接运行实施规格.md","LFENV","2026-08-16","LFENV-2026-08-16-baseline","ContextUnavailable（按契约显示为空或 0，预检保留诊断）","NPC 对话、#IF/#ACT 文本参数、系统与事件触发页","玩家脚本上下文有效期间"
"1","LFENV-SYMBOL-0082","附件原文","GAMEPOINT","","<$GAMEPOINT>","人物","Integer","玩家对象","LingFengP0ServerSymbols + ScriptTextRenderer","B","已通过 LFENV-05 只读兼容显示契约；当前模型无独立字段时返回 0 或“空”，并携带 CompatibilitySubstitute 结构化诊断。","普通","用户附件:翎风服务器常量","是","0","游戏点数","LFENV-CATALOG-001","Docs/design/scripting/翎风服务器常量与整服Envir直接运行实施规格.md","LFENV","2026-08-16","LFENV-2026-08-16-baseline","ContextUnavailable（按契约显示为空或 0，预检保留诊断）","NPC 对话、#IF/#ACT 文本参数、系统与事件触发页","玩家脚本上下文有效期间"
"1","LFENV-SYMBOL-0083","附件原文","GAMEPROMOTIONFLAG","","<$GAMEPROMOTIONFLAG>","人物","String","玩家对象","未实现（LFENV 后续阶段）","D","真实语料或附件已登记，等待对应 LFENV Adapter 实现与契约测试。","普通","用户附件:翎风服务器常量","是","0","登录器推广标识","LFENV-CATALOG-001","Docs/design/scripting/翎风服务器常量与整服Envir直接运行实施规格.md","LFENV","2026-08-16","LFENV-2026-08-16-baseline","ContextUnavailable（按契约显示为空或 0，预检保留诊断）","NPC 对话、#IF/#ACT 文本参数、系统与事件触发页","玩家脚本上下文有效期间"
"1","LFENV-SYMBOL-0084","附件原文","GETCRYSTALEXP","","<$GETCRYSTALEXP>","人物","Integer","玩家对象","未实现（LFENV 后续阶段）","D","真实语料或附件已登记，等待对应 LFENV Adapter 实现与契约测试。","普通","用户附件:翎风服务器常量","是","0","天地结晶可提取的经验","LFENV-CATALOG-001","Docs/design/scripting/翎风服务器常量与整服Envir直接运行实施规格.md","LFENV","2026-08-16","LFENV-2026-08-16-baseline","ContextUnavailable（按契约显示为空或 0，预检保留诊断）","NPC 对话、#IF/#ACT 文本参数、系统与事件触发页","玩家脚本上下文有效期间"
"1","LFENV-SYMBOL-0085","附件原文","GETCRYSTALNGEXP","","<$GETCRYSTALNGEXP>","人物","Integer","玩家对象","未实现（LFENV 后续阶段）","D","真实语料或附件已登记，等待对应 LFENV Adapter 实现与契约测试。","普通","用户附件:翎风服务器常量","是","0","天地结晶可提取的内功经验","LFENV-CATALOG-001","Docs/design/scripting/翎风服务器常量与整服Envir直接运行实施规格.md","LFENV","2026-08-16","LFENV-2026-08-16-baseline","ContextUnavailable（按契约显示为空或 0，预检保留诊断）","NPC 对话、#IF/#ACT 文本参数、系统与事件触发页","玩家脚本上下文有效期间"
"1","LFENV-SYMBOL-0086","附件原文","GETEXP","","<$GETEXP>","人物","Integer","玩家对象","未实现（LFENV 后续阶段）","D","真实语料或附件已登记，等待对应 LFENV Adapter 实现与契约测试。","普通","用户附件:翎风服务器常量","是","0","人物当前获得经验变量","LFENV-CATALOG-001","Docs/design/scripting/翎风服务器常量与整服Envir直接运行实施规格.md","LFENV","2026-08-16","LFENV-2026-08-16-baseline","ContextUnavailable（按契约显示为空或 0，预检保留诊断）","NPC 对话、#IF/#ACT 文本参数、系统与事件触发页","玩家脚本上下文有效期间"
"1","LFENV-SYMBOL-0087","附件原文","GETNGEXP","","<$GETNGEXP>","人物","Integer","玩家对象","未实现（LFENV 后续阶段）","D","真实语料或附件已登记，等待对应 LFENV Adapter 实现与契约测试。","普通","用户附件:翎风服务器常量","是","0","当前得到的内功经验","LFENV-CATALOG-001","Docs/design/scripting/翎风服务器常量与整服Envir直接运行实施规格.md","LFENV","2026-08-16","LFENV-2026-08-16-baseline","ContextUnavailable（按契约显示为空或 0，预检保留诊断）","NPC 对话、#IF/#ACT 文本参数、系统与事件触发页","玩家脚本上下文有效期间"
"1","LFENV-SYMBOL-0088","附件原文","GODBLESSITEM1","","<$GODBLESSITEM1>","物品事件","String","玩家对象与物品事件上下文","未实现（LFENV 后续阶段）","D","真实语料或附件已登记，等待对应 LFENV Adapter 实现与契约测试。","普通","用户附件:翎风服务器常量","是","0","----  人物生肖盒","LFENV-CATALOG-001","Docs/design/scripting/翎风服务器常量与整服Envir直接运行实施规格.md","LFENV","2026-08-16","LFENV-2026-08-16-baseline","ContextUnavailable（显示为空，预检保留诊断）","NPC 对话、#IF/#ACT 文本参数、系统与事件触发页","对应不可变物品事件 DTO 生命周期内"
"1","LFENV-SYMBOL-0089","附件原文","GODBLESSITEM12","","<$GODBLESSITEM12>","物品事件","String","玩家对象与物品事件上下文","未实现（LFENV 后续阶段）","D","真实语料或附件已登记，等待对应 LFENV Adapter 实现与契约测试。","普通","用户附件:翎风服务器常量","是","0","----  人物生肖盒","LFENV-CATALOG-001","Docs/design/scripting/翎风服务器常量与整服Envir直接运行实施规格.md","LFENV","2026-08-16","LFENV-2026-08-16-baseline","ContextUnavailable（显示为空，预检保留诊断）","NPC 对话、#IF/#ACT 文本参数、系统与事件触发页","对应不可变物品事件 DTO 生命周期内"
"1","LFENV-SYMBOL-0090","附件原文","GOLDCOUNT","GOLD","<$GOLDCOUNT>","人物","Integer","玩家对象","LingFengP0ServerSymbols + ScriptTextRenderer","B","已通过 LFENV-05 P0 Adapter、统一 Renderer、真实 NPC/条件动作/系统触发/ScriptApi 入口与旧分支回归测试。","普通","用户附件:翎风服务器常量","是","0","金币数量","LFENV-CATALOG-001","Docs/design/scripting/翎风服务器常量与整服Envir直接运行实施规格.md","LFENV","2026-08-16","LFENV-2026-08-16-baseline","ContextUnavailable（按契约显示为空或 0，预检保留诊断）","NPC 对话、#IF/#ACT 文本参数、系统与事件触发页","玩家脚本上下文有效期间"
"1","LFENV-SYMBOL-0091","附件原文","GROUPMEMBERCOUNT","","<$GROUPMEMBERCOUNT>","人物","Integer","玩家对象","未实现（LFENV 后续阶段）","D","真实语料或附件已登记，等待对应 LFENV Adapter 实现与契约测试。","普通","用户附件:翎风服务器常量","是","0","当前组队人数","LFENV-CATALOG-001","Docs/design/scripting/翎风服务器常量与整服Envir直接运行实施规格.md","LFENV","2026-08-16","LFENV-2026-08-16-baseline","ContextUnavailable（按契约显示为空或 0，预检保留诊断）","NPC 对话、#IF/#ACT 文本参数、系统与事件触发页","玩家脚本上下文有效期间"
"1","LFENV-SYMBOL-0092","附件原文","GUILDMASTER1","","<$GUILDMASTER1>","行会攻城","String","玩家对象与行会/城堡上下文","未实现（LFENV 后续阶段）","D","真实语料或附件已登记，等待对应 LFENV Adapter 实现与契约测试。","普通","用户附件:翎风服务器常量","是","0","行会老大1","LFENV-CATALOG-001","Docs/design/scripting/翎风服务器常量与整服Envir直接运行实施规格.md","LFENV","2026-08-16","LFENV-2026-08-16-baseline","ContextUnavailable（按契约显示为空或 0，预检保留诊断）","NPC 对话、#IF/#ACT 文本参数、系统与事件触发页","玩家脚本上下文有效期间"
"1","LFENV-SYMBOL-0093","附件原文","GUILDMASTER2","","<$GUILDMASTER2>","行会攻城","String","玩家对象与行会/城堡上下文","未实现（LFENV 后续阶段）","D","真实语料或附件已登记，等待对应 LFENV Adapter 实现与契约测试。","普通","用户附件:翎风服务器常量","是","0","行会老大2","LFENV-CATALOG-001","Docs/design/scripting/翎风服务器常量与整服Envir直接运行实施规格.md","LFENV","2026-08-16","LFENV-2026-08-16-baseline","ContextUnavailable（按契约显示为空或 0，预检保留诊断）","NPC 对话、#IF/#ACT 文本参数、系统与事件触发页","玩家脚本上下文有效期间"
"1","LFENV-SYMBOL-0094","附件原文","GUILDMEMBERCOUNT","","<$GUILDMEMBERCOUNT>","行会攻城","Integer","玩家对象与行会/城堡上下文","LingFengP0ServerSymbols + ScriptTextRenderer","B","已通过 LFENV-05 P0 Adapter、统一 Renderer、真实 NPC/条件动作/系统触发/ScriptApi 入口与旧分支回归测试。","普通","用户附件:翎风服务器常量","是","0","行会成员数量","LFENV-CATALOG-001","Docs/design/scripting/翎风服务器常量与整服Envir直接运行实施规格.md","LFENV","2026-08-16","LFENV-2026-08-16-baseline","ContextUnavailable（按契约显示为空或 0，预检保留诊断）","NPC 对话、#IF/#ACT 文本参数、系统与事件触发页","玩家脚本上下文有效期间"
"1","LFENV-SYMBOL-0095","附件原文","GUILDNAME","","<$GUILDNAME>","行会攻城","String","玩家对象与行会/城堡上下文","LingFengP0ServerSymbols + ScriptTextRenderer","B","已通过 LFENV-05 P0 Adapter、统一 Renderer、真实 NPC/条件动作/系统触发/ScriptApi 入口与旧分支回归测试。","普通","用户附件:翎风服务器常量","是","0","行会名称","LFENV-CATALOG-001","Docs/design/scripting/翎风服务器常量与整服Envir直接运行实施规格.md","LFENV","2026-08-16","LFENV-2026-08-16-baseline","ContextUnavailable（按契约显示为空或 0，预检保留诊断）","NPC 对话、#IF/#ACT 文本参数、系统与事件触发页","玩家脚本上下文有效期间"
"1","LFENV-SYMBOL-0096","附件原文","GUILDWARFEE","","<$GUILDWARFEE>","行会攻城","String","玩家对象与行会/城堡上下文","NPCSegment.ReplaceValue 旧分支","D","已有旧实现，尚未通过 ServerSymbolModule 契约测试，LFENV-05 前保持 D。","普通","用户附件:翎风服务器常量","是","0","申请行会战争费用","LFENV-CATALOG-001","Docs/design/scripting/翎风服务器常量与整服Envir直接运行实施规格.md","LFENV","2026-08-16","LFENV-2026-08-16-baseline","ContextUnavailable（按契约显示为空或 0，预检保留诊断）","NPC 对话、#IF/#ACT 文本参数、系统与事件触发页","玩家脚本上下文有效期间"
"1","LFENV-SYMBOL-0097","附件原文","H.ANGRYVALUE","","<$H.ANGRYVALUE>","英雄","String","玩家对象与英雄对象","未实现（LFENV 后续阶段）","D","真实语料或附件已登记，等待对应 LFENV Adapter 实现与契约测试。","普通","用户附件:翎风服务器常量","是","0","英雄怒气值","LFENV-CATALOG-001","Docs/design/scripting/翎风服务器常量与整服Envir直接运行实施规格.md","LFENV","2026-08-16","LFENV-2026-08-16-baseline","ContextUnavailable（按契约显示为空或 0，预检保留诊断）","NPC 对话、#IF/#ACT 文本参数、系统与事件触发页","玩家脚本上下文有效期间"
"1","LFENV-SYMBOL-0098","附件原文","H.ATTACKMONPOWERRATE","","<$H.ATTACKMONPOWERRATE>","战斗事件","Integer","玩家对象与战斗事件上下文","未实现（LFENV 后续阶段）","D","真实语料或附件已登记，等待对应 LFENV Adapter 实现与契约测试。","普通","用户附件:翎风服务器常量","是","0","英雄攻击怪物伤害力倍数","LFENV-CATALOG-001","Docs/design/scripting/翎风服务器常量与整服Envir直接运行实施规格.md","LFENV","2026-08-16","LFENV-2026-08-16-baseline","ContextUnavailable（显示为空，预检保留诊断）","NPC 对话、#IF/#ACT 文本参数、系统与事件触发页","对应不可变战斗事件 DTO 生命周期内"
"1","LFENV-SYMBOL-0099","附件原文","H.ATTACKMONPOWERRATETIME","","<$H.ATTACKMONPOWERRATETIME>","战斗事件","Integer","玩家对象与战斗事件上下文","未实现（LFENV 后续阶段）","D","真实语料或附件已登记，等待对应 LFENV Adapter 实现与契约测试。","普通","用户附件:翎风服务器常量","是","0","英雄攻击怪物伤害倍数剩余时间","LFENV-CATALOG-001","Docs/design/scripting/翎风服务器常量与整服Envir直接运行实施规格.md","LFENV","2026-08-16","LFENV-2026-08-16-baseline","ContextUnavailable（显示为空，预检保留诊断）","NPC 对话、#IF/#ACT 文本参数、系统与事件触发页","对应不可变战斗事件 DTO 生命周期内"
"1","LFENV-SYMBOL-0100","附件原文","H.ATTACKMONSTER_HP","","<$H.ATTACKMONSTER_HP>","战斗事件","Integer","玩家对象与战斗事件上下文","未实现（LFENV 后续阶段）","D","真实语料或附件已登记，等待对应 LFENV Adapter 实现与契约测试。","普通","用户附件:翎风服务器常量","是","0","英雄当前击中目标剩余HP","LFENV-CATALOG-001","Docs/design/scripting/翎风服务器常量与整服Envir直接运行实施规格.md","LFENV","2026-08-16","LFENV-2026-08-16-baseline","ContextUnavailable（显示为空，预检保留诊断）","NPC 对话、#IF/#ACT 文本参数、系统与事件触发页","对应不可变战斗事件 DTO 生命周期内"
"1","LFENV-SYMBOL-0101","附件原文","H.ATTACKMONSTER_HPEX","","<$H.ATTACKMONSTER_HPEX>","战斗事件","String","玩家对象与战斗事件上下文","未实现（LFENV 后续阶段）","D","真实语料或附件已登记，等待对应 LFENV Adapter 实现与契约测试。","普通","用户附件:翎风服务器常量","是","0","英雄当前锁定攻击(主目标)目标剩余HP","LFENV-CATALOG-001","Docs/design/scripting/翎风服务器常量与整服Envir直接运行实施规格.md","LFENV","2026-08-16","LFENV-2026-08-16-baseline","ContextUnavailable（显示为空，预检保留诊断）","NPC 对话、#IF/#ACT 文本参数、系统与事件触发页","对应不可变战斗事件 DTO 生命周期内"
"1","LFENV-SYMBOL-0102","附件原文","H.ATTACKMONSTER_MAXHP","","<$H.ATTACKMONSTER_MAXHP>","战斗事件","Integer","玩家对象与战斗事件上下文","未实现（LFENV 后续阶段）","D","真实语料或附件已登记，等待对应 LFENV Adapter 实现与契约测试。","普通","用户附件:翎风服务器常量","是","0","英雄当前击中目标最大HP","LFENV-CATALOG-001","Docs/design/scripting/翎风服务器常量与整服Envir直接运行实施规格.md","LFENV","2026-08-16","LFENV-2026-08-16-baseline","ContextUnavailable（显示为空，预检保留诊断）","NPC 对话、#IF/#ACT 文本参数、系统与事件触发页","对应不可变战斗事件 DTO 生命周期内"
"1","LFENV-SYMBOL-0103","附件原文","H.ATTACKMONSTER_MAXHPEX","","<$H.ATTACKMONSTER_MAXHPEX>","战斗事件","Integer","玩家对象与战斗事件上下文","未实现（LFENV 后续阶段）","D","真实语料或附件已登记，等待对应 LFENV Adapter 实现与契约测试。","普通","用户附件:翎风服务器常量","是","0","英雄当前锁定攻击(主目标)目标最大HP","LFENV-CATALOG-001","Docs/design/scripting/翎风服务器常量与整服Envir直接运行实施规格.md","LFENV","2026-08-16","LFENV-2026-08-16-baseline","ContextUnavailable（显示为空，预检保留诊断）","NPC 对话、#IF/#ACT 文本参数、系统与事件触发页","对应不可变战斗事件 DTO 生命周期内"
"1","LFENV-SYMBOL-0104","附件原文","H.ATTACKMONSTER_NAME","","<$H.ATTACKMONSTER_NAME>","战斗事件","String","玩家对象与战斗事件上下文","未实现（LFENV 后续阶段）","D","真实语料或附件已登记，等待对应 LFENV Adapter 实现与契约测试。","普通","用户附件:翎风服务器常量","是","0","英雄当前击中目标的名称","LFENV-CATALOG-001","Docs/design/scripting/翎风服务器常量与整服Envir直接运行实施规格.md","LFENV","2026-08-16","LFENV-2026-08-16-baseline","ContextUnavailable（显示为空，预检保留诊断）","NPC 对话、#IF/#ACT 文本参数、系统与事件触发页","对应不可变战斗事件 DTO 生命周期内"
"1","LFENV-SYMBOL-0105","附件原文","H.ATTACKMONSTER_NAMEEX","","<$H.ATTACKMONSTER_NAMEEX>","战斗事件","String","玩家对象与战斗事件上下文","未实现（LFENV 后续阶段）","D","真实语料或附件已登记，等待对应 LFENV Adapter 实现与契约测试。","普通","用户附件:翎风服务器常量","是","0","当前英雄锁定攻击(主目标)目标的名称","LFENV-CATALOG-001","Docs/design/scripting/翎风服务器常量与整服Envir直接运行实施规格.md","LFENV","2026-08-16","LFENV-2026-08-16-baseline","ContextUnavailable（显示为空，预检保留诊断）","NPC 对话、#IF/#ACT 文本参数、系统与事件触发页","对应不可变战斗事件 DTO 生命周期内"
"1","LFENV-SYMBOL-0106","附件原文","H.ATTACKMONSTER_X","","<$H.ATTACKMONSTER_X>","战斗事件","String","玩家对象与战斗事件上下文","未实现（LFENV 后续阶段）","D","真实语料或附件已登记，等待对应 LFENV Adapter 实现与契约测试。","普通","用户附件:翎风服务器常量","是","0","英雄当前攻击目标X坐标","LFENV-CATALOG-001","Docs/design/scripting/翎风服务器常量与整服Envir直接运行实施规格.md","LFENV","2026-08-16","LFENV-2026-08-16-baseline","ContextUnavailable（显示为空，预检保留诊断）","NPC 对话、#IF/#ACT 文本参数、系统与事件触发页","对应不可变战斗事件 DTO 生命周期内"
"1","LFENV-SYMBOL-0107","附件原文","H.ATTACKMONSTER_XEX","","<$H.ATTACKMONSTER_XEX>","战斗事件","String","玩家对象与战斗事件上下文","未实现（LFENV 后续阶段）","D","真实语料或附件已登记，等待对应 LFENV Adapter 实现与契约测试。","普通","用户附件:翎风服务器常量","是","0","英雄当前攻击(主目标)目标X坐标","LFENV-CATALOG-001","Docs/design/scripting/翎风服务器常量与整服Envir直接运行实施规格.md","LFENV","2026-08-16","LFENV-2026-08-16-baseline","ContextUnavailable（显示为空，预检保留诊断）","NPC 对话、#IF/#ACT 文本参数、系统与事件触发页","对应不可变战斗事件 DTO 生命周期内"
"1","LFENV-SYMBOL-0108","附件原文","H.ATTACKMONSTER_Y","","<$H.ATTACKMONSTER_Y>","战斗事件","String","玩家对象与战斗事件上下文","未实现（LFENV 后续阶段）","D","真实语料或附件已登记，等待对应 LFENV Adapter 实现与契约测试。","普通","用户附件:翎风服务器常量","是","0","英雄当前攻击目标Y坐标","LFENV-CATALOG-001","Docs/design/scripting/翎风服务器常量与整服Envir直接运行实施规格.md","LFENV","2026-08-16","LFENV-2026-08-16-baseline","ContextUnavailable（显示为空，预检保留诊断）","NPC 对话、#IF/#ACT 文本参数、系统与事件触发页","对应不可变战斗事件 DTO 生命周期内"
"1","LFENV-SYMBOL-0109","附件原文","H.ATTACKMONSTER_YEX","","<$H.ATTACKMONSTER_YEX>","战斗事件","String","玩家对象与战斗事件上下文","未实现（LFENV 后续阶段）","D","真实语料或附件已登记，等待对应 LFENV Adapter 实现与契约测试。","普通","用户附件:翎风服务器常量","是","0","英雄当前攻击(主目标)目标Y坐标","LFENV-CATALOG-001","Docs/design/scripting/翎风服务器常量与整服Envir直接运行实施规格.md","LFENV","2026-08-16","LFENV-2026-08-16-baseline","ContextUnavailable（显示为空，预检保留诊断）","NPC 对话、#IF/#ACT 文本参数、系统与事件触发页","对应不可变战斗事件 DTO 生命周期内"
"1","LFENV-SYMBOL-0110","附件原文","H.COMBATPOWER","","<$H.COMBATPOWER>","英雄","String","玩家对象与英雄对象","未实现（LFENV 后续阶段）","D","真实语料或附件已登记，等待对应 LFENV Adapter 实现与契约测试。","普通","用户附件:翎风服务器常量","是","0","英雄战斗力","LFENV-CATALOG-001","Docs/design/scripting/翎风服务器常量与整服Envir直接运行实施规格.md","LFENV","2026-08-16","LFENV-2026-08-16-baseline","ContextUnavailable（按契约显示为空或 0，预检保留诊断）","NPC 对话、#IF/#ACT 文本参数、系统与事件触发页","玩家脚本上下文有效期间"
"1","LFENV-SYMBOL-0111","附件原文","H.CURRRUSEMAGICID","","<$H.CURRRUSEMAGICID>","英雄","String","玩家对象与英雄对象","未实现（LFENV 后续阶段）","D","真实语料或附件已登记，等待对应 LFENV Adapter 实现与契约测试。","普通","用户附件:翎风服务器常量","是","0","英雄当前攻击技能ID","LFENV-CATALOG-001","Docs/design/scripting/翎风服务器常量与整服Envir直接运行实施规格.md","LFENV","2026-08-16","LFENV-2026-08-16-baseline","ContextUnavailable（按契约显示为空或 0，预检保留诊断）","NPC 对话、#IF/#ACT 文本参数、系统与事件触发页","玩家脚本上下文有效期间"
"1","LFENV-SYMBOL-0112","附件原文","H.CURTARGETMASTERNAME","","<$H.CURTARGETMASTERNAME>","英雄","String","玩家对象与英雄对象","未实现（LFENV 后续阶段）","D","真实语料或附件已登记，等待对应 LFENV Adapter 实现与契约测试。","普通","用户附件:翎风服务器常量","是","0","英雄当前攻击目标的主人名(英雄、宝宝)","LFENV-CATALOG-001","Docs/design/scripting/翎风服务器常量与整服Envir直接运行实施规格.md","LFENV","2026-08-16","LFENV-2026-08-16-baseline","ContextUnavailable（按契约显示为空或 0，预检保留诊断）","NPC 对话、#IF/#ACT 文本参数、系统与事件触发页","玩家脚本上下文有效期间"
"1","LFENV-SYMBOL-0113","附件原文","H.EXP","","<$H.EXP>","英雄","Integer","玩家对象与英雄对象","未实现（LFENV 后续阶段）","D","真实语料或附件已登记，等待对应 LFENV Adapter 实现与契约测试。","普通","用户附件:翎风服务器常量","是","0","英雄当前经验值","LFENV-CATALOG-001","Docs/design/scripting/翎风服务器常量与整服Envir直接运行实施规格.md","LFENV","2026-08-16","LFENV-2026-08-16-baseline","ContextUnavailable（按契约显示为空或 0，预检保留诊断）","NPC 对话、#IF/#ACT 文本参数、系统与事件触发页","玩家脚本上下文有效期间"
"1","LFENV-SYMBOL-0114","附件原文","H.FASHIONDRESS","","<$H.FASHIONDRESS>","物品事件","String","玩家对象与物品事件上下文","未实现（LFENV 后续阶段）","D","真实语料或附件已登记，等待对应 LFENV Adapter 实现与契约测试。","普通","用户附件:翎风服务器常量","是","0","英雄时装衣服","LFENV-CATALOG-001","Docs/design/scripting/翎风服务器常量与整服Envir直接运行实施规格.md","LFENV","2026-08-16","LFENV-2026-08-16-baseline","ContextUnavailable（显示为空，预检保留诊断）","NPC 对话、#IF/#ACT 文本参数、系统与事件触发页","对应不可变物品事件 DTO 生命周期内"
"1","LFENV-SYMBOL-0115","附件原文","H.FASHIONWEAPON","","<$H.FASHIONWEAPON>","物品事件","String","玩家对象与物品事件上下文","未实现（LFENV 后续阶段）","D","真实语料或附件已登记，等待对应 LFENV Adapter 实现与契约测试。","普通","用户附件:翎风服务器常量","是","0","英雄时装武器","LFENV-CATALOG-001","Docs/design/scripting/翎风服务器常量与整服Envir直接运行实施规格.md","LFENV","2026-08-16","LFENV-2026-08-16-baseline","ContextUnavailable（显示为空，预检保留诊断）","NPC 对话、#IF/#ACT 文本参数、系统与事件触发页","对应不可变物品事件 DTO 生命周期内"
"1","LFENV-SYMBOL-0116","附件原文","H.G_DRESS","","<$H.G_DRESS>","英雄","String","玩家对象与英雄对象","未实现（LFENV 后续阶段）","D","真实语料或附件已登记，等待对应 LFENV Adapter 实现与契约测试。","普通","用户附件:翎风服务器常量","是","0","改名变量英雄","LFENV-CATALOG-001","Docs/design/scripting/翎风服务器常量与整服Envir直接运行实施规格.md","LFENV","2026-08-16","LFENV-2026-08-16-baseline","ContextUnavailable（按契约显示为空或 0，预检保留诊断）","NPC 对话、#IF/#ACT 文本参数、系统与事件触发页","玩家脚本上下文有效期间"
"1","LFENV-SYMBOL-0117","附件原文","H.GENDER","","<$H.GENDER>","英雄","String","玩家对象与英雄对象","未实现（LFENV 后续阶段）","D","真实语料或附件已登记，等待对应 LFENV Adapter 实现与契约测试。","普通","用户附件:翎风服务器常量","是","0","英雄性别","LFENV-CATALOG-001","Docs/design/scripting/翎风服务器常量与整服Envir直接运行实施规格.md","LFENV","2026-08-16","LFENV-2026-08-16-baseline","ContextUnavailable（按契约显示为空或 0，预检保留诊断）","NPC 对话、#IF/#ACT 文本参数、系统与事件触发页","玩家脚本上下文有效期间"
"1","LFENV-SYMBOL-0118","附件原文","H.GETEXP","","<$H.GETEXP>","英雄","Integer","玩家对象与英雄对象","未实现（LFENV 后续阶段）","D","真实语料或附件已登记，等待对应 LFENV Adapter 实现与契约测试。","普通","用户附件:翎风服务器常量","是","0","英雄当前获得经验变量","LFENV-CATALOG-001","Docs/design/scripting/翎风服务器常量与整服Envir直接运行实施规格.md","LFENV","2026-08-16","LFENV-2026-08-16-baseline","ContextUnavailable（按契约显示为空或 0，预检保留诊断）","NPC 对话、#IF/#ACT 文本参数、系统与事件触发页","玩家脚本上下文有效期间"
"1","LFENV-SYMBOL-0119","附件原文","H.GODBLESSITEM1","","<$H.GODBLESSITEM1>","物品事件","String","玩家对象与物品事件上下文","未实现（LFENV 后续阶段）","D","真实语料或附件已登记，等待对应 LFENV Adapter 实现与契约测试。","普通","用户附件:翎风服务器常量","是","0","----  英雄生肖盒","LFENV-CATALOG-001","Docs/design/scripting/翎风服务器常量与整服Envir直接运行实施规格.md","LFENV","2026-08-16","LFENV-2026-08-16-baseline","ContextUnavailable（显示为空，预检保留诊断）","NPC 对话、#IF/#ACT 文本参数、系统与事件触发页","对应不可变物品事件 DTO 生命周期内"
"1","LFENV-SYMBOL-0120","附件原文","H.GODBLESSITEM12","","<$H.GODBLESSITEM12>","物品事件","String","玩家对象与物品事件上下文","未实现（LFENV 后续阶段）","D","真实语料或附件已登记，等待对应 LFENV Adapter 实现与契约测试。","普通","用户附件:翎风服务器常量","是","0","----  英雄生肖盒","LFENV-CATALOG-001","Docs/design/scripting/翎风服务器常量与整服Envir直接运行实施规格.md","LFENV","2026-08-16","LFENV-2026-08-16-baseline","ContextUnavailable（显示为空，预检保留诊断）","NPC 对话、#IF/#ACT 文本参数、系统与事件触发页","对应不可变物品事件 DTO 生命周期内"
"1","LFENV-SYMBOL-0121","附件原文","H.JEWELRYITEM1","","<$H.JEWELRYITEM1>","物品事件","String","玩家对象与物品事件上下文","未实现（LFENV 后续阶段）","D","真实语料或附件已登记，等待对应 LFENV Adapter 实现与契约测试。","普通","用户附件:翎风服务器常量","是","0","----  英雄首饰盒","LFENV-CATALOG-001","Docs/design/scripting/翎风服务器常量与整服Envir直接运行实施规格.md","LFENV","2026-08-16","LFENV-2026-08-16-baseline","ContextUnavailable（显示为空，预检保留诊断）","NPC 对话、#IF/#ACT 文本参数、系统与事件触发页","对应不可变物品事件 DTO 生命周期内"
"1","LFENV-SYMBOL-0122","附件原文","H.JEWELRYITEM6","","<$H.JEWELRYITEM6>","物品事件","String","玩家对象与物品事件上下文","未实现（LFENV 后续阶段）","D","真实语料或附件已登记，等待对应 LFENV Adapter 实现与契约测试。","普通","用户附件:翎风服务器常量","是","0","----  英雄首饰盒","LFENV-CATALOG-001","Docs/design/scripting/翎风服务器常量与整服Envir直接运行实施规格.md","LFENV","2026-08-16","LFENV-2026-08-16-baseline","ContextUnavailable（显示为空，预检保留诊断）","NPC 对话、#IF/#ACT 文本参数、系统与事件触发页","对应不可变物品事件 DTO 生命周期内"
"1","LFENV-SYMBOL-0123","附件原文","H.JOB","","<$H.JOB>","英雄","String","玩家对象与英雄对象","未实现（LFENV 后续阶段）","D","真实语料或附件已登记，等待对应 LFENV Adapter 实现与契约测试。","普通","用户附件:翎风服务器常量","是","0","英雄职业","LFENV-CATALOG-001","Docs/design/scripting/翎风服务器常量与整服Envir直接运行实施规格.md","LFENV","2026-08-16","LFENV-2026-08-16-baseline","ContextUnavailable（按契约显示为空或 0，预检保留诊断）","NPC 对话、#IF/#ACT 文本参数、系统与事件触发页","玩家脚本上下文有效期间"
"1","LFENV-SYMBOL-0124","附件原文","H.KILLMONNAME","","<$H.KILLMONNAME>","战斗事件","String","玩家对象与战斗事件上下文","未实现（LFENV 后续阶段）","D","真实语料或附件已登记，等待对应 LFENV Adapter 实现与契约测试。","普通","用户附件:翎风服务器常量","是","0","英雄杀死的怪物名称","LFENV-CATALOG-001","Docs/design/scripting/翎风服务器常量与整服Envir直接运行实施规格.md","LFENV","2026-08-16","LFENV-2026-08-16-baseline","ContextUnavailable（显示为空，预检保留诊断）","NPC 对话、#IF/#ACT 文本参数、系统与事件触发页","对应不可变战斗事件 DTO 生命周期内"
"1","LFENV-SYMBOL-0125","附件原文","H.LEVEL","","<$H.LEVEL>","英雄","Integer","玩家对象与英雄对象","未实现（LFENV 后续阶段）","D","真实语料或附件已登记，等待对应 LFENV Adapter 实现与契约测试。","普通","用户附件:翎风服务器常量","是","0","英雄级别","LFENV-CATALOG-001","Docs/design/scripting/翎风服务器常量与整服Envir直接运行实施规格.md","LFENV","2026-08-16","LFENV-2026-08-16-baseline","ContextUnavailable（按契约显示为空或 0，预检保留诊断）","NPC 对话、#IF/#ACT 文本参数、系统与事件触发页","玩家脚本上下文有效期间"
"1","LFENV-SYMBOL-0126","附件原文","H.LOYALPOINT","","<$H.LOYALPOINT>","英雄","Integer","玩家对象与英雄对象","未实现（LFENV 后续阶段）","D","真实语料或附件已登记，等待对应 LFENV Adapter 实现与契约测试。","普通","用户附件:翎风服务器常量","是","0","英雄忠诚度变量","LFENV-CATALOG-001","Docs/design/scripting/翎风服务器常量与整服Envir直接运行实施规格.md","LFENV","2026-08-16","LFENV-2026-08-16-baseline","ContextUnavailable（按契约显示为空或 0，预检保留诊断）","NPC 对话、#IF/#ACT 文本参数、系统与事件触发页","玩家脚本上下文有效期间"
"1","LFENV-SYMBOL-0127","附件原文","H.LUCK","","<$H.LUCK>","英雄","String","玩家对象与英雄对象","未实现（LFENV 后续阶段）","D","真实语料或附件已登记，等待对应 LFENV Adapter 实现与契约测试。","普通","用户附件:翎风服务器常量","是","0","英雄幸运","LFENV-CATALOG-001","Docs/design/scripting/翎风服务器常量与整服Envir直接运行实施规格.md","LFENV","2026-08-16","LFENV-2026-08-16-baseline","ContextUnavailable（按契约显示为空或 0，预检保留诊断）","NPC 对话、#IF/#ACT 文本参数、系统与事件触发页","玩家脚本上下文有效期间"
"1","LFENV-SYMBOL-0128","附件原文","H.MAP","","<$H.MAP>","英雄","String","玩家对象与英雄对象","未实现（LFENV 后续阶段）","D","真实语料或附件已登记，等待对应 LFENV Adapter 实现与契约测试。","普通","用户附件:翎风服务器常量","是","0","英雄当前地图代码","LFENV-CATALOG-001","Docs/design/scripting/翎风服务器常量与整服Envir直接运行实施规格.md","LFENV","2026-08-16","LFENV-2026-08-16-baseline","ContextUnavailable（按契约显示为空或 0，预检保留诊断）","NPC 对话、#IF/#ACT 文本参数、系统与事件触发页","玩家脚本上下文有效期间"
"1","LFENV-SYMBOL-0129","附件原文","H.MAXNH","","<$H.MAXNH>","英雄","Integer","玩家对象与英雄对象","未实现（LFENV 后续阶段）","D","真实语料或附件已登记，等待对应 LFENV Adapter 实现与契约测试。","普通","用户附件:翎风服务器常量","是","0","英雄内力上限","LFENV-CATALOG-001","Docs/design/scripting/翎风服务器常量与整服Envir直接运行实施规格.md","LFENV","2026-08-16","LFENV-2026-08-16-baseline","ContextUnavailable（按契约显示为空或 0，预检保留诊断）","NPC 对话、#IF/#ACT 文本参数、系统与事件触发页","玩家脚本上下文有效期间"
"1","LFENV-SYMBOL-0130","附件原文","H.NGADDPOWER","","<$H.NGADDPOWER>","英雄","String","玩家对象与英雄对象","未实现（LFENV 后续阶段）","D","真实语料或附件已登记，等待对应 LFENV Adapter 实现与契约测试。","普通","用户附件:翎风服务器常量","是","0","英雄内功伤害增加","LFENV-CATALOG-001","Docs/design/scripting/翎风服务器常量与整服Envir直接运行实施规格.md","LFENV","2026-08-16","LFENV-2026-08-16-baseline","ContextUnavailable（按契约显示为空或 0，预检保留诊断）","NPC 对话、#IF/#ACT 文本参数、系统与事件触发页","玩家脚本上下文有效期间"
"1","LFENV-SYMBOL-0131","附件原文","H.NGDECPOWE","","<$H.NGDECPOWE>","英雄","String","玩家对象与英雄对象","未实现（LFENV 后续阶段）","D","真实语料或附件已登记，等待对应 LFENV Adapter 实现与契约测试。","普通","用户附件:翎风服务器常量","是","0","英雄内功伤害减少","LFENV-CATALOG-001","Docs/design/scripting/翎风服务器常量与整服Envir直接运行实施规格.md","LFENV","2026-08-16","LFENV-2026-08-16-baseline","ContextUnavailable（按契约显示为空或 0，预检保留诊断）","NPC 对话、#IF/#ACT 文本参数、系统与事件触发页","玩家脚本上下文有效期间"
"1","LFENV-SYMBOL-0132","附件原文","H.NGEXP","","<$H.NGEXP>","英雄","Integer","玩家对象与英雄对象","未实现（LFENV 后续阶段）","D","真实语料或附件已登记，等待对应 LFENV Adapter 实现与契约测试。","普通","用户附件:翎风服务器常量","是","0","英雄内功经验","LFENV-CATALOG-001","Docs/design/scripting/翎风服务器常量与整服Envir直接运行实施规格.md","LFENV","2026-08-16","LFENV-2026-08-16-baseline","ContextUnavailable（按契约显示为空或 0，预检保留诊断）","NPC 对话、#IF/#ACT 文本参数、系统与事件触发页","玩家脚本上下文有效期间"
"1","LFENV-SYMBOL-0133","附件原文","H.NGLEVEL","","<$H.NGLEVEL>","英雄","Integer","玩家对象与英雄对象","未实现（LFENV 后续阶段）","D","真实语料或附件已登记，等待对应 LFENV Adapter 实现与契约测试。","普通","用户附件:翎风服务器常量","是","0","英雄内功等级","LFENV-CATALOG-001","Docs/design/scripting/翎风服务器常量与整服Envir直接运行实施规格.md","LFENV","2026-08-16","LFENV-2026-08-16-baseline","ContextUnavailable（按契约显示为空或 0，预检保留诊断）","NPC 对话、#IF/#ACT 文本参数、系统与事件触发页","玩家脚本上下文有效期间"
"1","LFENV-SYMBOL-0134","附件原文","H.NGMAXEXP","","<$H.NGMAXEXP>","英雄","Integer","玩家对象与英雄对象","未实现（LFENV 后续阶段）","D","真实语料或附件已登记，等待对应 LFENV Adapter 实现与契约测试。","普通","用户附件:翎风服务器常量","是","0","英雄内功升级经验","LFENV-CATALOG-001","Docs/design/scripting/翎风服务器常量与整服Envir直接运行实施规格.md","LFENV","2026-08-16","LFENV-2026-08-16-baseline","ContextUnavailable（按契约显示为空或 0，预检保留诊断）","NPC 对话、#IF/#ACT 文本参数、系统与事件触发页","玩家脚本上下文有效期间"
"1","LFENV-SYMBOL-0135","附件原文","H.NH","","<$H.NH>","英雄","String","玩家对象与英雄对象","未实现（LFENV 后续阶段）","D","真实语料或附件已登记，等待对应 LFENV Adapter 实现与契约测试。","普通","用户附件:翎风服务器常量","是","0","英雄内力","LFENV-CATALOG-001","Docs/design/scripting/翎风服务器常量与整服Envir直接运行实施规格.md","LFENV","2026-08-16","LFENV-2026-08-16-baseline","ContextUnavailable（按契约显示为空或 0，预检保留诊断）","NPC 对话、#IF/#ACT 文本参数、系统与事件触发页","玩家脚本上下文有效期间"
"1","LFENV-SYMBOL-0136","附件原文","H.PKPOINT","","<$H.PKPOINT>","英雄","Integer","玩家对象与英雄对象","未实现（LFENV 后续阶段）","D","真实语料或附件已登记，等待对应 LFENV Adapter 实现与契约测试。","普通","用户附件:翎风服务器常量","是","0","英雄PK点数","LFENV-CATALOG-001","Docs/design/scripting/翎风服务器常量与整服Envir直接运行实施规格.md","LFENV","2026-08-16","LFENV-2026-08-16-baseline","ContextUnavailable（按契约显示为空或 0，预检保留诊断）","NPC 对话、#IF/#ACT 文本参数、系统与事件触发页","玩家脚本上下文有效期间"
"1","LFENV-SYMBOL-0137","附件原文","H.PKPOWER","","<$H.PKPOWER>","战斗事件","String","玩家对象与战斗事件上下文","未实现（LFENV 后续阶段）","D","真实语料或附件已登记，等待对应 LFENV Adapter 实现与契约测试。","普通","用户附件:翎风服务器常量","是","0","英雄对攻击目标的伤害输出值","LFENV-CATALOG-001","Docs/design/scripting/翎风服务器常量与整服Envir直接运行实施规格.md","LFENV","2026-08-16","LFENV-2026-08-16-baseline","ContextUnavailable（显示为空，预检保留诊断）","NPC 对话、#IF/#ACT 文本参数、系统与事件触发页","对应不可变战斗事件 DTO 生命周期内"
"1","LFENV-SYMBOL-0138","附件原文","H.POWERRATE","","<$H.POWERRATE>","英雄","Integer","玩家对象与英雄对象","未实现（LFENV 后续阶段）","D","真实语料或附件已登记，等待对应 LFENV Adapter 实现与契约测试。","普通","用户附件:翎风服务器常量","是","0","英雄攻击人物伤害力倍数","LFENV-CATALOG-001","Docs/design/scripting/翎风服务器常量与整服Envir直接运行实施规格.md","LFENV","2026-08-16","LFENV-2026-08-16-baseline","ContextUnavailable（按契约显示为空或 0，预检保留诊断）","NPC 对话、#IF/#ACT 文本参数、系统与事件触发页","玩家脚本上下文有效期间"
"1","LFENV-SYMBOL-0139","附件原文","H.POWERRATETIME","","<$H.POWERRATETIME>","英雄","Integer","玩家对象与英雄对象","未实现（LFENV 后续阶段）","D","真实语料或附件已登记，等待对应 LFENV Adapter 实现与契约测试。","普通","用户附件:翎风服务器常量","是","0","英雄攻击人物伤害倍数剩余时间","LFENV-CATALOG-001","Docs/design/scripting/翎风服务器常量与整服Envir直接运行实施规格.md","LFENV","2026-08-16","LFENV-2026-08-16-baseline","ContextUnavailable（按契约显示为空或 0，预检保留诊断）","NPC 对话、#IF/#ACT 文本参数、系统与事件触发页","玩家脚本上下文有效期间"
"1","LFENV-SYMBOL-0140","附件原文","H.RELEVEL","","<$H.RELEVEL>","英雄","Integer","玩家对象与英雄对象","未实现（LFENV 后续阶段）","D","真实语料或附件已登记，等待对应 LFENV Adapter 实现与契约测试。","普通","用户附件:翎风服务器常量","是","0","显示英雄转生等级","LFENV-CATALOG-001","Docs/design/scripting/翎风服务器常量与整服Envir直接运行实施规格.md","LFENV","2026-08-16","LFENV-2026-08-16-baseline","ContextUnavailable（按契约显示为空或 0，预检保留诊断）","NPC 对话、#IF/#ACT 文本参数、系统与事件触发页","玩家脚本上下文有效期间"
"1","LFENV-SYMBOL-0141","附件原文","H.STRUCKHP","","<$H.STRUCKHP>","战斗事件","Integer","玩家对象与战斗事件上下文","未实现（LFENV 后续阶段）","D","真实语料或附件已登记，等待对应 LFENV Adapter 实现与契约测试。","普通","用户附件:翎风服务器常量","是","0","自己英雄被攻击减少的HP输出值","LFENV-CATALOG-001","Docs/design/scripting/翎风服务器常量与整服Envir直接运行实施规格.md","LFENV","2026-08-16","LFENV-2026-08-16-baseline","ContextUnavailable（显示为空，预检保留诊断）","NPC 对话、#IF/#ACT 文本参数、系统与事件触发页","对应不可变战斗事件 DTO 生命周期内"
"1","LFENV-SYMBOL-0142","附件原文","H.UPGRADECOUNT","","<$H.UPGRADECOUNT>","英雄","Integer","玩家对象与英雄对象","未实现（LFENV 后续阶段）","D","真实语料或附件已登记，等待对应 LFENV Adapter 实现与契约测试。","普通","用户附件:翎风服务器常量","是","0","英雄全身星星数量","LFENV-CATALOG-001","Docs/design/scripting/翎风服务器常量与整服Envir直接运行实施规格.md","LFENV","2026-08-16","LFENV-2026-08-16-baseline","ContextUnavailable（按契约显示为空或 0，预检保留诊断）","NPC 对话、#IF/#ACT 文本参数、系统与事件触发页","玩家脚本上下文有效期间"
"1","LFENV-SYMBOL-0143","附件原文","H.X","","<$H.X>","英雄","Integer","玩家对象与英雄对象","未实现（LFENV 后续阶段）","D","真实语料或附件已登记，等待对应 LFENV Adapter 实现与契约测试。","普通","用户附件:翎风服务器常量","是","0","英雄X坐标","LFENV-CATALOG-001","Docs/design/scripting/翎风服务器常量与整服Envir直接运行实施规格.md","LFENV","2026-08-16","LFENV-2026-08-16-baseline","ContextUnavailable（按契约显示为空或 0，预检保留诊断）","NPC 对话、#IF/#ACT 文本参数、系统与事件触发页","玩家脚本上下文有效期间"
"1","LFENV-SYMBOL-0144","附件原文","H.Y","","<$H.Y>","英雄","Integer","玩家对象与英雄对象","未实现（LFENV 后续阶段）","D","真实语料或附件已登记，等待对应 LFENV Adapter 实现与契约测试。","普通","用户附件:翎风服务器常量","是","0","英雄Y坐标","LFENV-CATALOG-001","Docs/design/scripting/翎风服务器常量与整服Envir直接运行实施规格.md","LFENV","2026-08-16","LFENV-2026-08-16-baseline","ContextUnavailable（按契约显示为空或 0，预检保留诊断）","NPC 对话、#IF/#ACT 文本参数、系统与事件触发页","玩家脚本上下文有效期间"
"1","LFENV-SYMBOL-0145","附件原文","HAT","","<$HAT>","人物","String","玩家对象","未实现（LFENV 后续阶段）","D","真实语料或附件已登记，等待对应 LFENV Adapter 实现与契约测试。","普通","用户附件:翎风服务器常量","是","0","斗笠","LFENV-CATALOG-001","Docs/design/scripting/翎风服务器常量与整服Envir直接运行实施规格.md","LFENV","2026-08-16","LFENV-2026-08-16-baseline","ContextUnavailable（按契约显示为空或 0，预检保留诊断）","NPC 对话、#IF/#ACT 文本参数、系统与事件触发页","玩家脚本上下文有效期间"
"1","LFENV-SYMBOL-0146","附件原文","HEALTHRECOVER","","<$HEALTHRECOVER>","人物","String","玩家对象","未实现（LFENV 后续阶段）","D","真实语料或附件已登记，等待对应 LFENV Adapter 实现与契约测试。","普通","用户附件:翎风服务器常量","是","0","体力恢复","LFENV-CATALOG-001","Docs/design/scripting/翎风服务器常量与整服Envir直接运行实施规格.md","LFENV","2026-08-16","LFENV-2026-08-16-baseline","ContextUnavailable（按契约显示为空或 0，预检保留诊断）","NPC 对话、#IF/#ACT 文本参数、系统与事件触发页","玩家脚本上下文有效期间"
"1","LFENV-SYMBOL-0147","附件原文","HELMET","","<$HELMET>","物品事件","String","玩家对象与物品事件上下文","LingFengP0ServerSymbols + ScriptTextRenderer","B","已通过 LFENV-05 P0 Adapter、统一 Renderer、真实 NPC/条件动作/系统触发/ScriptApi 入口与旧分支回归测试。","普通","用户附件:翎风服务器常量","是","0","头盔","LFENV-CATALOG-001","Docs/design/scripting/翎风服务器常量与整服Envir直接运行实施规格.md","LFENV","2026-08-16","LFENV-2026-08-16-baseline","ContextUnavailable（显示为空，预检保留诊断）","NPC 对话、#IF/#ACT 文本参数、系统与事件触发页","对应不可变物品事件 DTO 生命周期内"
"1","LFENV-SYMBOL-0148","附件原文","HEROGETNGEXP","","<$HEROGETNGEXP>","英雄","Integer","玩家对象与英雄对象","未实现（LFENV 后续阶段）","D","真实语料或附件已登记，等待对应 LFENV Adapter 实现与契约测试。","普通","用户附件:翎风服务器常量","是","0","英雄当前得到的内功经验","LFENV-CATALOG-001","Docs/design/scripting/翎风服务器常量与整服Envir直接运行实施规格.md","LFENV","2026-08-16","LFENV-2026-08-16-baseline","ContextUnavailable（按契约显示为空或 0，预检保留诊断）","NPC 对话、#IF/#ACT 文本参数、系统与事件触发页","玩家脚本上下文有效期间"
"1","LFENV-SYMBOL-0149","附件原文","HEROKILLER","","<$HEROKILLER>","英雄","String","玩家对象与英雄对象","未实现（LFENV 后续阶段）","D","真实语料或附件已登记，等待对应 LFENV Adapter 实现与契约测试。","普通","用户附件:翎风服务器常量","是","0","杀英雄者变量","LFENV-CATALOG-001","Docs/design/scripting/翎风服务器常量与整服Envir直接运行实施规格.md","LFENV","2026-08-16","LFENV-2026-08-16-baseline","ContextUnavailable（按契约显示为空或 0，预检保留诊断）","NPC 对话、#IF/#ACT 文本参数、系统与事件触发页","玩家脚本上下文有效期间"
"1","LFENV-SYMBOL-0150","附件原文","HERONAME","","<$HERONAME>","英雄","String","玩家对象与英雄对象","未实现（LFENV 后续阶段）","D","真实语料或附件已登记，等待对应 LFENV Adapter 实现与契约测试。","普通","用户附件:翎风服务器常量","是","0","英雄名字","LFENV-CATALOG-001","Docs/design/scripting/翎风服务器常量与整服Envir直接运行实施规格.md","LFENV","2026-08-16","LFENV-2026-08-16-baseline","ContextUnavailable（按契约显示为空或 0，预检保留诊断）","NPC 对话、#IF/#ACT 文本参数、系统与事件触发页","玩家脚本上下文有效期间"
"1","LFENV-SYMBOL-0151","附件原文","HEROPULSEXP","","<$HEROPULSEXP>","英雄","Integer","玩家对象与英雄对象","未实现（LFENV 后续阶段）","D","真实语料或附件已登记，等待对应 LFENV Adapter 实现与契约测试。","普通","用户附件:翎风服务器常量","是","0","英雄经络经验","LFENV-CATALOG-001","Docs/design/scripting/翎风服务器常量与整服Envir直接运行实施规格.md","LFENV","2026-08-16","LFENV-2026-08-16-baseline","ContextUnavailable（按契约显示为空或 0，预检保留诊断）","NPC 对话、#IF/#ACT 文本参数、系统与事件触发页","玩家脚本上下文有效期间"
"1","LFENV-SYMBOL-0152","附件原文","HIGHDCINFO","","<$HIGHDCINFO>","人物","String","玩家对象","未实现（LFENV 后续阶段）","D","真实语料或附件已登记，等待对应 LFENV Adapter 实现与契约测试。","普通","用户附件:翎风服务器常量","是","0","最高攻击力人物信息","LFENV-CATALOG-001","Docs/design/scripting/翎风服务器常量与整服Envir直接运行实施规格.md","LFENV","2026-08-16","LFENV-2026-08-16-baseline","ContextUnavailable（按契约显示为空或 0，预检保留诊断）","NPC 对话、#IF/#ACT 文本参数、系统与事件触发页","玩家脚本上下文有效期间"
"1","LFENV-SYMBOL-0153","附件原文","HIGHLEVELINFO","","<$HIGHLEVELINFO>","人物","Integer","玩家对象","未实现（LFENV 后续阶段）","D","真实语料或附件已登记，等待对应 LFENV Adapter 实现与契约测试。","普通","用户附件:翎风服务器常量","是","0","最高等人物信息","LFENV-CATALOG-001","Docs/design/scripting/翎风服务器常量与整服Envir直接运行实施规格.md","LFENV","2026-08-16","LFENV-2026-08-16-baseline","ContextUnavailable（按契约显示为空或 0，预检保留诊断）","NPC 对话、#IF/#ACT 文本参数、系统与事件触发页","玩家脚本上下文有效期间"
"1","LFENV-SYMBOL-0154","附件原文","HIGHMCINFO","","<$HIGHMCINFO>","人物","String","玩家对象","未实现（LFENV 后续阶段）","D","真实语料或附件已登记，等待对应 LFENV Adapter 实现与契约测试。","普通","用户附件:翎风服务器常量","是","0","最高魔法力人物信息","LFENV-CATALOG-001","Docs/design/scripting/翎风服务器常量与整服Envir直接运行实施规格.md","LFENV","2026-08-16","LFENV-2026-08-16-baseline","ContextUnavailable（按契约显示为空或 0，预检保留诊断）","NPC 对话、#IF/#ACT 文本参数、系统与事件触发页","玩家脚本上下文有效期间"
"1","LFENV-SYMBOL-0155","附件原文","HIGHPKINFO","","<$HIGHPKINFO>","人物","String","玩家对象","未实现（LFENV 后续阶段）","D","真实语料或附件已登记，等待对应 LFENV Adapter 实现与契约测试。","普通","用户附件:翎风服务器常量","是","0","最高PK点数人物信息","LFENV-CATALOG-001","Docs/design/scripting/翎风服务器常量与整服Envir直接运行实施规格.md","LFENV","2026-08-16","LFENV-2026-08-16-baseline","ContextUnavailable（按契约显示为空或 0，预检保留诊断）","NPC 对话、#IF/#ACT 文本参数、系统与事件触发页","玩家脚本上下文有效期间"
"1","LFENV-SYMBOL-0156","附件原文","HIGHSCINFO","","<$HIGHSCINFO>","人物","String","玩家对象","未实现（LFENV 后续阶段）","D","真实语料或附件已登记，等待对应 LFENV Adapter 实现与契约测试。","普通","用户附件:翎风服务器常量","是","0","最高道术人物信息","LFENV-CATALOG-001","Docs/design/scripting/翎风服务器常量与整服Envir直接运行实施规格.md","LFENV","2026-08-16","LFENV-2026-08-16-baseline","ContextUnavailable（按契约显示为空或 0，预检保留诊断）","NPC 对话、#IF/#ACT 文本参数、系统与事件触发页","玩家脚本上下文有效期间"
"1","LFENV-SYMBOL-0157","附件原文","HIT","","<$HIT>","人物","String","玩家对象","LingFengP0ServerSymbols + ScriptTextRenderer","B","已通过 LFENV-05 P0 Adapter、统一 Renderer、真实 NPC/条件动作/系统触发/ScriptApi 入口与旧分支回归测试。","普通","用户附件:翎风服务器常量","是","0","准确","LFENV-CATALOG-001","Docs/design/scripting/翎风服务器常量与整服Envir直接运行实施规格.md","LFENV","2026-08-16","LFENV-2026-08-16-baseline","ContextUnavailable（按契约显示为空或 0，预检保留诊断）","NPC 对话、#IF/#ACT 文本参数、系统与事件触发页","玩家脚本上下文有效期间"
"1","LFENV-SYMBOL-0158","附件原文","HITSPD","","<$HITSPD>","人物","String","玩家对象","未实现（LFENV 后续阶段）","D","真实语料或附件已登记，等待对应 LFENV Adapter 实现与契约测试。","普通","用户附件:翎风服务器常量","是","0","攻速（装备加速）","LFENV-CATALOG-001","Docs/design/scripting/翎风服务器常量与整服Envir直接运行实施规格.md","LFENV","2026-08-16","LFENV-2026-08-16-baseline","ContextUnavailable（按契约显示为空或 0，预检保留诊断）","NPC 对话、#IF/#ACT 文本参数、系统与事件触发页","玩家脚本上下文有效期间"
"1","LFENV-SYMBOL-0159","附件原文","HMAP","","<$HMAP>","人物","String","玩家对象","未实现（LFENV 后续阶段）","D","真实语料或附件已登记，等待对应 LFENV Adapter 实现与契约测试。","普通","用户附件:翎风服务器常量","是","0","英雄地图编号","LFENV-CATALOG-001","Docs/design/scripting/翎风服务器常量与整服Envir直接运行实施规格.md","LFENV","2026-08-16","LFENV-2026-08-16-baseline","ContextUnavailable（按契约显示为空或 0，预检保留诊断）","NPC 对话、#IF/#ACT 文本参数、系统与事件触发页","玩家脚本上下文有效期间"
"1","LFENV-SYMBOL-0160","附件原文","HMAPTITLE","","<$HMAPTITLE>","人物","String","玩家对象","未实现（LFENV 后续阶段）","D","真实语料或附件已登记，等待对应 LFENV Adapter 实现与契约测试。","普通","用户附件:翎风服务器常量","是","0","英雄地图名字","LFENV-CATALOG-001","Docs/design/scripting/翎风服务器常量与整服Envir直接运行实施规格.md","LFENV","2026-08-16","LFENV-2026-08-16-baseline","ContextUnavailable（按契约显示为空或 0，预检保留诊断）","NPC 对话、#IF/#ACT 文本参数、系统与事件触发页","玩家脚本上下文有效期间"
"1","LFENV-SYMBOL-0161","附件原文","HORSE","","<$HORSE>","人物","String","玩家对象","未实现（LFENV 后续阶段）","D","真实语料或附件已登记，等待对应 LFENV Adapter 实现与契约测试。","普通","用户附件:翎风服务器常量","是","0","马牌","LFENV-CATALOG-001","Docs/design/scripting/翎风服务器常量与整服Envir直接运行实施规格.md","LFENV","2026-08-16","LFENV-2026-08-16-baseline","ContextUnavailable（按契约显示为空或 0，预检保留诊断）","NPC 对话、#IF/#ACT 文本参数、系统与事件触发页","玩家脚本上下文有效期间"
"1","LFENV-SYMBOL-0162","附件原文","HOUR","","<$HOUR>","服务器与时间","Integer","服务器环境上下文","LingFengP0ServerSymbols + ScriptTextRenderer","B","已通过 LFENV-05 P0 Adapter、统一 Renderer、真实 NPC/条件动作/系统触发/ScriptApi 入口与旧分支回归测试。","普通","用户附件:翎风服务器常量","是","0","当前小时","LFENV-CATALOG-001","Docs/design/scripting/翎风服务器常量与整服Envir直接运行实施规格.md","LFENV","2026-08-16","LFENV-2026-08-16-baseline","ContextUnavailable（按契约显示为空或 0，预检保留诊断）","NPC 对话、#IF/#ACT 文本参数、系统与事件触发页","脚本执行期间读取服务器只读快照"
"1","LFENV-SYMBOL-0163","附件原文","HP","","<$HP>","人物","Integer","玩家对象","LingFengP0ServerSymbols + ScriptTextRenderer","B","已通过 LFENV-05 P0 Adapter、统一 Renderer、真实 NPC/条件动作/系统触发/ScriptApi 入口与旧分支回归测试。","普通","用户附件:翎风服务器常量","是","0","生命值","LFENV-CATALOG-001","Docs/design/scripting/翎风服务器常量与整服Envir直接运行实施规格.md","LFENV","2026-08-16","LFENV-2026-08-16-baseline","ContextUnavailable（按契约显示为空或 0，预检保留诊断）","NPC 对话、#IF/#ACT 文本参数、系统与事件触发页","玩家脚本上下文有效期间"
"1","LFENV-SYMBOL-0164","附件原文","HUMCLONECOUNT","","<$HUMCLONECOUNT>","人物","Integer","玩家对象","未实现（LFENV 后续阶段）","D","真实语料或附件已登记，等待对应 LFENV Adapter 实现与契约测试。","普通","用户附件:翎风服务器常量","是","0","人物分身数量","LFENV-CATALOG-001","Docs/design/scripting/翎风服务器常量与整服Envir直接运行实施规格.md","LFENV","2026-08-16","LFENV-2026-08-16-baseline","ContextUnavailable（按契约显示为空或 0，预检保留诊断）","NPC 对话、#IF/#ACT 文本参数、系统与事件触发页","玩家脚本上下文有效期间"
"1","LFENV-SYMBOL-0165","附件原文","HUNGER","","<$HUNGER>","人物","String","玩家对象","未实现（LFENV 后续阶段）","D","真实语料或附件已登记，等待对应 LFENV Adapter 实现与契约测试。","普通","用户附件:翎风服务器常量","是","0","饥饿程度","LFENV-CATALOG-001","Docs/design/scripting/翎风服务器常量与整服Envir直接运行实施规格.md","LFENV","2026-08-16","LFENV-2026-08-16-baseline","ContextUnavailable（按契约显示为空或 0，预检保留诊断）","NPC 对话、#IF/#ACT 文本参数、系统与事件触发页","玩家脚本上下文有效期间"
"1","LFENV-SYMBOL-0166","附件原文","HW","","<$HW>","人物","String","玩家对象","未实现（LFENV 后续阶段）","D","真实语料或附件已登记，等待对应 LFENV Adapter 实现与契约测试。","普通","用户附件:翎风服务器常量","是","0","腕力","LFENV-CATALOG-001","Docs/design/scripting/翎风服务器常量与整服Envir直接运行实施规格.md","LFENV","2026-08-16","LFENV-2026-08-16-baseline","ContextUnavailable（按契约显示为空或 0，预检保留诊断）","NPC 对话、#IF/#ACT 文本参数、系统与事件触发页","玩家脚本上下文有效期间"
"1","LFENV-SYMBOL-0167","附件原文","JADE","","<$JADE>","人物","String","玩家对象","LingFengP0ServerSymbols + ScriptTextRenderer","B","已通过 LFENV-05 只读兼容显示契约；当前模型无独立字段时返回 0 或“空”，并携带 CompatibilitySubstitute 结构化诊断。","普通","用户附件:翎风服务器常量","是","0","灵玉","LFENV-CATALOG-001","Docs/design/scripting/翎风服务器常量与整服Envir直接运行实施规格.md","LFENV","2026-08-16","LFENV-2026-08-16-baseline","ContextUnavailable（按契约显示为空或 0，预检保留诊断）","NPC 对话、#IF/#ACT 文本参数、系统与事件触发页","玩家脚本上下文有效期间"
"1","LFENV-SYMBOL-0168","附件原文","JEWELRYITEM1","","<$JEWELRYITEM1>","物品事件","String","玩家对象与物品事件上下文","未实现（LFENV 后续阶段）","D","真实语料或附件已登记，等待对应 LFENV Adapter 实现与契约测试。","普通","用户附件:翎风服务器常量","是","0","----  人物首饰盒","LFENV-CATALOG-001","Docs/design/scripting/翎风服务器常量与整服Envir直接运行实施规格.md","LFENV","2026-08-16","LFENV-2026-08-16-baseline","ContextUnavailable（显示为空，预检保留诊断）","NPC 对话、#IF/#ACT 文本参数、系统与事件触发页","对应不可变物品事件 DTO 生命周期内"
"1","LFENV-SYMBOL-0169","附件原文","JEWELRYITEM6","","<$JEWELRYITEM6>","物品事件","String","玩家对象与物品事件上下文","未实现（LFENV 后续阶段）","D","真实语料或附件已登记，等待对应 LFENV Adapter 实现与契约测试。","普通","用户附件:翎风服务器常量","是","0","----  人物首饰盒","LFENV-CATALOG-001","Docs/design/scripting/翎风服务器常量与整服Envir直接运行实施规格.md","LFENV","2026-08-16","LFENV-2026-08-16-baseline","ContextUnavailable（显示为空，预检保留诊断）","NPC 对话、#IF/#ACT 文本参数、系统与事件触发页","对应不可变物品事件 DTO 生命周期内"
"1","LFENV-SYMBOL-0170","附件原文","KILLER","","<$KILLER>","战斗事件","String","玩家对象与战斗事件上下文","未实现（LFENV 后续阶段）","D","真实语料或附件已登记，等待对应 LFENV Adapter 实现与契约测试。","普通","用户附件:翎风服务器常量","是","0","杀人者变量","LFENV-CATALOG-001","Docs/design/scripting/翎风服务器常量与整服Envir直接运行实施规格.md","LFENV","2026-08-16","LFENV-2026-08-16-baseline","ContextUnavailable（显示为空，预检保留诊断）","NPC 对话、#IF/#ACT 文本参数、系统与事件触发页","对应不可变战斗事件 DTO 生命周期内"
"1","LFENV-SYMBOL-0171","附件原文","KILLMONBURSTRATE","","<$KILLMONBURSTRATE>","战斗事件","Integer","玩家对象与战斗事件上下文","未实现（LFENV 后续阶段）","D","真实语料或附件已登记，等待对应 LFENV Adapter 实现与契约测试。","普通","用户附件:翎风服务器常量","是","0","人物杀怪暴率倍数（脚本命令调整）","LFENV-CATALOG-001","Docs/design/scripting/翎风服务器常量与整服Envir直接运行实施规格.md","LFENV","2026-08-16","LFENV-2026-08-16-baseline","ContextUnavailable（显示为空，预检保留诊断）","NPC 对话、#IF/#ACT 文本参数、系统与事件触发页","对应不可变战斗事件 DTO 生命周期内"
"1","LFENV-SYMBOL-0172","附件原文","KILLMONBURSTRATETIME","","<$KILLMONBURSTRATETIME>","战斗事件","Integer","玩家对象与战斗事件上下文","未实现（LFENV 后续阶段）","D","真实语料或附件已登记，等待对应 LFENV Adapter 实现与契约测试。","普通","用户附件:翎风服务器常量","是","0","人物杀怪暴率倍数时间（脚本命令调整）","LFENV-CATALOG-001","Docs/design/scripting/翎风服务器常量与整服Envir直接运行实施规格.md","LFENV","2026-08-16","LFENV-2026-08-16-baseline","ContextUnavailable（显示为空，预检保留诊断）","NPC 对话、#IF/#ACT 文本参数、系统与事件触发页","对应不可变战斗事件 DTO 生命周期内"
"1","LFENV-SYMBOL-0173","附件原文","KILLMONEXPRATE","","<$KILLMONEXPRATE>","战斗事件","Integer","玩家对象与战斗事件上下文","未实现（LFENV 后续阶段）","D","真实语料或附件已登记，等待对应 LFENV Adapter 实现与契约测试。","普通","用户附件:翎风服务器常量","是","0","杀怪经验倍数","LFENV-CATALOG-001","Docs/design/scripting/翎风服务器常量与整服Envir直接运行实施规格.md","LFENV","2026-08-16","LFENV-2026-08-16-baseline","ContextUnavailable（显示为空，预检保留诊断）","NPC 对话、#IF/#ACT 文本参数、系统与事件触发页","对应不可变战斗事件 DTO 生命周期内"
"1","LFENV-SYMBOL-0174","附件原文","KILLMONEXPRATETIME","","<$KILLMONEXPRATETIME>","战斗事件","Integer","玩家对象与战斗事件上下文","未实现（LFENV 后续阶段）","D","真实语料或附件已登记，等待对应 LFENV Adapter 实现与契约测试。","普通","用户附件:翎风服务器常量","是","0","杀怪经验倍数时长","LFENV-CATALOG-001","Docs/design/scripting/翎风服务器常量与整服Envir直接运行实施规格.md","LFENV","2026-08-16","LFENV-2026-08-16-baseline","ContextUnavailable（显示为空，预检保留诊断）","NPC 对话、#IF/#ACT 文本参数、系统与事件触发页","对应不可变战斗事件 DTO 生命周期内"
"1","LFENV-SYMBOL-0175","附件原文","KILLMONNAME","","<$KILLMONNAME>","战斗事件","String","玩家对象与战斗事件上下文","未实现（LFENV 后续阶段）","D","真实语料或附件已登记，等待对应 LFENV Adapter 实现与契约测试。","普通","用户附件:翎风服务器常量","是","0","人物杀死的怪物名称","LFENV-CATALOG-001","Docs/design/scripting/翎风服务器常量与整服Envir直接运行实施规格.md","LFENV","2026-08-16","LFENV-2026-08-16-baseline","ContextUnavailable（显示为空，预检保留诊断）","NPC 对话、#IF/#ACT 文本参数、系统与事件触发页","对应不可变战斗事件 DTO 生命周期内"
"1","LFENV-SYMBOL-0176","附件原文","KILLMONX","","<$KILLMONX>","战斗事件","String","玩家对象与战斗事件上下文","未实现（LFENV 后续阶段）","D","真实语料或附件已登记，等待对应 LFENV Adapter 实现与契约测试。","普通","用户附件:翎风服务器常量","是","0","人物杀死怪物的坐标","LFENV-CATALOG-001","Docs/design/scripting/翎风服务器常量与整服Envir直接运行实施规格.md","LFENV","2026-08-16","LFENV-2026-08-16-baseline","ContextUnavailable（显示为空，预检保留诊断）","NPC 对话、#IF/#ACT 文本参数、系统与事件触发页","对应不可变战斗事件 DTO 生命周期内"
"1","LFENV-SYMBOL-0177","附件原文","KILLMONY","","<$KILLMONY>","战斗事件","String","玩家对象与战斗事件上下文","未实现（LFENV 后续阶段）","D","真实语料或附件已登记，等待对应 LFENV Adapter 实现与契约测试。","普通","用户附件:翎风服务器常量","是","0","人物杀死怪物的坐标","LFENV-CATALOG-001","Docs/design/scripting/翎风服务器常量与整服Envir直接运行实施规格.md","LFENV","2026-08-16","LFENV-2026-08-16-baseline","ContextUnavailable（显示为空，预检保留诊断）","NPC 对话、#IF/#ACT 文本参数、系统与事件触发页","对应不可变战斗事件 DTO 生命周期内"
"1","LFENV-SYMBOL-0178","附件原文","LEVEL","","<$LEVEL>","人物","Integer","玩家对象","LingFengP0ServerSymbols + ScriptTextRenderer","B","已通过 LFENV-05 P0 Adapter、统一 Renderer、真实 NPC/条件动作/系统触发/ScriptApi 入口与旧分支回归测试。","普通","用户附件:翎风服务器常量","是","0","等级","LFENV-CATALOG-001","Docs/design/scripting/翎风服务器常量与整服Envir直接运行实施规格.md","LFENV","2026-08-16","LFENV-2026-08-16-baseline","ContextUnavailable（按契约显示为空或 0，预检保留诊断）","NPC 对话、#IF/#ACT 文本参数、系统与事件触发页","玩家脚本上下文有效期间"
"1","LFENV-SYMBOL-0179","附件原文","LISTOFWAR","","<$LISTOFWAR>","行会攻城","String","玩家对象与行会/城堡上下文","未实现（LFENV 后续阶段）","D","真实语料或附件已登记，等待对应 LFENV Adapter 实现与契约测试。","普通","用户附件:翎风服务器常量","是","0","获取攻城列表","LFENV-CATALOG-001","Docs/design/scripting/翎风服务器常量与整服Envir直接运行实施规格.md","LFENV","2026-08-16","LFENV-2026-08-16-baseline","ContextUnavailable（按契约显示为空或 0，预检保留诊断）","NPC 对话、#IF/#ACT 文本参数、系统与事件触发页","玩家脚本上下文有效期间"
"1","LFENV-SYMBOL-0180","附件原文","LIUSERCOUNT","","<$LIUSERCOUNT>","服务器与时间","Integer","服务器环境上下文","未实现（LFENV 后续阶段）","D","真实语料或附件已登记，等待对应 LFENV Adapter 实现与契约测试。","普通","用户附件:翎风服务器常量","是","0","离线人数()","LFENV-CATALOG-001","Docs/design/scripting/翎风服务器常量与整服Envir直接运行实施规格.md","LFENV","2026-08-16","LFENV-2026-08-16-baseline","ContextUnavailable（按契约显示为空或 0，预检保留诊断）","NPC 对话、#IF/#ACT 文本参数、系统与事件触发页","脚本执行期间读取服务器只读快照"
"1","LFENV-SYMBOL-0181","附件原文","LOGINLONG","","<$LOGINLONG>","人物","String","玩家对象","未实现（LFENV 后续阶段）","D","真实语料或附件已登记，等待对应 LFENV Adapter 实现与契约测试。","普通","用户附件:翎风服务器常量","是","0","登录时长","LFENV-CATALOG-001","Docs/design/scripting/翎风服务器常量与整服Envir直接运行实施规格.md","LFENV","2026-08-16","LFENV-2026-08-16-baseline","ContextUnavailable（按契约显示为空或 0，预检保留诊断）","NPC 对话、#IF/#ACT 文本参数、系统与事件触发页","玩家脚本上下文有效期间"
"1","LFENV-SYMBOL-0182","附件原文","LOGINTIME","","<$LOGINTIME>","服务器与时间","Integer","服务器环境上下文","未实现（LFENV 后续阶段）","D","真实语料或附件已登记，等待对应 LFENV Adapter 实现与契约测试。","普通","用户附件:翎风服务器常量","是","0","登录时间","LFENV-CATALOG-001","Docs/design/scripting/翎风服务器常量与整服Envir直接运行实施规格.md","LFENV","2026-08-16","LFENV-2026-08-16-baseline","ContextUnavailable（按契约显示为空或 0，预检保留诊断）","NPC 对话、#IF/#ACT 文本参数、系统与事件触发页","脚本执行期间读取服务器只读快照"
"1","LFENV-SYMBOL-0183","附件原文","LORD","","<$LORD>","人物","String","玩家对象","未实现（LFENV 后续阶段）","D","真实语料或附件已登记，等待对应 LFENV Adapter 实现与契约测试。","普通","用户附件:翎风服务器常量","是","0","沙巴克管理员名称","LFENV-CATALOG-001","Docs/design/scripting/翎风服务器常量与整服Envir直接运行实施规格.md","LFENV","2026-08-16","LFENV-2026-08-16-baseline","ContextUnavailable（按契约显示为空或 0，预检保留诊断）","NPC 对话、#IF/#ACT 文本参数、系统与事件触发页","玩家脚本上下文有效期间"
"1","LFENV-SYMBOL-0184","附件原文","LUCK","","<$LUCK>","人物","String","玩家对象","LingFengP0ServerSymbols + ScriptTextRenderer","B","已通过 LFENV-05 P0 Adapter、统一 Renderer、真实 NPC/条件动作/系统触发/ScriptApi 入口与旧分支回归测试。","普通","用户附件:翎风服务器常量","是","0","幸运","LFENV-CATALOG-001","Docs/design/scripting/翎风服务器常量与整服Envir直接运行实施规格.md","LFENV","2026-08-16","LFENV-2026-08-16-baseline","ContextUnavailable（按契约显示为空或 0，预检保留诊断）","NPC 对话、#IF/#ACT 文本参数、系统与事件触发页","玩家脚本上下文有效期间"
"1","LFENV-SYMBOL-0185","附件原文","M2DIRECTORY","","<$M2DIRECTORY>","人物","String","玩家对象","未实现（LFENV 后续阶段）","X","涉及凭据、机器标识或服务器路径，默认拒绝暴露；仅可在后续安全评审后提供脱敏替代。","敏感","用户附件:翎风服务器常量","是","0","M2所在目录变量","LFENV-CATALOG-001","Docs/design/scripting/翎风服务器常量与整服Envir直接运行实施规格.md","LFENV","2026-08-16","LFENV-2026-08-16-baseline","拒绝（Unsupported）","NPC 对话、#IF/#ACT 文本参数、系统与事件触发页","玩家脚本上下文有效期间"
"1","LFENV-SYMBOL-0186","附件原文","MAC","","<$MAC>","人物","Integer","玩家对象","LingFengP0ServerSymbols + ScriptTextRenderer","B","已通过 LFENV-05 P0 Adapter、统一 Renderer、真实 NPC/条件动作/系统触发/ScriptApi 入口与旧分支回归测试。","普通","用户附件:翎风服务器常量","是","0","魔法防御力","LFENV-CATALOG-001","Docs/design/scripting/翎风服务器常量与整服Envir直接运行实施规格.md","LFENV","2026-08-16","LFENV-2026-08-16-baseline","ContextUnavailable（按契约显示为空或 0，预检保留诊断）","NPC 对话、#IF/#ACT 文本参数、系统与事件触发页","玩家脚本上下文有效期间"
"1","LFENV-SYMBOL-0187","附件原文","MACHINEID","","<$MACHINEID>","人物","String","玩家对象","未实现（LFENV 后续阶段）","X","涉及凭据、机器标识或服务器路径，默认拒绝暴露；仅可在后续安全评审后提供脱敏替代。","敏感","用户附件:翎风服务器常量","是","0","玩家机器码","LFENV-CATALOG-001","Docs/design/scripting/翎风服务器常量与整服Envir直接运行实施规格.md","LFENV","2026-08-16","LFENV-2026-08-16-baseline","拒绝（Unsupported）","NPC 对话、#IF/#ACT 文本参数、系统与事件触发页","玩家脚本上下文有效期间"
"1","LFENV-SYMBOL-0188","附件原文","MAP","","<$MAP>","人物","String","玩家对象","LingFengP0ServerSymbols + ScriptTextRenderer","B","已通过 LFENV-05 P0 Adapter、统一 Renderer、真实 NPC/条件动作/系统触发/ScriptApi 入口与旧分支回归测试。","普通","用户附件:翎风服务器常量","是","0","人物当前地图代码","LFENV-CATALOG-001","Docs/design/scripting/翎风服务器常量与整服Envir直接运行实施规格.md","LFENV","2026-08-16","LFENV-2026-08-16-baseline","ContextUnavailable（按契约显示为空或 0，预检保留诊断）","NPC 对话、#IF/#ACT 文本参数、系统与事件触发页","玩家脚本上下文有效期间"
"1","LFENV-SYMBOL-0189","附件原文","MAPTITLE","MAPNAME","<$MAPTITLE>","人物","String","玩家对象","LingFengP0ServerSymbols + ScriptTextRenderer","B","已通过 LFENV-05 P0 Adapter、统一 Renderer、真实 NPC/条件动作/系统触发/ScriptApi 入口与旧分支回归测试。","普通","用户附件:翎风服务器常量","是","0","取地图名称","LFENV-CATALOG-001","Docs/design/scripting/翎风服务器常量与整服Envir直接运行实施规格.md","LFENV","2026-08-16","LFENV-2026-08-16-baseline","ContextUnavailable（按契约显示为空或 0，预检保留诊断）","NPC 对话、#IF/#ACT 文本参数、系统与事件触发页","玩家脚本上下文有效期间"
"1","LFENV-SYMBOL-0190","附件原文","MAXAC","","<$MAXAC>","人物","Integer","玩家对象","LingFengP0ServerSymbols + ScriptTextRenderer","B","已通过 LFENV-05 P0 Adapter、统一 Renderer、真实 NPC/条件动作/系统触发/ScriptApi 入口与旧分支回归测试。","普通","用户附件:翎风服务器常量","是","0","最高防御力","LFENV-CATALOG-001","Docs/design/scripting/翎风服务器常量与整服Envir直接运行实施规格.md","LFENV","2026-08-16","LFENV-2026-08-16-baseline","ContextUnavailable（按契约显示为空或 0，预检保留诊断）","NPC 对话、#IF/#ACT 文本参数、系统与事件触发页","玩家脚本上下文有效期间"
"1","LFENV-SYMBOL-0191","附件原文","MAXBW","","<$MAXBW>","人物","Integer","玩家对象","未实现（LFENV 后续阶段）","D","真实语料或附件已登记，等待对应 LFENV Adapter 实现与契约测试。","普通","用户附件:翎风服务器常量","是","0","最高背包重量","LFENV-CATALOG-001","Docs/design/scripting/翎风服务器常量与整服Envir直接运行实施规格.md","LFENV","2026-08-16","LFENV-2026-08-16-baseline","ContextUnavailable（按契约显示为空或 0，预检保留诊断）","NPC 对话、#IF/#ACT 文本参数、系统与事件触发页","玩家脚本上下文有效期间"
"1","LFENV-SYMBOL-0192","附件原文","MAXDC","","<$MAXDC>","人物","Integer","玩家对象","LingFengP0ServerSymbols + ScriptTextRenderer","B","已通过 LFENV-05 P0 Adapter、统一 Renderer、真实 NPC/条件动作/系统触发/ScriptApi 入口与旧分支回归测试。","普通","用户附件:翎风服务器常量","是","0","最高物理攻击力","LFENV-CATALOG-001","Docs/design/scripting/翎风服务器常量与整服Envir直接运行实施规格.md","LFENV","2026-08-16","LFENV-2026-08-16-baseline","ContextUnavailable（按契约显示为空或 0，预检保留诊断）","NPC 对话、#IF/#ACT 文本参数、系统与事件触发页","玩家脚本上下文有效期间"
"1","LFENV-SYMBOL-0193","附件原文","MAXEXP","","<$MAXEXP>","人物","Integer","玩家对象","LingFengP0ServerSymbols + ScriptTextRenderer","B","已通过 LFENV-05 P0 Adapter、统一 Renderer、真实 NPC/条件动作/系统触发/ScriptApi 入口与旧分支回归测试。","普通","用户附件:翎风服务器常量","是","0","升级经验值","LFENV-CATALOG-001","Docs/design/scripting/翎风服务器常量与整服Envir直接运行实施规格.md","LFENV","2026-08-16","LFENV-2026-08-16-baseline","ContextUnavailable（按契约显示为空或 0，预检保留诊断）","NPC 对话、#IF/#ACT 文本参数、系统与事件触发页","玩家脚本上下文有效期间"
"1","LFENV-SYMBOL-0194","附件原文","MAXHP","","<$MAXHP>","人物","Integer","玩家对象","LingFengP0ServerSymbols + ScriptTextRenderer","B","已通过 LFENV-05 P0 Adapter、统一 Renderer、真实 NPC/条件动作/系统触发/ScriptApi 入口与旧分支回归测试。","普通","用户附件:翎风服务器常量","是","0","HP上限","LFENV-CATALOG-001","Docs/design/scripting/翎风服务器常量与整服Envir直接运行实施规格.md","LFENV","2026-08-16","LFENV-2026-08-16-baseline","ContextUnavailable（按契约显示为空或 0，预检保留诊断）","NPC 对话、#IF/#ACT 文本参数、系统与事件触发页","玩家脚本上下文有效期间"
"1","LFENV-SYMBOL-0195","附件原文","MAXHW","","<$MAXHW>","人物","Integer","玩家对象","未实现（LFENV 后续阶段）","D","真实语料或附件已登记，等待对应 LFENV Adapter 实现与契约测试。","普通","用户附件:翎风服务器常量","是","0","最高腕力","LFENV-CATALOG-001","Docs/design/scripting/翎风服务器常量与整服Envir直接运行实施规格.md","LFENV","2026-08-16","LFENV-2026-08-16-baseline","ContextUnavailable（按契约显示为空或 0，预检保留诊断）","NPC 对话、#IF/#ACT 文本参数、系统与事件触发页","玩家脚本上下文有效期间"
"1","LFENV-SYMBOL-0196","附件原文","MAXMAC","","<$MAXMAC>","人物","Integer","玩家对象","LingFengP0ServerSymbols + ScriptTextRenderer","B","已通过 LFENV-05 P0 Adapter、统一 Renderer、真实 NPC/条件动作/系统触发/ScriptApi 入口与旧分支回归测试。","普通","用户附件:翎风服务器常量","是","0","最高魔法防御力","LFENV-CATALOG-001","Docs/design/scripting/翎风服务器常量与整服Envir直接运行实施规格.md","LFENV","2026-08-16","LFENV-2026-08-16-baseline","ContextUnavailable（按契约显示为空或 0，预检保留诊断）","NPC 对话、#IF/#ACT 文本参数、系统与事件触发页","玩家脚本上下文有效期间"
"1","LFENV-SYMBOL-0197","附件原文","MAXMC","","<$MAXMC>","人物","Integer","玩家对象","LingFengP0ServerSymbols + ScriptTextRenderer","B","已通过 LFENV-05 P0 Adapter、统一 Renderer、真实 NPC/条件动作/系统触发/ScriptApi 入口与旧分支回归测试。","普通","用户附件:翎风服务器常量","是","0","最高魔法力","LFENV-CATALOG-001","Docs/design/scripting/翎风服务器常量与整服Envir直接运行实施规格.md","LFENV","2026-08-16","LFENV-2026-08-16-baseline","ContextUnavailable（按契约显示为空或 0，预检保留诊断）","NPC 对话、#IF/#ACT 文本参数、系统与事件触发页","玩家脚本上下文有效期间"
"1","LFENV-SYMBOL-0198","附件原文","MAXMP","","<$MAXMP>","人物","Integer","玩家对象","LingFengP0ServerSymbols + ScriptTextRenderer","B","已通过 LFENV-05 P0 Adapter、统一 Renderer、真实 NPC/条件动作/系统触发/ScriptApi 入口与旧分支回归测试。","普通","用户附件:翎风服务器常量","是","0","MP上限","LFENV-CATALOG-001","Docs/design/scripting/翎风服务器常量与整服Envir直接运行实施规格.md","LFENV","2026-08-16","LFENV-2026-08-16-baseline","ContextUnavailable（按契约显示为空或 0，预检保留诊断）","NPC 对话、#IF/#ACT 文本参数、系统与事件触发页","玩家脚本上下文有效期间"
"1","LFENV-SYMBOL-0199","附件原文","MAXNH","","<$MAXNH>","人物","Integer","玩家对象","未实现（LFENV 后续阶段）","D","真实语料或附件已登记，等待对应 LFENV Adapter 实现与契约测试。","普通","用户附件:翎风服务器常量","是","0","内力上限","LFENV-CATALOG-001","Docs/design/scripting/翎风服务器常量与整服Envir直接运行实施规格.md","LFENV","2026-08-16","LFENV-2026-08-16-baseline","ContextUnavailable（按契约显示为空或 0，预检保留诊断）","NPC 对话、#IF/#ACT 文本参数、系统与事件触发页","玩家脚本上下文有效期间"
"1","LFENV-SYMBOL-0200","附件原文","MAXSC","","<$MAXSC>","人物","Integer","玩家对象","LingFengP0ServerSymbols + ScriptTextRenderer","B","已通过 LFENV-05 P0 Adapter、统一 Renderer、真实 NPC/条件动作/系统触发/ScriptApi 入口与旧分支回归测试。","普通","用户附件:翎风服务器常量","是","0","最高道术","LFENV-CATALOG-001","Docs/design/scripting/翎风服务器常量与整服Envir直接运行实施规格.md","LFENV","2026-08-16","LFENV-2026-08-16-baseline","ContextUnavailable（按契约显示为空或 0，预检保留诊断）","NPC 对话、#IF/#ACT 文本参数、系统与事件触发页","玩家脚本上下文有效期间"
"1","LFENV-SYMBOL-0201","附件原文","MAXWW","","<$MAXWW>","人物","Integer","玩家对象","未实现（LFENV 后续阶段）","D","真实语料或附件已登记，等待对应 LFENV Adapter 实现与契约测试。","普通","用户附件:翎风服务器常量","是","0","最高负重","LFENV-CATALOG-001","Docs/design/scripting/翎风服务器常量与整服Envir直接运行实施规格.md","LFENV","2026-08-16","LFENV-2026-08-16-baseline","ContextUnavailable（按契约显示为空或 0，预检保留诊断）","NPC 对话、#IF/#ACT 文本参数、系统与事件触发页","玩家脚本上下文有效期间"
"1","LFENV-SYMBOL-0202","附件原文","MC","","<$MC>","人物","Integer","玩家对象","LingFengP0ServerSymbols + ScriptTextRenderer","B","已通过 LFENV-05 P0 Adapter、统一 Renderer、真实 NPC/条件动作/系统触发/ScriptApi 入口与旧分支回归测试。","普通","用户附件:翎风服务器常量","是","0","魔法力","LFENV-CATALOG-001","Docs/design/scripting/翎风服务器常量与整服Envir直接运行实施规格.md","LFENV","2026-08-16","LFENV-2026-08-16-baseline","ContextUnavailable（按契约显示为空或 0，预检保留诊断）","NPC 对话、#IF/#ACT 文本参数、系统与事件触发页","玩家脚本上下文有效期间"
"1","LFENV-SYMBOL-0203","附件原文","MINUTE","","<$MINUTE>","服务器与时间","Integer","服务器环境上下文","LingFengP0ServerSymbols + ScriptTextRenderer","B","已通过 LFENV-05 P0 Adapter、统一 Renderer、真实 NPC/条件动作/系统触发/ScriptApi 入口与旧分支回归测试。","普通","用户附件:翎风服务器常量","是","0","当前分钟","LFENV-CATALOG-001","Docs/design/scripting/翎风服务器常量与整服Envir直接运行实施规格.md","LFENV","2026-08-16","LFENV-2026-08-16-baseline","ContextUnavailable（按契约显示为空或 0，预检保留诊断）","NPC 对话、#IF/#ACT 文本参数、系统与事件触发页","脚本执行期间读取服务器只读快照"
"1","LFENV-SYMBOL-0204","附件原文","MONTH","","<$MONTH>","服务器与时间","Integer","服务器环境上下文","LingFengP0ServerSymbols + ScriptTextRenderer","B","已通过 LFENV-05 P0 Adapter、统一 Renderer、真实 NPC/条件动作/系统触发/ScriptApi 入口与旧分支回归测试。","普通","用户附件:翎风服务器常量","是","0","当前月份","LFENV-CATALOG-001","Docs/design/scripting/翎风服务器常量与整服Envir直接运行实施规格.md","LFENV","2026-08-16","LFENV-2026-08-16-baseline","ContextUnavailable（按契约显示为空或 0，预检保留诊断）","NPC 对话、#IF/#ACT 文本参数、系统与事件触发页","脚本执行期间读取服务器只读快照"
"1","LFENV-SYMBOL-0205","附件原文","MOUSEX","","<$MOUSEX>","人物","String","玩家对象","未实现（LFENV 后续阶段）","D","真实语料或附件已登记，等待对应 LFENV Adapter 实现与契约测试。","普通","用户附件:翎风服务器常量","是","0","鼠标在游戏窗口中的坐标","LFENV-CATALOG-001","Docs/design/scripting/翎风服务器常量与整服Envir直接运行实施规格.md","LFENV","2026-08-16","LFENV-2026-08-16-baseline","ContextUnavailable（按契约显示为空或 0，预检保留诊断）","NPC 对话、#IF/#ACT 文本参数、系统与事件触发页","玩家脚本上下文有效期间"
"1","LFENV-SYMBOL-0206","附件原文","MOUSEY","","<$MOUSEY>","人物","String","玩家对象","未实现（LFENV 后续阶段）","D","真实语料或附件已登记，等待对应 LFENV Adapter 实现与契约测试。","普通","用户附件:翎风服务器常量","是","0","鼠标在游戏窗口中的坐标","LFENV-CATALOG-001","Docs/design/scripting/翎风服务器常量与整服Envir直接运行实施规格.md","LFENV","2026-08-16","LFENV-2026-08-16-baseline","ContextUnavailable（按契约显示为空或 0，预检保留诊断）","NPC 对话、#IF/#ACT 文本参数、系统与事件触发页","玩家脚本上下文有效期间"
"1","LFENV-SYMBOL-0207","附件原文","NECKLACE","","<$NECKLACE>","人物","String","玩家对象","LingFengP0ServerSymbols + ScriptTextRenderer","B","已通过 LFENV-05 P0 Adapter、统一 Renderer、真实 NPC/条件动作/系统触发/ScriptApi 入口与旧分支回归测试。","普通","用户附件:翎风服务器常量","是","0","项链","LFENV-CATALOG-001","Docs/design/scripting/翎风服务器常量与整服Envir直接运行实施规格.md","LFENV","2026-08-16","LFENV-2026-08-16-baseline","ContextUnavailable（按契约显示为空或 0，预检保留诊断）","NPC 对话、#IF/#ACT 文本参数、系统与事件触发页","玩家脚本上下文有效期间"
"1","LFENV-SYMBOL-0208","附件原文","NGADDPOWER","","<$NGADDPOWER>","人物","String","玩家对象","未实现（LFENV 后续阶段）","D","真实语料或附件已登记，等待对应 LFENV Adapter 实现与契约测试。","普通","用户附件:翎风服务器常量","是","0","内功伤害增加","LFENV-CATALOG-001","Docs/design/scripting/翎风服务器常量与整服Envir直接运行实施规格.md","LFENV","2026-08-16","LFENV-2026-08-16-baseline","ContextUnavailable（按契约显示为空或 0，预检保留诊断）","NPC 对话、#IF/#ACT 文本参数、系统与事件触发页","玩家脚本上下文有效期间"
"1","LFENV-SYMBOL-0209","附件原文","NGDECPOWER","","<$NGDECPOWER>","人物","String","玩家对象","未实现（LFENV 后续阶段）","D","真实语料或附件已登记，等待对应 LFENV Adapter 实现与契约测试。","普通","用户附件:翎风服务器常量","是","0","内功伤害减少","LFENV-CATALOG-001","Docs/design/scripting/翎风服务器常量与整服Envir直接运行实施规格.md","LFENV","2026-08-16","LFENV-2026-08-16-baseline","ContextUnavailable（按契约显示为空或 0，预检保留诊断）","NPC 对话、#IF/#ACT 文本参数、系统与事件触发页","玩家脚本上下文有效期间"
"1","LFENV-SYMBOL-0210","附件原文","NGEXP","","<$NGEXP>","人物","Integer","玩家对象","未实现（LFENV 后续阶段）","D","真实语料或附件已登记，等待对应 LFENV Adapter 实现与契约测试。","普通","用户附件:翎风服务器常量","是","0","内功经验","LFENV-CATALOG-001","Docs/design/scripting/翎风服务器常量与整服Envir直接运行实施规格.md","LFENV","2026-08-16","LFENV-2026-08-16-baseline","ContextUnavailable（按契约显示为空或 0，预检保留诊断）","NPC 对话、#IF/#ACT 文本参数、系统与事件触发页","玩家脚本上下文有效期间"
"1","LFENV-SYMBOL-0211","附件原文","NGLEVEL","","<$NGLEVEL>","人物","Integer","玩家对象","未实现（LFENV 后续阶段）","D","真实语料或附件已登记，等待对应 LFENV Adapter 实现与契约测试。","普通","用户附件:翎风服务器常量","是","0","内功等级","LFENV-CATALOG-001","Docs/design/scripting/翎风服务器常量与整服Envir直接运行实施规格.md","LFENV","2026-08-16","LFENV-2026-08-16-baseline","ContextUnavailable（按契约显示为空或 0，预检保留诊断）","NPC 对话、#IF/#ACT 文本参数、系统与事件触发页","玩家脚本上下文有效期间"
"1","LFENV-SYMBOL-0212","附件原文","NGMAXEXP","","<$NGMAXEXP>","人物","Integer","玩家对象","未实现（LFENV 后续阶段）","D","真实语料或附件已登记，等待对应 LFENV Adapter 实现与契约测试。","普通","用户附件:翎风服务器常量","是","0","内功升级经验","LFENV-CATALOG-001","Docs/design/scripting/翎风服务器常量与整服Envir直接运行实施规格.md","LFENV","2026-08-16","LFENV-2026-08-16-baseline","ContextUnavailable（按契约显示为空或 0，预检保留诊断）","NPC 对话、#IF/#ACT 文本参数、系统与事件触发页","玩家脚本上下文有效期间"
"1","LFENV-SYMBOL-0213","附件原文","NH","","<$NH>","人物","String","玩家对象","未实现（LFENV 后续阶段）","D","真实语料或附件已登记，等待对应 LFENV Adapter 实现与契约测试。","普通","用户附件:翎风服务器常量","是","0","内力","LFENV-CATALOG-001","Docs/design/scripting/翎风服务器常量与整服Envir直接运行实施规格.md","LFENV","2026-08-16","LFENV-2026-08-16-baseline","ContextUnavailable（按契约显示为空或 0，预检保留诊断）","NPC 对话、#IF/#ACT 文本参数、系统与事件触发页","玩家脚本上下文有效期间"
"1","LFENV-SYMBOL-0214","附件原文","ONUSERCOUNT","","<$ONUSERCOUNT>","服务器与时间","Integer","服务器环境上下文","LingFengP0ServerSymbols + ScriptTextRenderer","B","已通过 LFENV-05 P0 Adapter、统一 Renderer、真实 NPC/条件动作/系统触发/ScriptApi 入口与旧分支回归测试。","普通","用户附件:翎风服务器常量","是","0","真人在线数","LFENV-CATALOG-001","Docs/design/scripting/翎风服务器常量与整服Envir直接运行实施规格.md","LFENV","2026-08-16","LFENV-2026-08-16-baseline","ContextUnavailable（按契约显示为空或 0，预检保留诊断）","NPC 对话、#IF/#ACT 文本参数、系统与事件触发页","脚本执行期间读取服务器只读快照"
"1","LFENV-SYMBOL-0215","附件原文","OWNERGUILD","","<$OWNERGUILD>","行会攻城","String","玩家对象与行会/城堡上下文","未实现（LFENV 后续阶段）","D","真实语料或附件已登记，等待对应 LFENV Adapter 实现与契约测试。","普通","用户附件:翎风服务器常量","是","0","沙巴克管理行会名称","LFENV-CATALOG-001","Docs/design/scripting/翎风服务器常量与整服Envir直接运行实施规格.md","LFENV","2026-08-16","LFENV-2026-08-16-baseline","ContextUnavailable（按契约显示为空或 0，预检保留诊断）","NPC 对话、#IF/#ACT 文本参数、系统与事件触发页","玩家脚本上下文有效期间"
"1","LFENV-SYMBOL-0216","附件原文","PET.CURTARGETFULLNAME","","<$PET.CURTARGETFULLNAME>","宠物","String","玩家对象与宠物对象","未实现（LFENV 后续阶段）","D","真实语料或附件已登记，等待对应 LFENV Adapter 实现与契约测试。","普通","用户附件:翎风服务器常量","是","0","宠物攻击目标名称（包含数字）","LFENV-CATALOG-001","Docs/design/scripting/翎风服务器常量与整服Envir直接运行实施规格.md","LFENV","2026-08-16","LFENV-2026-08-16-baseline","ContextUnavailable（按契约显示为空或 0，预检保留诊断）","NPC 对话、#IF/#ACT 文本参数、系统与事件触发页","玩家脚本上下文有效期间"
"1","LFENV-SYMBOL-0217","附件原文","PET.CURTARGETHP","","<$PET.CURTARGETHP>","宠物","Integer","玩家对象与宠物对象","未实现（LFENV 后续阶段）","D","真实语料或附件已登记，等待对应 LFENV Adapter 实现与契约测试。","普通","用户附件:翎风服务器常量","是","0","宠物当前击中目标剩余HP","LFENV-CATALOG-001","Docs/design/scripting/翎风服务器常量与整服Envir直接运行实施规格.md","LFENV","2026-08-16","LFENV-2026-08-16-baseline","ContextUnavailable（按契约显示为空或 0，预检保留诊断）","NPC 对话、#IF/#ACT 文本参数、系统与事件触发页","玩家脚本上下文有效期间"
"1","LFENV-SYMBOL-0218","附件原文","PET.CURTARGETMAXHP","","<$PET.CURTARGETMAXHP>","宠物","Integer","玩家对象与宠物对象","未实现（LFENV 后续阶段）","D","真实语料或附件已登记，等待对应 LFENV Adapter 实现与契约测试。","普通","用户附件:翎风服务器常量","是","0","宠物当前击中目标最大HP","LFENV-CATALOG-001","Docs/design/scripting/翎风服务器常量与整服Envir直接运行实施规格.md","LFENV","2026-08-16","LFENV-2026-08-16-baseline","ContextUnavailable（按契约显示为空或 0，预检保留诊断）","NPC 对话、#IF/#ACT 文本参数、系统与事件触发页","玩家脚本上下文有效期间"
"1","LFENV-SYMBOL-0219","附件原文","PET.CURTARGETNAME","","<$PET.CURTARGETNAME>","宠物","String","玩家对象与宠物对象","未实现（LFENV 后续阶段）","D","真实语料或附件已登记，等待对应 LFENV Adapter 实现与契约测试。","普通","用户附件:翎风服务器常量","是","0","宠物攻击目标名称（不包含数字）","LFENV-CATALOG-001","Docs/design/scripting/翎风服务器常量与整服Envir直接运行实施规格.md","LFENV","2026-08-16","LFENV-2026-08-16-baseline","ContextUnavailable（按契约显示为空或 0，预检保留诊断）","NPC 对话、#IF/#ACT 文本参数、系统与事件触发页","玩家脚本上下文有效期间"
"1","LFENV-SYMBOL-0220","附件原文","PET.CURTARGETX","","<$PET.CURTARGETX>","宠物","String","玩家对象与宠物对象","未实现（LFENV 后续阶段）","D","真实语料或附件已登记，等待对应 LFENV Adapter 实现与契约测试。","普通","用户附件:翎风服务器常量","是","0","宠物当前攻击目标X坐标","LFENV-CATALOG-001","Docs/design/scripting/翎风服务器常量与整服Envir直接运行实施规格.md","LFENV","2026-08-16","LFENV-2026-08-16-baseline","ContextUnavailable（按契约显示为空或 0，预检保留诊断）","NPC 对话、#IF/#ACT 文本参数、系统与事件触发页","玩家脚本上下文有效期间"
"1","LFENV-SYMBOL-0221","附件原文","PET.CURTARGETY","","<$PET.CURTARGETY>","宠物","String","玩家对象与宠物对象","未实现（LFENV 后续阶段）","D","真实语料或附件已登记，等待对应 LFENV Adapter 实现与契约测试。","普通","用户附件:翎风服务器常量","是","0","宠物当前攻击目标Y坐标","LFENV-CATALOG-001","Docs/design/scripting/翎风服务器常量与整服Envir直接运行实施规格.md","LFENV","2026-08-16","LFENV-2026-08-16-baseline","ContextUnavailable（按契约显示为空或 0，预检保留诊断）","NPC 对话、#IF/#ACT 文本参数、系统与事件触发页","玩家脚本上下文有效期间"
"1","LFENV-SYMBOL-0222","附件原文","PET.DAMAGEVALUE","","<$PET.DAMAGEVALUE>","战斗事件","String","玩家对象与战斗事件上下文","未实现（LFENV 后续阶段）","D","真实语料或附件已登记，等待对应 LFENV Adapter 实现与契约测试。","普通","用户附件:翎风服务器常量","是","0","宠物攻击目标掉血量","LFENV-CATALOG-001","Docs/design/scripting/翎风服务器常量与整服Envir直接运行实施规格.md","LFENV","2026-08-16","LFENV-2026-08-16-baseline","ContextUnavailable（显示为空，预检保留诊断）","NPC 对话、#IF/#ACT 文本参数、系统与事件触发页","对应不可变战斗事件 DTO 生命周期内"
"1","LFENV-SYMBOL-0223","附件原文","PET.HP","","<$PET.HP>","宠物","Integer","玩家对象与宠物对象","未实现（LFENV 后续阶段）","D","真实语料或附件已登记，等待对应 LFENV Adapter 实现与契约测试。","普通","用户附件:翎风服务器常量","是","0","宠物当前剩余HP","LFENV-CATALOG-001","Docs/design/scripting/翎风服务器常量与整服Envir直接运行实施规格.md","LFENV","2026-08-16","LFENV-2026-08-16-baseline","ContextUnavailable（按契约显示为空或 0，预检保留诊断）","NPC 对话、#IF/#ACT 文本参数、系统与事件触发页","玩家脚本上下文有效期间"
"1","LFENV-SYMBOL-0224","附件原文","PET.KILLMONNAME","","<$PET.KILLMONNAME>","战斗事件","String","玩家对象与战斗事件上下文","未实现（LFENV 后续阶段）","D","真实语料或附件已登记，等待对应 LFENV Adapter 实现与契约测试。","普通","用户附件:翎风服务器常量","是","0","宠物杀死的怪物名称","LFENV-CATALOG-001","Docs/design/scripting/翎风服务器常量与整服Envir直接运行实施规格.md","LFENV","2026-08-16","LFENV-2026-08-16-baseline","ContextUnavailable（显示为空，预检保留诊断）","NPC 对话、#IF/#ACT 文本参数、系统与事件触发页","对应不可变战斗事件 DTO 生命周期内"
"1","LFENV-SYMBOL-0225","附件原文","PET.MAXHP","","<$PET.MAXHP>","宠物","Integer","玩家对象与宠物对象","未实现（LFENV 后续阶段）","D","真实语料或附件已登记，等待对应 LFENV Adapter 实现与契约测试。","普通","用户附件:翎风服务器常量","是","0","宠物最大HP","LFENV-CATALOG-001","Docs/design/scripting/翎风服务器常量与整服Envir直接运行实施规格.md","LFENV","2026-08-16","LFENV-2026-08-16-baseline","ContextUnavailable（按契约显示为空或 0，预检保留诊断）","NPC 对话、#IF/#ACT 文本参数、系统与事件触发页","玩家脚本上下文有效期间"
"1","LFENV-SYMBOL-0226","附件原文","PET.MAXMP","","<$PET.MAXMP>","宠物","Integer","玩家对象与宠物对象","未实现（LFENV 后续阶段）","D","真实语料或附件已登记，等待对应 LFENV Adapter 实现与契约测试。","普通","用户附件:翎风服务器常量","是","0","宠物最大MP","LFENV-CATALOG-001","Docs/design/scripting/翎风服务器常量与整服Envir直接运行实施规格.md","LFENV","2026-08-16","LFENV-2026-08-16-baseline","ContextUnavailable（按契约显示为空或 0，预检保留诊断）","NPC 对话、#IF/#ACT 文本参数、系统与事件触发页","玩家脚本上下文有效期间"
"1","LFENV-SYMBOL-0227","附件原文","PET.MP","","<$PET.MP>","宠物","Integer","玩家对象与宠物对象","未实现（LFENV 后续阶段）","D","真实语料或附件已登记，等待对应 LFENV Adapter 实现与契约测试。","普通","用户附件:翎风服务器常量","是","0","宠物当前剩余MP","LFENV-CATALOG-001","Docs/design/scripting/翎风服务器常量与整服Envir直接运行实施规格.md","LFENV","2026-08-16","LFENV-2026-08-16-baseline","ContextUnavailable（按契约显示为空或 0，预检保留诊断）","NPC 对话、#IF/#ACT 文本参数、系统与事件触发页","玩家脚本上下文有效期间"
"1","LFENV-SYMBOL-0228","附件原文","PET.X","","<$PET.X>","宠物","Integer","玩家对象与宠物对象","未实现（LFENV 后续阶段）","D","真实语料或附件已登记，等待对应 LFENV Adapter 实现与契约测试。","普通","用户附件:翎风服务器常量","是","0","宠物自身X坐标","LFENV-CATALOG-001","Docs/design/scripting/翎风服务器常量与整服Envir直接运行实施规格.md","LFENV","2026-08-16","LFENV-2026-08-16-baseline","ContextUnavailable（按契约显示为空或 0，预检保留诊断）","NPC 对话、#IF/#ACT 文本参数、系统与事件触发页","玩家脚本上下文有效期间"
"1","LFENV-SYMBOL-0229","附件原文","PET.Y","","<$PET.Y>","宠物","Integer","玩家对象与宠物对象","未实现（LFENV 后续阶段）","D","真实语料或附件已登记，等待对应 LFENV Adapter 实现与契约测试。","普通","用户附件:翎风服务器常量","是","0","宠物自身Y坐标","LFENV-CATALOG-001","Docs/design/scripting/翎风服务器常量与整服Envir直接运行实施规格.md","LFENV","2026-08-16","LFENV-2026-08-16-baseline","ContextUnavailable（按契约显示为空或 0，预检保留诊断）","NPC 对话、#IF/#ACT 文本参数、系统与事件触发页","玩家脚本上下文有效期间"
"1","LFENV-SYMBOL-0230","附件原文","PHONE","","<$PHONE>","运营配置","String","公开运营配置","未实现（公开运营配置 Adapter 待 LFENV-08）","X","仅允许读取专门的公开运营配置；缺失时返回空字符串并记录 ConfigMissing。","敏感","用户附件:翎风服务器常量","是","0","联系电话号码","LFENV-CATALOG-001","Docs/design/scripting/翎风服务器常量与整服Envir直接运行实施规格.md","LFENV","2026-08-16","LFENV-2026-08-16-baseline","空字符串并记录 ConfigMissing","NPC 对话显示与文本参数","脚本执行期间读取已发布运营配置快照"
"1","LFENV-SYMBOL-0231","附件原文","PKPOINT","","<$PKPOINT>","人物","Integer","玩家对象","LingFengP0ServerSymbols + ScriptTextRenderer","B","已通过 LFENV-05 P0 Adapter、统一 Renderer、真实 NPC/条件动作/系统触发/ScriptApi 入口与旧分支回归测试。","普通","用户附件:翎风服务器常量","是","0","PK点数","LFENV-CATALOG-001","Docs/design/scripting/翎风服务器常量与整服Envir直接运行实施规格.md","LFENV","2026-08-16","LFENV-2026-08-16-baseline","ContextUnavailable（按契约显示为空或 0，预检保留诊断）","NPC 对话、#IF/#ACT 文本参数、系统与事件触发页","玩家脚本上下文有效期间"
"1","LFENV-SYMBOL-0232","附件原文","PKPOWER","","<$PKPOWER>","战斗事件","String","玩家对象与战斗事件上下文","未实现（LFENV 后续阶段）","D","真实语料或附件已登记，等待对应 LFENV Adapter 实现与契约测试。","普通","用户附件:翎风服务器常量","是","0","人物对攻击目标的伤害输出值","LFENV-CATALOG-001","Docs/design/scripting/翎风服务器常量与整服Envir直接运行实施规格.md","LFENV","2026-08-16","LFENV-2026-08-16-baseline","ContextUnavailable（显示为空，预检保留诊断）","NPC 对话、#IF/#ACT 文本参数、系统与事件触发页","对应不可变战斗事件 DTO 生命周期内"
"1","LFENV-SYMBOL-0233","附件原文","POISONRECOVER","","<$POISONRECOVER>","人物","String","玩家对象","未实现（LFENV 后续阶段）","D","真实语料或附件已登记，等待对应 LFENV Adapter 实现与契约测试。","普通","用户附件:翎风服务器常量","是","0","中毒恢复","LFENV-CATALOG-001","Docs/design/scripting/翎风服务器常量与整服Envir直接运行实施规格.md","LFENV","2026-08-16","LFENV-2026-08-16-baseline","ContextUnavailable（按契约显示为空或 0，预检保留诊断）","NPC 对话、#IF/#ACT 文本参数、系统与事件触发页","玩家脚本上下文有效期间"
"1","LFENV-SYMBOL-0234","附件原文","POWERRATE","","<$POWERRATE>","人物","Integer","玩家对象","未实现（LFENV 后续阶段）","D","真实语料或附件已登记，等待对应 LFENV Adapter 实现与契约测试。","普通","用户附件:翎风服务器常量","是","0","人物攻击人物伤害力倍数","LFENV-CATALOG-001","Docs/design/scripting/翎风服务器常量与整服Envir直接运行实施规格.md","LFENV","2026-08-16","LFENV-2026-08-16-baseline","ContextUnavailable（按契约显示为空或 0，预检保留诊断）","NPC 对话、#IF/#ACT 文本参数、系统与事件触发页","玩家脚本上下文有效期间"
"1","LFENV-SYMBOL-0235","附件原文","POWERRATETIME","","<$POWERRATETIME>","服务器与时间","Integer","服务器环境上下文","未实现（LFENV 后续阶段）","D","真实语料或附件已登记，等待对应 LFENV Adapter 实现与契约测试。","普通","用户附件:翎风服务器常量","是","0","人物攻击人物伤害倍数剩余时间","LFENV-CATALOG-001","Docs/design/scripting/翎风服务器常量与整服Envir直接运行实施规格.md","LFENV","2026-08-16","LFENV-2026-08-16-baseline","ContextUnavailable（按契约显示为空或 0，预检保留诊断）","NPC 对话、#IF/#ACT 文本参数、系统与事件触发页","脚本执行期间读取服务器只读快照"
"1","LFENV-SYMBOL-0236","附件原文","QQ","","<$QQ>","运营配置","String","公开运营配置","未实现（公开运营配置 Adapter 待 LFENV-08）","D","仅允许读取专门的公开运营配置；缺失时返回空字符串并记录 ConfigMissing。","敏感","用户附件:翎风服务器常量","是","0","联系QQ号","LFENV-CATALOG-001","Docs/design/scripting/翎风服务器常量与整服Envir直接运行实施规格.md","LFENV","2026-08-16","LFENV-2026-08-16-baseline","空字符串并记录 ConfigMissing","NPC 对话显示与文本参数","脚本执行期间读取已发布运营配置快照"
"1","LFENV-SYMBOL-0237","附件原文","RANDOMNO","","<$RANDOMNO>","人物","String","玩家对象","未实现（LFENV 后续阶段）","D","真实语料或附件已登记，等待对应 LFENV Adapter 实现与契约测试。","普通","用户附件:翎风服务器常量","是","0","随机值变量","LFENV-CATALOG-001","Docs/design/scripting/翎风服务器常量与整服Envir直接运行实施规格.md","LFENV","2026-08-16","LFENV-2026-08-16-baseline","ContextUnavailable（按契约显示为空或 0，预检保留诊断）","NPC 对话、#IF/#ACT 文本参数、系统与事件触发页","玩家脚本上下文有效期间"
"1","LFENV-SYMBOL-0238","附件原文","RANKNAME","","<$RANKNAME>","人物","String","玩家对象","LingFengP0ServerSymbols + ScriptTextRenderer","B","已通过 LFENV-05 P0 Adapter、统一 Renderer、真实 NPC/条件动作/系统触发/ScriptApi 入口与旧分支回归测试。","普通","用户附件:翎风服务器常量","是","0","行会职位名称","LFENV-CATALOG-001","Docs/design/scripting/翎风服务器常量与整服Envir直接运行实施规格.md","LFENV","2026-08-16","LFENV-2026-08-16-baseline","ContextUnavailable（按契约显示为空或 0，预检保留诊断）","NPC 对话、#IF/#ACT 文本参数、系统与事件触发页","玩家脚本上下文有效期间"
"1","LFENV-SYMBOL-0239","附件原文","RECALLREMAININGTIME","","<$RECALLREMAININGTIME>","服务器与时间","Integer","服务器环境上下文","未实现（LFENV 后续阶段）","D","真实语料或附件已登记，等待对应 LFENV Adapter 实现与契约测试。","普通","用户附件:翎风服务器常量","是","0","显示延时TIMERECALL还剩多少秒","LFENV-CATALOG-001","Docs/design/scripting/翎风服务器常量与整服Envir直接运行实施规格.md","LFENV","2026-08-16","LFENV-2026-08-16-baseline","ContextUnavailable（按契约显示为空或 0，预检保留诊断）","NPC 对话、#IF/#ACT 文本参数、系统与事件触发页","脚本执行期间读取服务器只读快照"
"1","LFENV-SYMBOL-0240","附件原文","RELEVEL","","<$RELEVEL>","人物","Integer","玩家对象","未实现（LFENV 后续阶段）","D","真实语料或附件已登记，等待对应 LFENV Adapter 实现与契约测试。","普通","用户附件:翎风服务器常量","是","0","显示人物转生等级","LFENV-CATALOG-001","Docs/design/scripting/翎风服务器常量与整服Envir直接运行实施规格.md","LFENV","2026-08-16","LFENV-2026-08-16-baseline","ContextUnavailable（按契约显示为空或 0，预检保留诊断）","NPC 对话、#IF/#ACT 文本参数、系统与事件触发页","玩家脚本上下文有效期间"
"1","LFENV-SYMBOL-0241","附件原文","REQUESTBUILDGUILDITEM","","<$REQUESTBUILDGUILDITEM>","行会攻城","String","玩家对象与行会/城堡上下文","未实现（LFENV 后续阶段）","D","真实语料或附件已登记，等待对应 LFENV Adapter 实现与契约测试。","普通","用户附件:翎风服务器常量","是","0","创建行会需要的道具","LFENV-CATALOG-001","Docs/design/scripting/翎风服务器常量与整服Envir直接运行实施规格.md","LFENV","2026-08-16","LFENV-2026-08-16-baseline","ContextUnavailable（按契约显示为空或 0，预检保留诊断）","NPC 对话、#IF/#ACT 文本参数、系统与事件触发页","玩家脚本上下文有效期间"
"1","LFENV-SYMBOL-0242","附件原文","REQUESTCASTLEWARDAY","","<$REQUESTCASTLEWARDAY>","行会攻城","Integer","玩家对象与行会/城堡上下文","未实现（LFENV 后续阶段）","D","真实语料或附件已登记，等待对应 LFENV Adapter 实现与契约测试。","普通","用户附件:翎风服务器常量","是","0","申请攻城需要的道具","LFENV-CATALOG-001","Docs/design/scripting/翎风服务器常量与整服Envir直接运行实施规格.md","LFENV","2026-08-16","LFENV-2026-08-16-baseline","ContextUnavailable（按契约显示为空或 0，预检保留诊断）","NPC 对话、#IF/#ACT 文本参数、系统与事件触发页","玩家脚本上下文有效期间"
"1","LFENV-SYMBOL-0243","附件原文","REVIVALTIME","","<$REVIVALTIME>","服务器与时间","Integer","服务器环境上下文","未实现（LFENV 后续阶段）","D","真实语料或附件已登记，等待对应 LFENV Adapter 实现与契约测试。","普通","用户附件:翎风服务器常量","是","0","复活剩余时间","LFENV-CATALOG-001","Docs/design/scripting/翎风服务器常量与整服Envir直接运行实施规格.md","LFENV","2026-08-16","LFENV-2026-08-16-baseline","ContextUnavailable（按契约显示为空或 0，预检保留诊断）","NPC 对话、#IF/#ACT 文本参数、系统与事件触发页","脚本执行期间读取服务器只读快照"
"1","LFENV-SYMBOL-0244","附件原文","RIGHTHAND","","<$RIGHTHAND>","人物","String","玩家对象","未实现（LFENV 后续阶段）","D","真实语料或附件已登记，等待对应 LFENV Adapter 实现与契约测试。","普通","用户附件:翎风服务器常量","是","0","蜡烛","LFENV-CATALOG-001","Docs/design/scripting/翎风服务器常量与整服Envir直接运行实施规格.md","LFENV","2026-08-16","LFENV-2026-08-16-baseline","ContextUnavailable（按契约显示为空或 0，预检保留诊断）","NPC 对话、#IF/#ACT 文本参数、系统与事件触发页","玩家脚本上下文有效期间"
"1","LFENV-SYMBOL-0245","附件原文","RING_L","","<$RING_L>","物品事件","String","玩家对象与物品事件上下文","LingFengP0ServerSymbols + ScriptTextRenderer","B","已通过 LFENV-05 P0 Adapter、统一 Renderer、真实 NPC/条件动作/系统触发/ScriptApi 入口与旧分支回归测试。","普通","用户附件:翎风服务器常量","是","0","右戒指","LFENV-CATALOG-001","Docs/design/scripting/翎风服务器常量与整服Envir直接运行实施规格.md","LFENV","2026-08-16","LFENV-2026-08-16-baseline","ContextUnavailable（显示为空，预检保留诊断）","NPC 对话、#IF/#ACT 文本参数、系统与事件触发页","对应不可变物品事件 DTO 生命周期内"
"1","LFENV-SYMBOL-0246","附件原文","RING_R","","<$RING_R>","物品事件","String","玩家对象与物品事件上下文","LingFengP0ServerSymbols + ScriptTextRenderer","B","已通过 LFENV-05 P0 Adapter、统一 Renderer、真实 NPC/条件动作/系统触发/ScriptApi 入口与旧分支回归测试。","普通","用户附件:翎风服务器常量","是","0","左戒指","LFENV-CATALOG-001","Docs/design/scripting/翎风服务器常量与整服Envir直接运行实施规格.md","LFENV","2026-08-16","LFENV-2026-08-16-baseline","ContextUnavailable（显示为空，预检保留诊断）","NPC 对话、#IF/#ACT 文本参数、系统与事件触发页","对应不可变物品事件 DTO 生命周期内"
"1","LFENV-SYMBOL-0247","附件原文","RUNDATETIME","","<$RUNDATETIME>","服务器与时间","Integer","服务器环境上下文","未实现（LFENV 后续阶段）","D","真实语料或附件已登记，等待对应 LFENV Adapter 实现与契约测试。","普通","用户附件:翎风服务器常量","是","0","开区间隔时间","LFENV-CATALOG-001","Docs/design/scripting/翎风服务器常量与整服Envir直接运行实施规格.md","LFENV","2026-08-16","LFENV-2026-08-16-baseline","ContextUnavailable（按契约显示为空或 0，预检保留诊断）","NPC 对话、#IF/#ACT 文本参数、系统与事件触发页","脚本执行期间读取服务器只读快照"
"1","LFENV-SYMBOL-0248","附件原文","SC","","<$SC>","人物","Integer","玩家对象","LingFengP0ServerSymbols + ScriptTextRenderer","B","已通过 LFENV-05 P0 Adapter、统一 Renderer、真实 NPC/条件动作/系统触发/ScriptApi 入口与旧分支回归测试。","普通","用户附件:翎风服务器常量","是","0","道术","LFENV-CATALOG-001","Docs/design/scripting/翎风服务器常量与整服Envir直接运行实施规格.md","LFENV","2026-08-16","LFENV-2026-08-16-baseline","ContextUnavailable（按契约显示为空或 0，预检保留诊断）","NPC 对话、#IF/#ACT 文本参数、系统与事件触发页","玩家脚本上下文有效期间"
"1","LFENV-SYMBOL-0249","附件原文","SECOND","","<$SECOND>","服务器与时间","Integer","服务器环境上下文","LingFengP0ServerSymbols + ScriptTextRenderer","B","已通过 LFENV-05 P0 Adapter、统一 Renderer、真实 NPC/条件动作/系统触发/ScriptApi 入口与旧分支回归测试。","普通","用户附件:翎风服务器常量","是","0","当前秒","LFENV-CATALOG-001","Docs/design/scripting/翎风服务器常量与整服Envir直接运行实施规格.md","LFENV","2026-08-16","LFENV-2026-08-16-baseline","ContextUnavailable（按契约显示为空或 0，预检保留诊断）","NPC 对话、#IF/#ACT 文本参数、系统与事件触发页","脚本执行期间读取服务器只读快照"
"1","LFENV-SYMBOL-0250","附件原文","SERVERIP","","<$SERVERIP>","服务器与时间","String","服务器环境上下文","未实现（LFENV 后续阶段）","X","涉及凭据、机器标识或服务器路径，默认拒绝暴露；仅可在后续安全评审后提供脱敏替代。","敏感","用户附件:翎风服务器常量","是","0","服务器IP地址","LFENV-CATALOG-001","Docs/design/scripting/翎风服务器常量与整服Envir直接运行实施规格.md","LFENV","2026-08-16","LFENV-2026-08-16-baseline","拒绝（Unsupported）","NPC 对话、#IF/#ACT 文本参数、系统与事件触发页","脚本执行期间读取服务器只读快照"
"1","LFENV-SYMBOL-0251","附件原文","SERVERNAME","","<$SERVERNAME>","服务器与时间","String","服务器环境上下文","LingFengP0ServerSymbols + ScriptTextRenderer","B","已通过 LFENV-05 P0 Adapter、统一 Renderer、真实 NPC/条件动作/系统触发/ScriptApi 入口与旧分支回归测试。","普通","用户附件:翎风服务器常量","是","0","服务器名字","LFENV-CATALOG-001","Docs/design/scripting/翎风服务器常量与整服Envir直接运行实施规格.md","LFENV","2026-08-16","LFENV-2026-08-16-baseline","ContextUnavailable（按契约显示为空或 0，预检保留诊断）","NPC 对话、#IF/#ACT 文本参数、系统与事件触发页","脚本执行期间读取服务器只读快照"
"1","LFENV-SYMBOL-0252","附件原文","SHIELD","","<$SHIELD>","人物","String","玩家对象","LingFengP0ServerSymbols + ScriptTextRenderer","B","已通过 LFENV-05 只读兼容显示契约；当前模型无独立字段时返回 0 或“空”，并携带 CompatibilitySubstitute 结构化诊断。","普通","用户附件:翎风服务器常量","是","0","盾牌","LFENV-CATALOG-001","Docs/design/scripting/翎风服务器常量与整服Envir直接运行实施规格.md","LFENV","2026-08-16","LFENV-2026-08-16-baseline","ContextUnavailable（按契约显示为空或 0，预检保留诊断）","NPC 对话、#IF/#ACT 文本参数、系统与事件触发页","玩家脚本上下文有效期间"
"1","LFENV-SYMBOL-0253","附件原文","SLAVECOUNT","","<$SLAVECOUNT>","宠物","Integer","玩家对象与宠物对象","未实现（LFENV 后续阶段）","D","真实语料或附件已登记，等待对应 LFENV Adapter 实现与契约测试。","普通","用户附件:翎风服务器常量","是","0","人物宝宝数量","LFENV-CATALOG-001","Docs/design/scripting/翎风服务器常量与整服Envir直接运行实施规格.md","LFENV","2026-08-16","LFENV-2026-08-16-baseline","ContextUnavailable（按契约显示为空或 0，预检保留诊断）","NPC 对话、#IF/#ACT 文本参数、系统与事件触发页","玩家脚本上下文有效期间"
"1","LFENV-SYMBOL-0254","附件原文","SLAVETARGETX","","<$SLAVETARGETX>","宠物","String","玩家对象与宠物对象","未实现（LFENV 后续阶段）","D","真实语料或附件已登记，等待对应 LFENV Adapter 实现与契约测试。","普通","用户附件:翎风服务器常量","是","0","宝宝当前攻击目标X坐标（优先锁定目标，多宝宝随机抽取）","LFENV-CATALOG-001","Docs/design/scripting/翎风服务器常量与整服Envir直接运行实施规格.md","LFENV","2026-08-16","LFENV-2026-08-16-baseline","ContextUnavailable（按契约显示为空或 0，预检保留诊断）","NPC 对话、#IF/#ACT 文本参数、系统与事件触发页","玩家脚本上下文有效期间"
"1","LFENV-SYMBOL-0255","附件原文","SLAVETARGETY","","<$SLAVETARGETY>","宠物","String","玩家对象与宠物对象","未实现（LFENV 后续阶段）","D","真实语料或附件已登记，等待对应 LFENV Adapter 实现与契约测试。","普通","用户附件:翎风服务器常量","是","0","宝宝当前攻击目标Y坐标（优先锁定目标，多宝宝随机抽取）","LFENV-CATALOG-001","Docs/design/scripting/翎风服务器常量与整服Envir直接运行实施规格.md","LFENV","2026-08-16","LFENV-2026-08-16-baseline","ContextUnavailable（按契约显示为空或 0，预检保留诊断）","NPC 对话、#IF/#ACT 文本参数、系统与事件触发页","玩家脚本上下文有效期间"
"1","LFENV-SYMBOL-0256","附件原文","SLAVEX","","<$SLAVEX>","宠物","String","玩家对象与宠物对象","未实现（LFENV 后续阶段）","D","真实语料或附件已登记，等待对应 LFENV Adapter 实现与契约测试。","普通","用户附件:翎风服务器常量","是","0","宝宝自身X坐标（当有多个宝宝时，随便选一个）","LFENV-CATALOG-001","Docs/design/scripting/翎风服务器常量与整服Envir直接运行实施规格.md","LFENV","2026-08-16","LFENV-2026-08-16-baseline","ContextUnavailable（按契约显示为空或 0，预检保留诊断）","NPC 对话、#IF/#ACT 文本参数、系统与事件触发页","玩家脚本上下文有效期间"
"1","LFENV-SYMBOL-0257","附件原文","SLAVEY","","<$SLAVEY>","宠物","String","玩家对象与宠物对象","未实现（LFENV 后续阶段）","D","真实语料或附件已登记，等待对应 LFENV Adapter 实现与契约测试。","普通","用户附件:翎风服务器常量","是","0","宝宝自身Y坐标（当有多个宝宝时，随便选一个）","LFENV-CATALOG-001","Docs/design/scripting/翎风服务器常量与整服Envir直接运行实施规格.md","LFENV","2026-08-16","LFENV-2026-08-16-baseline","ContextUnavailable（按契约显示为空或 0，预检保留诊断）","NPC 对话、#IF/#ACT 文本参数、系统与事件触发页","玩家脚本上下文有效期间"
"1","LFENV-SYMBOL-0258","附件原文","SPD","","<$SPD>","人物","String","玩家对象","LingFengP0ServerSymbols + ScriptTextRenderer","B","已通过 LFENV-05 P0 Adapter、统一 Renderer、真实 NPC/条件动作/系统触发/ScriptApi 入口与旧分支回归测试。","普通","用户附件:翎风服务器常量","是","0","敏捷","LFENV-CATALOG-001","Docs/design/scripting/翎风服务器常量与整服Envir直接运行实施规格.md","LFENV","2026-08-16","LFENV-2026-08-16-baseline","ContextUnavailable（按契约显示为空或 0，预检保留诊断）","NPC 对话、#IF/#ACT 文本参数、系统与事件触发页","玩家脚本上下文有效期间"
"1","LFENV-SYMBOL-0259","附件原文","SPELLRECOVER","","<$SPELLRECOVER>","人物","String","玩家对象","未实现（LFENV 后续阶段）","D","真实语料或附件已登记，等待对应 LFENV Adapter 实现与契约测试。","普通","用户附件:翎风服务器常量","是","0","魔法恢复","LFENV-CATALOG-001","Docs/design/scripting/翎风服务器常量与整服Envir直接运行实施规格.md","LFENV","2026-08-16","LFENV-2026-08-16-baseline","ContextUnavailable（按契约显示为空或 0，预检保留诊断）","NPC 对话、#IF/#ACT 文本参数、系统与事件触发页","玩家脚本上下文有效期间"
"1","LFENV-SYMBOL-0260","附件原文","STATSERVERTIME","","<$STATSERVERTIME>","服务器与时间","Integer","服务器环境上下文","未实现（LFENV 后续阶段）","D","真实语料或附件已登记，等待对应 LFENV Adapter 实现与契约测试。","普通","用户附件:翎风服务器常量","是","0","显示M2启动时间","LFENV-CATALOG-001","Docs/design/scripting/翎风服务器常量与整服Envir直接运行实施规格.md","LFENV","2026-08-16","LFENV-2026-08-16-baseline","ContextUnavailable（按契约显示为空或 0，预检保留诊断）","NPC 对话、#IF/#ACT 文本参数、系统与事件触发页","脚本执行期间读取服务器只读快照"
"1","LFENV-SYMBOL-0261","附件原文","STNAME","","<$STNAME>","人物","String","玩家对象","未实现（LFENV 后续阶段）","D","真实语料或附件已登记，等待对应 LFENV Adapter 实现与契约测试。","普通","用户附件:翎风服务器常量","是","0","师徒名称变量","LFENV-CATALOG-001","Docs/design/scripting/翎风服务器常量与整服Envir直接运行实施规格.md","LFENV","2026-08-16","LFENV-2026-08-16-baseline","ContextUnavailable（按契约显示为空或 0，预检保留诊断）","NPC 对话、#IF/#ACT 文本参数、系统与事件触发页","玩家脚本上下文有效期间"
"1","LFENV-SYMBOL-0262","附件原文","STR(N998)","","<$STR(N998)>","人物","String","玩家对象","未实现（LFENV 后续阶段）","D","真实语料或附件已登记，等待对应 LFENV Adapter 实现与契约测试。","普通","用户附件:翎风服务器常量","是","0","鼠标在游戏地图中的坐标，脚本请勿使用这2个变量","LFENV-CATALOG-001","Docs/design/scripting/翎风服务器常量与整服Envir直接运行实施规格.md","LFENV","2026-08-16","LFENV-2026-08-16-baseline","ContextUnavailable（按契约显示为空或 0，预检保留诊断）","NPC 对话、#IF/#ACT 文本参数、系统与事件触发页","玩家脚本上下文有效期间"
"1","LFENV-SYMBOL-0263","附件原文","STR(N999)","","<$STR(N999)>","人物","String","玩家对象","未实现（LFENV 后续阶段）","D","真实语料或附件已登记，等待对应 LFENV Adapter 实现与契约测试。","普通","用户附件:翎风服务器常量","是","0","鼠标在游戏地图中的坐标，脚本请勿使用这2个变量","LFENV-CATALOG-001","Docs/design/scripting/翎风服务器常量与整服Envir直接运行实施规格.md","LFENV","2026-08-16","LFENV-2026-08-16-baseline","ContextUnavailable（按契约显示为空或 0，预检保留诊断）","NPC 对话、#IF/#ACT 文本参数、系统与事件触发页","玩家脚本上下文有效期间"
"1","LFENV-SYMBOL-0264","附件原文","STRUCKHP","","<$STRUCKHP>","战斗事件","Integer","玩家对象与战斗事件上下文","未实现（LFENV 后续阶段）","D","真实语料或附件已登记，等待对应 LFENV Adapter 实现与契约测试。","普通","用户附件:翎风服务器常量","是","0","自己被攻击减少的HP输出值","LFENV-CATALOG-001","Docs/design/scripting/翎风服务器常量与整服Envir直接运行实施规格.md","LFENV","2026-08-16","LFENV-2026-08-16-baseline","ContextUnavailable（显示为空，预检保留诊断）","NPC 对话、#IF/#ACT 文本参数、系统与事件触发页","对应不可变战斗事件 DTO 生命周期内"
"1","LFENV-SYMBOL-0265","附件原文","SUCKDAMAGE","","<$SUCKDAMAGE>","人物","String","玩家对象","未实现（LFENV 后续阶段）","D","真实语料或附件已登记，等待对应 LFENV Adapter 实现与契约测试。","普通","用户附件:翎风服务器常量","是","0","人物伤害吸收剩下值","LFENV-CATALOG-001","Docs/design/scripting/翎风服务器常量与整服Envir直接运行实施规格.md","LFENV","2026-08-16","LFENV-2026-08-16-baseline","ContextUnavailable（按契约显示为空或 0，预检保留诊断）","NPC 对话、#IF/#ACT 文本参数、系统与事件触发页","玩家脚本上下文有效期间"
"1","LFENV-SYMBOL-0266","附件原文","TEAM0","","<$TEAM0>","人物","String","玩家对象","未实现（LFENV 后续阶段）","D","真实语料或附件已登记，等待对应 LFENV Adapter 实现与契约测试。","普通","用户附件:翎风服务器常量","是","0","..  用于显示组队成员,代表队长,成员从开始","LFENV-CATALOG-001","Docs/design/scripting/翎风服务器常量与整服Envir直接运行实施规格.md","LFENV","2026-08-16","LFENV-2026-08-16-baseline","ContextUnavailable（按契约显示为空或 0，预检保留诊断）","NPC 对话、#IF/#ACT 文本参数、系统与事件触发页","玩家脚本上下文有效期间"
"1","LFENV-SYMBOL-0267","附件原文","TEAM1","","<$TEAM1>","人物","String","玩家对象","未实现（LFENV 后续阶段）","D","真实语料或附件已登记，等待对应 LFENV Adapter 实现与契约测试。","普通","用户附件:翎风服务器常量","是","0","..  用于显示组队成员,代表队长,成员从开始","LFENV-CATALOG-001","Docs/design/scripting/翎风服务器常量与整服Envir直接运行实施规格.md","LFENV","2026-08-16","LFENV-2026-08-16-baseline","ContextUnavailable（按契约显示为空或 0，预检保留诊断）","NPC 对话、#IF/#ACT 文本参数、系统与事件触发页","玩家脚本上下文有效期间"
"1","LFENV-SYMBOL-0268","附件原文","TEAMX","","<$TEAMX>","人物","String","玩家对象","未实现（LFENV 后续阶段）","D","真实语料或附件已登记，等待对应 LFENV Adapter 实现与契约测试。","普通","用户附件:翎风服务器常量","是","0","..  用于显示组队成员,代表队长,成员从开始","LFENV-CATALOG-001","Docs/design/scripting/翎风服务器常量与整服Envir直接运行实施规格.md","LFENV","2026-08-16","LFENV-2026-08-16-baseline","ContextUnavailable（按契约显示为空或 0，预检保留诊断）","NPC 对话、#IF/#ACT 文本参数、系统与事件触发页","玩家脚本上下文有效期间"
"1","LFENV-SYMBOL-0269","附件原文","TIME","","<$TIME>","服务器与时间","Integer","服务器环境上下文","LingFengP0ServerSymbols + ScriptTextRenderer","B","已通过 LFENV-05 P0 Adapter、统一 Renderer、真实 NPC/条件动作/系统触发/ScriptApi 入口与旧分支回归测试。","普通","用户附件:翎风服务器常量","是","0","当前时间 格式:10:00:00","LFENV-CATALOG-001","Docs/design/scripting/翎风服务器常量与整服Envir直接运行实施规格.md","LFENV","2026-08-16","LFENV-2026-08-16-baseline","ContextUnavailable（按契约显示为空或 0，预检保留诊断）","NPC 对话、#IF/#ACT 文本参数、系统与事件触发页","脚本执行期间读取服务器只读快照"
"1","LFENV-SYMBOL-0270","附件原文","UPGRADECOUNT","","<$UPGRADECOUNT>","人物","Integer","玩家对象","未实现（LFENV 后续阶段）","D","真实语料或附件已登记，等待对应 LFENV Adapter 实现与契约测试。","普通","用户附件:翎风服务器常量","是","0","人物全身星星数量","LFENV-CATALOG-001","Docs/design/scripting/翎风服务器常量与整服Envir直接运行实施规格.md","LFENV","2026-08-16","LFENV-2026-08-16-baseline","ContextUnavailable（按契约显示为空或 0，预检保留诊断）","NPC 对话、#IF/#ACT 文本参数、系统与事件触发页","玩家脚本上下文有效期间"
"1","LFENV-SYMBOL-0271","附件原文","USERALLNAME","","<$USERALLNAME>","人物","String","玩家对象","LingFengP0ServerSymbols + ScriptTextRenderer","B","已通过 LFENV-05 P0 Adapter、统一 Renderer、真实 NPC/条件动作/系统触发/ScriptApi 入口与旧分支回归测试。","普通","用户附件:翎风服务器常量","是","0","人物完整名称","LFENV-CATALOG-001","Docs/design/scripting/翎风服务器常量与整服Envir直接运行实施规格.md","LFENV","2026-08-16","LFENV-2026-08-16-baseline","ContextUnavailable（按契约显示为空或 0，预检保留诊断）","NPC 对话、#IF/#ACT 文本参数、系统与事件触发页","玩家脚本上下文有效期间"
"1","LFENV-SYMBOL-0272","附件原文","USERCOUNT","","<$USERCOUNT>","服务器与时间","Integer","服务器环境上下文","LingFengP0ServerSymbols + ScriptTextRenderer","B","已通过 LFENV-05 P0 Adapter、统一 Renderer、真实 NPC/条件动作/系统触发/ScriptApi 入口与旧分支回归测试。","普通","用户附件:翎风服务器常量","是","0","在线人数","LFENV-CATALOG-001","Docs/design/scripting/翎风服务器常量与整服Envir直接运行实施规格.md","LFENV","2026-08-16","LFENV-2026-08-16-baseline","ContextUnavailable（按契约显示为空或 0，预检保留诊断）","NPC 对话、#IF/#ACT 文本参数、系统与事件触发页","脚本执行期间读取服务器只读快照"
"1","LFENV-SYMBOL-0273","附件原文","USERID","","<$USERID>","人物","String","玩家对象","未实现（LFENV 后续阶段）","D","真实语料或附件已登记，等待对应 LFENV Adapter 实现与契约测试。","普通","用户附件:翎风服务器常量","是","0","人物登录帐号","LFENV-CATALOG-001","Docs/design/scripting/翎风服务器常量与整服Envir直接运行实施规格.md","LFENV","2026-08-16","LFENV-2026-08-16-baseline","ContextUnavailable（按契约显示为空或 0，预检保留诊断）","NPC 对话、#IF/#ACT 文本参数、系统与事件触发页","玩家脚本上下文有效期间"
"1","LFENV-SYMBOL-0274","附件原文","USERNAME","","<$USERNAME>","人物","String","玩家对象","LingFengP0ServerSymbols + ScriptTextRenderer","B","已通过 LFENV-05 P0 Adapter、统一 Renderer、真实 NPC/条件动作/系统触发/ScriptApi 入口与旧分支回归测试。","普通","用户附件:翎风服务器常量","是","0","人物名称","LFENV-CATALOG-001","Docs/design/scripting/翎风服务器常量与整服Envir直接运行实施规格.md","LFENV","2026-08-16","LFENV-2026-08-16-baseline","ContextUnavailable（按契约显示为空或 0，预检保留诊断）","NPC 对话、#IF/#ACT 文本参数、系统与事件触发页","玩家脚本上下文有效期间"
"1","LFENV-SYMBOL-0275","附件原文","USERSHOPNAME","","<$USERSHOPNAME>","人物","String","玩家对象","未实现（LFENV 后续阶段）","D","真实语料或附件已登记，等待对应 LFENV Adapter 实现与契约测试。","普通","用户附件:翎风服务器常量","是","0","个人商店名称","LFENV-CATALOG-001","Docs/design/scripting/翎风服务器常量与整服Envir直接运行实施规格.md","LFENV","2026-08-16","LFENV-2026-08-16-baseline","ContextUnavailable（按契约显示为空或 0，预检保留诊断）","NPC 对话、#IF/#ACT 文本参数、系统与事件触发页","玩家脚本上下文有效期间"
"1","LFENV-SYMBOL-0276","附件原文","WEAPON","","<$WEAPON>","物品事件","String","玩家对象与物品事件上下文","LingFengP0ServerSymbols + ScriptTextRenderer","B","已通过 LFENV-05 P0 Adapter、统一 Renderer、真实 NPC/条件动作/系统触发/ScriptApi 入口与旧分支回归测试。","普通","用户附件:翎风服务器常量","是","0","武器","LFENV-CATALOG-001","Docs/design/scripting/翎风服务器常量与整服Envir直接运行实施规格.md","LFENV","2026-08-16","LFENV-2026-08-16-baseline","ContextUnavailable（显示为空，预检保留诊断）","NPC 对话、#IF/#ACT 文本参数、系统与事件触发页","对应不可变物品事件 DTO 生命周期内"
"1","LFENV-SYMBOL-0277","附件原文","WEBSITE","","<$WEBSITE>","服务器与时间","String","服务器环境上下文","未实现（LFENV 后续阶段）","D","真实语料或附件已登记，等待对应 LFENV Adapter 实现与契约测试。","普通","用户附件:翎风服务器常量","是","0","游戏网址","LFENV-CATALOG-001","Docs/design/scripting/翎风服务器常量与整服Envir直接运行实施规格.md","LFENV","2026-08-16","LFENV-2026-08-16-baseline","ContextUnavailable（按契约显示为空或 0，预检保留诊断）","NPC 对话、#IF/#ACT 文本参数、系统与事件触发页","脚本执行期间读取服务器只读快照"
"1","LFENV-SYMBOL-0278","附件原文","WW","","<$WW>","人物","String","玩家对象","未实现（LFENV 后续阶段）","D","真实语料或附件已登记，等待对应 LFENV Adapter 实现与契约测试。","普通","用户附件:翎风服务器常量","是","0","负重力","LFENV-CATALOG-001","Docs/design/scripting/翎风服务器常量与整服Envir直接运行实施规格.md","LFENV","2026-08-16","LFENV-2026-08-16-baseline","ContextUnavailable（按契约显示为空或 0，预检保留诊断）","NPC 对话、#IF/#ACT 文本参数、系统与事件触发页","玩家脚本上下文有效期间"
"1","LFENV-SYMBOL-0279","附件原文","X","X_COORD","<$X>","人物","Integer","玩家对象","LingFengP0ServerSymbols + ScriptTextRenderer","B","已通过 LFENV-05 P0 Adapter、统一 Renderer、真实 NPC/条件动作/系统触发/ScriptApi 入口与旧分支回归测试。","普通","用户附件:翎风服务器常量","是","0","人物X坐标","LFENV-CATALOG-001","Docs/design/scripting/翎风服务器常量与整服Envir直接运行实施规格.md","LFENV","2026-08-16","LFENV-2026-08-16-baseline","ContextUnavailable（按契约显示为空或 0，预检保留诊断）","NPC 对话、#IF/#ACT 文本参数、系统与事件触发页","玩家脚本上下文有效期间"
"1","LFENV-SYMBOL-0280","附件原文","Y","Y_COORD","<$Y>","人物","Integer","玩家对象","LingFengP0ServerSymbols + ScriptTextRenderer","B","已通过 LFENV-05 P0 Adapter、统一 Renderer、真实 NPC/条件动作/系统触发/ScriptApi 入口与旧分支回归测试。","普通","用户附件:翎风服务器常量","是","0","人物Y坐标","LFENV-CATALOG-001","Docs/design/scripting/翎风服务器常量与整服Envir直接运行实施规格.md","LFENV","2026-08-16","LFENV-2026-08-16-baseline","ContextUnavailable（按契约显示为空或 0，预检保留诊断）","NPC 对话、#IF/#ACT 文本参数、系统与事件触发页","玩家脚本上下文有效期间"
"1","LFENV-SYMBOL-0281","附件原文","YEAR","","<$YEAR>","服务器与时间","Integer","服务器环境上下文","LingFengP0ServerSymbols + ScriptTextRenderer","B","已通过 LFENV-05 P0 Adapter、统一 Renderer、真实 NPC/条件动作/系统触发/ScriptApi 入口与旧分支回归测试。","普通","用户附件:翎风服务器常量","是","0","当前年份","LFENV-CATALOG-001","Docs/design/scripting/翎风服务器常量与整服Envir直接运行实施规格.md","LFENV","2026-08-16","LFENV-2026-08-16-baseline","ContextUnavailable（按契约显示为空或 0，预检保留诊断）","NPC 对话、#IF/#ACT 文本参数、系统与事件触发页","脚本执行期间读取服务器只读快照"
"1","LFENV-SYMBOL-0282","函数","C.STR()","","<$C.STR()>","变量表达式","String","变量域与表达式参数","未实现（LFENV 后续阶段）","D","真实语料或附件已登记，等待对应 LFENV Adapter 实现与契约测试。","普通","真实语料:D:/ChuanQi/服务端","否","1085","","LFENV-CATALOG-001","Docs/design/scripting/翎风服务器常量与整服Envir直接运行实施规格.md","LFENV","2026-08-16","LFENV-2026-08-16-baseline","ContextUnavailable（按契约显示为空或 0，预检保留诊断）","NPC 对话、#IF/#ACT 文本参数、系统与事件触发页","玩家脚本上下文有效期间"
"1","LFENV-SYMBOL-0283","函数","CONST()","","<$CONST()>","变量表达式","String","变量域与表达式参数","未实现（LFENV 后续阶段）","D","真实语料或附件已登记，等待对应 LFENV Adapter 实现与契约测试。","普通","真实语料:D:/ChuanQi/服务端","否","169","","LFENV-CATALOG-001","Docs/design/scripting/翎风服务器常量与整服Envir直接运行实施规格.md","LFENV","2026-08-16","LFENV-2026-08-16-baseline","ContextUnavailable（按契约显示为空或 0，预检保留诊断）","NPC 对话、#IF/#ACT 文本参数、系统与事件触发页","玩家脚本上下文有效期间"
"1","LFENV-SYMBOL-0284","函数","ESPNPCINPUT()","","<$ESPNPCINPUT()>","人物","String","玩家对象","未实现（LFENV 后续阶段）","D","真实语料或附件已登记，等待对应 LFENV Adapter 实现与契约测试。","普通","真实语料:D:/ChuanQi/服务端","否","12","","LFENV-CATALOG-001","Docs/design/scripting/翎风服务器常量与整服Envir直接运行实施规格.md","LFENV","2026-08-16","LFENV-2026-08-16-baseline","ContextUnavailable（按契约显示为空或 0，预检保留诊断）","NPC 对话、#IF/#ACT 文本参数、系统与事件触发页","玩家脚本上下文有效期间"
"1","LFENV-SYMBOL-0285","函数","FJ()","","<$FJ()>","人物","String","玩家对象","未实现（LFENV 后续阶段）","D","真实语料或附件已登记，等待对应 LFENV Adapter 实现与契约测试。","普通","真实语料:D:/ChuanQi/服务端","否","2","","LFENV-CATALOG-001","Docs/design/scripting/翎风服务器常量与整服Envir直接运行实施规格.md","LFENV","2026-08-16","LFENV-2026-08-16-baseline","ContextUnavailable（按契约显示为空或 0，预检保留诊断）","NPC 对话、#IF/#ACT 文本参数、系统与事件触发页","玩家脚本上下文有效期间"
"1","LFENV-SYMBOL-0286","函数","FLAG()","","<$FLAG()>","人物","String","玩家对象","未实现（LFENV 后续阶段）","D","真实语料或附件已登记，等待对应 LFENV Adapter 实现与契约测试。","普通","真实语料:D:/ChuanQi/服务端","否","159","","LFENV-CATALOG-001","Docs/design/scripting/翎风服务器常量与整服Envir直接运行实施规格.md","LFENV","2026-08-16","LFENV-2026-08-16-baseline","ContextUnavailable（按契约显示为空或 0，预检保留诊断）","NPC 对话、#IF/#ACT 文本参数、系统与事件触发页","玩家脚本上下文有效期间"
"1","LFENV-SYMBOL-0287","函数","GLOBAL()","","<$GLOBAL()>","变量表达式","String","变量域与表达式参数","未实现（LFENV 后续阶段）","D","真实语料或附件已登记，等待对应 LFENV Adapter 实现与契约测试。","普通","真实语料:D:/ChuanQi/服务端","否","671","","LFENV-CATALOG-001","Docs/design/scripting/翎风服务器常量与整服Envir直接运行实施规格.md","LFENV","2026-08-16","LFENV-2026-08-16-baseline","ContextUnavailable（按契约显示为空或 0，预检保留诊断）","NPC 对话、#IF/#ACT 文本参数、系统与事件触发页","玩家脚本上下文有效期间"
"1","LFENV-SYMBOL-0288","函数","GUILD()","","<$GUILD()>","变量表达式","String","变量域与表达式参数","未实现（LFENV 后续阶段）","D","真实语料或附件已登记，等待对应 LFENV Adapter 实现与契约测试。","普通","真实语料:D:/ChuanQi/服务端","否","12","","LFENV-CATALOG-001","Docs/design/scripting/翎风服务器常量与整服Envir直接运行实施规格.md","LFENV","2026-08-16","LFENV-2026-08-16-baseline","ContextUnavailable（按契约显示为空或 0，预检保留诊断）","NPC 对话、#IF/#ACT 文本参数、系统与事件触发页","玩家脚本上下文有效期间"
"1","LFENV-SYMBOL-0289","函数","HC()","","<$HC()>","人物","String","玩家对象","未实现（LFENV 后续阶段）","D","真实语料或附件已登记，等待对应 LFENV Adapter 实现与契约测试。","普通","真实语料:D:/ChuanQi/服务端","否","2","","LFENV-CATALOG-001","Docs/design/scripting/翎风服务器常量与整服Envir直接运行实施规格.md","LFENV","2026-08-16","LFENV-2026-08-16-baseline","ContextUnavailable（按契约显示为空或 0，预检保留诊断）","NPC 对话、#IF/#ACT 文本参数、系统与事件触发页","玩家脚本上下文有效期间"
"1","LFENV-SYMBOL-0290","函数","HUMAN()","","<$HUMAN()>","变量表达式","String","变量域与表达式参数","未实现（LFENV 后续阶段）","D","真实语料或附件已登记，等待对应 LFENV Adapter 实现与契约测试。","普通","真实语料:D:/ChuanQi/服务端","否","859","","LFENV-CATALOG-001","Docs/design/scripting/翎风服务器常量与整服Envir直接运行实施规格.md","LFENV","2026-08-16","LFENV-2026-08-16-baseline","ContextUnavailable（按契约显示为空或 0，预检保留诊断）","NPC 对话、#IF/#ACT 文本参数、系统与事件触发页","玩家脚本上下文有效期间"
"1","LFENV-SYMBOL-0291","函数","NPCINPUT()","","<$NPCINPUT()>","变量表达式","String","变量域与表达式参数","未实现（LFENV 后续阶段）","D","真实语料或附件已登记，等待对应 LFENV Adapter 实现与契约测试。","普通","真实语料:D:/ChuanQi/服务端","否","934","","LFENV-CATALOG-001","Docs/design/scripting/翎风服务器常量与整服Envir直接运行实施规格.md","LFENV","2026-08-16","LFENV-2026-08-16-baseline","ContextUnavailable（按契约显示为空或 0，预检保留诊断）","NPC 对话、#IF/#ACT 文本参数、系统与事件触发页","玩家脚本上下文有效期间"
"1","LFENV-SYMBOL-0292","函数","PARAM()","","<$PARAM()>","变量表达式","String","变量域与表达式参数","未实现（LFENV 后续阶段）","D","真实语料或附件已登记，等待对应 LFENV Adapter 实现与契约测试。","普通","真实语料:D:/ChuanQi/服务端","否","29","","LFENV-CATALOG-001","Docs/design/scripting/翎风服务器常量与整服Envir直接运行实施规格.md","LFENV","2026-08-16","LFENV-2026-08-16-baseline","ContextUnavailable（按契约显示为空或 0，预检保留诊断）","NPC 对话、#IF/#ACT 文本参数、系统与事件触发页","玩家脚本上下文有效期间"
"1","LFENV-SYMBOL-0293","函数","STR()","","<$STR()>","变量表达式","String","变量域与表达式参数","未实现（LFENV 后续阶段）","D","真实语料或附件已登记，等待对应 LFENV Adapter 实现与契约测试。","普通","真实语料:D:/ChuanQi/服务端","否","507158","","LFENV-CATALOG-001","Docs/design/scripting/翎风服务器常量与整服Envir直接运行实施规格.md","LFENV","2026-08-16","LFENV-2026-08-16-baseline","ContextUnavailable（按契约显示为空或 0，预检保留诊断）","NPC 对话、#IF/#ACT 文本参数、系统与事件触发页","玩家脚本上下文有效期间"
"1","LFENV-SYMBOL-0294","函数","TF()","","<$TF()>","变量表达式","String","变量域与表达式参数","未实现（LFENV 后续阶段）","D","真实语料或附件已登记，等待对应 LFENV Adapter 实现与契约测试。","普通","真实语料:D:/ChuanQi/服务端","否","513","","LFENV-CATALOG-001","Docs/design/scripting/翎风服务器常量与整服Envir直接运行实施规格.md","LFENV","2026-08-16","LFENV-2026-08-16-baseline","ContextUnavailable（按契约显示为空或 0，预检保留诊断）","NPC 对话、#IF/#ACT 文本参数、系统与事件触发页","玩家脚本上下文有效期间"
"1","LFENV-SYMBOL-0295","函数","TXT()","","<$TXT()>","人物","String","玩家对象","未实现（LFENV 后续阶段）","D","真实语料或附件已登记，等待对应 LFENV Adapter 实现与契约测试。","普通","真实语料:D:/ChuanQi/服务端","否","11","","LFENV-CATALOG-001","Docs/design/scripting/翎风服务器常量与整服Envir直接运行实施规格.md","LFENV","2026-08-16","LFENV-2026-08-16-baseline","ContextUnavailable（按契约显示为空或 0，预检保留诊断）","NPC 对话、#IF/#ACT 文本参数、系统与事件触发页","玩家脚本上下文有效期间"
"1","LFENV-SYMBOL-0296","函数","UIL()","","<$UIL()>","人物","String","玩家对象","未实现（LFENV 后续阶段）","D","真实语料或附件已登记，等待对应 LFENV Adapter 实现与契约测试。","普通","真实语料:D:/ChuanQi/服务端","否","10","","LFENV-CATALOG-001","Docs/design/scripting/翎风服务器常量与整服Envir直接运行实施规格.md","LFENV","2026-08-16","LFENV-2026-08-16-baseline","ContextUnavailable（按契约显示为空或 0，预检保留诊断）","NPC 对话、#IF/#ACT 文本参数、系统与事件触发页","玩家脚本上下文有效期间"
"1","LFENV-SYMBOL-0297","索引","BOXITEM[]","","<$BOXITEM[]>","物品事件","String","玩家对象与物品事件上下文","未实现（LFENV 后续阶段）","D","真实语料或附件已登记，等待对应 LFENV Adapter 实现与契约测试。","普通","真实语料:D:/ChuanQi/服务端","否","1","","LFENV-CATALOG-001","Docs/design/scripting/翎风服务器常量与整服Envir直接运行实施规格.md","LFENV","2026-08-16","LFENV-2026-08-16-baseline","ContextUnavailable（显示为空，预检保留诊断）","NPC 对话、#IF/#ACT 文本参数、系统与事件触发页","对应不可变物品事件 DTO 生命周期内"
"1","LFENV-SYMBOL-0298","索引","BOXITEM[].COLOR","","<$BOXITEM[].COLOR>","物品事件","String","玩家对象与物品事件上下文","未实现（LFENV 后续阶段）","D","真实语料或附件已登记，等待对应 LFENV Adapter 实现与契约测试。","普通","真实语料:D:/ChuanQi/服务端","否","29","","LFENV-CATALOG-001","Docs/design/scripting/翎风服务器常量与整服Envir直接运行实施规格.md","LFENV","2026-08-16","LFENV-2026-08-16-baseline","ContextUnavailable（显示为空，预检保留诊断）","NPC 对话、#IF/#ACT 文本参数、系统与事件触发页","对应不可变物品事件 DTO 生命周期内"
"1","LFENV-SYMBOL-0299","索引","BOXITEM[].DURA","","<$BOXITEM[].DURA>","物品事件","Integer","玩家对象与物品事件上下文","未实现（LFENV 后续阶段）","D","真实语料或附件已登记，等待对应 LFENV Adapter 实现与契约测试。","普通","真实语料:D:/ChuanQi/服务端","否","34","","LFENV-CATALOG-001","Docs/design/scripting/翎风服务器常量与整服Envir直接运行实施规格.md","LFENV","2026-08-16","LFENV-2026-08-16-baseline","ContextUnavailable（显示为空，预检保留诊断）","NPC 对话、#IF/#ACT 文本参数、系统与事件触发页","对应不可变物品事件 DTO 生命周期内"
"1","LFENV-SYMBOL-0300","索引","BOXITEM[].DURAMAX","","<$BOXITEM[].DURAMAX>","物品事件","Integer","玩家对象与物品事件上下文","未实现（LFENV 后续阶段）","D","真实语料或附件已登记，等待对应 LFENV Adapter 实现与契约测试。","普通","真实语料:D:/ChuanQi/服务端","否","3","","LFENV-CATALOG-001","Docs/design/scripting/翎风服务器常量与整服Envir直接运行实施规格.md","LFENV","2026-08-16","LFENV-2026-08-16-baseline","ContextUnavailable（显示为空，预检保留诊断）","NPC 对话、#IF/#ACT 文本参数、系统与事件触发页","对应不可变物品事件 DTO 生命周期内"
"1","LFENV-SYMBOL-0301","索引","BOXITEM[].EXPAND1","","<$BOXITEM[].EXPAND1>","物品事件","Integer","玩家对象与物品事件上下文","未实现（LFENV 后续阶段）","D","真实语料或附件已登记，等待对应 LFENV Adapter 实现与契约测试。","普通","真实语料:D:/ChuanQi/服务端","否","7","","LFENV-CATALOG-001","Docs/design/scripting/翎风服务器常量与整服Envir直接运行实施规格.md","LFENV","2026-08-16","LFENV-2026-08-16-baseline","ContextUnavailable（显示为空，预检保留诊断）","NPC 对话、#IF/#ACT 文本参数、系统与事件触发页","对应不可变物品事件 DTO 生命周期内"
"1","LFENV-SYMBOL-0302","索引","BOXITEM[].HAC","","<$BOXITEM[].HAC>","物品事件","Integer","玩家对象与物品事件上下文","未实现（LFENV 后续阶段）","D","真实语料或附件已登记，等待对应 LFENV Adapter 实现与契约测试。","普通","真实语料:D:/ChuanQi/服务端","否","12","","LFENV-CATALOG-001","Docs/design/scripting/翎风服务器常量与整服Envir直接运行实施规格.md","LFENV","2026-08-16","LFENV-2026-08-16-baseline","ContextUnavailable（显示为空，预检保留诊断）","NPC 对话、#IF/#ACT 文本参数、系统与事件触发页","对应不可变物品事件 DTO 生命周期内"
"1","LFENV-SYMBOL-0303","索引","BOXITEM[].HDC","","<$BOXITEM[].HDC>","物品事件","Integer","玩家对象与物品事件上下文","未实现（LFENV 后续阶段）","D","真实语料或附件已登记，等待对应 LFENV Adapter 实现与契约测试。","普通","真实语料:D:/ChuanQi/服务端","否","176","","LFENV-CATALOG-001","Docs/design/scripting/翎风服务器常量与整服Envir直接运行实施规格.md","LFENV","2026-08-16","LFENV-2026-08-16-baseline","ContextUnavailable（显示为空，预检保留诊断）","NPC 对话、#IF/#ACT 文本参数、系统与事件触发页","对应不可变物品事件 DTO 生命周期内"
"1","LFENV-SYMBOL-0304","索引","BOXITEM[].HMAC","","<$BOXITEM[].HMAC>","物品事件","Integer","玩家对象与物品事件上下文","未实现（LFENV 后续阶段）","D","真实语料或附件已登记，等待对应 LFENV Adapter 实现与契约测试。","普通","真实语料:D:/ChuanQi/服务端","否","19","","LFENV-CATALOG-001","Docs/design/scripting/翎风服务器常量与整服Envir直接运行实施规格.md","LFENV","2026-08-16","LFENV-2026-08-16-baseline","ContextUnavailable（显示为空，预检保留诊断）","NPC 对话、#IF/#ACT 文本参数、系统与事件触发页","对应不可变物品事件 DTO 生命周期内"
"1","LFENV-SYMBOL-0305","索引","BOXITEM[].HMC","","<$BOXITEM[].HMC>","物品事件","Integer","玩家对象与物品事件上下文","未实现（LFENV 后续阶段）","D","真实语料或附件已登记，等待对应 LFENV Adapter 实现与契约测试。","普通","真实语料:D:/ChuanQi/服务端","否","160","","LFENV-CATALOG-001","Docs/design/scripting/翎风服务器常量与整服Envir直接运行实施规格.md","LFENV","2026-08-16","LFENV-2026-08-16-baseline","ContextUnavailable（显示为空，预检保留诊断）","NPC 对话、#IF/#ACT 文本参数、系统与事件触发页","对应不可变物品事件 DTO 生命周期内"
"1","LFENV-SYMBOL-0306","索引","BOXITEM[].HSC","","<$BOXITEM[].HSC>","物品事件","Integer","玩家对象与物品事件上下文","未实现（LFENV 后续阶段）","D","真实语料或附件已登记，等待对应 LFENV Adapter 实现与契约测试。","普通","真实语料:D:/ChuanQi/服务端","否","140","","LFENV-CATALOG-001","Docs/design/scripting/翎风服务器常量与整服Envir直接运行实施规格.md","LFENV","2026-08-16","LFENV-2026-08-16-baseline","ContextUnavailable（显示为空，预检保留诊断）","NPC 对话、#IF/#ACT 文本参数、系统与事件触发页","对应不可变物品事件 DTO 生命周期内"
"1","LFENV-SYMBOL-0307","索引","BOXITEM[].IDX","","<$BOXITEM[].IDX>","物品事件","String","玩家对象与物品事件上下文","未实现（LFENV 后续阶段）","D","真实语料或附件已登记，等待对应 LFENV Adapter 实现与契约测试。","普通","真实语料:D:/ChuanQi/服务端","否","1","","LFENV-CATALOG-001","Docs/design/scripting/翎风服务器常量与整服Envir直接运行实施规格.md","LFENV","2026-08-16","LFENV-2026-08-16-baseline","ContextUnavailable（显示为空，预检保留诊断）","NPC 对话、#IF/#ACT 文本参数、系统与事件触发页","对应不可变物品事件 DTO 生命周期内"
"1","LFENV-SYMBOL-0308","索引","BOXITEM[].INSURANCECOUNT","","<$BOXITEM[].INSURANCECOUNT>","物品事件","Integer","玩家对象与物品事件上下文","未实现（LFENV 后续阶段）","D","真实语料或附件已登记，等待对应 LFENV Adapter 实现与契约测试。","普通","真实语料:D:/ChuanQi/服务端","否","2","","LFENV-CATALOG-001","Docs/design/scripting/翎风服务器常量与整服Envir直接运行实施规格.md","LFENV","2026-08-16","LFENV-2026-08-16-baseline","ContextUnavailable（显示为空，预检保留诊断）","NPC 对话、#IF/#ACT 文本参数、系统与事件触发页","对应不可变物品事件 DTO 生命周期内"
"1","LFENV-SYMBOL-0309","索引","BOXITEM[].INSURANCECURRENCY","","<$BOXITEM[].INSURANCECURRENCY>","物品事件","String","玩家对象与物品事件上下文","未实现（LFENV 后续阶段）","D","真实语料或附件已登记，等待对应 LFENV Adapter 实现与契约测试。","普通","真实语料:D:/ChuanQi/服务端","否","5","","LFENV-CATALOG-001","Docs/design/scripting/翎风服务器常量与整服Envir直接运行实施规格.md","LFENV","2026-08-16","LFENV-2026-08-16-baseline","ContextUnavailable（显示为空，预检保留诊断）","NPC 对话、#IF/#ACT 文本参数、系统与事件触发页","对应不可变物品事件 DTO 生命周期内"
"1","LFENV-SYMBOL-0310","索引","BOXITEM[].INSURANCEGOLD","","<$BOXITEM[].INSURANCEGOLD>","物品事件","Integer","玩家对象与物品事件上下文","未实现（LFENV 后续阶段）","D","真实语料或附件已登记，等待对应 LFENV Adapter 实现与契约测试。","普通","真实语料:D:/ChuanQi/服务端","否","5","","LFENV-CATALOG-001","Docs/design/scripting/翎风服务器常量与整服Envir直接运行实施规格.md","LFENV","2026-08-16","LFENV-2026-08-16-baseline","ContextUnavailable（显示为空，预检保留诊断）","NPC 对话、#IF/#ACT 文本参数、系统与事件触发页","对应不可变物品事件 DTO 生命周期内"
"1","LFENV-SYMBOL-0311","索引","BOXITEM[].LDC","","<$BOXITEM[].LDC>","物品事件","Integer","玩家对象与物品事件上下文","未实现（LFENV 后续阶段）","D","真实语料或附件已登记，等待对应 LFENV Adapter 实现与契约测试。","普通","真实语料:D:/ChuanQi/服务端","否","16","","LFENV-CATALOG-001","Docs/design/scripting/翎风服务器常量与整服Envir直接运行实施规格.md","LFENV","2026-08-16","LFENV-2026-08-16-baseline","ContextUnavailable（显示为空，预检保留诊断）","NPC 对话、#IF/#ACT 文本参数、系统与事件触发页","对应不可变物品事件 DTO 生命周期内"
"1","LFENV-SYMBOL-0312","索引","BOXITEM[].LOOKS","","<$BOXITEM[].LOOKS>","物品事件","String","玩家对象与物品事件上下文","未实现（LFENV 后续阶段）","D","真实语料或附件已登记，等待对应 LFENV Adapter 实现与契约测试。","普通","真实语料:D:/ChuanQi/服务端","否","1","","LFENV-CATALOG-001","Docs/design/scripting/翎风服务器常量与整服Envir直接运行实施规格.md","LFENV","2026-08-16","LFENV-2026-08-16-baseline","ContextUnavailable（显示为空，预检保留诊断）","NPC 对话、#IF/#ACT 文本参数、系统与事件触发页","对应不可变物品事件 DTO 生命周期内"
"1","LFENV-SYMBOL-0313","索引","BOXITEM[].MAKEINDEX","","<$BOXITEM[].MAKEINDEX>","物品事件","Integer","玩家对象与物品事件上下文","未实现（LFENV 后续阶段）","D","真实语料或附件已登记，等待对应 LFENV Adapter 实现与契约测试。","普通","真实语料:D:/ChuanQi/服务端","否","16","","LFENV-CATALOG-001","Docs/design/scripting/翎风服务器常量与整服Envir直接运行实施规格.md","LFENV","2026-08-16","LFENV-2026-08-16-baseline","ContextUnavailable（显示为空，预检保留诊断）","NPC 对话、#IF/#ACT 文本参数、系统与事件触发页","对应不可变物品事件 DTO 生命周期内"
"1","LFENV-SYMBOL-0314","索引","BOXITEM[].NAME","","<$BOXITEM[].NAME>","物品事件","String","玩家对象与物品事件上下文","未实现（LFENV 后续阶段）","D","真实语料或附件已登记，等待对应 LFENV Adapter 实现与契约测试。","普通","真实语料:D:/ChuanQi/服务端","否","5360","","LFENV-CATALOG-001","Docs/design/scripting/翎风服务器常量与整服Envir直接运行实施规格.md","LFENV","2026-08-16","LFENV-2026-08-16-baseline","ContextUnavailable（显示为空，预检保留诊断）","NPC 对话、#IF/#ACT 文本参数、系统与事件触发页","对应不可变物品事件 DTO 生命周期内"
"1","LFENV-SYMBOL-0315","索引","BOXITEM[].NAME_G","","<$BOXITEM[].NAME_G>","物品事件","String","玩家对象与物品事件上下文","未实现（LFENV 后续阶段）","D","真实语料或附件已登记，等待对应 LFENV Adapter 实现与契约测试。","普通","真实语料:D:/ChuanQi/服务端","否","52","","LFENV-CATALOG-001","Docs/design/scripting/翎风服务器常量与整服Envir直接运行实施规格.md","LFENV","2026-08-16","LFENV-2026-08-16-baseline","ContextUnavailable（显示为空，预检保留诊断）","NPC 对话、#IF/#ACT 文本参数、系统与事件触发页","对应不可变物品事件 DTO 生命周期内"
"1","LFENV-SYMBOL-0316","索引","BOXITEM[].NEED","","<$BOXITEM[].NEED>","物品事件","String","玩家对象与物品事件上下文","未实现（LFENV 后续阶段）","D","真实语料或附件已登记，等待对应 LFENV Adapter 实现与契约测试。","普通","真实语料:D:/ChuanQi/服务端","否","4","","LFENV-CATALOG-001","Docs/design/scripting/翎风服务器常量与整服Envir直接运行实施规格.md","LFENV","2026-08-16","LFENV-2026-08-16-baseline","ContextUnavailable（显示为空，预检保留诊断）","NPC 对话、#IF/#ACT 文本参数、系统与事件触发页","对应不可变物品事件 DTO 生命周期内"
"1","LFENV-SYMBOL-0317","索引","BOXITEM[].NEEDLEVEL","","<$BOXITEM[].NEEDLEVEL>","物品事件","Integer","玩家对象与物品事件上下文","未实现（LFENV 后续阶段）","D","真实语料或附件已登记，等待对应 LFENV Adapter 实现与契约测试。","普通","真实语料:D:/ChuanQi/服务端","否","6","","LFENV-CATALOG-001","Docs/design/scripting/翎风服务器常量与整服Envir直接运行实施规格.md","LFENV","2026-08-16","LFENV-2026-08-16-baseline","ContextUnavailable（显示为空，预检保留诊断）","NPC 对话、#IF/#ACT 文本参数、系统与事件触发页","对应不可变物品事件 DTO 生命周期内"
"1","LFENV-SYMBOL-0318","索引","BOXITEM[].OVERLAP","","<$BOXITEM[].OVERLAP>","物品事件","String","玩家对象与物品事件上下文","未实现（LFENV 后续阶段）","D","真实语料或附件已登记，等待对应 LFENV Adapter 实现与契约测试。","普通","真实语料:D:/ChuanQi/服务端","否","13","","LFENV-CATALOG-001","Docs/design/scripting/翎风服务器常量与整服Envir直接运行实施规格.md","LFENV","2026-08-16","LFENV-2026-08-16-baseline","ContextUnavailable（显示为空，预检保留诊断）","NPC 对话、#IF/#ACT 文本参数、系统与事件触发页","对应不可变物品事件 DTO 生命周期内"
"1","LFENV-SYMBOL-0319","索引","BOXITEM[].PRICE","","<$BOXITEM[].PRICE>","物品事件","String","玩家对象与物品事件上下文","未实现（LFENV 后续阶段）","D","真实语料或附件已登记，等待对应 LFENV Adapter 实现与契约测试。","普通","真实语料:D:/ChuanQi/服务端","否","3","","LFENV-CATALOG-001","Docs/design/scripting/翎风服务器常量与整服Envir直接运行实施规格.md","LFENV","2026-08-16","LFENV-2026-08-16-baseline","ContextUnavailable（显示为空，预检保留诊断）","NPC 对话、#IF/#ACT 文本参数、系统与事件触发页","对应不可变物品事件 DTO 生命周期内"
"1","LFENV-SYMBOL-0320","索引","BOXITEM[].STDMODE","","<$BOXITEM[].STDMODE>","物品事件","Integer","玩家对象与物品事件上下文","未实现（LFENV 后续阶段）","D","真实语料或附件已登记，等待对应 LFENV Adapter 实现与契约测试。","普通","真实语料:D:/ChuanQi/服务端","否","1189","","LFENV-CATALOG-001","Docs/design/scripting/翎风服务器常量与整服Envir直接运行实施规格.md","LFENV","2026-08-16","LFENV-2026-08-16-baseline","ContextUnavailable（显示为空，预检保留诊断）","NPC 对话、#IF/#ACT 文本参数、系统与事件触发页","对应不可变物品事件 DTO 生命周期内"
"1","LFENV-SYMBOL-0321","索引","BOXITEM[].UPGRADECOUNT","","<$BOXITEM[].UPGRADECOUNT>","物品事件","Integer","玩家对象与物品事件上下文","未实现（LFENV 后续阶段）","D","真实语料或附件已登记，等待对应 LFENV Adapter 实现与契约测试。","普通","真实语料:D:/ChuanQi/服务端","否","115","","LFENV-CATALOG-001","Docs/design/scripting/翎风服务器常量与整服Envir直接运行实施规格.md","LFENV","2026-08-16","LFENV-2026-08-16-baseline","ContextUnavailable（显示为空，预检保留诊断）","NPC 对话、#IF/#ACT 文本参数、系统与事件触发页","对应不可变物品事件 DTO 生命周期内"
"1","LFENV-SYMBOL-0322","索引","ITEMBOX[].HMAC","","<$ITEMBOX[].HMAC>","物品事件","Integer","玩家对象与物品事件上下文","未实现（LFENV 后续阶段）","D","真实语料或附件已登记，等待对应 LFENV Adapter 实现与契约测试。","普通","真实语料:D:/ChuanQi/服务端","否","1","","LFENV-CATALOG-001","Docs/design/scripting/翎风服务器常量与整服Envir直接运行实施规格.md","LFENV","2026-08-16","LFENV-2026-08-16-baseline","ContextUnavailable（显示为空，预检保留诊断）","NPC 对话、#IF/#ACT 文本参数、系统与事件触发页","对应不可变物品事件 DTO 生命周期内"
"1","LFENV-SYMBOL-0323","直接","AC","","<$AC>","人物","Integer","玩家对象","LingFengP0ServerSymbols + ScriptTextRenderer","B","已通过 LFENV-05 P0 Adapter、统一 Renderer、真实 NPC/条件动作/系统触发/ScriptApi 入口与旧分支回归测试。","普通","真实语料:D:/ChuanQi/服务端;用户附件:翎风服务器常量","是","57","防御力","LFENV-CATALOG-001","Docs/design/scripting/翎风服务器常量与整服Envir直接运行实施规格.md","LFENV","2026-08-16","LFENV-2026-08-16-baseline","ContextUnavailable（按契约显示为空或 0，预检保留诊断）","NPC 对话、#IF/#ACT 文本参数、系统与事件触发页","玩家脚本上下文有效期间"
"1","LFENV-SYMBOL-0324","直接","ACCOUNTUSERNAME","","<$ACCOUNTUSERNAME>","人物","Integer","玩家对象","未实现（LFENV 后续阶段）","X","涉及凭据、机器标识或服务器路径，默认拒绝暴露；仅可在后续安全评审后提供脱敏替代。","敏感","真实语料:D:/ChuanQi/服务端","否","38","","LFENV-CATALOG-001","Docs/design/scripting/翎风服务器常量与整服Envir直接运行实施规格.md","LFENV","2026-08-16","LFENV-2026-08-16-baseline","拒绝（Unsupported）","NPC 对话、#IF/#ACT 文本参数、系统与事件触发页","玩家脚本上下文有效期间"
"1","LFENV-SYMBOL-0325","直接","ADDMAXBW","","<$ADDMAXBW>","人物","Integer","玩家对象","未实现（LFENV 后续阶段）","D","真实语料或附件已登记，等待对应 LFENV Adapter 实现与契约测试。","普通","用户附件:翎风服务器常量","是","0","背包最大负重","LFENV-CATALOG-001","Docs/design/scripting/翎风服务器常量与整服Envir直接运行实施规格.md","LFENV","2026-08-16","LFENV-2026-08-16-baseline","ContextUnavailable（按契约显示为空或 0，预检保留诊断）","NPC 对话、#IF/#ACT 文本参数、系统与事件触发页","玩家脚本上下文有效期间"
"1","LFENV-SYMBOL-0326","直接","ANSWER1","","<$ANSWER1>","人物","String","玩家对象","未实现（LFENV 后续阶段）","D","真实语料或附件已登记，等待对应 LFENV Adapter 实现与契约测试。","普通","真实语料:D:/ChuanQi/服务端","否","89","","LFENV-CATALOG-001","Docs/design/scripting/翎风服务器常量与整服Envir直接运行实施规格.md","LFENV","2026-08-16","LFENV-2026-08-16-baseline","ContextUnavailable（按契约显示为空或 0，预检保留诊断）","NPC 对话、#IF/#ACT 文本参数、系统与事件触发页","玩家脚本上下文有效期间"
"1","LFENV-SYMBOL-0327","直接","ANSWER2","","<$ANSWER2>","人物","String","玩家对象","未实现（LFENV 后续阶段）","D","真实语料或附件已登记，等待对应 LFENV Adapter 实现与契约测试。","普通","真实语料:D:/ChuanQi/服务端","否","94","","LFENV-CATALOG-001","Docs/design/scripting/翎风服务器常量与整服Envir直接运行实施规格.md","LFENV","2026-08-16","LFENV-2026-08-16-baseline","ContextUnavailable（按契约显示为空或 0，预检保留诊断）","NPC 对话、#IF/#ACT 文本参数、系统与事件触发页","玩家脚本上下文有效期间"
"1","LFENV-SYMBOL-0328","直接","ANTIMAGIC","","<$ANTIMAGIC>","人物","String","玩家对象","未实现（LFENV 后续阶段）","D","真实语料或附件已登记，等待对应 LFENV Adapter 实现与契约测试。","普通","用户附件:翎风服务器常量","是","0","魔法躲避","LFENV-CATALOG-001","Docs/design/scripting/翎风服务器常量与整服Envir直接运行实施规格.md","LFENV","2026-08-16","LFENV-2026-08-16-baseline","ContextUnavailable（按契约显示为空或 0，预检保留诊断）","NPC 对话、#IF/#ACT 文本参数、系统与事件触发页","玩家脚本上下文有效期间"
"1","LFENV-SYMBOL-0329","直接","ANTIPOISON","","<$ANTIPOISON>","人物","String","玩家对象","未实现（LFENV 后续阶段）","D","真实语料或附件已登记，等待对应 LFENV Adapter 实现与契约测试。","普通","用户附件:翎风服务器常量","是","0","毒躲避","LFENV-CATALOG-001","Docs/design/scripting/翎风服务器常量与整服Envir直接运行实施规格.md","LFENV","2026-08-16","LFENV-2026-08-16-baseline","ContextUnavailable（按契约显示为空或 0，预检保留诊断）","NPC 对话、#IF/#ACT 文本参数、系统与事件触发页","玩家脚本上下文有效期间"
"1","LFENV-SYMBOL-0330","直接","ARCHERFEE","","<$ARCHERFEE>","人物","String","玩家对象","未实现（LFENV 后续阶段）","D","真实语料或附件已登记，等待对应 LFENV Adapter 实现与契约测试。","普通","真实语料:D:/ChuanQi/服务端","否","14","","LFENV-CATALOG-001","Docs/design/scripting/翎风服务器常量与整服Envir直接运行实施规格.md","LFENV","2026-08-16","LFENV-2026-08-16-baseline","ContextUnavailable（按契约显示为空或 0，预检保留诊断）","NPC 对话、#IF/#ACT 文本参数、系统与事件触发页","玩家脚本上下文有效期间"
"1","LFENV-SYMBOL-0331","直接","ARMRING_L","BRACELET_L","<$ARMRING_L>","物品事件","String","玩家对象与物品事件上下文","LingFengP0ServerSymbols + ScriptTextRenderer","B","已通过 LFENV-05 P0 Adapter、统一 Renderer、真实 NPC/条件动作/系统触发/ScriptApi 入口与旧分支回归测试。","普通","真实语料:D:/ChuanQi/服务端;用户附件:翎风服务器常量","是","1043","右手镯","LFENV-CATALOG-001","Docs/design/scripting/翎风服务器常量与整服Envir直接运行实施规格.md","LFENV","2026-08-16","LFENV-2026-08-16-baseline","ContextUnavailable（显示为空，预检保留诊断）","NPC 对话、#IF/#ACT 文本参数、系统与事件触发页","对应不可变物品事件 DTO 生命周期内"
"1","LFENV-SYMBOL-0332","直接","ARMRING_R","BRACELET_R","<$ARMRING_R>","物品事件","String","玩家对象与物品事件上下文","LingFengP0ServerSymbols + ScriptTextRenderer","B","已通过 LFENV-05 P0 Adapter、统一 Renderer、真实 NPC/条件动作/系统触发/ScriptApi 入口与旧分支回归测试。","普通","真实语料:D:/ChuanQi/服务端;用户附件:翎风服务器常量","是","1092","左手镯","LFENV-CATALOG-001","Docs/design/scripting/翎风服务器常量与整服Envir直接运行实施规格.md","LFENV","2026-08-16","LFENV-2026-08-16-baseline","ContextUnavailable（显示为空，预检保留诊断）","NPC 对话、#IF/#ACT 文本参数、系统与事件触发页","对应不可变物品事件 DTO 生命周期内"
"1","LFENV-SYMBOL-0333","直接","ATTACKMONPOWERRATE","","<$ATTACKMONPOWERRATE>","战斗事件","Integer","玩家对象与战斗事件上下文","未实现（LFENV 后续阶段）","D","真实语料或附件已登记，等待对应 LFENV Adapter 实现与契约测试。","普通","真实语料:D:/ChuanQi/服务端;用户附件:翎风服务器常量","是","4","人物攻击怪物伤害力倍数","LFENV-CATALOG-001","Docs/design/scripting/翎风服务器常量与整服Envir直接运行实施规格.md","LFENV","2026-08-16","LFENV-2026-08-16-baseline","ContextUnavailable（显示为空，预检保留诊断）","NPC 对话、#IF/#ACT 文本参数、系统与事件触发页","对应不可变战斗事件 DTO 生命周期内"
"1","LFENV-SYMBOL-0334","直接","ATTACKMONPOWERRATETIME","","<$ATTACKMONPOWERRATETIME>","战斗事件","Integer","玩家对象与战斗事件上下文","未实现（LFENV 后续阶段）","D","真实语料或附件已登记，等待对应 LFENV Adapter 实现与契约测试。","普通","真实语料:D:/ChuanQi/服务端;用户附件:翎风服务器常量","是","1","人物攻击怪物伤害倍数剩余时间","LFENV-CATALOG-001","Docs/design/scripting/翎风服务器常量与整服Envir直接运行实施规格.md","LFENV","2026-08-16","LFENV-2026-08-16-baseline","ContextUnavailable（显示为空，预检保留诊断）","NPC 对话、#IF/#ACT 文本参数、系统与事件触发页","对应不可变战斗事件 DTO 生命周期内"
"1","LFENV-SYMBOL-0335","直接","ATTACKMONSTER_HP","","<$ATTACKMONSTER_HP>","战斗事件","Integer","玩家对象与战斗事件上下文","未实现（LFENV 后续阶段）","D","真实语料或附件已登记，等待对应 LFENV Adapter 实现与契约测试。","普通","真实语料:D:/ChuanQi/服务端;用户附件:翎风服务器常量","是","27","当前攻击目标剩余血量","LFENV-CATALOG-001","Docs/design/scripting/翎风服务器常量与整服Envir直接运行实施规格.md","LFENV","2026-08-16","LFENV-2026-08-16-baseline","ContextUnavailable（显示为空，预检保留诊断）","NPC 对话、#IF/#ACT 文本参数、系统与事件触发页","对应不可变战斗事件 DTO 生命周期内"
"1","LFENV-SYMBOL-0336","直接","ATTACKMONSTER_HPEX","","<$ATTACKMONSTER_HPEX>","战斗事件","String","玩家对象与战斗事件上下文","未实现（LFENV 后续阶段）","D","真实语料或附件已登记，等待对应 LFENV Adapter 实现与契约测试。","普通","真实语料:D:/ChuanQi/服务端;用户附件:翎风服务器常量","是","12","当前攻击(主目标)目标剩余血量","LFENV-CATALOG-001","Docs/design/scripting/翎风服务器常量与整服Envir直接运行实施规格.md","LFENV","2026-08-16","LFENV-2026-08-16-baseline","ContextUnavailable（显示为空，预检保留诊断）","NPC 对话、#IF/#ACT 文本参数、系统与事件触发页","对应不可变战斗事件 DTO 生命周期内"
"1","LFENV-SYMBOL-0337","直接","ATTACKMONSTER_MAXHP","","<$ATTACKMONSTER_MAXHP>","战斗事件","Integer","玩家对象与战斗事件上下文","未实现（LFENV 后续阶段）","D","真实语料或附件已登记，等待对应 LFENV Adapter 实现与契约测试。","普通","真实语料:D:/ChuanQi/服务端;用户附件:翎风服务器常量","是","112","当前攻击目标总血量","LFENV-CATALOG-001","Docs/design/scripting/翎风服务器常量与整服Envir直接运行实施规格.md","LFENV","2026-08-16","LFENV-2026-08-16-baseline","ContextUnavailable（显示为空，预检保留诊断）","NPC 对话、#IF/#ACT 文本参数、系统与事件触发页","对应不可变战斗事件 DTO 生命周期内"
"1","LFENV-SYMBOL-0338","直接","ATTACKMONSTER_MAXHPEX","","<$ATTACKMONSTER_MAXHPEX>","战斗事件","Integer","玩家对象与战斗事件上下文","未实现（LFENV 后续阶段）","D","真实语料或附件已登记，等待对应 LFENV Adapter 实现与契约测试。","普通","真实语料:D:/ChuanQi/服务端;用户附件:翎风服务器常量","是","12","当前攻击(主目标)目标总血量","LFENV-CATALOG-001","Docs/design/scripting/翎风服务器常量与整服Envir直接运行实施规格.md","LFENV","2026-08-16","LFENV-2026-08-16-baseline","ContextUnavailable（显示为空，预检保留诊断）","NPC 对话、#IF/#ACT 文本参数、系统与事件触发页","对应不可变战斗事件 DTO 生命周期内"
"1","LFENV-SYMBOL-0339","直接","ATTACKMONSTER_NAME","","<$ATTACKMONSTER_NAME>","战斗事件","String","玩家对象与战斗事件上下文","未实现（LFENV 后续阶段）","D","真实语料或附件已登记，等待对应 LFENV Adapter 实现与契约测试。","普通","真实语料:D:/ChuanQi/服务端;用户附件:翎风服务器常量","是","77","当前击中目标的名称","LFENV-CATALOG-001","Docs/design/scripting/翎风服务器常量与整服Envir直接运行实施规格.md","LFENV","2026-08-16","LFENV-2026-08-16-baseline","ContextUnavailable（显示为空，预检保留诊断）","NPC 对话、#IF/#ACT 文本参数、系统与事件触发页","对应不可变战斗事件 DTO 生命周期内"
"1","LFENV-SYMBOL-0340","直接","ATTACKMONSTER_NAMEEX","","<$ATTACKMONSTER_NAMEEX>","战斗事件","String","玩家对象与战斗事件上下文","未实现（LFENV 后续阶段）","D","真实语料或附件已登记，等待对应 LFENV Adapter 实现与契约测试。","普通","真实语料:D:/ChuanQi/服务端;用户附件:翎风服务器常量","是","473","当前锁定攻击(主目标)目标的名称","LFENV-CATALOG-001","Docs/design/scripting/翎风服务器常量与整服Envir直接运行实施规格.md","LFENV","2026-08-16","LFENV-2026-08-16-baseline","ContextUnavailable（显示为空，预检保留诊断）","NPC 对话、#IF/#ACT 文本参数、系统与事件触发页","对应不可变战斗事件 DTO 生命周期内"
"1","LFENV-SYMBOL-0341","直接","ATTACKMONSTER_X","","<$ATTACKMONSTER_X>","战斗事件","String","玩家对象与战斗事件上下文","未实现（LFENV 后续阶段）","D","真实语料或附件已登记，等待对应 LFENV Adapter 实现与契约测试。","普通","真实语料:D:/ChuanQi/服务端;用户附件:翎风服务器常量","是","442","当前攻击目标X坐标","LFENV-CATALOG-001","Docs/design/scripting/翎风服务器常量与整服Envir直接运行实施规格.md","LFENV","2026-08-16","LFENV-2026-08-16-baseline","ContextUnavailable（显示为空，预检保留诊断）","NPC 对话、#IF/#ACT 文本参数、系统与事件触发页","对应不可变战斗事件 DTO 生命周期内"
"1","LFENV-SYMBOL-0342","直接","ATTACKMONSTER_XEX","","<$ATTACKMONSTER_XEX>","战斗事件","String","玩家对象与战斗事件上下文","未实现（LFENV 后续阶段）","D","真实语料或附件已登记，等待对应 LFENV Adapter 实现与契约测试。","普通","真实语料:D:/ChuanQi/服务端;用户附件:翎风服务器常量","是","48","当前攻击(主目标)目标X坐标","LFENV-CATALOG-001","Docs/design/scripting/翎风服务器常量与整服Envir直接运行实施规格.md","LFENV","2026-08-16","LFENV-2026-08-16-baseline","ContextUnavailable（显示为空，预检保留诊断）","NPC 对话、#IF/#ACT 文本参数、系统与事件触发页","对应不可变战斗事件 DTO 生命周期内"
"1","LFENV-SYMBOL-0343","直接","ATTACKMONSTER_Y","","<$ATTACKMONSTER_Y>","战斗事件","String","玩家对象与战斗事件上下文","未实现（LFENV 后续阶段）","D","真实语料或附件已登记，等待对应 LFENV Adapter 实现与契约测试。","普通","真实语料:D:/ChuanQi/服务端;用户附件:翎风服务器常量","是","443","当前攻击目标Y坐标","LFENV-CATALOG-001","Docs/design/scripting/翎风服务器常量与整服Envir直接运行实施规格.md","LFENV","2026-08-16","LFENV-2026-08-16-baseline","ContextUnavailable（显示为空，预检保留诊断）","NPC 对话、#IF/#ACT 文本参数、系统与事件触发页","对应不可变战斗事件 DTO 生命周期内"
"1","LFENV-SYMBOL-0344","直接","ATTACKMONSTER_YEX","","<$ATTACKMONSTER_YEX>","战斗事件","String","玩家对象与战斗事件上下文","未实现（LFENV 后续阶段）","D","真实语料或附件已登记，等待对应 LFENV Adapter 实现与契约测试。","普通","真实语料:D:/ChuanQi/服务端;用户附件:翎风服务器常量","是","48","当前攻击(主目标)目标Y坐标","LFENV-CATALOG-001","Docs/design/scripting/翎风服务器常量与整服Envir直接运行实施规格.md","LFENV","2026-08-16","LFENV-2026-08-16-baseline","ContextUnavailable（显示为空，预检保留诊断）","NPC 对话、#IF/#ACT 文本参数、系统与事件触发页","对应不可变战斗事件 DTO 生命周期内"
"1","LFENV-SYMBOL-0345","直接","ATTACKSPEED","","<$ATTACKSPEED>","战斗事件","String","玩家对象与战斗事件上下文","未实现（LFENV 后续阶段）","D","真实语料或附件已登记，等待对应 LFENV Adapter 实现与契约测试。","普通","真实语料:D:/ChuanQi/服务端;用户附件:翎风服务器常量","是","17","攻速（含脚本加速）","LFENV-CATALOG-001","Docs/design/scripting/翎风服务器常量与整服Envir直接运行实施规格.md","LFENV","2026-08-16","LFENV-2026-08-16-baseline","ContextUnavailable（显示为空，预检保留诊断）","NPC 对话、#IF/#ACT 文本参数、系统与事件触发页","对应不可变战斗事件 DTO 生命周期内"
"1","LFENV-SYMBOL-0346","直接","AUCTIONITEMFINAPRICE","","<$AUCTIONITEMFINAPRICE>","人物","String","玩家对象","未实现（LFENV 后续阶段）","D","真实语料或附件已登记，等待对应 LFENV Adapter 实现与契约测试。","普通","真实语料:D:/ChuanQi/服务端","否","24","","LFENV-CATALOG-001","Docs/design/scripting/翎风服务器常量与整服Envir直接运行实施规格.md","LFENV","2026-08-16","LFENV-2026-08-16-baseline","ContextUnavailable（按契约显示为空或 0，预检保留诊断）","NPC 对话、#IF/#ACT 文本参数、系统与事件触发页","玩家脚本上下文有效期间"
"1","LFENV-SYMBOL-0347","直接","AUCTIONITEMINVALIDPRICE","","<$AUCTIONITEMINVALIDPRICE>","人物","Integer","玩家对象","未实现（LFENV 后续阶段）","D","真实语料或附件已登记，等待对应 LFENV Adapter 实现与契约测试。","普通","真实语料:D:/ChuanQi/服务端","否","16","","LFENV-CATALOG-001","Docs/design/scripting/翎风服务器常量与整服Envir直接运行实施规格.md","LFENV","2026-08-16","LFENV-2026-08-16-baseline","ContextUnavailable（按契约显示为空或 0，预检保留诊断）","NPC 对话、#IF/#ACT 文本参数、系统与事件触发页","玩家脚本上下文有效期间"
"1","LFENV-SYMBOL-0348","直接","AUCTIONITEMMONEYTYPE","","<$AUCTIONITEMMONEYTYPE>","人物","String","玩家对象","未实现（LFENV 后续阶段）","D","真实语料或附件已登记，等待对应 LFENV Adapter 实现与契约测试。","普通","真实语料:D:/ChuanQi/服务端","否","32","","LFENV-CATALOG-001","Docs/design/scripting/翎风服务器常量与整服Envir直接运行实施规格.md","LFENV","2026-08-16","LFENV-2026-08-16-baseline","ContextUnavailable（按契约显示为空或 0，预检保留诊断）","NPC 对话、#IF/#ACT 文本参数、系统与事件触发页","玩家脚本上下文有效期间"
"1","LFENV-SYMBOL-0349","直接","AUCTIONITEMNAME","","<$AUCTIONITEMNAME>","人物","String","玩家对象","未实现（LFENV 后续阶段）","D","真实语料或附件已登记，等待对应 LFENV Adapter 实现与契约测试。","普通","真实语料:D:/ChuanQi/服务端","否","32","","LFENV-CATALOG-001","Docs/design/scripting/翎风服务器常量与整服Envir直接运行实施规格.md","LFENV","2026-08-16","LFENV-2026-08-16-baseline","ContextUnavailable（按契约显示为空或 0，预检保留诊断）","NPC 对话、#IF/#ACT 文本参数、系统与事件触发页","玩家脚本上下文有效期间"
"1","LFENV-SYMBOL-0350","直接","AUCTIONITEMSELLED","","<$AUCTIONITEMSELLED>","人物","String","玩家对象","未实现（LFENV 后续阶段）","D","真实语料或附件已登记，等待对应 LFENV Adapter 实现与契约测试。","普通","真实语料:D:/ChuanQi/服务端","否","8","","LFENV-CATALOG-001","Docs/design/scripting/翎风服务器常量与整服Envir直接运行实施规格.md","LFENV","2026-08-16","LFENV-2026-08-16-baseline","ContextUnavailable（按契约显示为空或 0，预检保留诊断）","NPC 对话、#IF/#ACT 文本参数、系统与事件触发页","玩家脚本上下文有效期间"
"1","LFENV-SYMBOL-0351","直接","AUCTIONITEMSELLPRICE","","<$AUCTIONITEMSELLPRICE>","人物","String","玩家对象","未实现（LFENV 后续阶段）","D","真实语料或附件已登记，等待对应 LFENV Adapter 实现与契约测试。","普通","真实语料:D:/ChuanQi/服务端","否","32","","LFENV-CATALOG-001","Docs/design/scripting/翎风服务器常量与整服Envir直接运行实施规格.md","LFENV","2026-08-16","LFENV-2026-08-16-baseline","ContextUnavailable（按契约显示为空或 0，预检保留诊断）","NPC 对话、#IF/#ACT 文本参数、系统与事件触发页","玩家脚本上下文有效期间"
"1","LFENV-SYMBOL-0352","直接","AUCTIONITEMSTARTPRICE","","<$AUCTIONITEMSTARTPRICE>","人物","String","玩家对象","未实现（LFENV 后续阶段）","D","真实语料或附件已登记，等待对应 LFENV Adapter 实现与契约测试。","普通","真实语料:D:/ChuanQi/服务端","否","32","","LFENV-CATALOG-001","Docs/design/scripting/翎风服务器常量与整服Envir直接运行实施规格.md","LFENV","2026-08-16","LFENV-2026-08-16-baseline","ContextUnavailable（按契约显示为空或 0，预检保留诊断）","NPC 对话、#IF/#ACT 文本参数、系统与事件触发页","玩家脚本上下文有效期间"
"1","LFENV-SYMBOL-0353","直接","BAGITEMMAKEINDEX","","<$BAGITEMMAKEINDEX>","物品事件","Integer","玩家对象与物品事件上下文","未实现（LFENV 后续阶段）","D","真实语料或附件已登记，等待对应 LFENV Adapter 实现与契约测试。","普通","真实语料:D:/ChuanQi/服务端","否","79","","LFENV-CATALOG-001","Docs/design/scripting/翎风服务器常量与整服Envir直接运行实施规格.md","LFENV","2026-08-16","LFENV-2026-08-16-baseline","ContextUnavailable（显示为空，预检保留诊断）","NPC 对话、#IF/#ACT 文本参数、系统与事件触发页","对应不可变物品事件 DTO 生命周期内"
"1","LFENV-SYMBOL-0354","直接","BAGITEMNAME","","<$BAGITEMNAME>","物品事件","String","玩家对象与物品事件上下文","未实现（LFENV 后续阶段）","D","真实语料或附件已登记，等待对应 LFENV Adapter 实现与契约测试。","普通","真实语料:D:/ChuanQi/服务端","否","58","","LFENV-CATALOG-001","Docs/design/scripting/翎风服务器常量与整服Envir直接运行实施规格.md","LFENV","2026-08-16","LFENV-2026-08-16-baseline","ContextUnavailable（显示为空，预检保留诊断）","NPC 对话、#IF/#ACT 文本参数、系统与事件触发页","对应不可变物品事件 DTO 生命周期内"
"1","LFENV-SYMBOL-0355","直接","BANKACCOUNT0","","<$BANKACCOUNT0>","运营配置","String","公开运营配置","未实现（公开运营配置 Adapter 待 LFENV-08）","D","仅允许读取专门的公开运营配置；缺失时返回空字符串并记录 ConfigMissing。","敏感","用户附件:翎风服务器常量","是","0","银行帐号信息","LFENV-CATALOG-001","Docs/design/scripting/翎风服务器常量与整服Envir直接运行实施规格.md","LFENV","2026-08-16","LFENV-2026-08-16-baseline","空字符串并记录 ConfigMissing","NPC 对话显示与文本参数","脚本执行期间读取已发布运营配置快照"
"1","LFENV-SYMBOL-0356","直接","BANKACCOUNT1","","<$BANKACCOUNT1>","运营配置","String","公开运营配置","未实现（公开运营配置 Adapter 待 LFENV-08）","D","仅允许读取专门的公开运营配置；缺失时返回空字符串并记录 ConfigMissing。","敏感","用户附件:翎风服务器常量","是","0","银行帐号信息","LFENV-CATALOG-001","Docs/design/scripting/翎风服务器常量与整服Envir直接运行实施规格.md","LFENV","2026-08-16","LFENV-2026-08-16-baseline","空字符串并记录 ConfigMissing","NPC 对话显示与文本参数","脚本执行期间读取已发布运营配置快照"
"1","LFENV-SYMBOL-0357","直接","BANKACCOUNT2","","<$BANKACCOUNT2>","运营配置","String","公开运营配置","未实现（公开运营配置 Adapter 待 LFENV-08）","D","仅允许读取专门的公开运营配置；缺失时返回空字符串并记录 ConfigMissing。","敏感","用户附件:翎风服务器常量","是","0","银行帐号信息","LFENV-CATALOG-001","Docs/design/scripting/翎风服务器常量与整服Envir直接运行实施规格.md","LFENV","2026-08-16","LFENV-2026-08-16-baseline","空字符串并记录 ConfigMissing","NPC 对话显示与文本参数","脚本执行期间读取已发布运营配置快照"
"1","LFENV-SYMBOL-0358","直接","BANKACCOUNT3","","<$BANKACCOUNT3>","运营配置","String","公开运营配置","未实现（公开运营配置 Adapter 待 LFENV-08）","D","仅允许读取专门的公开运营配置；缺失时返回空字符串并记录 ConfigMissing。","敏感","用户附件:翎风服务器常量","是","0","银行帐号信息","LFENV-CATALOG-001","Docs/design/scripting/翎风服务器常量与整服Envir直接运行实施规格.md","LFENV","2026-08-16","LFENV-2026-08-16-baseline","空字符串并记录 ConfigMissing","NPC 对话显示与文本参数","脚本执行期间读取已发布运营配置快照"
"1","LFENV-SYMBOL-0359","直接","BANKACCOUNT4","","<$BANKACCOUNT4>","运营配置","String","公开运营配置","未实现（公开运营配置 Adapter 待 LFENV-08）","D","仅允许读取专门的公开运营配置；缺失时返回空字符串并记录 ConfigMissing。","敏感","用户附件:翎风服务器常量","是","0","银行帐号信息","LFENV-CATALOG-001","Docs/design/scripting/翎风服务器常量与整服Envir直接运行实施规格.md","LFENV","2026-08-16","LFENV-2026-08-16-baseline","空字符串并记录 ConfigMissing","NPC 对话显示与文本参数","脚本执行期间读取已发布运营配置快照"
"1","LFENV-SYMBOL-0360","直接","BANKACCOUNT5","","<$BANKACCOUNT5>","运营配置","String","公开运营配置","未实现（公开运营配置 Adapter 待 LFENV-08）","D","仅允许读取专门的公开运营配置；缺失时返回空字符串并记录 ConfigMissing。","敏感","用户附件:翎风服务器常量","是","0","银行帐号信息","LFENV-CATALOG-001","Docs/design/scripting/翎风服务器常量与整服Envir直接运行实施规格.md","LFENV","2026-08-16","LFENV-2026-08-16-baseline","空字符串并记录 ConfigMissing","NPC 对话显示与文本参数","脚本执行期间读取已发布运营配置快照"
"1","LFENV-SYMBOL-0361","直接","BANKACCOUNT6","","<$BANKACCOUNT6>","运营配置","String","公开运营配置","未实现（公开运营配置 Adapter 待 LFENV-08）","D","仅允许读取专门的公开运营配置；缺失时返回空字符串并记录 ConfigMissing。","敏感","用户附件:翎风服务器常量","是","0","银行帐号信息","LFENV-CATALOG-001","Docs/design/scripting/翎风服务器常量与整服Envir直接运行实施规格.md","LFENV","2026-08-16","LFENV-2026-08-16-baseline","空字符串并记录 ConfigMissing","NPC 对话显示与文本参数","脚本执行期间读取已发布运营配置快照"
"1","LFENV-SYMBOL-0362","直接","BANKACCOUNT7","","<$BANKACCOUNT7>","运营配置","String","公开运营配置","未实现（公开运营配置 Adapter 待 LFENV-08）","D","仅允许读取专门的公开运营配置；缺失时返回空字符串并记录 ConfigMissing。","敏感","用户附件:翎风服务器常量","是","0","银行帐号信息","LFENV-CATALOG-001","Docs/design/scripting/翎风服务器常量与整服Envir直接运行实施规格.md","LFENV","2026-08-16","LFENV-2026-08-16-baseline","空字符串并记录 ConfigMissing","NPC 对话显示与文本参数","脚本执行期间读取已发布运营配置快照"
"1","LFENV-SYMBOL-0363","直接","BANKACCOUNT8","","<$BANKACCOUNT8>","运营配置","String","公开运营配置","未实现（公开运营配置 Adapter 待 LFENV-08）","D","仅允许读取专门的公开运营配置；缺失时返回空字符串并记录 ConfigMissing。","敏感","用户附件:翎风服务器常量","是","0","银行帐号信息","LFENV-CATALOG-001","Docs/design/scripting/翎风服务器常量与整服Envir直接运行实施规格.md","LFENV","2026-08-16","LFENV-2026-08-16-baseline","空字符串并记录 ConfigMissing","NPC 对话显示与文本参数","脚本执行期间读取已发布运营配置快照"
"1","LFENV-SYMBOL-0364","直接","BANKACCOUNT9","","<$BANKACCOUNT9>","运营配置","String","公开运营配置","未实现（公开运营配置 Adapter 待 LFENV-08）","D","仅允许读取专门的公开运营配置；缺失时返回空字符串并记录 ConfigMissing。","敏感","用户附件:翎风服务器常量","是","0","银行帐号信息","LFENV-CATALOG-001","Docs/design/scripting/翎风服务器常量与整服Envir直接运行实施规格.md","LFENV","2026-08-16","LFENV-2026-08-16-baseline","空字符串并记录 ConfigMissing","NPC 对话显示与文本参数","脚本执行期间读取已发布运营配置快照"
"1","LFENV-SYMBOL-0365","直接","BBSSITE","","<$BBSSITE>","人物","String","玩家对象","未实现（LFENV 后续阶段）","D","真实语料或附件已登记，等待对应 LFENV Adapter 实现与契约测试。","普通","用户附件:翎风服务器常量","是","0","论坛网址","LFENV-CATALOG-001","Docs/design/scripting/翎风服务器常量与整服Envir直接运行实施规格.md","LFENV","2026-08-16","LFENV-2026-08-16-baseline","ContextUnavailable（按契约显示为空或 0，预检保留诊断）","NPC 对话、#IF/#ACT 文本参数、系统与事件触发页","玩家脚本上下文有效期间"
"1","LFENV-SYMBOL-0366","直接","BELT","","<$BELT>","物品事件","String","玩家对象与物品事件上下文","LingFengP0ServerSymbols + ScriptTextRenderer","B","已通过 LFENV-05 P0 Adapter、统一 Renderer、真实 NPC/条件动作/系统触发/ScriptApi 入口与旧分支回归测试。","普通","真实语料:D:/ChuanQi/服务端;用户附件:翎风服务器常量","是","645","腰带","LFENV-CATALOG-001","Docs/design/scripting/翎风服务器常量与整服Envir直接运行实施规格.md","LFENV","2026-08-16","LFENV-2026-08-16-baseline","ContextUnavailable（显示为空，预检保留诊断）","NPC 对话、#IF/#ACT 文本参数、系统与事件触发页","对应不可变物品事件 DTO 生命周期内"
"1","LFENV-SYMBOL-0367","直接","BIRTHDAY","","<$BIRTHDAY>","服务器与时间","Integer","服务器环境上下文","未实现（LFENV 后续阶段）","D","真实语料或附件已登记，等待对应 LFENV Adapter 实现与契约测试。","普通","真实语料:D:/ChuanQi/服务端","否","83","","LFENV-CATALOG-001","Docs/design/scripting/翎风服务器常量与整服Envir直接运行实施规格.md","LFENV","2026-08-16","LFENV-2026-08-16-baseline","ContextUnavailable（按契约显示为空或 0，预检保留诊断）","NPC 对话、#IF/#ACT 文本参数、系统与事件触发页","脚本执行期间读取服务器只读快照"
"1","LFENV-SYMBOL-0368","直接","BOOTS","","<$BOOTS>","物品事件","String","玩家对象与物品事件上下文","LingFengP0ServerSymbols + ScriptTextRenderer","B","已通过 LFENV-05 P0 Adapter、统一 Renderer、真实 NPC/条件动作/系统触发/ScriptApi 入口与旧分支回归测试。","普通","真实语料:D:/ChuanQi/服务端;用户附件:翎风服务器常量","是","660","鞋子","LFENV-CATALOG-001","Docs/design/scripting/翎风服务器常量与整服Envir直接运行实施规格.md","LFENV","2026-08-16","LFENV-2026-08-16-baseline","ContextUnavailable（显示为空，预检保留诊断）","NPC 对话、#IF/#ACT 文本参数、系统与事件触发页","对应不可变物品事件 DTO 生命周期内"
"1","LFENV-SYMBOL-0369","直接","BUILDGUILDFEE","","<$BUILDGUILDFEE>","行会攻城","String","玩家对象与行会/城堡上下文","未实现（LFENV 后续阶段）","D","真实语料或附件已登记，等待对应 LFENV Adapter 实现与契约测试。","普通","用户附件:翎风服务器常量","是","0","创建行会费用","LFENV-CATALOG-001","Docs/design/scripting/翎风服务器常量与整服Envir直接运行实施规格.md","LFENV","2026-08-16","LFENV-2026-08-16-baseline","ContextUnavailable（按契约显示为空或 0，预检保留诊断）","NPC 对话、#IF/#ACT 文本参数、系统与事件触发页","玩家脚本上下文有效期间"
"1","LFENV-SYMBOL-0370","直接","BUJUK","AMULET","<$BUJUK>","人物","String","玩家对象","LingFengP0ServerSymbols + ScriptTextRenderer","B","已通过 LFENV-05 P0 Adapter、统一 Renderer、真实 NPC/条件动作/系统触发/ScriptApi 入口与旧分支回归测试。","普通","真实语料:D:/ChuanQi/服务端;用户附件:翎风服务器常量","是","116","护身符","LFENV-CATALOG-001","Docs/design/scripting/翎风服务器常量与整服Envir直接运行实施规格.md","LFENV","2026-08-16","LFENV-2026-08-16-baseline","ContextUnavailable（按契约显示为空或 0，预检保留诊断）","NPC 对话、#IF/#ACT 文本参数、系统与事件触发页","玩家脚本上下文有效期间"
"1","LFENV-SYMBOL-0371","直接","BW","","<$BW>","人物","String","玩家对象","未实现（LFENV 后续阶段）","D","真实语料或附件已登记，等待对应 LFENV Adapter 实现与契约测试。","普通","用户附件:翎风服务器常量","是","0","背包重量","LFENV-CATALOG-001","Docs/design/scripting/翎风服务器常量与整服Envir直接运行实施规格.md","LFENV","2026-08-16","LFENV-2026-08-16-baseline","ContextUnavailable（按契约显示为空或 0，预检保留诊断）","NPC 对话、#IF/#ACT 文本参数、系统与事件触发页","玩家脚本上下文有效期间"
"1","LFENV-SYMBOL-0372","直接","C.AC","","<$C.AC>","人物","Integer","玩家对象","未实现（LFENV 后续阶段）","D","真实语料或附件已登记，等待对应 LFENV Adapter 实现与契约测试。","普通","真实语料:D:/ChuanQi/服务端","否","3","","LFENV-CATALOG-001","Docs/design/scripting/翎风服务器常量与整服Envir直接运行实施规格.md","LFENV","2026-08-16","LFENV-2026-08-16-baseline","ContextUnavailable（按契约显示为空或 0，预检保留诊断）","NPC 对话、#IF/#ACT 文本参数、系统与事件触发页","玩家脚本上下文有效期间"
"1","LFENV-SYMBOL-0373","直接","C.ATTACKSPEED","","<$C.ATTACKSPEED>","战斗事件","String","玩家对象与战斗事件上下文","未实现（LFENV 后续阶段）","D","真实语料或附件已登记，等待对应 LFENV Adapter 实现与契约测试。","普通","真实语料:D:/ChuanQi/服务端","否","5","","LFENV-CATALOG-001","Docs/design/scripting/翎风服务器常量与整服Envir直接运行实施规格.md","LFENV","2026-08-16","LFENV-2026-08-16-baseline","ContextUnavailable（显示为空，预检保留诊断）","NPC 对话、#IF/#ACT 文本参数、系统与事件触发页","对应不可变战斗事件 DTO 生命周期内"
"1","LFENV-SYMBOL-0374","直接","C.COMBATPOWER","","<$C.COMBATPOWER>","人物","String","玩家对象","未实现（LFENV 后续阶段）","D","真实语料或附件已登记，等待对应 LFENV Adapter 实现与契约测试。","普通","真实语料:D:/ChuanQi/服务端","否","1","","LFENV-CATALOG-001","Docs/design/scripting/翎风服务器常量与整服Envir直接运行实施规格.md","LFENV","2026-08-16","LFENV-2026-08-16-baseline","ContextUnavailable（按契约显示为空或 0，预检保留诊断）","NPC 对话、#IF/#ACT 文本参数、系统与事件触发页","玩家脚本上下文有效期间"
"1","LFENV-SYMBOL-0375","直接","C.CREDITPOINT","","<$C.CREDITPOINT>","人物","Integer","玩家对象","未实现（LFENV 后续阶段）","D","真实语料或附件已登记，等待对应 LFENV Adapter 实现与契约测试。","普通","真实语料:D:/ChuanQi/服务端","否","4","","LFENV-CATALOG-001","Docs/design/scripting/翎风服务器常量与整服Envir直接运行实施规格.md","LFENV","2026-08-16","LFENV-2026-08-16-baseline","ContextUnavailable（按契约显示为空或 0，预检保留诊断）","NPC 对话、#IF/#ACT 文本参数、系统与事件触发页","玩家脚本上下文有效期间"
"1","LFENV-SYMBOL-0376","直接","C.DC","","<$C.DC>","人物","Integer","玩家对象","未实现（LFENV 后续阶段）","D","真实语料或附件已登记，等待对应 LFENV Adapter 实现与契约测试。","普通","真实语料:D:/ChuanQi/服务端","否","6","","LFENV-CATALOG-001","Docs/design/scripting/翎风服务器常量与整服Envir直接运行实施规格.md","LFENV","2026-08-16","LFENV-2026-08-16-baseline","ContextUnavailable（按契约显示为空或 0，预检保留诊断）","NPC 对话、#IF/#ACT 文本参数、系统与事件触发页","玩家脚本上下文有效期间"
"1","LFENV-SYMBOL-0377","直接","C.DIR","","<$C.DIR>","人物","String","玩家对象","未实现（LFENV 后续阶段）","D","真实语料或附件已登记，等待对应 LFENV Adapter 实现与契约测试。","普通","真实语料:D:/ChuanQi/服务端","否","6","","LFENV-CATALOG-001","Docs/design/scripting/翎风服务器常量与整服Envir直接运行实施规格.md","LFENV","2026-08-16","LFENV-2026-08-16-baseline","ContextUnavailable（按契约显示为空或 0，预检保留诊断）","NPC 对话、#IF/#ACT 文本参数、系统与事件触发页","玩家脚本上下文有效期间"
"1","LFENV-SYMBOL-0378","直接","C.ELEMENT","","<$C.ELEMENT>","人物","String","玩家对象","未实现（LFENV 后续阶段）","D","真实语料或附件已登记，等待对应 LFENV Adapter 实现与契约测试。","普通","真实语料:D:/ChuanQi/服务端","否","5","","LFENV-CATALOG-001","Docs/design/scripting/翎风服务器常量与整服Envir直接运行实施规格.md","LFENV","2026-08-16","LFENV-2026-08-16-baseline","ContextUnavailable（按契约显示为空或 0，预检保留诊断）","NPC 对话、#IF/#ACT 文本参数、系统与事件触发页","玩家脚本上下文有效期间"
"1","LFENV-SYMBOL-0379","直接","C.ELEMENT1","","<$C.ELEMENT1>","人物","String","玩家对象","未实现（LFENV 后续阶段）","D","真实语料或附件已登记，等待对应 LFENV Adapter 实现与契约测试。","普通","真实语料:D:/ChuanQi/服务端","否","6","","LFENV-CATALOG-001","Docs/design/scripting/翎风服务器常量与整服Envir直接运行实施规格.md","LFENV","2026-08-16","LFENV-2026-08-16-baseline","ContextUnavailable（按契约显示为空或 0，预检保留诊断）","NPC 对话、#IF/#ACT 文本参数、系统与事件触发页","玩家脚本上下文有效期间"
"1","LFENV-SYMBOL-0380","直接","C.ELEMENT13","","<$C.ELEMENT13>","人物","String","玩家对象","未实现（LFENV 后续阶段）","D","真实语料或附件已登记，等待对应 LFENV Adapter 实现与契约测试。","普通","真实语料:D:/ChuanQi/服务端","否","1","","LFENV-CATALOG-001","Docs/design/scripting/翎风服务器常量与整服Envir直接运行实施规格.md","LFENV","2026-08-16","LFENV-2026-08-16-baseline","ContextUnavailable（按契约显示为空或 0，预检保留诊断）","NPC 对话、#IF/#ACT 文本参数、系统与事件触发页","玩家脚本上下文有效期间"
"1","LFENV-SYMBOL-0381","直接","C.ELEMENT16","","<$C.ELEMENT16>","人物","String","玩家对象","未实现（LFENV 后续阶段）","D","真实语料或附件已登记，等待对应 LFENV Adapter 实现与契约测试。","普通","真实语料:D:/ChuanQi/服务端","否","1","","LFENV-CATALOG-001","Docs/design/scripting/翎风服务器常量与整服Envir直接运行实施规格.md","LFENV","2026-08-16","LFENV-2026-08-16-baseline","ContextUnavailable（按契约显示为空或 0，预检保留诊断）","NPC 对话、#IF/#ACT 文本参数、系统与事件触发页","玩家脚本上下文有效期间"
"1","LFENV-SYMBOL-0382","直接","C.ELEMENT18","","<$C.ELEMENT18>","人物","String","玩家对象","未实现（LFENV 后续阶段）","D","真实语料或附件已登记，等待对应 LFENV Adapter 实现与契约测试。","普通","真实语料:D:/ChuanQi/服务端","否","1","","LFENV-CATALOG-001","Docs/design/scripting/翎风服务器常量与整服Envir直接运行实施规格.md","LFENV","2026-08-16","LFENV-2026-08-16-baseline","ContextUnavailable（按契约显示为空或 0，预检保留诊断）","NPC 对话、#IF/#ACT 文本参数、系统与事件触发页","玩家脚本上下文有效期间"
"1","LFENV-SYMBOL-0383","直接","C.ELEMENT19","","<$C.ELEMENT19>","人物","String","玩家对象","未实现（LFENV 后续阶段）","D","真实语料或附件已登记，等待对应 LFENV Adapter 实现与契约测试。","普通","真实语料:D:/ChuanQi/服务端","否","1","","LFENV-CATALOG-001","Docs/design/scripting/翎风服务器常量与整服Envir直接运行实施规格.md","LFENV","2026-08-16","LFENV-2026-08-16-baseline","ContextUnavailable（按契约显示为空或 0，预检保留诊断）","NPC 对话、#IF/#ACT 文本参数、系统与事件触发页","玩家脚本上下文有效期间"
"1","LFENV-SYMBOL-0384","直接","C.ELEMENT2","","<$C.ELEMENT2>","人物","String","玩家对象","未实现（LFENV 后续阶段）","D","真实语料或附件已登记，等待对应 LFENV Adapter 实现与契约测试。","普通","真实语料:D:/ChuanQi/服务端","否","5","","LFENV-CATALOG-001","Docs/design/scripting/翎风服务器常量与整服Envir直接运行实施规格.md","LFENV","2026-08-16","LFENV-2026-08-16-baseline","ContextUnavailable（按契约显示为空或 0，预检保留诊断）","NPC 对话、#IF/#ACT 文本参数、系统与事件触发页","玩家脚本上下文有效期间"
"1","LFENV-SYMBOL-0385","直接","C.ELEMENT21","","<$C.ELEMENT21>","人物","String","玩家对象","未实现（LFENV 后续阶段）","D","真实语料或附件已登记，等待对应 LFENV Adapter 实现与契约测试。","普通","真实语料:D:/ChuanQi/服务端","否","1","","LFENV-CATALOG-001","Docs/design/scripting/翎风服务器常量与整服Envir直接运行实施规格.md","LFENV","2026-08-16","LFENV-2026-08-16-baseline","ContextUnavailable（按契约显示为空或 0，预检保留诊断）","NPC 对话、#IF/#ACT 文本参数、系统与事件触发页","玩家脚本上下文有效期间"
"1","LFENV-SYMBOL-0386","直接","C.ELEMENT22","","<$C.ELEMENT22>","人物","String","玩家对象","未实现（LFENV 后续阶段）","D","真实语料或附件已登记，等待对应 LFENV Adapter 实现与契约测试。","普通","真实语料:D:/ChuanQi/服务端","否","1","","LFENV-CATALOG-001","Docs/design/scripting/翎风服务器常量与整服Envir直接运行实施规格.md","LFENV","2026-08-16","LFENV-2026-08-16-baseline","ContextUnavailable（按契约显示为空或 0，预检保留诊断）","NPC 对话、#IF/#ACT 文本参数、系统与事件触发页","玩家脚本上下文有效期间"
"1","LFENV-SYMBOL-0387","直接","C.ELEMENT23","","<$C.ELEMENT23>","人物","String","玩家对象","未实现（LFENV 后续阶段）","D","真实语料或附件已登记，等待对应 LFENV Adapter 实现与契约测试。","普通","真实语料:D:/ChuanQi/服务端","否","1","","LFENV-CATALOG-001","Docs/design/scripting/翎风服务器常量与整服Envir直接运行实施规格.md","LFENV","2026-08-16","LFENV-2026-08-16-baseline","ContextUnavailable（按契约显示为空或 0，预检保留诊断）","NPC 对话、#IF/#ACT 文本参数、系统与事件触发页","玩家脚本上下文有效期间"
"1","LFENV-SYMBOL-0388","直接","C.ELEMENT24","","<$C.ELEMENT24>","人物","String","玩家对象","未实现（LFENV 后续阶段）","D","真实语料或附件已登记，等待对应 LFENV Adapter 实现与契约测试。","普通","真实语料:D:/ChuanQi/服务端","否","5","","LFENV-CATALOG-001","Docs/design/scripting/翎风服务器常量与整服Envir直接运行实施规格.md","LFENV","2026-08-16","LFENV-2026-08-16-baseline","ContextUnavailable（按契约显示为空或 0，预检保留诊断）","NPC 对话、#IF/#ACT 文本参数、系统与事件触发页","玩家脚本上下文有效期间"
"1","LFENV-SYMBOL-0389","直接","C.ELEMENT25","","<$C.ELEMENT25>","人物","String","玩家对象","未实现（LFENV 后续阶段）","D","真实语料或附件已登记，等待对应 LFENV Adapter 实现与契约测试。","普通","真实语料:D:/ChuanQi/服务端","否","3","","LFENV-CATALOG-001","Docs/design/scripting/翎风服务器常量与整服Envir直接运行实施规格.md","LFENV","2026-08-16","LFENV-2026-08-16-baseline","ContextUnavailable（按契约显示为空或 0，预检保留诊断）","NPC 对话、#IF/#ACT 文本参数、系统与事件触发页","玩家脚本上下文有效期间"
"1","LFENV-SYMBOL-0390","直接","C.ELEMENT3","","<$C.ELEMENT3>","人物","String","玩家对象","未实现（LFENV 后续阶段）","D","真实语料或附件已登记，等待对应 LFENV Adapter 实现与契约测试。","普通","真实语料:D:/ChuanQi/服务端","否","1","","LFENV-CATALOG-001","Docs/design/scripting/翎风服务器常量与整服Envir直接运行实施规格.md","LFENV","2026-08-16","LFENV-2026-08-16-baseline","ContextUnavailable（按契约显示为空或 0，预检保留诊断）","NPC 对话、#IF/#ACT 文本参数、系统与事件触发页","玩家脚本上下文有效期间"
"1","LFENV-SYMBOL-0391","直接","C.ELEMENT4","","<$C.ELEMENT4>","人物","String","玩家对象","未实现（LFENV 后续阶段）","D","真实语料或附件已登记，等待对应 LFENV Adapter 实现与契约测试。","普通","真实语料:D:/ChuanQi/服务端","否","5","","LFENV-CATALOG-001","Docs/design/scripting/翎风服务器常量与整服Envir直接运行实施规格.md","LFENV","2026-08-16","LFENV-2026-08-16-baseline","ContextUnavailable（按契约显示为空或 0，预检保留诊断）","NPC 对话、#IF/#ACT 文本参数、系统与事件触发页","玩家脚本上下文有效期间"
"1","LFENV-SYMBOL-0392","直接","C.ELEMENT7","","<$C.ELEMENT7>","人物","String","玩家对象","未实现（LFENV 后续阶段）","D","真实语料或附件已登记，等待对应 LFENV Adapter 实现与契约测试。","普通","真实语料:D:/ChuanQi/服务端","否","4","","LFENV-CATALOG-001","Docs/design/scripting/翎风服务器常量与整服Envir直接运行实施规格.md","LFENV","2026-08-16","LFENV-2026-08-16-baseline","ContextUnavailable（按契约显示为空或 0，预检保留诊断）","NPC 对话、#IF/#ACT 文本参数、系统与事件触发页","玩家脚本上下文有效期间"
"1","LFENV-SYMBOL-0393","直接","C.FASHIONDRESS","","<$C.FASHIONDRESS>","物品事件","String","玩家对象与物品事件上下文","未实现（LFENV 后续阶段）","D","真实语料或附件已登记，等待对应 LFENV Adapter 实现与契约测试。","普通","真实语料:D:/ChuanQi/服务端","否","52","","LFENV-CATALOG-001","Docs/design/scripting/翎风服务器常量与整服Envir直接运行实施规格.md","LFENV","2026-08-16","LFENV-2026-08-16-baseline","ContextUnavailable（显示为空，预检保留诊断）","NPC 对话、#IF/#ACT 文本参数、系统与事件触发页","对应不可变物品事件 DTO 生命周期内"
"1","LFENV-SYMBOL-0394","直接","C.GAMEDIAMOND","","<$C.GAMEDIAMOND>","人物","String","玩家对象","未实现（LFENV 后续阶段）","D","真实语料或附件已登记，等待对应 LFENV Adapter 实现与契约测试。","普通","真实语料:D:/ChuanQi/服务端","否","4","","LFENV-CATALOG-001","Docs/design/scripting/翎风服务器常量与整服Envir直接运行实施规格.md","LFENV","2026-08-16","LFENV-2026-08-16-baseline","ContextUnavailable（按契约显示为空或 0，预检保留诊断）","NPC 对话、#IF/#ACT 文本参数、系统与事件触发页","玩家脚本上下文有效期间"
"1","LFENV-SYMBOL-0395","直接","C.GAMEGIRD","","<$C.GAMEGIRD>","人物","String","玩家对象","未实现（LFENV 后续阶段）","D","真实语料或附件已登记，等待对应 LFENV Adapter 实现与契约测试。","普通","真实语料:D:/ChuanQi/服务端","否","4","","LFENV-CATALOG-001","Docs/design/scripting/翎风服务器常量与整服Envir直接运行实施规格.md","LFENV","2026-08-16","LFENV-2026-08-16-baseline","ContextUnavailable（按契约显示为空或 0，预检保留诊断）","NPC 对话、#IF/#ACT 文本参数、系统与事件触发页","玩家脚本上下文有效期间"
"1","LFENV-SYMBOL-0396","直接","C.GAMEGLORY","","<$C.GAMEGLORY>","人物","String","玩家对象","未实现（LFENV 后续阶段）","D","真实语料或附件已登记，等待对应 LFENV Adapter 实现与契约测试。","普通","真实语料:D:/ChuanQi/服务端","否","4","","LFENV-CATALOG-001","Docs/design/scripting/翎风服务器常量与整服Envir直接运行实施规格.md","LFENV","2026-08-16","LFENV-2026-08-16-baseline","ContextUnavailable（按契约显示为空或 0，预检保留诊断）","NPC 对话、#IF/#ACT 文本参数、系统与事件触发页","玩家脚本上下文有效期间"
"1","LFENV-SYMBOL-0397","直接","C.GAMEGOLD","","<$C.GAMEGOLD>","人物","Integer","玩家对象","未实现（LFENV 后续阶段）","D","真实语料或附件已登记，等待对应 LFENV Adapter 实现与契约测试。","普通","真实语料:D:/ChuanQi/服务端","否","5","","LFENV-CATALOG-001","Docs/design/scripting/翎风服务器常量与整服Envir直接运行实施规格.md","LFENV","2026-08-16","LFENV-2026-08-16-baseline","ContextUnavailable（按契约显示为空或 0，预检保留诊断）","NPC 对话、#IF/#ACT 文本参数、系统与事件触发页","玩家脚本上下文有效期间"
"1","LFENV-SYMBOL-0398","直接","C.GENDER","","<$C.GENDER>","人物","String","玩家对象","未实现（LFENV 后续阶段）","D","真实语料或附件已登记，等待对应 LFENV Adapter 实现与契约测试。","普通","真实语料:D:/ChuanQi/服务端","否","7","","LFENV-CATALOG-001","Docs/design/scripting/翎风服务器常量与整服Envir直接运行实施规格.md","LFENV","2026-08-16","LFENV-2026-08-16-baseline","ContextUnavailable（按契约显示为空或 0，预检保留诊断）","NPC 对话、#IF/#ACT 文本参数、系统与事件触发页","玩家脚本上下文有效期间"
"1","LFENV-SYMBOL-0399","直接","C.GODBLESSITEM8","","<$C.GODBLESSITEM8>","物品事件","String","玩家对象与物品事件上下文","未实现（LFENV 后续阶段）","D","真实语料或附件已登记，等待对应 LFENV Adapter 实现与契约测试。","普通","真实语料:D:/ChuanQi/服务端","否","8","","LFENV-CATALOG-001","Docs/design/scripting/翎风服务器常量与整服Envir直接运行实施规格.md","LFENV","2026-08-16","LFENV-2026-08-16-baseline","ContextUnavailable（显示为空，预检保留诊断）","NPC 对话、#IF/#ACT 文本参数、系统与事件触发页","对应不可变物品事件 DTO 生命周期内"
"1","LFENV-SYMBOL-0400","直接","C.GODBLESSITEM9","","<$C.GODBLESSITEM9>","物品事件","String","玩家对象与物品事件上下文","未实现（LFENV 后续阶段）","D","真实语料或附件已登记，等待对应 LFENV Adapter 实现与契约测试。","普通","真实语料:D:/ChuanQi/服务端","否","10","","LFENV-CATALOG-001","Docs/design/scripting/翎风服务器常量与整服Envir直接运行实施规格.md","LFENV","2026-08-16","LFENV-2026-08-16-baseline","ContextUnavailable（显示为空，预检保留诊断）","NPC 对话、#IF/#ACT 文本参数、系统与事件触发页","对应不可变物品事件 DTO 生命周期内"
"1","LFENV-SYMBOL-0401","直接","C.GOLDCOUNT","","<$C.GOLDCOUNT>","人物","Integer","玩家对象","未实现（LFENV 后续阶段）","D","真实语料或附件已登记，等待对应 LFENV Adapter 实现与契约测试。","普通","真实语料:D:/ChuanQi/服务端","否","16","","LFENV-CATALOG-001","Docs/design/scripting/翎风服务器常量与整服Envir直接运行实施规格.md","LFENV","2026-08-16","LFENV-2026-08-16-baseline","ContextUnavailable（按契约显示为空或 0，预检保留诊断）","NPC 对话、#IF/#ACT 文本参数、系统与事件触发页","玩家脚本上下文有效期间"
"1","LFENV-SYMBOL-0402","直接","C.JOB","","<$C.JOB>","人物","String","玩家对象","未实现（LFENV 后续阶段）","D","真实语料或附件已登记，等待对应 LFENV Adapter 实现与契约测试。","普通","真实语料:D:/ChuanQi/服务端","否","6","","LFENV-CATALOG-001","Docs/design/scripting/翎风服务器常量与整服Envir直接运行实施规格.md","LFENV","2026-08-16","LFENV-2026-08-16-baseline","ContextUnavailable（按契约显示为空或 0，预检保留诊断）","NPC 对话、#IF/#ACT 文本参数、系统与事件触发页","玩家脚本上下文有效期间"
"1","LFENV-SYMBOL-0403","直接","C.LEVEL","","<$C.LEVEL>","人物","Integer","玩家对象","未实现（LFENV 后续阶段）","D","真实语料或附件已登记，等待对应 LFENV Adapter 实现与契约测试。","普通","真实语料:D:/ChuanQi/服务端","否","62","","LFENV-CATALOG-001","Docs/design/scripting/翎风服务器常量与整服Envir直接运行实施规格.md","LFENV","2026-08-16","LFENV-2026-08-16-baseline","ContextUnavailable（按契约显示为空或 0，预检保留诊断）","NPC 对话、#IF/#ACT 文本参数、系统与事件触发页","玩家脚本上下文有效期间"
"1","LFENV-SYMBOL-0404","直接","C.LUCK","","<$C.LUCK>","人物","String","玩家对象","未实现（LFENV 后续阶段）","D","真实语料或附件已登记，等待对应 LFENV Adapter 实现与契约测试。","普通","真实语料:D:/ChuanQi/服务端","否","1","","LFENV-CATALOG-001","Docs/design/scripting/翎风服务器常量与整服Envir直接运行实施规格.md","LFENV","2026-08-16","LFENV-2026-08-16-baseline","ContextUnavailable（按契约显示为空或 0，预检保留诊断）","NPC 对话、#IF/#ACT 文本参数、系统与事件触发页","玩家脚本上下文有效期间"
"1","LFENV-SYMBOL-0405","直接","C.MAC","","<$C.MAC>","人物","Integer","玩家对象","未实现（LFENV 后续阶段）","D","真实语料或附件已登记，等待对应 LFENV Adapter 实现与契约测试。","普通","真实语料:D:/ChuanQi/服务端","否","3","","LFENV-CATALOG-001","Docs/design/scripting/翎风服务器常量与整服Envir直接运行实施规格.md","LFENV","2026-08-16","LFENV-2026-08-16-baseline","ContextUnavailable（按契约显示为空或 0，预检保留诊断）","NPC 对话、#IF/#ACT 文本参数、系统与事件触发页","玩家脚本上下文有效期间"
"1","LFENV-SYMBOL-0406","直接","C.MAPTITLE","","<$C.MAPTITLE>","人物","String","玩家对象","未实现（LFENV 后续阶段）","D","真实语料或附件已登记，等待对应 LFENV Adapter 实现与契约测试。","普通","真实语料:D:/ChuanQi/服务端","否","1","","LFENV-CATALOG-001","Docs/design/scripting/翎风服务器常量与整服Envir直接运行实施规格.md","LFENV","2026-08-16","LFENV-2026-08-16-baseline","ContextUnavailable（按契约显示为空或 0，预检保留诊断）","NPC 对话、#IF/#ACT 文本参数、系统与事件触发页","玩家脚本上下文有效期间"
"1","LFENV-SYMBOL-0407","直接","C.MAXAC","","<$C.MAXAC>","人物","Integer","玩家对象","未实现（LFENV 后续阶段）","D","真实语料或附件已登记，等待对应 LFENV Adapter 实现与契约测试。","普通","真实语料:D:/ChuanQi/服务端","否","3","","LFENV-CATALOG-001","Docs/design/scripting/翎风服务器常量与整服Envir直接运行实施规格.md","LFENV","2026-08-16","LFENV-2026-08-16-baseline","ContextUnavailable（按契约显示为空或 0，预检保留诊断）","NPC 对话、#IF/#ACT 文本参数、系统与事件触发页","玩家脚本上下文有效期间"
"1","LFENV-SYMBOL-0408","直接","C.MAXASC","","<$C.MAXASC>","人物","Integer","玩家对象","未实现（LFENV 后续阶段）","D","真实语料或附件已登记，等待对应 LFENV Adapter 实现与契约测试。","普通","真实语料:D:/ChuanQi/服务端","否","1","","LFENV-CATALOG-001","Docs/design/scripting/翎风服务器常量与整服Envir直接运行实施规格.md","LFENV","2026-08-16","LFENV-2026-08-16-baseline","ContextUnavailable（按契约显示为空或 0，预检保留诊断）","NPC 对话、#IF/#ACT 文本参数、系统与事件触发页","玩家脚本上下文有效期间"
"1","LFENV-SYMBOL-0409","直接","C.MAXDC","","<$C.MAXDC>","人物","Integer","玩家对象","未实现（LFENV 后续阶段）","D","真实语料或附件已登记，等待对应 LFENV Adapter 实现与契约测试。","普通","真实语料:D:/ChuanQi/服务端","否","12","","LFENV-CATALOG-001","Docs/design/scripting/翎风服务器常量与整服Envir直接运行实施规格.md","LFENV","2026-08-16","LFENV-2026-08-16-baseline","ContextUnavailable（按契约显示为空或 0，预检保留诊断）","NPC 对话、#IF/#ACT 文本参数、系统与事件触发页","玩家脚本上下文有效期间"
"1","LFENV-SYMBOL-0410","直接","C.MAXHP","","<$C.MAXHP>","人物","Integer","玩家对象","未实现（LFENV 后续阶段）","D","真实语料或附件已登记，等待对应 LFENV Adapter 实现与契约测试。","普通","真实语料:D:/ChuanQi/服务端","否","6","","LFENV-CATALOG-001","Docs/design/scripting/翎风服务器常量与整服Envir直接运行实施规格.md","LFENV","2026-08-16","LFENV-2026-08-16-baseline","ContextUnavailable（按契约显示为空或 0，预检保留诊断）","NPC 对话、#IF/#ACT 文本参数、系统与事件触发页","玩家脚本上下文有效期间"
"1","LFENV-SYMBOL-0411","直接","C.MAXMAC","","<$C.MAXMAC>","人物","Integer","玩家对象","未实现（LFENV 后续阶段）","D","真实语料或附件已登记，等待对应 LFENV Adapter 实现与契约测试。","普通","真实语料:D:/ChuanQi/服务端","否","3","","LFENV-CATALOG-001","Docs/design/scripting/翎风服务器常量与整服Envir直接运行实施规格.md","LFENV","2026-08-16","LFENV-2026-08-16-baseline","ContextUnavailable（按契约显示为空或 0，预检保留诊断）","NPC 对话、#IF/#ACT 文本参数、系统与事件触发页","玩家脚本上下文有效期间"
"1","LFENV-SYMBOL-0412","直接","C.MAXMC","","<$C.MAXMC>","人物","Integer","玩家对象","未实现（LFENV 后续阶段）","D","真实语料或附件已登记，等待对应 LFENV Adapter 实现与契约测试。","普通","真实语料:D:/ChuanQi/服务端","否","4","","LFENV-CATALOG-001","Docs/design/scripting/翎风服务器常量与整服Envir直接运行实施规格.md","LFENV","2026-08-16","LFENV-2026-08-16-baseline","ContextUnavailable（按契约显示为空或 0，预检保留诊断）","NPC 对话、#IF/#ACT 文本参数、系统与事件触发页","玩家脚本上下文有效期间"
"1","LFENV-SYMBOL-0413","直接","C.MAXSC","","<$C.MAXSC>","人物","Integer","玩家对象","未实现（LFENV 后续阶段）","D","真实语料或附件已登记，等待对应 LFENV Adapter 实现与契约测试。","普通","真实语料:D:/ChuanQi/服务端","否","4","","LFENV-CATALOG-001","Docs/design/scripting/翎风服务器常量与整服Envir直接运行实施规格.md","LFENV","2026-08-16","LFENV-2026-08-16-baseline","ContextUnavailable（按契约显示为空或 0，预检保留诊断）","NPC 对话、#IF/#ACT 文本参数、系统与事件触发页","玩家脚本上下文有效期间"
"1","LFENV-SYMBOL-0414","直接","C.MC","","<$C.MC>","人物","Integer","玩家对象","未实现（LFENV 后续阶段）","D","真实语料或附件已登记，等待对应 LFENV Adapter 实现与契约测试。","普通","真实语料:D:/ChuanQi/服务端","否","4","","LFENV-CATALOG-001","Docs/design/scripting/翎风服务器常量与整服Envir直接运行实施规格.md","LFENV","2026-08-16","LFENV-2026-08-16-baseline","ContextUnavailable（按契约显示为空或 0，预检保留诊断）","NPC 对话、#IF/#ACT 文本参数、系统与事件触发页","玩家脚本上下文有效期间"
"1","LFENV-SYMBOL-0415","直接","C.PKPOINT","","<$C.PKPOINT>","人物","Integer","玩家对象","未实现（LFENV 后续阶段）","D","真实语料或附件已登记，等待对应 LFENV Adapter 实现与契约测试。","普通","真实语料:D:/ChuanQi/服务端","否","7","","LFENV-CATALOG-001","Docs/design/scripting/翎风服务器常量与整服Envir直接运行实施规格.md","LFENV","2026-08-16","LFENV-2026-08-16-baseline","ContextUnavailable（按契约显示为空或 0，预检保留诊断）","NPC 对话、#IF/#ACT 文本参数、系统与事件触发页","玩家脚本上下文有效期间"
"1","LFENV-SYMBOL-0416","直接","C.RELEVEL","","<$C.RELEVEL>","人物","Integer","玩家对象","未实现（LFENV 后续阶段）","D","真实语料或附件已登记，等待对应 LFENV Adapter 实现与契约测试。","普通","真实语料:D:/ChuanQi/服务端","否","15","","LFENV-CATALOG-001","Docs/design/scripting/翎风服务器常量与整服Envir直接运行实施规格.md","LFENV","2026-08-16","LFENV-2026-08-16-baseline","ContextUnavailable（按契约显示为空或 0，预检保留诊断）","NPC 对话、#IF/#ACT 文本参数、系统与事件触发页","玩家脚本上下文有效期间"
"1","LFENV-SYMBOL-0417","直接","C.SC","","<$C.SC>","人物","Integer","玩家对象","未实现（LFENV 后续阶段）","D","真实语料或附件已登记，等待对应 LFENV Adapter 实现与契约测试。","普通","真实语料:D:/ChuanQi/服务端","否","4","","LFENV-CATALOG-001","Docs/design/scripting/翎风服务器常量与整服Envir直接运行实施规格.md","LFENV","2026-08-16","LFENV-2026-08-16-baseline","ContextUnavailable（按契约显示为空或 0，预检保留诊断）","NPC 对话、#IF/#ACT 文本参数、系统与事件触发页","玩家脚本上下文有效期间"
"1","LFENV-SYMBOL-0418","直接","C.USERNAME","","<$C.USERNAME>","人物","String","玩家对象","未实现（LFENV 后续阶段）","D","真实语料或附件已登记，等待对应 LFENV Adapter 实现与契约测试。","普通","真实语料:D:/ChuanQi/服务端","否","11","","LFENV-CATALOG-001","Docs/design/scripting/翎风服务器常量与整服Envir直接运行实施规格.md","LFENV","2026-08-16","LFENV-2026-08-16-baseline","ContextUnavailable（按契约显示为空或 0，预检保留诊断）","NPC 对话、#IF/#ACT 文本参数、系统与事件触发页","玩家脚本上下文有效期间"
"1","LFENV-SYMBOL-0419","直接","C.X","","<$C.X>","人物","Integer","玩家对象","未实现（LFENV 后续阶段）","D","真实语料或附件已登记，等待对应 LFENV Adapter 实现与契约测试。","普通","真实语料:D:/ChuanQi/服务端","否","19","","LFENV-CATALOG-001","Docs/design/scripting/翎风服务器常量与整服Envir直接运行实施规格.md","LFENV","2026-08-16","LFENV-2026-08-16-baseline","ContextUnavailable（按契约显示为空或 0，预检保留诊断）","NPC 对话、#IF/#ACT 文本参数、系统与事件触发页","玩家脚本上下文有效期间"
"1","LFENV-SYMBOL-0420","直接","C.Y","","<$C.Y>","人物","Integer","玩家对象","未实现（LFENV 后续阶段）","D","真实语料或附件已登记，等待对应 LFENV Adapter 实现与契约测试。","普通","真实语料:D:/ChuanQi/服务端","否","19","","LFENV-CATALOG-001","Docs/design/scripting/翎风服务器常量与整服Envir直接运行实施规格.md","LFENV","2026-08-16","LFENV-2026-08-16-baseline","ContextUnavailable（按契约显示为空或 0，预检保留诊断）","NPC 对话、#IF/#ACT 文本参数、系统与事件触发页","玩家脚本上下文有效期间"
"1","LFENV-SYMBOL-0421","直接","CALCRESULT","","<$CALCRESULT>","人物","String","玩家对象","未实现（LFENV 后续阶段）","D","真实语料或附件已登记，等待对应 LFENV Adapter 实现与契约测试。","普通","真实语料:D:/ChuanQi/服务端","否","1","","LFENV-CATALOG-001","Docs/design/scripting/翎风服务器常量与整服Envir直接运行实施规格.md","LFENV","2026-08-16","LFENV-2026-08-16-baseline","ContextUnavailable（按契约显示为空或 0，预检保留诊断）","NPC 对话、#IF/#ACT 文本参数、系统与事件触发页","玩家脚本上下文有效期间"
"1","LFENV-SYMBOL-0422","直接","CASTLECHANGEDATE","","<$CASTLECHANGEDATE>","行会攻城","String","玩家对象与行会/城堡上下文","未实现（LFENV 后续阶段）","D","真实语料或附件已登记，等待对应 LFENV Adapter 实现与契约测试。","普通","真实语料:D:/ChuanQi/服务端","否","4","","LFENV-CATALOG-001","Docs/design/scripting/翎风服务器常量与整服Envir直接运行实施规格.md","LFENV","2026-08-16","LFENV-2026-08-16-baseline","ContextUnavailable（按契约显示为空或 0，预检保留诊断）","NPC 对话、#IF/#ACT 文本参数、系统与事件触发页","玩家脚本上下文有效期间"
"1","LFENV-SYMBOL-0423","直接","CASTLEDOORSTATE","","<$CASTLEDOORSTATE>","行会攻城","String","玩家对象与行会/城堡上下文","未实现（LFENV 后续阶段）","D","真实语料或附件已登记，等待对应 LFENV Adapter 实现与契约测试。","普通","真实语料:D:/ChuanQi/服务端","否","14","","LFENV-CATALOG-001","Docs/design/scripting/翎风服务器常量与整服Envir直接运行实施规格.md","LFENV","2026-08-16","LFENV-2026-08-16-baseline","ContextUnavailable（按契约显示为空或 0，预检保留诊断）","NPC 对话、#IF/#ACT 文本参数、系统与事件触发页","玩家脚本上下文有效期间"
"1","LFENV-SYMBOL-0424","直接","CASTLEGETDAYS","","<$CASTLEGETDAYS>","行会攻城","Integer","玩家对象与行会/城堡上下文","未实现（LFENV 后续阶段）","D","真实语料或附件已登记，等待对应 LFENV Adapter 实现与契约测试。","普通","真实语料:D:/ChuanQi/服务端;用户附件:翎风服务器常量","是","4","沙巴克占领天数,此变量需要沙巴克NPC中使用，比如沙皇宫管理人员","LFENV-CATALOG-001","Docs/design/scripting/翎风服务器常量与整服Envir直接运行实施规格.md","LFENV","2026-08-16","LFENV-2026-08-16-baseline","ContextUnavailable（按契约显示为空或 0，预检保留诊断）","NPC 对话、#IF/#ACT 文本参数、系统与事件触发页","玩家脚本上下文有效期间"
"1","LFENV-SYMBOL-0425","直接","CASTLEGOLD","","<$CASTLEGOLD>","行会攻城","Integer","玩家对象与行会/城堡上下文","未实现（LFENV 后续阶段）","D","真实语料或附件已登记，等待对应 LFENV Adapter 实现与契约测试。","普通","真实语料:D:/ChuanQi/服务端","否","16","","LFENV-CATALOG-001","Docs/design/scripting/翎风服务器常量与整服Envir直接运行实施规格.md","LFENV","2026-08-16","LFENV-2026-08-16-baseline","ContextUnavailable（按契约显示为空或 0，预检保留诊断）","NPC 对话、#IF/#ACT 文本参数、系统与事件触发页","玩家脚本上下文有效期间"
"1","LFENV-SYMBOL-0426","直接","CASTLENAME","","<$CASTLENAME>","行会攻城","String","玩家对象与行会/城堡上下文","未实现（LFENV 后续阶段）","D","真实语料或附件已登记，等待对应 LFENV Adapter 实现与契约测试。","普通","用户附件:翎风服务器常量","是","0","沙巴克名称","LFENV-CATALOG-001","Docs/design/scripting/翎风服务器常量与整服Envir直接运行实施规格.md","LFENV","2026-08-16","LFENV-2026-08-16-baseline","ContextUnavailable（按契约显示为空或 0，预检保留诊断）","NPC 对话、#IF/#ACT 文本参数、系统与事件触发页","玩家脚本上下文有效期间"
"1","LFENV-SYMBOL-0427","直接","CASTLEWARDATE","","<$CASTLEWARDATE>","行会攻城","String","玩家对象与行会/城堡上下文","未实现（LFENV 后续阶段）","D","真实语料或附件已登记，等待对应 LFENV Adapter 实现与契约测试。","普通","真实语料:D:/ChuanQi/服务端;用户附件:翎风服务器常量","是","38","获取攻城时间","LFENV-CATALOG-001","Docs/design/scripting/翎风服务器常量与整服Envir直接运行实施规格.md","LFENV","2026-08-16","LFENV-2026-08-16-baseline","ContextUnavailable（按契约显示为空或 0，预检保留诊断）","NPC 对话、#IF/#ACT 文本参数、系统与事件触发页","玩家脚本上下文有效期间"
"1","LFENV-SYMBOL-0428","直接","CASTLEWARLASTDATE","","<$CASTLEWARLASTDATE>","行会攻城","String","玩家对象与行会/城堡上下文","未实现（LFENV 后续阶段）","D","真实语料或附件已登记，等待对应 LFENV Adapter 实现与契约测试。","普通","用户附件:翎风服务器常量","是","0","上次攻城时间","LFENV-CATALOG-001","Docs/design/scripting/翎风服务器常量与整服Envir直接运行实施规格.md","LFENV","2026-08-16","LFENV-2026-08-16-baseline","ContextUnavailable（按契约显示为空或 0，预检保留诊断）","NPC 对话、#IF/#ACT 文本参数、系统与事件触发页","玩家脚本上下文有效期间"
"1","LFENV-SYMBOL-0429","直接","CHARM","STONE","<$CHARM>","物品事件","String","玩家对象与物品事件上下文","LingFengP0ServerSymbols + ScriptTextRenderer","B","已通过 LFENV-05 P0 Adapter、统一 Renderer、真实 NPC/条件动作/系统触发/ScriptApi 入口与旧分支回归测试。","普通","真实语料:D:/ChuanQi/服务端;用户附件:翎风服务器常量","是","701","宝石","LFENV-CATALOG-001","Docs/design/scripting/翎风服务器常量与整服Envir直接运行实施规格.md","LFENV","2026-08-16","LFENV-2026-08-16-baseline","ContextUnavailable（显示为空，预检保留诊断）","NPC 对话、#IF/#ACT 文本参数、系统与事件触发页","对应不可变物品事件 DTO 生命周期内"
"1","LFENV-SYMBOL-0430","直接","CLIENTBUILDVER","","<$CLIENTBUILDVER>","服务器与时间","String","服务器环境上下文","未实现（LFENV 后续阶段）","D","真实语料或附件已登记，等待对应 LFENV Adapter 实现与契约测试。","普通","用户附件:翎风服务器常量","是","0","登录器内核版本号","LFENV-CATALOG-001","Docs/design/scripting/翎风服务器常量与整服Envir直接运行实施规格.md","LFENV","2026-08-16","LFENV-2026-08-16-baseline","ContextUnavailable（按契约显示为空或 0，预检保留诊断）","NPC 对话、#IF/#ACT 文本参数、系统与事件触发页","脚本执行期间读取服务器只读快照"
"1","LFENV-SYMBOL-0431","直接","CLIENTDOWNLOAD","","<$CLIENTDOWNLOAD>","服务器与时间","String","服务器环境上下文","未实现（LFENV 后续阶段）","D","真实语料或附件已登记，等待对应 LFENV Adapter 实现与契约测试。","普通","用户附件:翎风服务器常量","是","0","客户端程序下载地址","LFENV-CATALOG-001","Docs/design/scripting/翎风服务器常量与整服Envir直接运行实施规格.md","LFENV","2026-08-16","LFENV-2026-08-16-baseline","ContextUnavailable（按契约显示为空或 0，预检保留诊断）","NPC 对话、#IF/#ACT 文本参数、系统与事件触发页","脚本执行期间读取服务器只读快照"
"1","LFENV-SYMBOL-0432","直接","CLIENTHEIGHT","","<$CLIENTHEIGHT>","服务器与时间","String","服务器环境上下文","未实现（LFENV 后续阶段）","D","真实语料或附件已登记，等待对应 LFENV Adapter 实现与契约测试。","普通","真实语料:D:/ChuanQi/服务端","否","182","","LFENV-CATALOG-001","Docs/design/scripting/翎风服务器常量与整服Envir直接运行实施规格.md","LFENV","2026-08-16","LFENV-2026-08-16-baseline","ContextUnavailable（按契约显示为空或 0，预检保留诊断）","NPC 对话、#IF/#ACT 文本参数、系统与事件触发页","脚本执行期间读取服务器只读快照"
"1","LFENV-SYMBOL-0433","直接","CLIENTWIDTH","","<$CLIENTWIDTH>","服务器与时间","String","服务器环境上下文","未实现（LFENV 后续阶段）","D","真实语料或附件已登记，等待对应 LFENV Adapter 实现与契约测试。","普通","真实语料:D:/ChuanQi/服务端","否","269","","LFENV-CATALOG-001","Docs/design/scripting/翎风服务器常量与整服Envir直接运行实施规格.md","LFENV","2026-08-16","LFENV-2026-08-16-baseline","ContextUnavailable（按契约显示为空或 0，预检保留诊断）","NPC 对话、#IF/#ACT 文本参数、系统与事件触发页","脚本执行期间读取服务器只读快照"
"1","LFENV-SYMBOL-0434","直接","COLLECTTARGETNAME","","<$COLLECTTARGETNAME>","人物","String","玩家对象","未实现（LFENV 后续阶段）","D","真实语料或附件已登记，等待对应 LFENV Adapter 实现与契约测试。","普通","真实语料:D:/ChuanQi/服务端","否","42","","LFENV-CATALOG-001","Docs/design/scripting/翎风服务器常量与整服Envir直接运行实施规格.md","LFENV","2026-08-16","LFENV-2026-08-16-baseline","ContextUnavailable（按契约显示为空或 0，预检保留诊断）","NPC 对话、#IF/#ACT 文本参数、系统与事件触发页","玩家脚本上下文有效期间"
"1","LFENV-SYMBOL-0435","直接","COMBATPOWER","","<$COMBATPOWER>","人物","String","玩家对象","未实现（LFENV 后续阶段）","D","真实语料或附件已登记，等待对应 LFENV Adapter 实现与契约测试。","普通","真实语料:D:/ChuanQi/服务端;用户附件:翎风服务器常量","是","7","人物战斗力","LFENV-CATALOG-001","Docs/design/scripting/翎风服务器常量与整服Envir直接运行实施规格.md","LFENV","2026-08-16","LFENV-2026-08-16-baseline","ContextUnavailable（按契约显示为空或 0，预检保留诊断）","NPC 对话、#IF/#ACT 文本参数、系统与事件触发页","玩家脚本上下文有效期间"
"1","LFENV-SYMBOL-0436","直接","CREDITPOINT","CREDIT","<$CREDITPOINT>","人物","Integer","玩家对象","LingFengP0ServerSymbols + ScriptTextRenderer","B","已通过 LFENV-05 P0 Adapter、统一 Renderer、真实 NPC/条件动作/系统触发/ScriptApi 入口与旧分支回归测试。","普通","真实语料:D:/ChuanQi/服务端;用户附件:翎风服务器常量","是","456","声望点数","LFENV-CATALOG-001","Docs/design/scripting/翎风服务器常量与整服Envir直接运行实施规格.md","LFENV","2026-08-16","LFENV-2026-08-16-baseline","ContextUnavailable（按契约显示为空或 0，预检保留诊断）","NPC 对话、#IF/#ACT 文本参数、系统与事件触发页","玩家脚本上下文有效期间"
"1","LFENV-SYMBOL-0437","直接","CRYSTALEXP","","<$CRYSTALEXP>","人物","Integer","玩家对象","未实现（LFENV 后续阶段）","D","真实语料或附件已登记，等待对应 LFENV Adapter 实现与契约测试。","普通","用户附件:翎风服务器常量","是","0","天地结晶当前的经验","LFENV-CATALOG-001","Docs/design/scripting/翎风服务器常量与整服Envir直接运行实施规格.md","LFENV","2026-08-16","LFENV-2026-08-16-baseline","ContextUnavailable（按契约显示为空或 0，预检保留诊断）","NPC 对话、#IF/#ACT 文本参数、系统与事件触发页","玩家脚本上下文有效期间"
"1","LFENV-SYMBOL-0438","直接","CRYSTALLEVEL","","<$CRYSTALLEVEL>","人物","Integer","玩家对象","未实现（LFENV 后续阶段）","D","真实语料或附件已登记，等待对应 LFENV Adapter 实现与契约测试。","普通","用户附件:翎风服务器常量","是","0","天地结晶等级","LFENV-CATALOG-001","Docs/design/scripting/翎风服务器常量与整服Envir直接运行实施规格.md","LFENV","2026-08-16","LFENV-2026-08-16-baseline","ContextUnavailable（按契约显示为空或 0，预检保留诊断）","NPC 对话、#IF/#ACT 文本参数、系统与事件触发页","玩家脚本上下文有效期间"
"1","LFENV-SYMBOL-0439","直接","CRYSTALNGEXP","","<$CRYSTALNGEXP>","人物","Integer","玩家对象","未实现（LFENV 后续阶段）","D","真实语料或附件已登记，等待对应 LFENV Adapter 实现与契约测试。","普通","用户附件:翎风服务器常量","是","0","天地结晶当前的内功经验","LFENV-CATALOG-001","Docs/design/scripting/翎风服务器常量与整服Envir直接运行实施规格.md","LFENV","2026-08-16","LFENV-2026-08-16-baseline","ContextUnavailable（按契约显示为空或 0，预检保留诊断）","NPC 对话、#IF/#ACT 文本参数、系统与事件触发页","玩家脚本上下文有效期间"
"1","LFENV-SYMBOL-0440","直接","CURITEMMAKEINDEX","","<$CURITEMMAKEINDEX>","物品事件","Integer","玩家对象与物品事件上下文","未实现（LFENV 后续阶段）","D","真实语料或附件已登记，等待对应 LFENV Adapter 实现与契约测试。","普通","真实语料:D:/ChuanQi/服务端","否","30","","LFENV-CATALOG-001","Docs/design/scripting/翎风服务器常量与整服Envir直接运行实施规格.md","LFENV","2026-08-16","LFENV-2026-08-16-baseline","ContextUnavailable（显示为空，预检保留诊断）","NPC 对话、#IF/#ACT 文本参数、系统与事件触发页","对应不可变物品事件 DTO 生命周期内"
"1","LFENV-SYMBOL-0441","直接","CURITEMMONEYTYPE","","<$CURITEMMONEYTYPE>","物品事件","String","玩家对象与物品事件上下文","未实现（LFENV 后续阶段）","D","真实语料或附件已登记，等待对应 LFENV Adapter 实现与契约测试。","普通","真实语料:D:/ChuanQi/服务端","否","17","","LFENV-CATALOG-001","Docs/design/scripting/翎风服务器常量与整服Envir直接运行实施规格.md","LFENV","2026-08-16","LFENV-2026-08-16-baseline","ContextUnavailable（显示为空，预检保留诊断）","NPC 对话、#IF/#ACT 文本参数、系统与事件触发页","对应不可变物品事件 DTO 生命周期内"
"1","LFENV-SYMBOL-0442","直接","CURITEMMONEYTYPEVALUE","","<$CURITEMMONEYTYPEVALUE>","物品事件","String","玩家对象与物品事件上下文","未实现（LFENV 后续阶段）","D","真实语料或附件已登记，等待对应 LFENV Adapter 实现与契约测试。","普通","真实语料:D:/ChuanQi/服务端","否","80","","LFENV-CATALOG-001","Docs/design/scripting/翎风服务器常量与整服Envir直接运行实施规格.md","LFENV","2026-08-16","LFENV-2026-08-16-baseline","ContextUnavailable（显示为空，预检保留诊断）","NPC 对话、#IF/#ACT 文本参数、系统与事件触发页","对应不可变物品事件 DTO 生命周期内"
"1","LFENV-SYMBOL-0443","直接","CURITEMNAME","","<$CURITEMNAME>","物品事件","String","玩家对象与物品事件上下文","未实现（LFENV 后续阶段）","D","真实语料或附件已登记，等待对应 LFENV Adapter 实现与契约测试。","普通","真实语料:D:/ChuanQi/服务端","否","2232","","LFENV-CATALOG-001","Docs/design/scripting/翎风服务器常量与整服Envir直接运行实施规格.md","LFENV","2026-08-16","LFENV-2026-08-16-baseline","ContextUnavailable（显示为空，预检保留诊断）","NPC 对话、#IF/#ACT 文本参数、系统与事件触发页","对应不可变物品事件 DTO 生命周期内"
"1","LFENV-SYMBOL-0444","直接","CURITEMOVERLAPCOUNT","","<$CURITEMOVERLAPCOUNT>","物品事件","Integer","玩家对象与物品事件上下文","未实现（LFENV 后续阶段）","D","真实语料或附件已登记，等待对应 LFENV Adapter 实现与契约测试。","普通","真实语料:D:/ChuanQi/服务端","否","12","","LFENV-CATALOG-001","Docs/design/scripting/翎风服务器常量与整服Envir直接运行实施规格.md","LFENV","2026-08-16","LFENV-2026-08-16-baseline","ContextUnavailable（显示为空，预检保留诊断）","NPC 对话、#IF/#ACT 文本参数、系统与事件触发页","对应不可变物品事件 DTO 生命周期内"
"1","LFENV-SYMBOL-0445","直接","CURITEMPOS","","<$CURITEMPOS>","物品事件","String","玩家对象与物品事件上下文","未实现（LFENV 后续阶段）","D","真实语料或附件已登记，等待对应 LFENV Adapter 实现与契约测试。","普通","真实语料:D:/ChuanQi/服务端","否","1133","","LFENV-CATALOG-001","Docs/design/scripting/翎风服务器常量与整服Envir直接运行实施规格.md","LFENV","2026-08-16","LFENV-2026-08-16-baseline","ContextUnavailable（显示为空，预检保留诊断）","NPC 对话、#IF/#ACT 文本参数、系统与事件触发页","对应不可变物品事件 DTO 生命周期内"
"1","LFENV-SYMBOL-0446","直接","CURITEMPRICES","","<$CURITEMPRICES>","物品事件","String","玩家对象与物品事件上下文","未实现（LFENV 后续阶段）","D","真实语料或附件已登记，等待对应 LFENV Adapter 实现与契约测试。","普通","真实语料:D:/ChuanQi/服务端","否","62","","LFENV-CATALOG-001","Docs/design/scripting/翎风服务器常量与整服Envir直接运行实施规格.md","LFENV","2026-08-16","LFENV-2026-08-16-baseline","ContextUnavailable（显示为空，预检保留诊断）","NPC 对话、#IF/#ACT 文本参数、系统与事件触发页","对应不可变物品事件 DTO 生命周期内"
"1","LFENV-SYMBOL-0447","直接","CURRRTARGETFULLNAME","","<$CURRRTARGETFULLNAME>","战斗事件","String","玩家对象与战斗事件上下文","未实现（LFENV 后续阶段）","D","真实语料或附件已登记，等待对应 LFENV Adapter 实现与契约测试。","普通","真实语料:D:/ChuanQi/服务端","否","159","","LFENV-CATALOG-001","Docs/design/scripting/翎风服务器常量与整服Envir直接运行实施规格.md","LFENV","2026-08-16","LFENV-2026-08-16-baseline","ContextUnavailable（显示为空，预检保留诊断）","NPC 对话、#IF/#ACT 文本参数、系统与事件触发页","对应不可变战斗事件 DTO 生命周期内"
"1","LFENV-SYMBOL-0448","直接","CURRRTARGETNAME","","<$CURRRTARGETNAME>","战斗事件","String","玩家对象与战斗事件上下文","未实现（LFENV 后续阶段）","D","真实语料或附件已登记，等待对应 LFENV Adapter 实现与契约测试。","普通","真实语料:D:/ChuanQi/服务端;用户附件:翎风服务器常量","是","3057","被杀者变量","LFENV-CATALOG-001","Docs/design/scripting/翎风服务器常量与整服Envir直接运行实施规格.md","LFENV","2026-08-16","LFENV-2026-08-16-baseline","ContextUnavailable（显示为空，预检保留诊断）","NPC 对话、#IF/#ACT 文本参数、系统与事件触发页","对应不可变战斗事件 DTO 生命周期内"
"1","LFENV-SYMBOL-0449","直接","CURRRUSEMAGICID","","<$CURRRUSEMAGICID>","人物","String","玩家对象","未实现（LFENV 后续阶段）","D","真实语料或附件已登记，等待对应 LFENV Adapter 实现与契约测试。","普通","真实语料:D:/ChuanQi/服务端;用户附件:翎风服务器常量","是","1440","人物当前攻击技能ID","LFENV-CATALOG-001","Docs/design/scripting/翎风服务器常量与整服Envir直接运行实施规格.md","LFENV","2026-08-16","LFENV-2026-08-16-baseline","ContextUnavailable（按契约显示为空或 0，预检保留诊断）","NPC 对话、#IF/#ACT 文本参数、系统与事件触发页","玩家脚本上下文有效期间"
"1","LFENV-SYMBOL-0450","直接","CURRTEMSTDMODE","","<$CURRTEMSTDMODE>","人物","Integer","玩家对象","未实现（LFENV 后续阶段）","D","真实语料或附件已登记，等待对应 LFENV Adapter 实现与契约测试。","普通","真实语料:D:/ChuanQi/服务端","否","23","","LFENV-CATALOG-001","Docs/design/scripting/翎风服务器常量与整服Envir直接运行实施规格.md","LFENV","2026-08-16","LFENV-2026-08-16-baseline","ContextUnavailable（按契约显示为空或 0，预检保留诊断）","NPC 对话、#IF/#ACT 文本参数、系统与事件触发页","玩家脚本上下文有效期间"
"1","LFENV-SYMBOL-0451","直接","CURSLAVEFULLNAME","","<$CURSLAVEFULLNAME>","宠物","String","玩家对象与宠物对象","未实现（LFENV 后续阶段）","D","真实语料或附件已登记，等待对应 LFENV Adapter 实现与契约测试。","普通","真实语料:D:/ChuanQi/服务端","否","3","","LFENV-CATALOG-001","Docs/design/scripting/翎风服务器常量与整服Envir直接运行实施规格.md","LFENV","2026-08-16","LFENV-2026-08-16-baseline","ContextUnavailable（按契约显示为空或 0，预检保留诊断）","NPC 对话、#IF/#ACT 文本参数、系统与事件触发页","玩家脚本上下文有效期间"
"1","LFENV-SYMBOL-0452","直接","CURSLAVENAME","","<$CURSLAVENAME>","宠物","String","玩家对象与宠物对象","未实现（LFENV 后续阶段）","D","真实语料或附件已登记，等待对应 LFENV Adapter 实现与契约测试。","普通","真实语料:D:/ChuanQi/服务端","否","54","","LFENV-CATALOG-001","Docs/design/scripting/翎风服务器常量与整服Envir直接运行实施规格.md","LFENV","2026-08-16","LFENV-2026-08-16-baseline","ContextUnavailable（按契约显示为空或 0，预检保留诊断）","NPC 对话、#IF/#ACT 文本参数、系统与事件触发页","玩家脚本上下文有效期间"
"1","LFENV-SYMBOL-0453","直接","CURTARGETMASTERNAME","","<$CURTARGETMASTERNAME>","人物","String","玩家对象","未实现（LFENV 后续阶段）","D","真实语料或附件已登记，等待对应 LFENV Adapter 实现与契约测试。","普通","真实语料:D:/ChuanQi/服务端;用户附件:翎风服务器常量","是","48","当前攻击目标的主人名(英雄、宝宝)","LFENV-CATALOG-001","Docs/design/scripting/翎风服务器常量与整服Envir直接运行实施规格.md","LFENV","2026-08-16","LFENV-2026-08-16-baseline","ContextUnavailable（按契约显示为空或 0，预检保留诊断）","NPC 对话、#IF/#ACT 文本参数、系统与事件触发页","玩家脚本上下文有效期间"
"1","LFENV-SYMBOL-0454","直接","CURUSERNAME","","<$CURUSERNAME>","人物","String","玩家对象","未实现（LFENV 后续阶段）","D","真实语料或附件已登记，等待对应 LFENV Adapter 实现与契约测试。","普通","真实语料:D:/ChuanQi/服务端","否","64","","LFENV-CATALOG-001","Docs/design/scripting/翎风服务器常量与整服Envir直接运行实施规格.md","LFENV","2026-08-16","LFENV-2026-08-16-baseline","ContextUnavailable（按契约显示为空或 0，预检保留诊断）","NPC 对话、#IF/#ACT 文本参数、系统与事件触发页","玩家脚本上下文有效期间"
"1","LFENV-SYMBOL-0455","直接","CUSTOMBUTTONID","","<$CUSTOMBUTTONID>","人物","String","玩家对象","未实现（LFENV 后续阶段）","D","真实语料或附件已登记，等待对应 LFENV Adapter 实现与契约测试。","普通","真实语料:D:/ChuanQi/服务端","否","280","","LFENV-CATALOG-001","Docs/design/scripting/翎风服务器常量与整服Envir直接运行实施规格.md","LFENV","2026-08-16","LFENV-2026-08-16-baseline","ContextUnavailable（按契约显示为空或 0，预检保留诊断）","NPC 对话、#IF/#ACT 文本参数、系统与事件触发页","玩家脚本上下文有效期间"
"1","LFENV-SYMBOL-0456","直接","CUSTOMITEM0","","<$CUSTOMITEM0>","人物","String","玩家对象","未实现（LFENV 后续阶段）","D","真实语料或附件已登记，等待对应 LFENV Adapter 实现与契约测试。","普通","真实语料:D:/ChuanQi/服务端","否","19","","LFENV-CATALOG-001","Docs/design/scripting/翎风服务器常量与整服Envir直接运行实施规格.md","LFENV","2026-08-16","LFENV-2026-08-16-baseline","ContextUnavailable（按契约显示为空或 0，预检保留诊断）","NPC 对话、#IF/#ACT 文本参数、系统与事件触发页","玩家脚本上下文有效期间"
"1","LFENV-SYMBOL-0457","直接","DAMAGEVALUE","","<$DAMAGEVALUE>","战斗事件","String","玩家对象与战斗事件上下文","未实现（LFENV 后续阶段）","D","真实语料或附件已登记，等待对应 LFENV Adapter 实现与契约测试。","普通","真实语料:D:/ChuanQi/服务端","否","322","","LFENV-CATALOG-001","Docs/design/scripting/翎风服务器常量与整服Envir直接运行实施规格.md","LFENV","2026-08-16","LFENV-2026-08-16-baseline","ContextUnavailable（显示为空，预检保留诊断）","NPC 对话、#IF/#ACT 文本参数、系统与事件触发页","对应不可变战斗事件 DTO 生命周期内"
"1","LFENV-SYMBOL-0458","直接","DATE","","<$DATE>","服务器与时间","String","服务器环境上下文","LingFengP0ServerSymbols + ScriptTextRenderer","B","已通过 LFENV-05 P0 Adapter、统一 Renderer、真实 NPC/条件动作/系统触发/ScriptApi 入口与旧分支回归测试。","普通","真实语料:D:/ChuanQi/服务端;用户附件:翎风服务器常量","是","84","当前日期 格式:2021-01-11","LFENV-CATALOG-001","Docs/design/scripting/翎风服务器常量与整服Envir直接运行实施规格.md","LFENV","2026-08-16","LFENV-2026-08-16-baseline","ContextUnavailable（按契约显示为空或 0，预检保留诊断）","NPC 对话、#IF/#ACT 文本参数、系统与事件触发页","脚本执行期间读取服务器只读快照"
"1","LFENV-SYMBOL-0459","直接","DATETIME","","<$DATETIME>","服务器与时间","Integer","服务器环境上下文","LingFengP0ServerSymbols + ScriptTextRenderer","B","已通过 LFENV-05 P0 Adapter、统一 Renderer、真实 NPC/条件动作/系统触发/ScriptApi 入口与旧分支回归测试。","普通","真实语料:D:/ChuanQi/服务端;用户附件:翎风服务器常量","是","551","当前日期时间","LFENV-CATALOG-001","Docs/design/scripting/翎风服务器常量与整服Envir直接运行实施规格.md","LFENV","2026-08-16","LFENV-2026-08-16-baseline","ContextUnavailable（按契约显示为空或 0，预检保留诊断）","NPC 对话、#IF/#ACT 文本参数、系统与事件触发页","脚本执行期间读取服务器只读快照"
"1","LFENV-SYMBOL-0460","直接","DAY","","<$DAY>","服务器与时间","Integer","服务器环境上下文","LingFengP0ServerSymbols + ScriptTextRenderer","B","已通过 LFENV-05 P0 Adapter、统一 Renderer、真实 NPC/条件动作/系统触发/ScriptApi 入口与旧分支回归测试。","普通","真实语料:D:/ChuanQi/服务端;用户附件:翎风服务器常量","是","466","当前日期","LFENV-CATALOG-001","Docs/design/scripting/翎风服务器常量与整服Envir直接运行实施规格.md","LFENV","2026-08-16","LFENV-2026-08-16-baseline","ContextUnavailable（按契约显示为空或 0，预检保留诊断）","NPC 对话、#IF/#ACT 文本参数、系统与事件触发页","脚本执行期间读取服务器只读快照"
"1","LFENV-SYMBOL-0461","直接","DC","","<$DC>","人物","Integer","玩家对象","LingFengP0ServerSymbols + ScriptTextRenderer","B","已通过 LFENV-05 P0 Adapter、统一 Renderer、真实 NPC/条件动作/系统触发/ScriptApi 入口与旧分支回归测试。","普通","真实语料:D:/ChuanQi/服务端;用户附件:翎风服务器常量","是","228","物理攻击力","LFENV-CATALOG-001","Docs/design/scripting/翎风服务器常量与整服Envir直接运行实施规格.md","LFENV","2026-08-16","LFENV-2026-08-16-baseline","ContextUnavailable（按契约显示为空或 0，预检保留诊断）","NPC 对话、#IF/#ACT 文本参数、系统与事件触发页","玩家脚本上下文有效期间"
"1","LFENV-SYMBOL-0462","直接","DEARNAME","","<$DEARNAME>","人物","String","玩家对象","未实现（LFENV 后续阶段）","D","真实语料或附件已登记，等待对应 LFENV Adapter 实现与契约测试。","普通","真实语料:D:/ChuanQi/服务端;用户附件:翎风服务器常量","是","27","配偶的名字","LFENV-CATALOG-001","Docs/design/scripting/翎风服务器常量与整服Envir直接运行实施规格.md","LFENV","2026-08-16","LFENV-2026-08-16-baseline","ContextUnavailable（按契约显示为空或 0，预检保留诊断）","NPC 对话、#IF/#ACT 文本参数、系统与事件触发页","玩家脚本上下文有效期间"
"1","LFENV-SYMBOL-0463","直接","DIR","","<$DIR>","人物","String","玩家对象","未实现（LFENV 后续阶段）","D","真实语料或附件已登记，等待对应 LFENV Adapter 实现与契约测试。","普通","真实语料:D:/ChuanQi/服务端","否","46","","LFENV-CATALOG-001","Docs/design/scripting/翎风服务器常量与整服Envir直接运行实施规格.md","LFENV","2026-08-16","LFENV-2026-08-16-baseline","ContextUnavailable（按契约显示为空或 0，预检保留诊断）","NPC 对话、#IF/#ACT 文本参数、系统与事件触发页","玩家脚本上下文有效期间"
"1","LFENV-SYMBOL-0464","直接","DLGITEM.NAME","","<$DLGITEM.NAME>","人物","String","玩家对象","未实现（LFENV 后续阶段）","D","真实语料或附件已登记，等待对应 LFENV Adapter 实现与契约测试。","普通","真实语料:D:/ChuanQi/服务端","否","18","","LFENV-CATALOG-001","Docs/design/scripting/翎风服务器常量与整服Envir直接运行实施规格.md","LFENV","2026-08-16","LFENV-2026-08-16-baseline","ContextUnavailable（按契约显示为空或 0，预检保留诊断）","NPC 对话、#IF/#ACT 文本参数、系统与事件触发页","玩家脚本上下文有效期间"
"1","LFENV-SYMBOL-0465","直接","DRESS","","<$DRESS>","物品事件","String","玩家对象与物品事件上下文","LingFengP0ServerSymbols + ScriptTextRenderer","B","已通过 LFENV-05 P0 Adapter、统一 Renderer、真实 NPC/条件动作/系统触发/ScriptApi 入口与旧分支回归测试。","普通","真实语料:D:/ChuanQi/服务端;用户附件:翎风服务器常量","是","318","衣服","LFENV-CATALOG-001","Docs/design/scripting/翎风服务器常量与整服Envir直接运行实施规格.md","LFENV","2026-08-16","LFENV-2026-08-16-baseline","ContextUnavailable（显示为空，预检保留诊断）","NPC 对话、#IF/#ACT 文本参数、系统与事件触发页","对应不可变物品事件 DTO 生命周期内"
"1","LFENV-SYMBOL-0466","直接","DROPINSURANCEITEMCOUNT","","<$DROPINSURANCEITEMCOUNT>","人物","Integer","玩家对象","未实现（LFENV 后续阶段）","D","真实语料或附件已登记，等待对应 LFENV Adapter 实现与契约测试。","普通","真实语料:D:/ChuanQi/服务端","否","2","","LFENV-CATALOG-001","Docs/design/scripting/翎风服务器常量与整服Envir直接运行实施规格.md","LFENV","2026-08-16","LFENV-2026-08-16-baseline","ContextUnavailable（按契约显示为空或 0，预检保留诊断）","NPC 对话、#IF/#ACT 文本参数、系统与事件触发页","玩家脚本上下文有效期间"
"1","LFENV-SYMBOL-0467","直接","DROPINSURANCEITEMGOLD","","<$DROPINSURANCEITEMGOLD>","人物","Integer","玩家对象","未实现（LFENV 后续阶段）","D","真实语料或附件已登记，等待对应 LFENV Adapter 实现与契约测试。","普通","真实语料:D:/ChuanQi/服务端","否","1","","LFENV-CATALOG-001","Docs/design/scripting/翎风服务器常量与整服Envir直接运行实施规格.md","LFENV","2026-08-16","LFENV-2026-08-16-baseline","ContextUnavailable（按契约显示为空或 0，预检保留诊断）","NPC 对话、#IF/#ACT 文本参数、系统与事件触发页","玩家脚本上下文有效期间"
"1","LFENV-SYMBOL-0468","直接","DROPINSURANCEITEMNAME","","<$DROPINSURANCEITEMNAME>","人物","String","玩家对象","未实现（LFENV 后续阶段）","D","真实语料或附件已登记，等待对应 LFENV Adapter 实现与契约测试。","普通","真实语料:D:/ChuanQi/服务端","否","17","","LFENV-CATALOG-001","Docs/design/scripting/翎风服务器常量与整服Envir直接运行实施规格.md","LFENV","2026-08-16","LFENV-2026-08-16-baseline","ContextUnavailable（按契约显示为空或 0，预检保留诊断）","NPC 对话、#IF/#ACT 文本参数、系统与事件触发页","玩家脚本上下文有效期间"
"1","LFENV-SYMBOL-0469","直接","DRUM","","<$DRUM>","人物","String","玩家对象","未实现（LFENV 后续阶段）","D","真实语料或附件已登记，等待对应 LFENV Adapter 实现与契约测试。","普通","真实语料:D:/ChuanQi/服务端;用户附件:翎风服务器常量","是","128","军鼓变量","LFENV-CATALOG-001","Docs/design/scripting/翎风服务器常量与整服Envir直接运行实施规格.md","LFENV","2026-08-16","LFENV-2026-08-16-baseline","ContextUnavailable（按契约显示为空或 0，预检保留诊断）","NPC 对话、#IF/#ACT 文本参数、系统与事件触发页","玩家脚本上下文有效期间"
"1","LFENV-SYMBOL-0470","直接","DUMMYCOUNT","","<$DUMMYCOUNT>","人物","Integer","玩家对象","LingFengP0ServerSymbols + ScriptTextRenderer","B","已通过 LFENV-05 只读兼容显示契约；当前模型无独立字段时返回 0 或“空”，并携带 CompatibilitySubstitute 结构化诊断。","普通","真实语料:D:/ChuanQi/服务端;用户附件:翎风服务器常量","是","8","在线的假人数","LFENV-CATALOG-001","Docs/design/scripting/翎风服务器常量与整服Envir直接运行实施规格.md","LFENV","2026-08-16","LFENV-2026-08-16-baseline","ContextUnavailable（按契约显示为空或 0，预检保留诊断）","NPC 对话、#IF/#ACT 文本参数、系统与事件触发页","玩家脚本上下文有效期间"
"1","LFENV-SYMBOL-0471","直接","EL","","<$EL>","人物","String","玩家对象","未实现（LFENV 后续阶段）","D","真实语料或附件已登记，等待对应 LFENV Adapter 实现与契约测试。","普通","真实语料:D:/ChuanQi/服务端","否","9","","LFENV-CATALOG-001","Docs/design/scripting/翎风服务器常量与整服Envir直接运行实施规格.md","LFENV","2026-08-16","LFENV-2026-08-16-baseline","ContextUnavailable（按契约显示为空或 0，预检保留诊断）","NPC 对话、#IF/#ACT 文本参数、系统与事件触发页","玩家脚本上下文有效期间"
"1","LFENV-SYMBOL-0472","直接","ELEMENT","","<$ELEMENT>","人物","String","玩家对象","未实现（LFENV 后续阶段）","D","真实语料或附件已登记，等待对应 LFENV Adapter 实现与契约测试。","普通","真实语料:D:/ChuanQi/服务端","否","49","","LFENV-CATALOG-001","Docs/design/scripting/翎风服务器常量与整服Envir直接运行实施规格.md","LFENV","2026-08-16","LFENV-2026-08-16-baseline","ContextUnavailable（按契约显示为空或 0，预检保留诊断）","NPC 对话、#IF/#ACT 文本参数、系统与事件触发页","玩家脚本上下文有效期间"
"1","LFENV-SYMBOL-0473","直接","ELEMENT1","","<$ELEMENT1>","人物","String","玩家对象","未实现（LFENV 后续阶段）","D","真实语料或附件已登记，等待对应 LFENV Adapter 实现与契约测试。","普通","真实语料:D:/ChuanQi/服务端","否","70","","LFENV-CATALOG-001","Docs/design/scripting/翎风服务器常量与整服Envir直接运行实施规格.md","LFENV","2026-08-16","LFENV-2026-08-16-baseline","ContextUnavailable（按契约显示为空或 0，预检保留诊断）","NPC 对话、#IF/#ACT 文本参数、系统与事件触发页","玩家脚本上下文有效期间"
"1","LFENV-SYMBOL-0474","直接","ELEMENT10","","<$ELEMENT10>","人物","String","玩家对象","未实现（LFENV 后续阶段）","D","真实语料或附件已登记，等待对应 LFENV Adapter 实现与契约测试。","普通","真实语料:D:/ChuanQi/服务端","否","12","","LFENV-CATALOG-001","Docs/design/scripting/翎风服务器常量与整服Envir直接运行实施规格.md","LFENV","2026-08-16","LFENV-2026-08-16-baseline","ContextUnavailable（按契约显示为空或 0，预检保留诊断）","NPC 对话、#IF/#ACT 文本参数、系统与事件触发页","玩家脚本上下文有效期间"
"1","LFENV-SYMBOL-0475","直接","ELEMENT11","","<$ELEMENT11>","人物","String","玩家对象","未实现（LFENV 后续阶段）","D","真实语料或附件已登记，等待对应 LFENV Adapter 实现与契约测试。","普通","真实语料:D:/ChuanQi/服务端","否","17","","LFENV-CATALOG-001","Docs/design/scripting/翎风服务器常量与整服Envir直接运行实施规格.md","LFENV","2026-08-16","LFENV-2026-08-16-baseline","ContextUnavailable（按契约显示为空或 0，预检保留诊断）","NPC 对话、#IF/#ACT 文本参数、系统与事件触发页","玩家脚本上下文有效期间"
"1","LFENV-SYMBOL-0476","直接","ELEMENT12","","<$ELEMENT12>","人物","String","玩家对象","未实现（LFENV 后续阶段）","D","真实语料或附件已登记，等待对应 LFENV Adapter 实现与契约测试。","普通","真实语料:D:/ChuanQi/服务端","否","3","","LFENV-CATALOG-001","Docs/design/scripting/翎风服务器常量与整服Envir直接运行实施规格.md","LFENV","2026-08-16","LFENV-2026-08-16-baseline","ContextUnavailable（按契约显示为空或 0，预检保留诊断）","NPC 对话、#IF/#ACT 文本参数、系统与事件触发页","玩家脚本上下文有效期间"
"1","LFENV-SYMBOL-0477","直接","ELEMENT13","","<$ELEMENT13>","人物","String","玩家对象","未实现（LFENV 后续阶段）","D","真实语料或附件已登记，等待对应 LFENV Adapter 实现与契约测试。","普通","真实语料:D:/ChuanQi/服务端","否","8","","LFENV-CATALOG-001","Docs/design/scripting/翎风服务器常量与整服Envir直接运行实施规格.md","LFENV","2026-08-16","LFENV-2026-08-16-baseline","ContextUnavailable（按契约显示为空或 0，预检保留诊断）","NPC 对话、#IF/#ACT 文本参数、系统与事件触发页","玩家脚本上下文有效期间"
"1","LFENV-SYMBOL-0478","直接","ELEMENT14","","<$ELEMENT14>","人物","String","玩家对象","未实现（LFENV 后续阶段）","D","真实语料或附件已登记，等待对应 LFENV Adapter 实现与契约测试。","普通","真实语料:D:/ChuanQi/服务端","否","11","","LFENV-CATALOG-001","Docs/design/scripting/翎风服务器常量与整服Envir直接运行实施规格.md","LFENV","2026-08-16","LFENV-2026-08-16-baseline","ContextUnavailable（按契约显示为空或 0，预检保留诊断）","NPC 对话、#IF/#ACT 文本参数、系统与事件触发页","玩家脚本上下文有效期间"
"1","LFENV-SYMBOL-0479","直接","ELEMENT15","","<$ELEMENT15>","人物","String","玩家对象","未实现（LFENV 后续阶段）","D","真实语料或附件已登记，等待对应 LFENV Adapter 实现与契约测试。","普通","真实语料:D:/ChuanQi/服务端","否","4","","LFENV-CATALOG-001","Docs/design/scripting/翎风服务器常量与整服Envir直接运行实施规格.md","LFENV","2026-08-16","LFENV-2026-08-16-baseline","ContextUnavailable（按契约显示为空或 0，预检保留诊断）","NPC 对话、#IF/#ACT 文本参数、系统与事件触发页","玩家脚本上下文有效期间"
"1","LFENV-SYMBOL-0480","直接","ELEMENT16","","<$ELEMENT16>","人物","String","玩家对象","未实现（LFENV 后续阶段）","D","真实语料或附件已登记，等待对应 LFENV Adapter 实现与契约测试。","普通","真实语料:D:/ChuanQi/服务端","否","8","","LFENV-CATALOG-001","Docs/design/scripting/翎风服务器常量与整服Envir直接运行实施规格.md","LFENV","2026-08-16","LFENV-2026-08-16-baseline","ContextUnavailable（按契约显示为空或 0，预检保留诊断）","NPC 对话、#IF/#ACT 文本参数、系统与事件触发页","玩家脚本上下文有效期间"
"1","LFENV-SYMBOL-0481","直接","ELEMENT17","","<$ELEMENT17>","人物","String","玩家对象","未实现（LFENV 后续阶段）","D","真实语料或附件已登记，等待对应 LFENV Adapter 实现与契约测试。","普通","真实语料:D:/ChuanQi/服务端","否","5","","LFENV-CATALOG-001","Docs/design/scripting/翎风服务器常量与整服Envir直接运行实施规格.md","LFENV","2026-08-16","LFENV-2026-08-16-baseline","ContextUnavailable（按契约显示为空或 0，预检保留诊断）","NPC 对话、#IF/#ACT 文本参数、系统与事件触发页","玩家脚本上下文有效期间"
"1","LFENV-SYMBOL-0482","直接","ELEMENT18","","<$ELEMENT18>","人物","String","玩家对象","未实现（LFENV 后续阶段）","D","真实语料或附件已登记，等待对应 LFENV Adapter 实现与契约测试。","普通","真实语料:D:/ChuanQi/服务端","否","7","","LFENV-CATALOG-001","Docs/design/scripting/翎风服务器常量与整服Envir直接运行实施规格.md","LFENV","2026-08-16","LFENV-2026-08-16-baseline","ContextUnavailable（按契约显示为空或 0，预检保留诊断）","NPC 对话、#IF/#ACT 文本参数、系统与事件触发页","玩家脚本上下文有效期间"
"1","LFENV-SYMBOL-0483","直接","ELEMENT19","","<$ELEMENT19>","人物","String","玩家对象","未实现（LFENV 后续阶段）","D","真实语料或附件已登记，等待对应 LFENV Adapter 实现与契约测试。","普通","真实语料:D:/ChuanQi/服务端","否","16","","LFENV-CATALOG-001","Docs/design/scripting/翎风服务器常量与整服Envir直接运行实施规格.md","LFENV","2026-08-16","LFENV-2026-08-16-baseline","ContextUnavailable（按契约显示为空或 0，预检保留诊断）","NPC 对话、#IF/#ACT 文本参数、系统与事件触发页","玩家脚本上下文有效期间"
"1","LFENV-SYMBOL-0484","直接","ELEMENT2","","<$ELEMENT2>","人物","String","玩家对象","未实现（LFENV 后续阶段）","D","真实语料或附件已登记，等待对应 LFENV Adapter 实现与契约测试。","普通","真实语料:D:/ChuanQi/服务端","否","38","","LFENV-CATALOG-001","Docs/design/scripting/翎风服务器常量与整服Envir直接运行实施规格.md","LFENV","2026-08-16","LFENV-2026-08-16-baseline","ContextUnavailable（按契约显示为空或 0，预检保留诊断）","NPC 对话、#IF/#ACT 文本参数、系统与事件触发页","玩家脚本上下文有效期间"
"1","LFENV-SYMBOL-0485","直接","ELEMENT20","","<$ELEMENT20>","人物","String","玩家对象","未实现（LFENV 后续阶段）","D","真实语料或附件已登记，等待对应 LFENV Adapter 实现与契约测试。","普通","真实语料:D:/ChuanQi/服务端","否","7","","LFENV-CATALOG-001","Docs/design/scripting/翎风服务器常量与整服Envir直接运行实施规格.md","LFENV","2026-08-16","LFENV-2026-08-16-baseline","ContextUnavailable（按契约显示为空或 0，预检保留诊断）","NPC 对话、#IF/#ACT 文本参数、系统与事件触发页","玩家脚本上下文有效期间"
"1","LFENV-SYMBOL-0486","直接","ELEMENT21","","<$ELEMENT21>","人物","String","玩家对象","未实现（LFENV 后续阶段）","D","真实语料或附件已登记，等待对应 LFENV Adapter 实现与契约测试。","普通","真实语料:D:/ChuanQi/服务端","否","27","","LFENV-CATALOG-001","Docs/design/scripting/翎风服务器常量与整服Envir直接运行实施规格.md","LFENV","2026-08-16","LFENV-2026-08-16-baseline","ContextUnavailable（按契约显示为空或 0，预检保留诊断）","NPC 对话、#IF/#ACT 文本参数、系统与事件触发页","玩家脚本上下文有效期间"
"1","LFENV-SYMBOL-0487","直接","ELEMENT22","","<$ELEMENT22>","人物","String","玩家对象","未实现（LFENV 后续阶段）","D","真实语料或附件已登记，等待对应 LFENV Adapter 实现与契约测试。","普通","真实语料:D:/ChuanQi/服务端","否","8","","LFENV-CATALOG-001","Docs/design/scripting/翎风服务器常量与整服Envir直接运行实施规格.md","LFENV","2026-08-16","LFENV-2026-08-16-baseline","ContextUnavailable（按契约显示为空或 0，预检保留诊断）","NPC 对话、#IF/#ACT 文本参数、系统与事件触发页","玩家脚本上下文有效期间"
"1","LFENV-SYMBOL-0488","直接","ELEMENT23","","<$ELEMENT23>","人物","String","玩家对象","未实现（LFENV 后续阶段）","D","真实语料或附件已登记，等待对应 LFENV Adapter 实现与契约测试。","普通","真实语料:D:/ChuanQi/服务端","否","6","","LFENV-CATALOG-001","Docs/design/scripting/翎风服务器常量与整服Envir直接运行实施规格.md","LFENV","2026-08-16","LFENV-2026-08-16-baseline","ContextUnavailable（按契约显示为空或 0，预检保留诊断）","NPC 对话、#IF/#ACT 文本参数、系统与事件触发页","玩家脚本上下文有效期间"
"1","LFENV-SYMBOL-0489","直接","ELEMENT24","","<$ELEMENT24>","人物","String","玩家对象","未实现（LFENV 后续阶段）","D","真实语料或附件已登记，等待对应 LFENV Adapter 实现与契约测试。","普通","真实语料:D:/ChuanQi/服务端","否","8","","LFENV-CATALOG-001","Docs/design/scripting/翎风服务器常量与整服Envir直接运行实施规格.md","LFENV","2026-08-16","LFENV-2026-08-16-baseline","ContextUnavailable（按契约显示为空或 0，预检保留诊断）","NPC 对话、#IF/#ACT 文本参数、系统与事件触发页","玩家脚本上下文有效期间"
"1","LFENV-SYMBOL-0490","直接","ELEMENT25","","<$ELEMENT25>","人物","String","玩家对象","未实现（LFENV 后续阶段）","D","真实语料或附件已登记，等待对应 LFENV Adapter 实现与契约测试。","普通","真实语料:D:/ChuanQi/服务端","否","6","","LFENV-CATALOG-001","Docs/design/scripting/翎风服务器常量与整服Envir直接运行实施规格.md","LFENV","2026-08-16","LFENV-2026-08-16-baseline","ContextUnavailable（按契约显示为空或 0，预检保留诊断）","NPC 对话、#IF/#ACT 文本参数、系统与事件触发页","玩家脚本上下文有效期间"
"1","LFENV-SYMBOL-0491","直接","ELEMENT26","","<$ELEMENT26>","人物","String","玩家对象","未实现（LFENV 后续阶段）","D","真实语料或附件已登记，等待对应 LFENV Adapter 实现与契约测试。","普通","真实语料:D:/ChuanQi/服务端","否","3","","LFENV-CATALOG-001","Docs/design/scripting/翎风服务器常量与整服Envir直接运行实施规格.md","LFENV","2026-08-16","LFENV-2026-08-16-baseline","ContextUnavailable（按契约显示为空或 0，预检保留诊断）","NPC 对话、#IF/#ACT 文本参数、系统与事件触发页","玩家脚本上下文有效期间"
"1","LFENV-SYMBOL-0492","直接","ELEMENT3","","<$ELEMENT3>","人物","String","玩家对象","未实现（LFENV 后续阶段）","D","真实语料或附件已登记，等待对应 LFENV Adapter 实现与契约测试。","普通","真实语料:D:/ChuanQi/服务端","否","23","","LFENV-CATALOG-001","Docs/design/scripting/翎风服务器常量与整服Envir直接运行实施规格.md","LFENV","2026-08-16","LFENV-2026-08-16-baseline","ContextUnavailable（按契约显示为空或 0，预检保留诊断）","NPC 对话、#IF/#ACT 文本参数、系统与事件触发页","玩家脚本上下文有效期间"
"1","LFENV-SYMBOL-0493","直接","ELEMENT4","","<$ELEMENT4>","人物","String","玩家对象","未实现（LFENV 后续阶段）","D","真实语料或附件已登记，等待对应 LFENV Adapter 实现与契约测试。","普通","真实语料:D:/ChuanQi/服务端","否","27","","LFENV-CATALOG-001","Docs/design/scripting/翎风服务器常量与整服Envir直接运行实施规格.md","LFENV","2026-08-16","LFENV-2026-08-16-baseline","ContextUnavailable（按契约显示为空或 0，预检保留诊断）","NPC 对话、#IF/#ACT 文本参数、系统与事件触发页","玩家脚本上下文有效期间"
"1","LFENV-SYMBOL-0494","直接","ELEMENT5","","<$ELEMENT5>","人物","String","玩家对象","未实现（LFENV 后续阶段）","D","真实语料或附件已登记，等待对应 LFENV Adapter 实现与契约测试。","普通","真实语料:D:/ChuanQi/服务端","否","21","","LFENV-CATALOG-001","Docs/design/scripting/翎风服务器常量与整服Envir直接运行实施规格.md","LFENV","2026-08-16","LFENV-2026-08-16-baseline","ContextUnavailable（按契约显示为空或 0，预检保留诊断）","NPC 对话、#IF/#ACT 文本参数、系统与事件触发页","玩家脚本上下文有效期间"
"1","LFENV-SYMBOL-0495","直接","ELEMENT6","","<$ELEMENT6>","人物","String","玩家对象","未实现（LFENV 后续阶段）","D","真实语料或附件已登记，等待对应 LFENV Adapter 实现与契约测试。","普通","真实语料:D:/ChuanQi/服务端","否","3","","LFENV-CATALOG-001","Docs/design/scripting/翎风服务器常量与整服Envir直接运行实施规格.md","LFENV","2026-08-16","LFENV-2026-08-16-baseline","ContextUnavailable（按契约显示为空或 0，预检保留诊断）","NPC 对话、#IF/#ACT 文本参数、系统与事件触发页","玩家脚本上下文有效期间"
"1","LFENV-SYMBOL-0496","直接","ELEMENT7","","<$ELEMENT7>","人物","String","玩家对象","未实现（LFENV 后续阶段）","D","真实语料或附件已登记，等待对应 LFENV Adapter 实现与契约测试。","普通","真实语料:D:/ChuanQi/服务端","否","19","","LFENV-CATALOG-001","Docs/design/scripting/翎风服务器常量与整服Envir直接运行实施规格.md","LFENV","2026-08-16","LFENV-2026-08-16-baseline","ContextUnavailable（按契约显示为空或 0，预检保留诊断）","NPC 对话、#IF/#ACT 文本参数、系统与事件触发页","玩家脚本上下文有效期间"
"1","LFENV-SYMBOL-0497","直接","ELEMENT8","","<$ELEMENT8>","人物","String","玩家对象","未实现（LFENV 后续阶段）","D","真实语料或附件已登记，等待对应 LFENV Adapter 实现与契约测试。","普通","真实语料:D:/ChuanQi/服务端","否","8","","LFENV-CATALOG-001","Docs/design/scripting/翎风服务器常量与整服Envir直接运行实施规格.md","LFENV","2026-08-16","LFENV-2026-08-16-baseline","ContextUnavailable（按契约显示为空或 0，预检保留诊断）","NPC 对话、#IF/#ACT 文本参数、系统与事件触发页","玩家脚本上下文有效期间"
"1","LFENV-SYMBOL-0498","直接","ELEMENT9","","<$ELEMENT9>","人物","String","玩家对象","未实现（LFENV 后续阶段）","D","真实语料或附件已登记，等待对应 LFENV Adapter 实现与契约测试。","普通","真实语料:D:/ChuanQi/服务端","否","53","","LFENV-CATALOG-001","Docs/design/scripting/翎风服务器常量与整服Envir直接运行实施规格.md","LFENV","2026-08-16","LFENV-2026-08-16-baseline","ContextUnavailable（按契约显示为空或 0，预检保留诊断）","NPC 对话、#IF/#ACT 文本参数、系统与事件触发页","玩家脚本上下文有效期间"
"1","LFENV-SYMBOL-0499","直接","ESCORTNAME","","<$ESCORTNAME>","人物","String","玩家对象","未实现（LFENV 后续阶段）","D","真实语料或附件已登记，等待对应 LFENV Adapter 实现与契约测试。","普通","真实语料:D:/ChuanQi/服务端","否","1","","LFENV-CATALOG-001","Docs/design/scripting/翎风服务器常量与整服Envir直接运行实施规格.md","LFENV","2026-08-16","LFENV-2026-08-16-baseline","ContextUnavailable（按契约显示为空或 0，预检保留诊断）","NPC 对话、#IF/#ACT 文本参数、系统与事件触发页","玩家脚本上下文有效期间"
"1","LFENV-SYMBOL-0500","直接","EXP","","<$EXP>","人物","Integer","玩家对象","LingFengP0ServerSymbols + ScriptTextRenderer","B","已通过 LFENV-05 P0 Adapter、统一 Renderer、真实 NPC/条件动作/系统触发/ScriptApi 入口与旧分支回归测试。","普通","真实语料:D:/ChuanQi/服务端;用户附件:翎风服务器常量","是","29","当前经验值","LFENV-CATALOG-001","Docs/design/scripting/翎风服务器常量与整服Envir直接运行实施规格.md","LFENV","2026-08-16","LFENV-2026-08-16-baseline","ContextUnavailable（按契约显示为空或 0，预检保留诊断）","NPC 对话、#IF/#ACT 文本参数、系统与事件触发页","玩家脚本上下文有效期间"
"1","LFENV-SYMBOL-0501","直接","EXPIREDITEMNAME","","<$EXPIREDITEMNAME>","人物","Integer","玩家对象","未实现（LFENV 后续阶段）","D","真实语料或附件已登记，等待对应 LFENV Adapter 实现与契约测试。","普通","真实语料:D:/ChuanQi/服务端","否","6","","LFENV-CATALOG-001","Docs/design/scripting/翎风服务器常量与整服Envir直接运行实施规格.md","LFENV","2026-08-16","LFENV-2026-08-16-baseline","ContextUnavailable（按契约显示为空或 0，预检保留诊断）","NPC 对话、#IF/#ACT 文本参数、系统与事件触发页","玩家脚本上下文有效期间"
"1","LFENV-SYMBOL-0502","直接","EXTBAGCLOSEITEMCOUNT","","<$EXTBAGCLOSEITEMCOUNT>","人物","Integer","玩家对象","未实现（LFENV 后续阶段）","D","真实语料或附件已登记，等待对应 LFENV Adapter 实现与契约测试。","普通","真实语料:D:/ChuanQi/服务端","否","88","","LFENV-CATALOG-001","Docs/design/scripting/翎风服务器常量与整服Envir直接运行实施规格.md","LFENV","2026-08-16","LFENV-2026-08-16-baseline","ContextUnavailable（按契约显示为空或 0，预检保留诊断）","NPC 对话、#IF/#ACT 文本参数、系统与事件触发页","玩家脚本上下文有效期间"
"1","LFENV-SYMBOL-0503","直接","EXTBAGOPENITEMCOUNT","","<$EXTBAGOPENITEMCOUNT>","人物","Integer","玩家对象","未实现（LFENV 后续阶段）","D","真实语料或附件已登记，等待对应 LFENV Adapter 实现与契约测试。","普通","真实语料:D:/ChuanQi/服务端","否","46","","LFENV-CATALOG-001","Docs/design/scripting/翎风服务器常量与整服Envir直接运行实施规格.md","LFENV","2026-08-16","LFENV-2026-08-16-baseline","ContextUnavailable（按契约显示为空或 0，预检保留诊断）","NPC 对话、#IF/#ACT 文本参数、系统与事件触发页","玩家脚本上下文有效期间"
"1","LFENV-SYMBOL-0504","直接","EXTBAGPAGECOUNT","","<$EXTBAGPAGECOUNT>","人物","Integer","玩家对象","未实现（LFENV 后续阶段）","D","真实语料或附件已登记，等待对应 LFENV Adapter 实现与契约测试。","普通","真实语料:D:/ChuanQi/服务端","否","44","","LFENV-CATALOG-001","Docs/design/scripting/翎风服务器常量与整服Envir直接运行实施规格.md","LFENV","2026-08-16","LFENV-2026-08-16-baseline","ContextUnavailable（按契约显示为空或 0，预检保留诊断）","NPC 对话、#IF/#ACT 文本参数、系统与事件触发页","玩家脚本上下文有效期间"
"1","LFENV-SYMBOL-0505","直接","FASHIONARMRINGL","","<$FASHIONARMRINGL>","物品事件","String","玩家对象与物品事件上下文","LingFengP0ServerSymbols + ScriptTextRenderer","B","已通过 LFENV-05 只读兼容显示契约；当前模型无独立字段时返回 0 或“空”，并携带 CompatibilitySubstitute 结构化诊断。","普通","真实语料:D:/ChuanQi/服务端;用户附件:翎风服务器常量","是","33","时装左手镯","LFENV-CATALOG-001","Docs/design/scripting/翎风服务器常量与整服Envir直接运行实施规格.md","LFENV","2026-08-16","LFENV-2026-08-16-baseline","ContextUnavailable（显示为空，预检保留诊断）","NPC 对话、#IF/#ACT 文本参数、系统与事件触发页","对应不可变物品事件 DTO 生命周期内"
"1","LFENV-SYMBOL-0506","直接","FASHIONARMRINGR","","<$FASHIONARMRINGR>","物品事件","String","玩家对象与物品事件上下文","LingFengP0ServerSymbols + ScriptTextRenderer","B","已通过 LFENV-05 只读兼容显示契约；当前模型无独立字段时返回 0 或“空”，并携带 CompatibilitySubstitute 结构化诊断。","普通","真实语料:D:/ChuanQi/服务端;用户附件:翎风服务器常量","是","33","时装右手镯","LFENV-CATALOG-001","Docs/design/scripting/翎风服务器常量与整服Envir直接运行实施规格.md","LFENV","2026-08-16","LFENV-2026-08-16-baseline","ContextUnavailable（显示为空，预检保留诊断）","NPC 对话、#IF/#ACT 文本参数、系统与事件触发页","对应不可变物品事件 DTO 生命周期内"
"1","LFENV-SYMBOL-0507","直接","FASHIONBELT","","<$FASHIONBELT>","物品事件","String","玩家对象与物品事件上下文","LingFengP0ServerSymbols + ScriptTextRenderer","B","已通过 LFENV-05 只读兼容显示契约；当前模型无独立字段时返回 0 或“空”，并携带 CompatibilitySubstitute 结构化诊断。","普通","真实语料:D:/ChuanQi/服务端;用户附件:翎风服务器常量","是","32","时装腰带","LFENV-CATALOG-001","Docs/design/scripting/翎风服务器常量与整服Envir直接运行实施规格.md","LFENV","2026-08-16","LFENV-2026-08-16-baseline","ContextUnavailable（显示为空，预检保留诊断）","NPC 对话、#IF/#ACT 文本参数、系统与事件触发页","对应不可变物品事件 DTO 生命周期内"
"1","LFENV-SYMBOL-0508","直接","FASHIONBOOTS","","<$FASHIONBOOTS>","物品事件","String","玩家对象与物品事件上下文","LingFengP0ServerSymbols + ScriptTextRenderer","B","已通过 LFENV-05 只读兼容显示契约；当前模型无独立字段时返回 0 或“空”，并携带 CompatibilitySubstitute 结构化诊断。","普通","真实语料:D:/ChuanQi/服务端;用户附件:翎风服务器常量","是","32","时装鞋子","LFENV-CATALOG-001","Docs/design/scripting/翎风服务器常量与整服Envir直接运行实施规格.md","LFENV","2026-08-16","LFENV-2026-08-16-baseline","ContextUnavailable（显示为空，预检保留诊断）","NPC 对话、#IF/#ACT 文本参数、系统与事件触发页","对应不可变物品事件 DTO 生命周期内"
"1","LFENV-SYMBOL-0509","直接","FASHIONCHARM","","<$FASHIONCHARM>","物品事件","String","玩家对象与物品事件上下文","LingFengP0ServerSymbols + ScriptTextRenderer","B","已通过 LFENV-05 只读兼容显示契约；当前模型无独立字段时返回 0 或“空”，并携带 CompatibilitySubstitute 结构化诊断。","普通","真实语料:D:/ChuanQi/服务端;用户附件:翎风服务器常量","是","16","时装宝石","LFENV-CATALOG-001","Docs/design/scripting/翎风服务器常量与整服Envir直接运行实施规格.md","LFENV","2026-08-16","LFENV-2026-08-16-baseline","ContextUnavailable（显示为空，预检保留诊断）","NPC 对话、#IF/#ACT 文本参数、系统与事件触发页","对应不可变物品事件 DTO 生命周期内"
"1","LFENV-SYMBOL-0510","直接","FASHIONDRESS","","<$FASHIONDRESS>","物品事件","String","玩家对象与物品事件上下文","LingFengP0ServerSymbols + ScriptTextRenderer","B","已通过 LFENV-05 只读兼容显示契约；当前模型无独立字段时返回 0 或“空”，并携带 CompatibilitySubstitute 结构化诊断。","普通","真实语料:D:/ChuanQi/服务端;用户附件:翎风服务器常量","是","60","时装衣服","LFENV-CATALOG-001","Docs/design/scripting/翎风服务器常量与整服Envir直接运行实施规格.md","LFENV","2026-08-16","LFENV-2026-08-16-baseline","ContextUnavailable（显示为空，预检保留诊断）","NPC 对话、#IF/#ACT 文本参数、系统与事件触发页","对应不可变物品事件 DTO 生命周期内"
"1","LFENV-SYMBOL-0511","直接","FASHIONHELMET","","<$FASHIONHELMET>","物品事件","String","玩家对象与物品事件上下文","LingFengP0ServerSymbols + ScriptTextRenderer","B","已通过 LFENV-05 只读兼容显示契约；当前模型无独立字段时返回 0 或“空”，并携带 CompatibilitySubstitute 结构化诊断。","普通","真实语料:D:/ChuanQi/服务端;用户附件:翎风服务器常量","是","29","时装头盔","LFENV-CATALOG-001","Docs/design/scripting/翎风服务器常量与整服Envir直接运行实施规格.md","LFENV","2026-08-16","LFENV-2026-08-16-baseline","ContextUnavailable（显示为空，预检保留诊断）","NPC 对话、#IF/#ACT 文本参数、系统与事件触发页","对应不可变物品事件 DTO 生命周期内"
"1","LFENV-SYMBOL-0512","直接","FASHIONNECKLACE","","<$FASHIONNECKLACE>","物品事件","String","玩家对象与物品事件上下文","LingFengP0ServerSymbols + ScriptTextRenderer","B","已通过 LFENV-05 只读兼容显示契约；当前模型无独立字段时返回 0 或“空”，并携带 CompatibilitySubstitute 结构化诊断。","普通","真实语料:D:/ChuanQi/服务端;用户附件:翎风服务器常量","是","46","时装项链","LFENV-CATALOG-001","Docs/design/scripting/翎风服务器常量与整服Envir直接运行实施规格.md","LFENV","2026-08-16","LFENV-2026-08-16-baseline","ContextUnavailable（显示为空，预检保留诊断）","NPC 对话、#IF/#ACT 文本参数、系统与事件触发页","对应不可变物品事件 DTO 生命周期内"
"1","LFENV-SYMBOL-0513","直接","FASHIONRIGHTHAND","","<$FASHIONRIGHTHAND>","物品事件","String","玩家对象与物品事件上下文","LingFengP0ServerSymbols + ScriptTextRenderer","B","已通过 LFENV-05 只读兼容显示契约；当前模型无独立字段时返回 0 或“空”，并携带 CompatibilitySubstitute 结构化诊断。","普通","真实语料:D:/ChuanQi/服务端;用户附件:翎风服务器常量","是","18","时装照明物","LFENV-CATALOG-001","Docs/design/scripting/翎风服务器常量与整服Envir直接运行实施规格.md","LFENV","2026-08-16","LFENV-2026-08-16-baseline","ContextUnavailable（显示为空，预检保留诊断）","NPC 对话、#IF/#ACT 文本参数、系统与事件触发页","对应不可变物品事件 DTO 生命周期内"
"1","LFENV-SYMBOL-0514","直接","FASHIONRING_L","","<$FASHIONRING_L>","物品事件","String","玩家对象与物品事件上下文","LingFengP0ServerSymbols + ScriptTextRenderer","B","已通过 LFENV-05 只读兼容显示契约；当前模型无独立字段时返回 0 或“空”，并携带 CompatibilitySubstitute 结构化诊断。","普通","真实语料:D:/ChuanQi/服务端","否","1","","LFENV-CATALOG-001","Docs/design/scripting/翎风服务器常量与整服Envir直接运行实施规格.md","LFENV","2026-08-16","LFENV-2026-08-16-baseline","ContextUnavailable（显示为空，预检保留诊断）","NPC 对话、#IF/#ACT 文本参数、系统与事件触发页","对应不可变物品事件 DTO 生命周期内"
"1","LFENV-SYMBOL-0515","直接","FASHIONRING_R","","<$FASHIONRING_R>","物品事件","String","玩家对象与物品事件上下文","LingFengP0ServerSymbols + ScriptTextRenderer","B","已通过 LFENV-05 只读兼容显示契约；当前模型无独立字段时返回 0 或“空”，并携带 CompatibilitySubstitute 结构化诊断。","普通","真实语料:D:/ChuanQi/服务端","否","1","","LFENV-CATALOG-001","Docs/design/scripting/翎风服务器常量与整服Envir直接运行实施规格.md","LFENV","2026-08-16","LFENV-2026-08-16-baseline","ContextUnavailable（显示为空，预检保留诊断）","NPC 对话、#IF/#ACT 文本参数、系统与事件触发页","对应不可变物品事件 DTO 生命周期内"
"1","LFENV-SYMBOL-0516","直接","FASHIONRINGL","","<$FASHIONRINGL>","物品事件","String","玩家对象与物品事件上下文","LingFengP0ServerSymbols + ScriptTextRenderer","B","已通过 LFENV-05 只读兼容显示契约；当前模型无独立字段时返回 0 或“空”，并携带 CompatibilitySubstitute 结构化诊断。","普通","真实语料:D:/ChuanQi/服务端;用户附件:翎风服务器常量","是","35","时装左戒指","LFENV-CATALOG-001","Docs/design/scripting/翎风服务器常量与整服Envir直接运行实施规格.md","LFENV","2026-08-16","LFENV-2026-08-16-baseline","ContextUnavailable（显示为空，预检保留诊断）","NPC 对话、#IF/#ACT 文本参数、系统与事件触发页","对应不可变物品事件 DTO 生命周期内"
"1","LFENV-SYMBOL-0517","直接","FASHIONRINGR","","<$FASHIONRINGR>","物品事件","String","玩家对象与物品事件上下文","LingFengP0ServerSymbols + ScriptTextRenderer","B","已通过 LFENV-05 只读兼容显示契约；当前模型无独立字段时返回 0 或“空”，并携带 CompatibilitySubstitute 结构化诊断。","普通","真实语料:D:/ChuanQi/服务端;用户附件:翎风服务器常量","是","35","时装右戒指","LFENV-CATALOG-001","Docs/design/scripting/翎风服务器常量与整服Envir直接运行实施规格.md","LFENV","2026-08-16","LFENV-2026-08-16-baseline","ContextUnavailable（显示为空，预检保留诊断）","NPC 对话、#IF/#ACT 文本参数、系统与事件触发页","对应不可变物品事件 DTO 生命周期内"
"1","LFENV-SYMBOL-0518","直接","FASHIONWEAPON","","<$FASHIONWEAPON>","物品事件","String","玩家对象与物品事件上下文","LingFengP0ServerSymbols + ScriptTextRenderer","B","已通过 LFENV-05 只读兼容显示契约；当前模型无独立字段时返回 0 或“空”，并携带 CompatibilitySubstitute 结构化诊断。","普通","真实语料:D:/ChuanQi/服务端;用户附件:翎风服务器常量","是","100","时装武器","LFENV-CATALOG-001","Docs/design/scripting/翎风服务器常量与整服Envir直接运行实施规格.md","LFENV","2026-08-16","LFENV-2026-08-16-baseline","ContextUnavailable（显示为空，预检保留诊断）","NPC 对话、#IF/#ACT 文本参数、系统与事件触发页","对应不可变物品事件 DTO 生命周期内"
"1","LFENV-SYMBOL-0519","直接","FBMAP","","<$FBMAP>","人物","String","玩家对象","LingFengP0ServerSymbols + ScriptTextRenderer","B","已通过 LFENV-05 P0 Adapter、统一 Renderer、真实 NPC/条件动作/系统触发/ScriptApi 入口与旧分支回归测试。","普通","真实语料:D:/ChuanQi/服务端;用户附件:翎风服务器常量","是","38","人物当前副本地图代码","LFENV-CATALOG-001","Docs/design/scripting/翎风服务器常量与整服Envir直接运行实施规格.md","LFENV","2026-08-16","LFENV-2026-08-16-baseline","ContextUnavailable（按契约显示为空或 0，预检保留诊断）","NPC 对话、#IF/#ACT 文本参数、系统与事件触发页","玩家脚本上下文有效期间"
"1","LFENV-SYMBOL-0520","直接","FBMAPNAME","","<$FBMAPNAME>","人物","String","玩家对象","LingFengP0ServerSymbols + ScriptTextRenderer","B","已通过 LFENV-05 P0 Adapter、统一 Renderer、真实 NPC/条件动作/系统触发/ScriptApi 入口与旧分支回归测试。","普通","用户附件:翎风服务器常量","是","0","人物当前副本地图名称","LFENV-CATALOG-001","Docs/design/scripting/翎风服务器常量与整服Envir直接运行实施规格.md","LFENV","2026-08-16","LFENV-2026-08-16-baseline","ContextUnavailable（按契约显示为空或 0，预检保留诊断）","NPC 对话、#IF/#ACT 文本参数、系统与事件触发页","玩家脚本上下文有效期间"
"1","LFENV-SYMBOL-0521","直接","G","","<$G>","人物","String","玩家对象","未实现（LFENV 后续阶段）","D","真实语料或附件已登记，等待对应 LFENV Adapter 实现与契约测试。","普通","真实语料:D:/ChuanQi/服务端","否","10","","LFENV-CATALOG-001","Docs/design/scripting/翎风服务器常量与整服Envir直接运行实施规格.md","LFENV","2026-08-16","LFENV-2026-08-16-baseline","ContextUnavailable（按契约显示为空或 0，预检保留诊断）","NPC 对话、#IF/#ACT 文本参数、系统与事件触发页","玩家脚本上下文有效期间"
"1","LFENV-SYMBOL-0522","直接","G_ARMRING_L","","<$G_ARMRING_L>","人物","String","玩家对象","未实现（LFENV 后续阶段）","D","真实语料或附件已登记，等待对应 LFENV Adapter 实现与契约测试。","普通","真实语料:D:/ChuanQi/服务端","否","2","","LFENV-CATALOG-001","Docs/design/scripting/翎风服务器常量与整服Envir直接运行实施规格.md","LFENV","2026-08-16","LFENV-2026-08-16-baseline","ContextUnavailable（按契约显示为空或 0，预检保留诊断）","NPC 对话、#IF/#ACT 文本参数、系统与事件触发页","玩家脚本上下文有效期间"
"1","LFENV-SYMBOL-0523","直接","G_ARMRING_R","","<$G_ARMRING_R>","人物","String","玩家对象","未实现（LFENV 后续阶段）","D","真实语料或附件已登记，等待对应 LFENV Adapter 实现与契约测试。","普通","真实语料:D:/ChuanQi/服务端","否","2","","LFENV-CATALOG-001","Docs/design/scripting/翎风服务器常量与整服Envir直接运行实施规格.md","LFENV","2026-08-16","LFENV-2026-08-16-baseline","ContextUnavailable（按契约显示为空或 0，预检保留诊断）","NPC 对话、#IF/#ACT 文本参数、系统与事件触发页","玩家脚本上下文有效期间"
"1","LFENV-SYMBOL-0524","直接","G_BAGITEMNAME","","<$G_BAGITEMNAME>","人物","String","玩家对象","未实现（LFENV 后续阶段）","D","真实语料或附件已登记，等待对应 LFENV Adapter 实现与契约测试。","普通","真实语料:D:/ChuanQi/服务端","否","20","","LFENV-CATALOG-001","Docs/design/scripting/翎风服务器常量与整服Envir直接运行实施规格.md","LFENV","2026-08-16","LFENV-2026-08-16-baseline","ContextUnavailable（按契约显示为空或 0，预检保留诊断）","NPC 对话、#IF/#ACT 文本参数、系统与事件触发页","玩家脚本上下文有效期间"
"1","LFENV-SYMBOL-0525","直接","G_BELT","","<$G_BELT>","人物","String","玩家对象","未实现（LFENV 后续阶段）","D","真实语料或附件已登记，等待对应 LFENV Adapter 实现与契约测试。","普通","真实语料:D:/ChuanQi/服务端","否","2","","LFENV-CATALOG-001","Docs/design/scripting/翎风服务器常量与整服Envir直接运行实施规格.md","LFENV","2026-08-16","LFENV-2026-08-16-baseline","ContextUnavailable（按契约显示为空或 0，预检保留诊断）","NPC 对话、#IF/#ACT 文本参数、系统与事件触发页","玩家脚本上下文有效期间"
"1","LFENV-SYMBOL-0526","直接","G_BOOTS","","<$G_BOOTS>","人物","String","玩家对象","未实现（LFENV 后续阶段）","D","真实语料或附件已登记，等待对应 LFENV Adapter 实现与契约测试。","普通","真实语料:D:/ChuanQi/服务端","否","2","","LFENV-CATALOG-001","Docs/design/scripting/翎风服务器常量与整服Envir直接运行实施规格.md","LFENV","2026-08-16","LFENV-2026-08-16-baseline","ContextUnavailable（按契约显示为空或 0，预检保留诊断）","NPC 对话、#IF/#ACT 文本参数、系统与事件触发页","玩家脚本上下文有效期间"
"1","LFENV-SYMBOL-0527","直接","G_BUJUK","","<$G_BUJUK>","人物","String","玩家对象","未实现（LFENV 后续阶段）","D","真实语料或附件已登记，等待对应 LFENV Adapter 实现与契约测试。","普通","真实语料:D:/ChuanQi/服务端","否","178","","LFENV-CATALOG-001","Docs/design/scripting/翎风服务器常量与整服Envir直接运行实施规格.md","LFENV","2026-08-16","LFENV-2026-08-16-baseline","ContextUnavailable（按契约显示为空或 0，预检保留诊断）","NPC 对话、#IF/#ACT 文本参数、系统与事件触发页","玩家脚本上下文有效期间"
"1","LFENV-SYMBOL-0528","直接","G_CHARM","","<$G_CHARM>","人物","String","玩家对象","未实现（LFENV 后续阶段）","D","真实语料或附件已登记，等待对应 LFENV Adapter 实现与契约测试。","普通","真实语料:D:/ChuanQi/服务端","否","3","","LFENV-CATALOG-001","Docs/design/scripting/翎风服务器常量与整服Envir直接运行实施规格.md","LFENV","2026-08-16","LFENV-2026-08-16-baseline","ContextUnavailable（按契约显示为空或 0，预检保留诊断）","NPC 对话、#IF/#ACT 文本参数、系统与事件触发页","玩家脚本上下文有效期间"
"1","LFENV-SYMBOL-0529","直接","G_CURITEMNAME","","<$G_CURITEMNAME>","人物","String","玩家对象","未实现（LFENV 后续阶段）","D","真实语料或附件已登记，等待对应 LFENV Adapter 实现与契约测试。","普通","真实语料:D:/ChuanQi/服务端","否","24","","LFENV-CATALOG-001","Docs/design/scripting/翎风服务器常量与整服Envir直接运行实施规格.md","LFENV","2026-08-16","LFENV-2026-08-16-baseline","ContextUnavailable（按契约显示为空或 0，预检保留诊断）","NPC 对话、#IF/#ACT 文本参数、系统与事件触发页","玩家脚本上下文有效期间"
"1","LFENV-SYMBOL-0530","直接","G_DRESS","","<$G_DRESS>","人物","String","玩家对象","未实现（LFENV 后续阶段）","D","真实语料或附件已登记，等待对应 LFENV Adapter 实现与契约测试。","普通","真实语料:D:/ChuanQi/服务端;用户附件:翎风服务器常量","是","18","改名变量","LFENV-CATALOG-001","Docs/design/scripting/翎风服务器常量与整服Envir直接运行实施规格.md","LFENV","2026-08-16","LFENV-2026-08-16-baseline","ContextUnavailable（按契约显示为空或 0，预检保留诊断）","NPC 对话、#IF/#ACT 文本参数、系统与事件触发页","玩家脚本上下文有效期间"
"1","LFENV-SYMBOL-0531","直接","G_FASHIONRIGHTHAND","","<$G_FASHIONRIGHTHAND>","人物","String","玩家对象","未实现（LFENV 后续阶段）","D","真实语料或附件已登记，等待对应 LFENV Adapter 实现与契约测试。","普通","真实语料:D:/ChuanQi/服务端","否","27","","LFENV-CATALOG-001","Docs/design/scripting/翎风服务器常量与整服Envir直接运行实施规格.md","LFENV","2026-08-16","LFENV-2026-08-16-baseline","ContextUnavailable（按契约显示为空或 0，预检保留诊断）","NPC 对话、#IF/#ACT 文本参数、系统与事件触发页","玩家脚本上下文有效期间"
"1","LFENV-SYMBOL-0532","直接","G_FASHIONWEAPON","","<$G_FASHIONWEAPON>","人物","String","玩家对象","未实现（LFENV 后续阶段）","D","真实语料或附件已登记，等待对应 LFENV Adapter 实现与契约测试。","普通","真实语料:D:/ChuanQi/服务端","否","13","","LFENV-CATALOG-001","Docs/design/scripting/翎风服务器常量与整服Envir直接运行实施规格.md","LFENV","2026-08-16","LFENV-2026-08-16-baseline","ContextUnavailable（按契约显示为空或 0，预检保留诊断）","NPC 对话、#IF/#ACT 文本参数、系统与事件触发页","玩家脚本上下文有效期间"
"1","LFENV-SYMBOL-0533","直接","G_HELMET","","<$G_HELMET>","人物","String","玩家对象","未实现（LFENV 后续阶段）","D","真实语料或附件已登记，等待对应 LFENV Adapter 实现与契约测试。","普通","真实语料:D:/ChuanQi/服务端","否","2","","LFENV-CATALOG-001","Docs/design/scripting/翎风服务器常量与整服Envir直接运行实施规格.md","LFENV","2026-08-16","LFENV-2026-08-16-baseline","ContextUnavailable（按契约显示为空或 0，预检保留诊断）","NPC 对话、#IF/#ACT 文本参数、系统与事件触发页","玩家脚本上下文有效期间"
"1","LFENV-SYMBOL-0534","直接","G_JADE","","<$G_JADE>","人物","String","玩家对象","未实现（LFENV 后续阶段）","D","真实语料或附件已登记，等待对应 LFENV Adapter 实现与契约测试。","普通","真实语料:D:/ChuanQi/服务端","否","2","","LFENV-CATALOG-001","Docs/design/scripting/翎风服务器常量与整服Envir直接运行实施规格.md","LFENV","2026-08-16","LFENV-2026-08-16-baseline","ContextUnavailable（按契约显示为空或 0，预检保留诊断）","NPC 对话、#IF/#ACT 文本参数、系统与事件触发页","玩家脚本上下文有效期间"
"1","LFENV-SYMBOL-0535","直接","G_NECKLACE","","<$G_NECKLACE>","人物","String","玩家对象","未实现（LFENV 后续阶段）","D","真实语料或附件已登记，等待对应 LFENV Adapter 实现与契约测试。","普通","真实语料:D:/ChuanQi/服务端","否","2","","LFENV-CATALOG-001","Docs/design/scripting/翎风服务器常量与整服Envir直接运行实施规格.md","LFENV","2026-08-16","LFENV-2026-08-16-baseline","ContextUnavailable（按契约显示为空或 0，预检保留诊断）","NPC 对话、#IF/#ACT 文本参数、系统与事件触发页","玩家脚本上下文有效期间"
"1","LFENV-SYMBOL-0536","直接","G_RIGHTHAND","","<$G_RIGHTHAND>","人物","String","玩家对象","未实现（LFENV 后续阶段）","D","真实语料或附件已登记，等待对应 LFENV Adapter 实现与契约测试。","普通","真实语料:D:/ChuanQi/服务端","否","8","","LFENV-CATALOG-001","Docs/design/scripting/翎风服务器常量与整服Envir直接运行实施规格.md","LFENV","2026-08-16","LFENV-2026-08-16-baseline","ContextUnavailable（按契约显示为空或 0，预检保留诊断）","NPC 对话、#IF/#ACT 文本参数、系统与事件触发页","玩家脚本上下文有效期间"
"1","LFENV-SYMBOL-0537","直接","G_RING_L","","<$G_RING_L>","人物","String","玩家对象","未实现（LFENV 后续阶段）","D","真实语料或附件已登记，等待对应 LFENV Adapter 实现与契约测试。","普通","真实语料:D:/ChuanQi/服务端","否","2","","LFENV-CATALOG-001","Docs/design/scripting/翎风服务器常量与整服Envir直接运行实施规格.md","LFENV","2026-08-16","LFENV-2026-08-16-baseline","ContextUnavailable（按契约显示为空或 0，预检保留诊断）","NPC 对话、#IF/#ACT 文本参数、系统与事件触发页","玩家脚本上下文有效期间"
"1","LFENV-SYMBOL-0538","直接","G_RING_R","","<$G_RING_R>","人物","String","玩家对象","未实现（LFENV 后续阶段）","D","真实语料或附件已登记，等待对应 LFENV Adapter 实现与契约测试。","普通","真实语料:D:/ChuanQi/服务端","否","4","","LFENV-CATALOG-001","Docs/design/scripting/翎风服务器常量与整服Envir直接运行实施规格.md","LFENV","2026-08-16","LFENV-2026-08-16-baseline","ContextUnavailable（按契约显示为空或 0，预检保留诊断）","NPC 对话、#IF/#ACT 文本参数、系统与事件触发页","玩家脚本上下文有效期间"
"1","LFENV-SYMBOL-0539","直接","G_WEAPON","","<$G_WEAPON>","人物","String","玩家对象","未实现（LFENV 后续阶段）","D","真实语料或附件已登记，等待对应 LFENV Adapter 实现与契约测试。","普通","真实语料:D:/ChuanQi/服务端","否","170","","LFENV-CATALOG-001","Docs/design/scripting/翎风服务器常量与整服Envir直接运行实施规格.md","LFENV","2026-08-16","LFENV-2026-08-16-baseline","ContextUnavailable（按契约显示为空或 0，预检保留诊断）","NPC 对话、#IF/#ACT 文本参数、系统与事件触发页","玩家脚本上下文有效期间"
"1","LFENV-SYMBOL-0540","直接","GAMEDIAMOND","","<$GAMEDIAMOND>","人物","String","玩家对象","LingFengP0ServerSymbols + ScriptTextRenderer","B","已通过 LFENV-05 只读兼容显示契约；当前模型无独立字段时返回 0 或“空”，并携带 CompatibilitySubstitute 结构化诊断。","普通","真实语料:D:/ChuanQi/服务端;用户附件:翎风服务器常量","是","202","金刚石","LFENV-CATALOG-001","Docs/design/scripting/翎风服务器常量与整服Envir直接运行实施规格.md","LFENV","2026-08-16","LFENV-2026-08-16-baseline","ContextUnavailable（按契约显示为空或 0，预检保留诊断）","NPC 对话、#IF/#ACT 文本参数、系统与事件触发页","玩家脚本上下文有效期间"
"1","LFENV-SYMBOL-0541","直接","GAMEDIRECTORY","","<$GAMEDIRECTORY>","人物","String","玩家对象","未实现（LFENV 后续阶段）","X","涉及凭据、机器标识或服务器路径，默认拒绝暴露；仅可在后续安全评审后提供脱敏替代。","敏感","用户附件:翎风服务器常量","是","0","服务端目录变量","LFENV-CATALOG-001","Docs/design/scripting/翎风服务器常量与整服Envir直接运行实施规格.md","LFENV","2026-08-16","LFENV-2026-08-16-baseline","拒绝（Unsupported）","NPC 对话、#IF/#ACT 文本参数、系统与事件触发页","玩家脚本上下文有效期间"
"1","LFENV-SYMBOL-0542","直接","GAMEGIRD","","<$GAMEGIRD>","人物","String","玩家对象","LingFengP0ServerSymbols + ScriptTextRenderer","B","已通过 LFENV-05 只读兼容显示契约；当前模型无独立字段时返回 0 或“空”，并携带 CompatibilitySubstitute 结构化诊断。","普通","真实语料:D:/ChuanQi/服务端;用户附件:翎风服务器常量","是","293","灵符","LFENV-CATALOG-001","Docs/design/scripting/翎风服务器常量与整服Envir直接运行实施规格.md","LFENV","2026-08-16","LFENV-2026-08-16-baseline","ContextUnavailable（按契约显示为空或 0，预检保留诊断）","NPC 对话、#IF/#ACT 文本参数、系统与事件触发页","玩家脚本上下文有效期间"
"1","LFENV-SYMBOL-0543","直接","GAMEGLORY","","<$GAMEGLORY>","人物","String","玩家对象","LingFengP0ServerSymbols + ScriptTextRenderer","B","已通过 LFENV-05 只读兼容显示契约；当前模型无独立字段时返回 0 或“空”，并携带 CompatibilitySubstitute 结构化诊断。","普通","真实语料:D:/ChuanQi/服务端;用户附件:翎风服务器常量","是","175","人物荣誉值","LFENV-CATALOG-001","Docs/design/scripting/翎风服务器常量与整服Envir直接运行实施规格.md","LFENV","2026-08-16","LFENV-2026-08-16-baseline","ContextUnavailable（按契约显示为空或 0，预检保留诊断）","NPC 对话、#IF/#ACT 文本参数、系统与事件触发页","玩家脚本上下文有效期间"
"1","LFENV-SYMBOL-0544","直接","GAMEGOLD","","<$GAMEGOLD>","人物","Integer","玩家对象","LingFengP0ServerSymbols + ScriptTextRenderer","B","已通过 LFENV-05 P0 Adapter、统一 Renderer、真实 NPC/条件动作/系统触发/ScriptApi 入口与旧分支回归测试。","普通","真实语料:D:/ChuanQi/服务端;用户附件:翎风服务器常量","是","671","游戏币数","LFENV-CATALOG-001","Docs/design/scripting/翎风服务器常量与整服Envir直接运行实施规格.md","LFENV","2026-08-16","LFENV-2026-08-16-baseline","ContextUnavailable（按契约显示为空或 0，预检保留诊断）","NPC 对话、#IF/#ACT 文本参数、系统与事件触发页","玩家脚本上下文有效期间"
"1","LFENV-SYMBOL-0545","直接","GAMEGOLDEX","","<$GAMEGOLDEX>","人物","Integer","玩家对象","未实现（LFENV 后续阶段）","D","真实语料或附件已登记，等待对应 LFENV Adapter 实现与契约测试。","普通","真实语料:D:/ChuanQi/服务端;用户附件:翎风服务器常量","是","1","新游戏点数","LFENV-CATALOG-001","Docs/design/scripting/翎风服务器常量与整服Envir直接运行实施规格.md","LFENV","2026-08-16","LFENV-2026-08-16-baseline","ContextUnavailable（按契约显示为空或 0，预检保留诊断）","NPC 对话、#IF/#ACT 文本参数、系统与事件触发页","玩家脚本上下文有效期间"
"1","LFENV-SYMBOL-0546","直接","GAMEGOLDNAME","","<$GAMEGOLDNAME>","人物","Integer","玩家对象","未实现（LFENV 后续阶段）","D","真实语料或附件已登记，等待对应 LFENV Adapter 实现与契约测试。","普通","真实语料:D:/ChuanQi/服务端;用户附件:翎风服务器常量","是","6","游戏币名称","LFENV-CATALOG-001","Docs/design/scripting/翎风服务器常量与整服Envir直接运行实施规格.md","LFENV","2026-08-16","LFENV-2026-08-16-baseline","ContextUnavailable（按契约显示为空或 0，预检保留诊断）","NPC 对话、#IF/#ACT 文本参数、系统与事件触发页","玩家脚本上下文有效期间"
"1","LFENV-SYMBOL-0547","直接","GAMELORY","","<$GAMELORY>","人物","String","玩家对象","未实现（LFENV 后续阶段）","D","真实语料或附件已登记，等待对应 LFENV Adapter 实现与契约测试。","普通","真实语料:D:/ChuanQi/服务端","否","4","","LFENV-CATALOG-001","Docs/design/scripting/翎风服务器常量与整服Envir直接运行实施规格.md","LFENV","2026-08-16","LFENV-2026-08-16-baseline","ContextUnavailable（按契约显示为空或 0，预检保留诊断）","NPC 对话、#IF/#ACT 文本参数、系统与事件触发页","玩家脚本上下文有效期间"
"1","LFENV-SYMBOL-0548","直接","GAMEPETLEVEL","","<$GAMEPETLEVEL>","宠物","Integer","玩家对象与宠物对象","未实现（LFENV 后续阶段）","D","真实语料或附件已登记，等待对应 LFENV Adapter 实现与契约测试。","普通","真实语料:D:/ChuanQi/服务端","否","7","","LFENV-CATALOG-001","Docs/design/scripting/翎风服务器常量与整服Envir直接运行实施规格.md","LFENV","2026-08-16","LFENV-2026-08-16-baseline","ContextUnavailable（按契约显示为空或 0，预检保留诊断）","NPC 对话、#IF/#ACT 文本参数、系统与事件触发页","玩家脚本上下文有效期间"
"1","LFENV-SYMBOL-0549","直接","GAMEPETMAGICID","","<$GAMEPETMAGICID>","宠物","String","玩家对象与宠物对象","未实现（LFENV 后续阶段）","D","真实语料或附件已登记，等待对应 LFENV Adapter 实现与契约测试。","普通","真实语料:D:/ChuanQi/服务端","否","1","","LFENV-CATALOG-001","Docs/design/scripting/翎风服务器常量与整服Envir直接运行实施规格.md","LFENV","2026-08-16","LFENV-2026-08-16-baseline","ContextUnavailable（按契约显示为空或 0，预检保留诊断）","NPC 对话、#IF/#ACT 文本参数、系统与事件触发页","玩家脚本上下文有效期间"
"1","LFENV-SYMBOL-0550","直接","GAMEPETMAGICINDEX","","<$GAMEPETMAGICINDEX>","宠物","Integer","玩家对象与宠物对象","未实现（LFENV 后续阶段）","D","真实语料或附件已登记，等待对应 LFENV Adapter 实现与契约测试。","普通","真实语料:D:/ChuanQi/服务端","否","1","","LFENV-CATALOG-001","Docs/design/scripting/翎风服务器常量与整服Envir直接运行实施规格.md","LFENV","2026-08-16","LFENV-2026-08-16-baseline","ContextUnavailable（按契约显示为空或 0，预检保留诊断）","NPC 对话、#IF/#ACT 文本参数、系统与事件触发页","玩家脚本上下文有效期间"
"1","LFENV-SYMBOL-0551","直接","GAMEPETMAGICNAME","","<$GAMEPETMAGICNAME>","宠物","String","玩家对象与宠物对象","未实现（LFENV 后续阶段）","D","真实语料或附件已登记，等待对应 LFENV Adapter 实现与契约测试。","普通","真实语料:D:/ChuanQi/服务端","否","31","","LFENV-CATALOG-001","Docs/design/scripting/翎风服务器常量与整服Envir直接运行实施规格.md","LFENV","2026-08-16","LFENV-2026-08-16-baseline","ContextUnavailable（按契约显示为空或 0，预检保留诊断）","NPC 对话、#IF/#ACT 文本参数、系统与事件触发页","玩家脚本上下文有效期间"
"1","LFENV-SYMBOL-0552","直接","GAMEPETNAME","","<$GAMEPETNAME>","宠物","String","玩家对象与宠物对象","未实现（LFENV 后续阶段）","D","真实语料或附件已登记，等待对应 LFENV Adapter 实现与契约测试。","普通","真实语料:D:/ChuanQi/服务端","否","38","","LFENV-CATALOG-001","Docs/design/scripting/翎风服务器常量与整服Envir直接运行实施规格.md","LFENV","2026-08-16","LFENV-2026-08-16-baseline","ContextUnavailable（按契约显示为空或 0，预检保留诊断）","NPC 对话、#IF/#ACT 文本参数、系统与事件触发页","玩家脚本上下文有效期间"
"1","LFENV-SYMBOL-0553","直接","GAMEPOINT","","<$GAMEPOINT>","人物","Integer","玩家对象","LingFengP0ServerSymbols + ScriptTextRenderer","B","已通过 LFENV-05 只读兼容显示契约；当前模型无独立字段时返回 0 或“空”，并携带 CompatibilitySubstitute 结构化诊断。","普通","真实语料:D:/ChuanQi/服务端;用户附件:翎风服务器常量","是","111","游戏点数","LFENV-CATALOG-001","Docs/design/scripting/翎风服务器常量与整服Envir直接运行实施规格.md","LFENV","2026-08-16","LFENV-2026-08-16-baseline","ContextUnavailable（按契约显示为空或 0，预检保留诊断）","NPC 对话、#IF/#ACT 文本参数、系统与事件触发页","玩家脚本上下文有效期间"
"1","LFENV-SYMBOL-0554","直接","GAMEPROMOTIONFLAG","","<$GAMEPROMOTIONFLAG>","人物","String","玩家对象","未实现（LFENV 后续阶段）","D","真实语料或附件已登记，等待对应 LFENV Adapter 实现与契约测试。","普通","真实语料:D:/ChuanQi/服务端;用户附件:翎风服务器常量","是","177","登录器推广标识","LFENV-CATALOG-001","Docs/design/scripting/翎风服务器常量与整服Envir直接运行实施规格.md","LFENV","2026-08-16","LFENV-2026-08-16-baseline","ContextUnavailable（按契约显示为空或 0，预检保留诊断）","NPC 对话、#IF/#ACT 文本参数、系统与事件触发页","玩家脚本上下文有效期间"
"1","LFENV-SYMBOL-0555","直接","GENDER","","<$GENDER>","人物","String","玩家对象","LingFengP0ServerSymbols + ScriptTextRenderer","B","已通过 LFENV-05 P0 Adapter、统一 Renderer、真实 NPC/条件动作/系统触发/ScriptApi 入口与旧分支回归测试。","普通","真实语料:D:/ChuanQi/服务端","否","127","","LFENV-CATALOG-001","Docs/design/scripting/翎风服务器常量与整服Envir直接运行实施规格.md","LFENV","2026-08-16","LFENV-2026-08-16-baseline","ContextUnavailable（按契约显示为空或 0，预检保留诊断）","NPC 对话、#IF/#ACT 文本参数、系统与事件触发页","玩家脚本上下文有效期间"
"1","LFENV-SYMBOL-0556","直接","GETCRYSTALEXP","","<$GETCRYSTALEXP>","人物","Integer","玩家对象","未实现（LFENV 后续阶段）","D","真实语料或附件已登记，等待对应 LFENV Adapter 实现与契约测试。","普通","用户附件:翎风服务器常量","是","0","天地结晶可提取的经验","LFENV-CATALOG-001","Docs/design/scripting/翎风服务器常量与整服Envir直接运行实施规格.md","LFENV","2026-08-16","LFENV-2026-08-16-baseline","ContextUnavailable（按契约显示为空或 0，预检保留诊断）","NPC 对话、#IF/#ACT 文本参数、系统与事件触发页","玩家脚本上下文有效期间"
"1","LFENV-SYMBOL-0557","直接","GETCRYSTALNGEXP","","<$GETCRYSTALNGEXP>","人物","Integer","玩家对象","未实现（LFENV 后续阶段）","D","真实语料或附件已登记，等待对应 LFENV Adapter 实现与契约测试。","普通","用户附件:翎风服务器常量","是","0","天地结晶可提取的内功经验","LFENV-CATALOG-001","Docs/design/scripting/翎风服务器常量与整服Envir直接运行实施规格.md","LFENV","2026-08-16","LFENV-2026-08-16-baseline","ContextUnavailable（按契约显示为空或 0，预检保留诊断）","NPC 对话、#IF/#ACT 文本参数、系统与事件触发页","玩家脚本上下文有效期间"
"1","LFENV-SYMBOL-0558","直接","GETEXP","","<$GETEXP>","人物","Integer","玩家对象","未实现（LFENV 后续阶段）","D","真实语料或附件已登记，等待对应 LFENV Adapter 实现与契约测试。","普通","真实语料:D:/ChuanQi/服务端;用户附件:翎风服务器常量","是","37","人物当前获得经验变量","LFENV-CATALOG-001","Docs/design/scripting/翎风服务器常量与整服Envir直接运行实施规格.md","LFENV","2026-08-16","LFENV-2026-08-16-baseline","ContextUnavailable（按契约显示为空或 0，预检保留诊断）","NPC 对话、#IF/#ACT 文本参数、系统与事件触发页","玩家脚本上下文有效期间"
"1","LFENV-SYMBOL-0559","直接","GETNGEXP","","<$GETNGEXP>","人物","Integer","玩家对象","未实现（LFENV 后续阶段）","D","真实语料或附件已登记，等待对应 LFENV Adapter 实现与契约测试。","普通","用户附件:翎风服务器常量","是","0","当前得到的内功经验","LFENV-CATALOG-001","Docs/design/scripting/翎风服务器常量与整服Envir直接运行实施规格.md","LFENV","2026-08-16","LFENV-2026-08-16-baseline","ContextUnavailable（按契约显示为空或 0，预检保留诊断）","NPC 对话、#IF/#ACT 文本参数、系统与事件触发页","玩家脚本上下文有效期间"
"1","LFENV-SYMBOL-0560","直接","GODBLESSITEM1","","<$GODBLESSITEM1>","物品事件","String","玩家对象与物品事件上下文","未实现（LFENV 后续阶段）","D","真实语料或附件已登记，等待对应 LFENV Adapter 实现与契约测试。","普通","真实语料:D:/ChuanQi/服务端;用户附件:翎风服务器常量","是","36","----  人物生肖盒","LFENV-CATALOG-001","Docs/design/scripting/翎风服务器常量与整服Envir直接运行实施规格.md","LFENV","2026-08-16","LFENV-2026-08-16-baseline","ContextUnavailable（显示为空，预检保留诊断）","NPC 对话、#IF/#ACT 文本参数、系统与事件触发页","对应不可变物品事件 DTO 生命周期内"
"1","LFENV-SYMBOL-0561","直接","GODBLESSITEM10","","<$GODBLESSITEM10>","物品事件","String","玩家对象与物品事件上下文","未实现（LFENV 后续阶段）","D","真实语料或附件已登记，等待对应 LFENV Adapter 实现与契约测试。","普通","真实语料:D:/ChuanQi/服务端","否","120","","LFENV-CATALOG-001","Docs/design/scripting/翎风服务器常量与整服Envir直接运行实施规格.md","LFENV","2026-08-16","LFENV-2026-08-16-baseline","ContextUnavailable（显示为空，预检保留诊断）","NPC 对话、#IF/#ACT 文本参数、系统与事件触发页","对应不可变物品事件 DTO 生命周期内"
"1","LFENV-SYMBOL-0562","直接","GODBLESSITEM11","","<$GODBLESSITEM11>","物品事件","String","玩家对象与物品事件上下文","未实现（LFENV 后续阶段）","D","真实语料或附件已登记，等待对应 LFENV Adapter 实现与契约测试。","普通","真实语料:D:/ChuanQi/服务端","否","19","","LFENV-CATALOG-001","Docs/design/scripting/翎风服务器常量与整服Envir直接运行实施规格.md","LFENV","2026-08-16","LFENV-2026-08-16-baseline","ContextUnavailable（显示为空，预检保留诊断）","NPC 对话、#IF/#ACT 文本参数、系统与事件触发页","对应不可变物品事件 DTO 生命周期内"
"1","LFENV-SYMBOL-0563","直接","GODBLESSITEM12","","<$GODBLESSITEM12>","物品事件","String","玩家对象与物品事件上下文","未实现（LFENV 后续阶段）","D","真实语料或附件已登记，等待对应 LFENV Adapter 实现与契约测试。","普通","真实语料:D:/ChuanQi/服务端;用户附件:翎风服务器常量","是","21","----  人物生肖盒","LFENV-CATALOG-001","Docs/design/scripting/翎风服务器常量与整服Envir直接运行实施规格.md","LFENV","2026-08-16","LFENV-2026-08-16-baseline","ContextUnavailable（显示为空，预检保留诊断）","NPC 对话、#IF/#ACT 文本参数、系统与事件触发页","对应不可变物品事件 DTO 生命周期内"
"1","LFENV-SYMBOL-0564","直接","GODBLESSITEM2","","<$GODBLESSITEM2>","物品事件","String","玩家对象与物品事件上下文","未实现（LFENV 后续阶段）","D","真实语料或附件已登记，等待对应 LFENV Adapter 实现与契约测试。","普通","真实语料:D:/ChuanQi/服务端","否","44","","LFENV-CATALOG-001","Docs/design/scripting/翎风服务器常量与整服Envir直接运行实施规格.md","LFENV","2026-08-16","LFENV-2026-08-16-baseline","ContextUnavailable（显示为空，预检保留诊断）","NPC 对话、#IF/#ACT 文本参数、系统与事件触发页","对应不可变物品事件 DTO 生命周期内"
"1","LFENV-SYMBOL-0565","直接","GODBLESSITEM3","","<$GODBLESSITEM3>","物品事件","String","玩家对象与物品事件上下文","未实现（LFENV 后续阶段）","D","真实语料或附件已登记，等待对应 LFENV Adapter 实现与契约测试。","普通","真实语料:D:/ChuanQi/服务端","否","41","","LFENV-CATALOG-001","Docs/design/scripting/翎风服务器常量与整服Envir直接运行实施规格.md","LFENV","2026-08-16","LFENV-2026-08-16-baseline","ContextUnavailable（显示为空，预检保留诊断）","NPC 对话、#IF/#ACT 文本参数、系统与事件触发页","对应不可变物品事件 DTO 生命周期内"
"1","LFENV-SYMBOL-0566","直接","GODBLESSITEM4","","<$GODBLESSITEM4>","物品事件","String","玩家对象与物品事件上下文","未实现（LFENV 后续阶段）","D","真实语料或附件已登记，等待对应 LFENV Adapter 实现与契约测试。","普通","真实语料:D:/ChuanQi/服务端","否","38","","LFENV-CATALOG-001","Docs/design/scripting/翎风服务器常量与整服Envir直接运行实施规格.md","LFENV","2026-08-16","LFENV-2026-08-16-baseline","ContextUnavailable（显示为空，预检保留诊断）","NPC 对话、#IF/#ACT 文本参数、系统与事件触发页","对应不可变物品事件 DTO 生命周期内"
"1","LFENV-SYMBOL-0567","直接","GODBLESSITEM5","","<$GODBLESSITEM5>","物品事件","String","玩家对象与物品事件上下文","未实现（LFENV 后续阶段）","D","真实语料或附件已登记，等待对应 LFENV Adapter 实现与契约测试。","普通","真实语料:D:/ChuanQi/服务端","否","51","","LFENV-CATALOG-001","Docs/design/scripting/翎风服务器常量与整服Envir直接运行实施规格.md","LFENV","2026-08-16","LFENV-2026-08-16-baseline","ContextUnavailable（显示为空，预检保留诊断）","NPC 对话、#IF/#ACT 文本参数、系统与事件触发页","对应不可变物品事件 DTO 生命周期内"
"1","LFENV-SYMBOL-0568","直接","GODBLESSITEM6","","<$GODBLESSITEM6>","物品事件","String","玩家对象与物品事件上下文","未实现（LFENV 后续阶段）","D","真实语料或附件已登记，等待对应 LFENV Adapter 实现与契约测试。","普通","真实语料:D:/ChuanQi/服务端","否","52","","LFENV-CATALOG-001","Docs/design/scripting/翎风服务器常量与整服Envir直接运行实施规格.md","LFENV","2026-08-16","LFENV-2026-08-16-baseline","ContextUnavailable（显示为空，预检保留诊断）","NPC 对话、#IF/#ACT 文本参数、系统与事件触发页","对应不可变物品事件 DTO 生命周期内"
"1","LFENV-SYMBOL-0569","直接","GODBLESSITEM7","","<$GODBLESSITEM7>","物品事件","String","玩家对象与物品事件上下文","未实现（LFENV 后续阶段）","D","真实语料或附件已登记，等待对应 LFENV Adapter 实现与契约测试。","普通","真实语料:D:/ChuanQi/服务端","否","52","","LFENV-CATALOG-001","Docs/design/scripting/翎风服务器常量与整服Envir直接运行实施规格.md","LFENV","2026-08-16","LFENV-2026-08-16-baseline","ContextUnavailable（显示为空，预检保留诊断）","NPC 对话、#IF/#ACT 文本参数、系统与事件触发页","对应不可变物品事件 DTO 生命周期内"
"1","LFENV-SYMBOL-0570","直接","GODBLESSITEM8","","<$GODBLESSITEM8>","物品事件","String","玩家对象与物品事件上下文","未实现（LFENV 后续阶段）","D","真实语料或附件已登记，等待对应 LFENV Adapter 实现与契约测试。","普通","真实语料:D:/ChuanQi/服务端","否","180","","LFENV-CATALOG-001","Docs/design/scripting/翎风服务器常量与整服Envir直接运行实施规格.md","LFENV","2026-08-16","LFENV-2026-08-16-baseline","ContextUnavailable（显示为空，预检保留诊断）","NPC 对话、#IF/#ACT 文本参数、系统与事件触发页","对应不可变物品事件 DTO 生命周期内"
"1","LFENV-SYMBOL-0571","直接","GODBLESSITEM9","","<$GODBLESSITEM9>","物品事件","String","玩家对象与物品事件上下文","未实现（LFENV 后续阶段）","D","真实语料或附件已登记，等待对应 LFENV Adapter 实现与契约测试。","普通","真实语料:D:/ChuanQi/服务端","否","47","","LFENV-CATALOG-001","Docs/design/scripting/翎风服务器常量与整服Envir直接运行实施规格.md","LFENV","2026-08-16","LFENV-2026-08-16-baseline","ContextUnavailable（显示为空，预检保留诊断）","NPC 对话、#IF/#ACT 文本参数、系统与事件触发页","对应不可变物品事件 DTO 生命周期内"
"1","LFENV-SYMBOL-0572","直接","GOLDCOUNT","GOLD","<$GOLDCOUNT>","人物","Integer","玩家对象","LingFengP0ServerSymbols + ScriptTextRenderer","B","已通过 LFENV-05 P0 Adapter、统一 Renderer、真实 NPC/条件动作/系统触发/ScriptApi 入口与旧分支回归测试。","普通","真实语料:D:/ChuanQi/服务端;用户附件:翎风服务器常量","是","1191","金币数量","LFENV-CATALOG-001","Docs/design/scripting/翎风服务器常量与整服Envir直接运行实施规格.md","LFENV","2026-08-16","LFENV-2026-08-16-baseline","ContextUnavailable（按契约显示为空或 0，预检保留诊断）","NPC 对话、#IF/#ACT 文本参数、系统与事件触发页","玩家脚本上下文有效期间"
"1","LFENV-SYMBOL-0573","直接","GROUPMEMBERCOUNT","","<$GROUPMEMBERCOUNT>","人物","Integer","玩家对象","未实现（LFENV 后续阶段）","D","真实语料或附件已登记，等待对应 LFENV Adapter 实现与契约测试。","普通","真实语料:D:/ChuanQi/服务端;用户附件:翎风服务器常量","是","9","当前组队人数","LFENV-CATALOG-001","Docs/design/scripting/翎风服务器常量与整服Envir直接运行实施规格.md","LFENV","2026-08-16","LFENV-2026-08-16-baseline","ContextUnavailable（按契约显示为空或 0，预检保留诊断）","NPC 对话、#IF/#ACT 文本参数、系统与事件触发页","玩家脚本上下文有效期间"
"1","LFENV-SYMBOL-0574","直接","GUARDFEE","","<$GUARDFEE>","人物","String","玩家对象","未实现（LFENV 后续阶段）","D","真实语料或附件已登记，等待对应 LFENV Adapter 实现与契约测试。","普通","真实语料:D:/ChuanQi/服务端","否","9","","LFENV-CATALOG-001","Docs/design/scripting/翎风服务器常量与整服Envir直接运行实施规格.md","LFENV","2026-08-16","LFENV-2026-08-16-baseline","ContextUnavailable（按契约显示为空或 0，预检保留诊断）","NPC 对话、#IF/#ACT 文本参数、系统与事件触发页","玩家脚本上下文有效期间"
"1","LFENV-SYMBOL-0575","直接","GUILDMASTER1","","<$GUILDMASTER1>","行会攻城","String","玩家对象与行会/城堡上下文","未实现（LFENV 后续阶段）","D","真实语料或附件已登记，等待对应 LFENV Adapter 实现与契约测试。","普通","真实语料:D:/ChuanQi/服务端;用户附件:翎风服务器常量","是","4","行会老大1","LFENV-CATALOG-001","Docs/design/scripting/翎风服务器常量与整服Envir直接运行实施规格.md","LFENV","2026-08-16","LFENV-2026-08-16-baseline","ContextUnavailable（按契约显示为空或 0，预检保留诊断）","NPC 对话、#IF/#ACT 文本参数、系统与事件触发页","玩家脚本上下文有效期间"
"1","LFENV-SYMBOL-0576","直接","GUILDMASTER2","","<$GUILDMASTER2>","行会攻城","String","玩家对象与行会/城堡上下文","未实现（LFENV 后续阶段）","D","真实语料或附件已登记，等待对应 LFENV Adapter 实现与契约测试。","普通","用户附件:翎风服务器常量","是","0","行会老大2","LFENV-CATALOG-001","Docs/design/scripting/翎风服务器常量与整服Envir直接运行实施规格.md","LFENV","2026-08-16","LFENV-2026-08-16-baseline","ContextUnavailable（按契约显示为空或 0，预检保留诊断）","NPC 对话、#IF/#ACT 文本参数、系统与事件触发页","玩家脚本上下文有效期间"
"1","LFENV-SYMBOL-0577","直接","GUILDMEMBERCOUNT","","<$GUILDMEMBERCOUNT>","行会攻城","Integer","玩家对象与行会/城堡上下文","LingFengP0ServerSymbols + ScriptTextRenderer","B","已通过 LFENV-05 P0 Adapter、统一 Renderer、真实 NPC/条件动作/系统触发/ScriptApi 入口与旧分支回归测试。","普通","用户附件:翎风服务器常量","是","0","行会成员数量","LFENV-CATALOG-001","Docs/design/scripting/翎风服务器常量与整服Envir直接运行实施规格.md","LFENV","2026-08-16","LFENV-2026-08-16-baseline","ContextUnavailable（按契约显示为空或 0，预检保留诊断）","NPC 对话、#IF/#ACT 文本参数、系统与事件触发页","玩家脚本上下文有效期间"
"1","LFENV-SYMBOL-0578","直接","GUILDNAME","","<$GUILDNAME>","行会攻城","String","玩家对象与行会/城堡上下文","LingFengP0ServerSymbols + ScriptTextRenderer","B","已通过 LFENV-05 P0 Adapter、统一 Renderer、真实 NPC/条件动作/系统触发/ScriptApi 入口与旧分支回归测试。","普通","真实语料:D:/ChuanQi/服务端;用户附件:翎风服务器常量","是","299","行会名称","LFENV-CATALOG-001","Docs/design/scripting/翎风服务器常量与整服Envir直接运行实施规格.md","LFENV","2026-08-16","LFENV-2026-08-16-baseline","ContextUnavailable（按契约显示为空或 0，预检保留诊断）","NPC 对话、#IF/#ACT 文本参数、系统与事件触发页","玩家脚本上下文有效期间"
"1","LFENV-SYMBOL-0579","直接","GUILDWARFEE","","<$GUILDWARFEE>","行会攻城","String","玩家对象与行会/城堡上下文","NPCSegment.ReplaceValue 旧分支","D","已有旧实现，尚未通过 ServerSymbolModule 契约测试，LFENV-05 前保持 D。","普通","真实语料:D:/ChuanQi/服务端;用户附件:翎风服务器常量","是","25","申请行会战争费用","LFENV-CATALOG-001","Docs/design/scripting/翎风服务器常量与整服Envir直接运行实施规格.md","LFENV","2026-08-16","LFENV-2026-08-16-baseline","ContextUnavailable（按契约显示为空或 0，预检保留诊断）","NPC 对话、#IF/#ACT 文本参数、系统与事件触发页","玩家脚本上下文有效期间"
"1","LFENV-SYMBOL-0580","直接","H.ANGRYVALUE","","<$H.ANGRYVALUE>","英雄","String","玩家对象与英雄对象","未实现（LFENV 后续阶段）","D","真实语料或附件已登记，等待对应 LFENV Adapter 实现与契约测试。","普通","用户附件:翎风服务器常量","是","0","英雄怒气值","LFENV-CATALOG-001","Docs/design/scripting/翎风服务器常量与整服Envir直接运行实施规格.md","LFENV","2026-08-16","LFENV-2026-08-16-baseline","ContextUnavailable（按契约显示为空或 0，预检保留诊断）","NPC 对话、#IF/#ACT 文本参数、系统与事件触发页","玩家脚本上下文有效期间"
"1","LFENV-SYMBOL-0581","直接","H.ARMRING_L","","<$H.ARMRING_L>","物品事件","String","玩家对象与物品事件上下文","未实现（LFENV 后续阶段）","D","真实语料或附件已登记，等待对应 LFENV Adapter 实现与契约测试。","普通","真实语料:D:/ChuanQi/服务端","否","1","","LFENV-CATALOG-001","Docs/design/scripting/翎风服务器常量与整服Envir直接运行实施规格.md","LFENV","2026-08-16","LFENV-2026-08-16-baseline","ContextUnavailable（显示为空，预检保留诊断）","NPC 对话、#IF/#ACT 文本参数、系统与事件触发页","对应不可变物品事件 DTO 生命周期内"
"1","LFENV-SYMBOL-0582","直接","H.ARMRING_R","","<$H.ARMRING_R>","物品事件","String","玩家对象与物品事件上下文","未实现（LFENV 后续阶段）","D","真实语料或附件已登记，等待对应 LFENV Adapter 实现与契约测试。","普通","真实语料:D:/ChuanQi/服务端","否","1","","LFENV-CATALOG-001","Docs/design/scripting/翎风服务器常量与整服Envir直接运行实施规格.md","LFENV","2026-08-16","LFENV-2026-08-16-baseline","ContextUnavailable（显示为空，预检保留诊断）","NPC 对话、#IF/#ACT 文本参数、系统与事件触发页","对应不可变物品事件 DTO 生命周期内"
"1","LFENV-SYMBOL-0583","直接","H.ATTACKMONPOWERRATE","","<$H.ATTACKMONPOWERRATE>","战斗事件","Integer","玩家对象与战斗事件上下文","未实现（LFENV 后续阶段）","D","真实语料或附件已登记，等待对应 LFENV Adapter 实现与契约测试。","普通","真实语料:D:/ChuanQi/服务端;用户附件:翎风服务器常量","是","1","英雄攻击怪物伤害力倍数","LFENV-CATALOG-001","Docs/design/scripting/翎风服务器常量与整服Envir直接运行实施规格.md","LFENV","2026-08-16","LFENV-2026-08-16-baseline","ContextUnavailable（显示为空，预检保留诊断）","NPC 对话、#IF/#ACT 文本参数、系统与事件触发页","对应不可变战斗事件 DTO 生命周期内"
"1","LFENV-SYMBOL-0584","直接","H.ATTACKMONPOWERRATETIME","","<$H.ATTACKMONPOWERRATETIME>","战斗事件","Integer","玩家对象与战斗事件上下文","未实现（LFENV 后续阶段）","D","真实语料或附件已登记，等待对应 LFENV Adapter 实现与契约测试。","普通","真实语料:D:/ChuanQi/服务端;用户附件:翎风服务器常量","是","1","英雄攻击怪物伤害倍数剩余时间","LFENV-CATALOG-001","Docs/design/scripting/翎风服务器常量与整服Envir直接运行实施规格.md","LFENV","2026-08-16","LFENV-2026-08-16-baseline","ContextUnavailable（显示为空，预检保留诊断）","NPC 对话、#IF/#ACT 文本参数、系统与事件触发页","对应不可变战斗事件 DTO 生命周期内"
"1","LFENV-SYMBOL-0585","直接","H.ATTACKMONSTER_HP","","<$H.ATTACKMONSTER_HP>","战斗事件","Integer","玩家对象与战斗事件上下文","未实现（LFENV 后续阶段）","D","真实语料或附件已登记，等待对应 LFENV Adapter 实现与契约测试。","普通","真实语料:D:/ChuanQi/服务端;用户附件:翎风服务器常量","是","10","英雄当前击中目标剩余HP","LFENV-CATALOG-001","Docs/design/scripting/翎风服务器常量与整服Envir直接运行实施规格.md","LFENV","2026-08-16","LFENV-2026-08-16-baseline","ContextUnavailable（显示为空，预检保留诊断）","NPC 对话、#IF/#ACT 文本参数、系统与事件触发页","对应不可变战斗事件 DTO 生命周期内"
"1","LFENV-SYMBOL-0586","直接","H.ATTACKMONSTER_HPEX","","<$H.ATTACKMONSTER_HPEX>","战斗事件","String","玩家对象与战斗事件上下文","未实现（LFENV 后续阶段）","D","真实语料或附件已登记，等待对应 LFENV Adapter 实现与契约测试。","普通","用户附件:翎风服务器常量","是","0","英雄当前锁定攻击(主目标)目标剩余HP","LFENV-CATALOG-001","Docs/design/scripting/翎风服务器常量与整服Envir直接运行实施规格.md","LFENV","2026-08-16","LFENV-2026-08-16-baseline","ContextUnavailable（显示为空，预检保留诊断）","NPC 对话、#IF/#ACT 文本参数、系统与事件触发页","对应不可变战斗事件 DTO 生命周期内"
"1","LFENV-SYMBOL-0587","直接","H.ATTACKMONSTER_MAXHP","","<$H.ATTACKMONSTER_MAXHP>","战斗事件","Integer","玩家对象与战斗事件上下文","未实现（LFENV 后续阶段）","D","真实语料或附件已登记，等待对应 LFENV Adapter 实现与契约测试。","普通","用户附件:翎风服务器常量","是","0","英雄当前击中目标最大HP","LFENV-CATALOG-001","Docs/design/scripting/翎风服务器常量与整服Envir直接运行实施规格.md","LFENV","2026-08-16","LFENV-2026-08-16-baseline","ContextUnavailable（显示为空，预检保留诊断）","NPC 对话、#IF/#ACT 文本参数、系统与事件触发页","对应不可变战斗事件 DTO 生命周期内"
"1","LFENV-SYMBOL-0588","直接","H.ATTACKMONSTER_MAXHPEX","","<$H.ATTACKMONSTER_MAXHPEX>","战斗事件","Integer","玩家对象与战斗事件上下文","未实现（LFENV 后续阶段）","D","真实语料或附件已登记，等待对应 LFENV Adapter 实现与契约测试。","普通","用户附件:翎风服务器常量","是","0","英雄当前锁定攻击(主目标)目标最大HP","LFENV-CATALOG-001","Docs/design/scripting/翎风服务器常量与整服Envir直接运行实施规格.md","LFENV","2026-08-16","LFENV-2026-08-16-baseline","ContextUnavailable（显示为空，预检保留诊断）","NPC 对话、#IF/#ACT 文本参数、系统与事件触发页","对应不可变战斗事件 DTO 生命周期内"
"1","LFENV-SYMBOL-0589","直接","H.ATTACKMONSTER_NAME","","<$H.ATTACKMONSTER_NAME>","战斗事件","String","玩家对象与战斗事件上下文","未实现（LFENV 后续阶段）","D","真实语料或附件已登记，等待对应 LFENV Adapter 实现与契约测试。","普通","用户附件:翎风服务器常量","是","0","英雄当前击中目标的名称","LFENV-CATALOG-001","Docs/design/scripting/翎风服务器常量与整服Envir直接运行实施规格.md","LFENV","2026-08-16","LFENV-2026-08-16-baseline","ContextUnavailable（显示为空，预检保留诊断）","NPC 对话、#IF/#ACT 文本参数、系统与事件触发页","对应不可变战斗事件 DTO 生命周期内"
"1","LFENV-SYMBOL-0590","直接","H.ATTACKMONSTER_NAMEEX","","<$H.ATTACKMONSTER_NAMEEX>","战斗事件","String","玩家对象与战斗事件上下文","未实现（LFENV 后续阶段）","D","真实语料或附件已登记，等待对应 LFENV Adapter 实现与契约测试。","普通","用户附件:翎风服务器常量","是","0","当前英雄锁定攻击(主目标)目标的名称","LFENV-CATALOG-001","Docs/design/scripting/翎风服务器常量与整服Envir直接运行实施规格.md","LFENV","2026-08-16","LFENV-2026-08-16-baseline","ContextUnavailable（显示为空，预检保留诊断）","NPC 对话、#IF/#ACT 文本参数、系统与事件触发页","对应不可变战斗事件 DTO 生命周期内"
"1","LFENV-SYMBOL-0591","直接","H.ATTACKMONSTER_X","","<$H.ATTACKMONSTER_X>","战斗事件","String","玩家对象与战斗事件上下文","未实现（LFENV 后续阶段）","D","真实语料或附件已登记，等待对应 LFENV Adapter 实现与契约测试。","普通","真实语料:D:/ChuanQi/服务端;用户附件:翎风服务器常量","是","6","英雄当前攻击目标X坐标","LFENV-CATALOG-001","Docs/design/scripting/翎风服务器常量与整服Envir直接运行实施规格.md","LFENV","2026-08-16","LFENV-2026-08-16-baseline","ContextUnavailable（显示为空，预检保留诊断）","NPC 对话、#IF/#ACT 文本参数、系统与事件触发页","对应不可变战斗事件 DTO 生命周期内"
"1","LFENV-SYMBOL-0592","直接","H.ATTACKMONSTER_XEX","","<$H.ATTACKMONSTER_XEX>","战斗事件","String","玩家对象与战斗事件上下文","未实现（LFENV 后续阶段）","D","真实语料或附件已登记，等待对应 LFENV Adapter 实现与契约测试。","普通","用户附件:翎风服务器常量","是","0","英雄当前攻击(主目标)目标X坐标","LFENV-CATALOG-001","Docs/design/scripting/翎风服务器常量与整服Envir直接运行实施规格.md","LFENV","2026-08-16","LFENV-2026-08-16-baseline","ContextUnavailable（显示为空，预检保留诊断）","NPC 对话、#IF/#ACT 文本参数、系统与事件触发页","对应不可变战斗事件 DTO 生命周期内"
"1","LFENV-SYMBOL-0593","直接","H.ATTACKMONSTER_Y","","<$H.ATTACKMONSTER_Y>","战斗事件","String","玩家对象与战斗事件上下文","未实现（LFENV 后续阶段）","D","真实语料或附件已登记，等待对应 LFENV Adapter 实现与契约测试。","普通","真实语料:D:/ChuanQi/服务端;用户附件:翎风服务器常量","是","6","英雄当前攻击目标Y坐标","LFENV-CATALOG-001","Docs/design/scripting/翎风服务器常量与整服Envir直接运行实施规格.md","LFENV","2026-08-16","LFENV-2026-08-16-baseline","ContextUnavailable（显示为空，预检保留诊断）","NPC 对话、#IF/#ACT 文本参数、系统与事件触发页","对应不可变战斗事件 DTO 生命周期内"
"1","LFENV-SYMBOL-0594","直接","H.ATTACKMONSTER_YEX","","<$H.ATTACKMONSTER_YEX>","战斗事件","String","玩家对象与战斗事件上下文","未实现（LFENV 后续阶段）","D","真实语料或附件已登记，等待对应 LFENV Adapter 实现与契约测试。","普通","用户附件:翎风服务器常量","是","0","英雄当前攻击(主目标)目标Y坐标","LFENV-CATALOG-001","Docs/design/scripting/翎风服务器常量与整服Envir直接运行实施规格.md","LFENV","2026-08-16","LFENV-2026-08-16-baseline","ContextUnavailable（显示为空，预检保留诊断）","NPC 对话、#IF/#ACT 文本参数、系统与事件触发页","对应不可变战斗事件 DTO 生命周期内"
"1","LFENV-SYMBOL-0595","直接","H.BELT","","<$H.BELT>","物品事件","String","玩家对象与物品事件上下文","未实现（LFENV 后续阶段）","D","真实语料或附件已登记，等待对应 LFENV Adapter 实现与契约测试。","普通","真实语料:D:/ChuanQi/服务端","否","1","","LFENV-CATALOG-001","Docs/design/scripting/翎风服务器常量与整服Envir直接运行实施规格.md","LFENV","2026-08-16","LFENV-2026-08-16-baseline","ContextUnavailable（显示为空，预检保留诊断）","NPC 对话、#IF/#ACT 文本参数、系统与事件触发页","对应不可变物品事件 DTO 生命周期内"
"1","LFENV-SYMBOL-0596","直接","H.BOOTS","","<$H.BOOTS>","物品事件","String","玩家对象与物品事件上下文","未实现（LFENV 后续阶段）","D","真实语料或附件已登记，等待对应 LFENV Adapter 实现与契约测试。","普通","真实语料:D:/ChuanQi/服务端","否","1","","LFENV-CATALOG-001","Docs/design/scripting/翎风服务器常量与整服Envir直接运行实施规格.md","LFENV","2026-08-16","LFENV-2026-08-16-baseline","ContextUnavailable（显示为空，预检保留诊断）","NPC 对话、#IF/#ACT 文本参数、系统与事件触发页","对应不可变物品事件 DTO 生命周期内"
"1","LFENV-SYMBOL-0597","直接","H.BUJUK","","<$H.BUJUK>","英雄","String","玩家对象与英雄对象","未实现（LFENV 后续阶段）","D","真实语料或附件已登记，等待对应 LFENV Adapter 实现与契约测试。","普通","真实语料:D:/ChuanQi/服务端","否","1","","LFENV-CATALOG-001","Docs/design/scripting/翎风服务器常量与整服Envir直接运行实施规格.md","LFENV","2026-08-16","LFENV-2026-08-16-baseline","ContextUnavailable（按契约显示为空或 0，预检保留诊断）","NPC 对话、#IF/#ACT 文本参数、系统与事件触发页","玩家脚本上下文有效期间"
"1","LFENV-SYMBOL-0598","直接","H.COMBATPOWER","","<$H.COMBATPOWER>","英雄","String","玩家对象与英雄对象","未实现（LFENV 后续阶段）","D","真实语料或附件已登记，等待对应 LFENV Adapter 实现与契约测试。","普通","用户附件:翎风服务器常量","是","0","英雄战斗力","LFENV-CATALOG-001","Docs/design/scripting/翎风服务器常量与整服Envir直接运行实施规格.md","LFENV","2026-08-16","LFENV-2026-08-16-baseline","ContextUnavailable（按契约显示为空或 0，预检保留诊断）","NPC 对话、#IF/#ACT 文本参数、系统与事件触发页","玩家脚本上下文有效期间"
"1","LFENV-SYMBOL-0599","直接","H.CURITEMNAME","","<$H.CURITEMNAME>","物品事件","String","玩家对象与物品事件上下文","未实现（LFENV 后续阶段）","D","真实语料或附件已登记，等待对应 LFENV Adapter 实现与契约测试。","普通","真实语料:D:/ChuanQi/服务端","否","22","","LFENV-CATALOG-001","Docs/design/scripting/翎风服务器常量与整服Envir直接运行实施规格.md","LFENV","2026-08-16","LFENV-2026-08-16-baseline","ContextUnavailable（显示为空，预检保留诊断）","NPC 对话、#IF/#ACT 文本参数、系统与事件触发页","对应不可变物品事件 DTO 生命周期内"
"1","LFENV-SYMBOL-0600","直接","H.CURITEMPOS","","<$H.CURITEMPOS>","物品事件","String","玩家对象与物品事件上下文","未实现（LFENV 后续阶段）","D","真实语料或附件已登记，等待对应 LFENV Adapter 实现与契约测试。","普通","真实语料:D:/ChuanQi/服务端","否","157","","LFENV-CATALOG-001","Docs/design/scripting/翎风服务器常量与整服Envir直接运行实施规格.md","LFENV","2026-08-16","LFENV-2026-08-16-baseline","ContextUnavailable（显示为空，预检保留诊断）","NPC 对话、#IF/#ACT 文本参数、系统与事件触发页","对应不可变物品事件 DTO 生命周期内"
"1","LFENV-SYMBOL-0601","直接","H.CURRRTARGETNAME","","<$H.CURRRTARGETNAME>","战斗事件","String","玩家对象与战斗事件上下文","未实现（LFENV 后续阶段）","D","真实语料或附件已登记，等待对应 LFENV Adapter 实现与契约测试。","普通","真实语料:D:/ChuanQi/服务端","否","42","","LFENV-CATALOG-001","Docs/design/scripting/翎风服务器常量与整服Envir直接运行实施规格.md","LFENV","2026-08-16","LFENV-2026-08-16-baseline","ContextUnavailable（显示为空，预检保留诊断）","NPC 对话、#IF/#ACT 文本参数、系统与事件触发页","对应不可变战斗事件 DTO 生命周期内"
"1","LFENV-SYMBOL-0602","直接","H.CURRRUSEMAGICID","","<$H.CURRRUSEMAGICID>","英雄","String","玩家对象与英雄对象","未实现（LFENV 后续阶段）","D","真实语料或附件已登记，等待对应 LFENV Adapter 实现与契约测试。","普通","真实语料:D:/ChuanQi/服务端;用户附件:翎风服务器常量","是","62","英雄当前攻击技能ID","LFENV-CATALOG-001","Docs/design/scripting/翎风服务器常量与整服Envir直接运行实施规格.md","LFENV","2026-08-16","LFENV-2026-08-16-baseline","ContextUnavailable（按契约显示为空或 0，预检保留诊断）","NPC 对话、#IF/#ACT 文本参数、系统与事件触发页","玩家脚本上下文有效期间"
"1","LFENV-SYMBOL-0603","直接","H.CURTARGETMASTERNAME","","<$H.CURTARGETMASTERNAME>","英雄","String","玩家对象与英雄对象","未实现（LFENV 后续阶段）","D","真实语料或附件已登记，等待对应 LFENV Adapter 实现与契约测试。","普通","用户附件:翎风服务器常量","是","0","英雄当前攻击目标的主人名(英雄、宝宝)","LFENV-CATALOG-001","Docs/design/scripting/翎风服务器常量与整服Envir直接运行实施规格.md","LFENV","2026-08-16","LFENV-2026-08-16-baseline","ContextUnavailable（按契约显示为空或 0，预检保留诊断）","NPC 对话、#IF/#ACT 文本参数、系统与事件触发页","玩家脚本上下文有效期间"
"1","LFENV-SYMBOL-0604","直接","H.DAMAGEVALUE","","<$H.DAMAGEVALUE>","战斗事件","String","玩家对象与战斗事件上下文","未实现（LFENV 后续阶段）","D","真实语料或附件已登记，等待对应 LFENV Adapter 实现与契约测试。","普通","真实语料:D:/ChuanQi/服务端","否","10","","LFENV-CATALOG-001","Docs/design/scripting/翎风服务器常量与整服Envir直接运行实施规格.md","LFENV","2026-08-16","LFENV-2026-08-16-baseline","ContextUnavailable（显示为空，预检保留诊断）","NPC 对话、#IF/#ACT 文本参数、系统与事件触发页","对应不可变战斗事件 DTO 生命周期内"
"1","LFENV-SYMBOL-0605","直接","H.EXP","","<$H.EXP>","英雄","Integer","玩家对象与英雄对象","未实现（LFENV 后续阶段）","D","真实语料或附件已登记，等待对应 LFENV Adapter 实现与契约测试。","普通","用户附件:翎风服务器常量","是","0","英雄当前经验值","LFENV-CATALOG-001","Docs/design/scripting/翎风服务器常量与整服Envir直接运行实施规格.md","LFENV","2026-08-16","LFENV-2026-08-16-baseline","ContextUnavailable（按契约显示为空或 0，预检保留诊断）","NPC 对话、#IF/#ACT 文本参数、系统与事件触发页","玩家脚本上下文有效期间"
"1","LFENV-SYMBOL-0606","直接","H.EXPIREDITEMNAME","","<$H.EXPIREDITEMNAME>","英雄","Integer","玩家对象与英雄对象","未实现（LFENV 后续阶段）","D","真实语料或附件已登记，等待对应 LFENV Adapter 实现与契约测试。","普通","真实语料:D:/ChuanQi/服务端","否","3","","LFENV-CATALOG-001","Docs/design/scripting/翎风服务器常量与整服Envir直接运行实施规格.md","LFENV","2026-08-16","LFENV-2026-08-16-baseline","ContextUnavailable（按契约显示为空或 0，预检保留诊断）","NPC 对话、#IF/#ACT 文本参数、系统与事件触发页","玩家脚本上下文有效期间"
"1","LFENV-SYMBOL-0607","直接","H.FASHIONCHARM","","<$H.FASHIONCHARM>","物品事件","String","玩家对象与物品事件上下文","未实现（LFENV 后续阶段）","D","真实语料或附件已登记，等待对应 LFENV Adapter 实现与契约测试。","普通","真实语料:D:/ChuanQi/服务端","否","2","","LFENV-CATALOG-001","Docs/design/scripting/翎风服务器常量与整服Envir直接运行实施规格.md","LFENV","2026-08-16","LFENV-2026-08-16-baseline","ContextUnavailable（显示为空，预检保留诊断）","NPC 对话、#IF/#ACT 文本参数、系统与事件触发页","对应不可变物品事件 DTO 生命周期内"
"1","LFENV-SYMBOL-0608","直接","H.FASHIONDRESS","","<$H.FASHIONDRESS>","物品事件","String","玩家对象与物品事件上下文","未实现（LFENV 后续阶段）","D","真实语料或附件已登记，等待对应 LFENV Adapter 实现与契约测试。","普通","用户附件:翎风服务器常量","是","0","英雄时装衣服","LFENV-CATALOG-001","Docs/design/scripting/翎风服务器常量与整服Envir直接运行实施规格.md","LFENV","2026-08-16","LFENV-2026-08-16-baseline","ContextUnavailable（显示为空，预检保留诊断）","NPC 对话、#IF/#ACT 文本参数、系统与事件触发页","对应不可变物品事件 DTO 生命周期内"
"1","LFENV-SYMBOL-0609","直接","H.FASHIONWEAPON","","<$H.FASHIONWEAPON>","物品事件","String","玩家对象与物品事件上下文","未实现（LFENV 后续阶段）","D","真实语料或附件已登记，等待对应 LFENV Adapter 实现与契约测试。","普通","用户附件:翎风服务器常量","是","0","英雄时装武器","LFENV-CATALOG-001","Docs/design/scripting/翎风服务器常量与整服Envir直接运行实施规格.md","LFENV","2026-08-16","LFENV-2026-08-16-baseline","ContextUnavailable（显示为空，预检保留诊断）","NPC 对话、#IF/#ACT 文本参数、系统与事件触发页","对应不可变物品事件 DTO 生命周期内"
"1","LFENV-SYMBOL-0610","直接","H.G_DRESS","","<$H.G_DRESS>","英雄","String","玩家对象与英雄对象","未实现（LFENV 后续阶段）","D","真实语料或附件已登记，等待对应 LFENV Adapter 实现与契约测试。","普通","用户附件:翎风服务器常量","是","0","改名变量英雄","LFENV-CATALOG-001","Docs/design/scripting/翎风服务器常量与整服Envir直接运行实施规格.md","LFENV","2026-08-16","LFENV-2026-08-16-baseline","ContextUnavailable（按契约显示为空或 0，预检保留诊断）","NPC 对话、#IF/#ACT 文本参数、系统与事件触发页","玩家脚本上下文有效期间"
"1","LFENV-SYMBOL-0611","直接","H.GENDER","","<$H.GENDER>","英雄","String","玩家对象与英雄对象","未实现（LFENV 后续阶段）","D","真实语料或附件已登记，等待对应 LFENV Adapter 实现与契约测试。","普通","用户附件:翎风服务器常量","是","0","英雄性别","LFENV-CATALOG-001","Docs/design/scripting/翎风服务器常量与整服Envir直接运行实施规格.md","LFENV","2026-08-16","LFENV-2026-08-16-baseline","ContextUnavailable（按契约显示为空或 0，预检保留诊断）","NPC 对话、#IF/#ACT 文本参数、系统与事件触发页","玩家脚本上下文有效期间"
"1","LFENV-SYMBOL-0612","直接","H.GETEXP","","<$H.GETEXP>","英雄","Integer","玩家对象与英雄对象","未实现（LFENV 后续阶段）","D","真实语料或附件已登记，等待对应 LFENV Adapter 实现与契约测试。","普通","真实语料:D:/ChuanQi/服务端;用户附件:翎风服务器常量","是","1","英雄当前获得经验变量","LFENV-CATALOG-001","Docs/design/scripting/翎风服务器常量与整服Envir直接运行实施规格.md","LFENV","2026-08-16","LFENV-2026-08-16-baseline","ContextUnavailable（按契约显示为空或 0，预检保留诊断）","NPC 对话、#IF/#ACT 文本参数、系统与事件触发页","玩家脚本上下文有效期间"
"1","LFENV-SYMBOL-0613","直接","H.GODBLESSITEM1","","<$H.GODBLESSITEM1>","物品事件","String","玩家对象与物品事件上下文","未实现（LFENV 后续阶段）","D","真实语料或附件已登记，等待对应 LFENV Adapter 实现与契约测试。","普通","用户附件:翎风服务器常量","是","0","----  英雄生肖盒","LFENV-CATALOG-001","Docs/design/scripting/翎风服务器常量与整服Envir直接运行实施规格.md","LFENV","2026-08-16","LFENV-2026-08-16-baseline","ContextUnavailable（显示为空，预检保留诊断）","NPC 对话、#IF/#ACT 文本参数、系统与事件触发页","对应不可变物品事件 DTO 生命周期内"
"1","LFENV-SYMBOL-0614","直接","H.GODBLESSITEM12","","<$H.GODBLESSITEM12>","物品事件","String","玩家对象与物品事件上下文","未实现（LFENV 后续阶段）","D","真实语料或附件已登记，等待对应 LFENV Adapter 实现与契约测试。","普通","用户附件:翎风服务器常量","是","0","----  英雄生肖盒","LFENV-CATALOG-001","Docs/design/scripting/翎风服务器常量与整服Envir直接运行实施规格.md","LFENV","2026-08-16","LFENV-2026-08-16-baseline","ContextUnavailable（显示为空，预检保留诊断）","NPC 对话、#IF/#ACT 文本参数、系统与事件触发页","对应不可变物品事件 DTO 生命周期内"
"1","LFENV-SYMBOL-0615","直接","H.HELMET","","<$H.HELMET>","物品事件","String","玩家对象与物品事件上下文","未实现（LFENV 后续阶段）","D","真实语料或附件已登记，等待对应 LFENV Adapter 实现与契约测试。","普通","真实语料:D:/ChuanQi/服务端","否","1","","LFENV-CATALOG-001","Docs/design/scripting/翎风服务器常量与整服Envir直接运行实施规格.md","LFENV","2026-08-16","LFENV-2026-08-16-baseline","ContextUnavailable（显示为空，预检保留诊断）","NPC 对话、#IF/#ACT 文本参数、系统与事件触发页","对应不可变物品事件 DTO 生命周期内"
"1","LFENV-SYMBOL-0616","直接","H.HIT","","<$H.HIT>","英雄","String","玩家对象与英雄对象","未实现（LFENV 后续阶段）","D","真实语料或附件已登记，等待对应 LFENV Adapter 实现与契约测试。","普通","真实语料:D:/ChuanQi/服务端","否","1","","LFENV-CATALOG-001","Docs/design/scripting/翎风服务器常量与整服Envir直接运行实施规格.md","LFENV","2026-08-16","LFENV-2026-08-16-baseline","ContextUnavailable（按契约显示为空或 0，预检保留诊断）","NPC 对话、#IF/#ACT 文本参数、系统与事件触发页","玩家脚本上下文有效期间"
"1","LFENV-SYMBOL-0617","直接","H.HP","","<$H.HP>","英雄","Integer","玩家对象与英雄对象","未实现（LFENV 后续阶段）","D","真实语料或附件已登记，等待对应 LFENV Adapter 实现与契约测试。","普通","真实语料:D:/ChuanQi/服务端","否","6","","LFENV-CATALOG-001","Docs/design/scripting/翎风服务器常量与整服Envir直接运行实施规格.md","LFENV","2026-08-16","LFENV-2026-08-16-baseline","ContextUnavailable（按契约显示为空或 0，预检保留诊断）","NPC 对话、#IF/#ACT 文本参数、系统与事件触发页","玩家脚本上下文有效期间"
"1","LFENV-SYMBOL-0618","直接","H.JEWELRYITEM1","","<$H.JEWELRYITEM1>","物品事件","String","玩家对象与物品事件上下文","未实现（LFENV 后续阶段）","D","真实语料或附件已登记，等待对应 LFENV Adapter 实现与契约测试。","普通","真实语料:D:/ChuanQi/服务端;用户附件:翎风服务器常量","是","3","----  英雄首饰盒","LFENV-CATALOG-001","Docs/design/scripting/翎风服务器常量与整服Envir直接运行实施规格.md","LFENV","2026-08-16","LFENV-2026-08-16-baseline","ContextUnavailable（显示为空，预检保留诊断）","NPC 对话、#IF/#ACT 文本参数、系统与事件触发页","对应不可变物品事件 DTO 生命周期内"
"1","LFENV-SYMBOL-0619","直接","H.JEWELRYITEM2","","<$H.JEWELRYITEM2>","物品事件","String","玩家对象与物品事件上下文","未实现（LFENV 后续阶段）","D","真实语料或附件已登记，等待对应 LFENV Adapter 实现与契约测试。","普通","真实语料:D:/ChuanQi/服务端","否","3","","LFENV-CATALOG-001","Docs/design/scripting/翎风服务器常量与整服Envir直接运行实施规格.md","LFENV","2026-08-16","LFENV-2026-08-16-baseline","ContextUnavailable（显示为空，预检保留诊断）","NPC 对话、#IF/#ACT 文本参数、系统与事件触发页","对应不可变物品事件 DTO 生命周期内"
"1","LFENV-SYMBOL-0620","直接","H.JEWELRYITEM3","","<$H.JEWELRYITEM3>","物品事件","String","玩家对象与物品事件上下文","未实现（LFENV 后续阶段）","D","真实语料或附件已登记，等待对应 LFENV Adapter 实现与契约测试。","普通","真实语料:D:/ChuanQi/服务端","否","3","","LFENV-CATALOG-001","Docs/design/scripting/翎风服务器常量与整服Envir直接运行实施规格.md","LFENV","2026-08-16","LFENV-2026-08-16-baseline","ContextUnavailable（显示为空，预检保留诊断）","NPC 对话、#IF/#ACT 文本参数、系统与事件触发页","对应不可变物品事件 DTO 生命周期内"
"1","LFENV-SYMBOL-0621","直接","H.JEWELRYITEM6","","<$H.JEWELRYITEM6>","物品事件","String","玩家对象与物品事件上下文","未实现（LFENV 后续阶段）","D","真实语料或附件已登记，等待对应 LFENV Adapter 实现与契约测试。","普通","用户附件:翎风服务器常量","是","0","----  英雄首饰盒","LFENV-CATALOG-001","Docs/design/scripting/翎风服务器常量与整服Envir直接运行实施规格.md","LFENV","2026-08-16","LFENV-2026-08-16-baseline","ContextUnavailable（显示为空，预检保留诊断）","NPC 对话、#IF/#ACT 文本参数、系统与事件触发页","对应不可变物品事件 DTO 生命周期内"
"1","LFENV-SYMBOL-0622","直接","H.JOB","","<$H.JOB>","英雄","String","玩家对象与英雄对象","未实现（LFENV 后续阶段）","D","真实语料或附件已登记，等待对应 LFENV Adapter 实现与契约测试。","普通","用户附件:翎风服务器常量","是","0","英雄职业","LFENV-CATALOG-001","Docs/design/scripting/翎风服务器常量与整服Envir直接运行实施规格.md","LFENV","2026-08-16","LFENV-2026-08-16-baseline","ContextUnavailable（按契约显示为空或 0，预检保留诊断）","NPC 对话、#IF/#ACT 文本参数、系统与事件触发页","玩家脚本上下文有效期间"
"1","LFENV-SYMBOL-0623","直接","H.KILLMONNAME","","<$H.KILLMONNAME>","战斗事件","String","玩家对象与战斗事件上下文","未实现（LFENV 后续阶段）","D","真实语料或附件已登记，等待对应 LFENV Adapter 实现与契约测试。","普通","真实语料:D:/ChuanQi/服务端;用户附件:翎风服务器常量","是","2799","英雄杀死的怪物名称","LFENV-CATALOG-001","Docs/design/scripting/翎风服务器常量与整服Envir直接运行实施规格.md","LFENV","2026-08-16","LFENV-2026-08-16-baseline","ContextUnavailable（显示为空，预检保留诊断）","NPC 对话、#IF/#ACT 文本参数、系统与事件触发页","对应不可变战斗事件 DTO 生命周期内"
"1","LFENV-SYMBOL-0624","直接","H.LEVEL","","<$H.LEVEL>","英雄","Integer","玩家对象与英雄对象","未实现（LFENV 后续阶段）","D","真实语料或附件已登记，等待对应 LFENV Adapter 实现与契约测试。","普通","真实语料:D:/ChuanQi/服务端;用户附件:翎风服务器常量","是","33","英雄级别","LFENV-CATALOG-001","Docs/design/scripting/翎风服务器常量与整服Envir直接运行实施规格.md","LFENV","2026-08-16","LFENV-2026-08-16-baseline","ContextUnavailable（按契约显示为空或 0，预检保留诊断）","NPC 对话、#IF/#ACT 文本参数、系统与事件触发页","玩家脚本上下文有效期间"
"1","LFENV-SYMBOL-0625","直接","H.LOYALPOINT","","<$H.LOYALPOINT>","英雄","Integer","玩家对象与英雄对象","未实现（LFENV 后续阶段）","D","真实语料或附件已登记，等待对应 LFENV Adapter 实现与契约测试。","普通","用户附件:翎风服务器常量","是","0","英雄忠诚度变量","LFENV-CATALOG-001","Docs/design/scripting/翎风服务器常量与整服Envir直接运行实施规格.md","LFENV","2026-08-16","LFENV-2026-08-16-baseline","ContextUnavailable（按契约显示为空或 0，预检保留诊断）","NPC 对话、#IF/#ACT 文本参数、系统与事件触发页","玩家脚本上下文有效期间"
"1","LFENV-SYMBOL-0626","直接","H.LUCK","","<$H.LUCK>","英雄","String","玩家对象与英雄对象","未实现（LFENV 后续阶段）","D","真实语料或附件已登记，等待对应 LFENV Adapter 实现与契约测试。","普通","真实语料:D:/ChuanQi/服务端;用户附件:翎风服务器常量","是","3","英雄幸运","LFENV-CATALOG-001","Docs/design/scripting/翎风服务器常量与整服Envir直接运行实施规格.md","LFENV","2026-08-16","LFENV-2026-08-16-baseline","ContextUnavailable（按契约显示为空或 0，预检保留诊断）","NPC 对话、#IF/#ACT 文本参数、系统与事件触发页","玩家脚本上下文有效期间"
"1","LFENV-SYMBOL-0627","直接","H.MAGICID","","<$H.MAGICID>","战斗事件","String","玩家对象与战斗事件上下文","未实现（LFENV 后续阶段）","D","真实语料或附件已登记，等待对应 LFENV Adapter 实现与契约测试。","普通","真实语料:D:/ChuanQi/服务端","否","4","","LFENV-CATALOG-001","Docs/design/scripting/翎风服务器常量与整服Envir直接运行实施规格.md","LFENV","2026-08-16","LFENV-2026-08-16-baseline","ContextUnavailable（显示为空，预检保留诊断）","NPC 对话、#IF/#ACT 文本参数、系统与事件触发页","对应不可变战斗事件 DTO 生命周期内"
"1","LFENV-SYMBOL-0628","直接","H.MAGICTARGET","","<$H.MAGICTARGET>","战斗事件","String","玩家对象与战斗事件上下文","未实现（LFENV 后续阶段）","D","真实语料或附件已登记，等待对应 LFENV Adapter 实现与契约测试。","普通","真实语料:D:/ChuanQi/服务端","否","1","","LFENV-CATALOG-001","Docs/design/scripting/翎风服务器常量与整服Envir直接运行实施规格.md","LFENV","2026-08-16","LFENV-2026-08-16-baseline","ContextUnavailable（显示为空，预检保留诊断）","NPC 对话、#IF/#ACT 文本参数、系统与事件触发页","对应不可变战斗事件 DTO 生命周期内"
"1","LFENV-SYMBOL-0629","直接","H.MAP","","<$H.MAP>","英雄","String","玩家对象与英雄对象","未实现（LFENV 后续阶段）","D","真实语料或附件已登记，等待对应 LFENV Adapter 实现与契约测试。","普通","用户附件:翎风服务器常量","是","0","英雄当前地图代码","LFENV-CATALOG-001","Docs/design/scripting/翎风服务器常量与整服Envir直接运行实施规格.md","LFENV","2026-08-16","LFENV-2026-08-16-baseline","ContextUnavailable（按契约显示为空或 0，预检保留诊断）","NPC 对话、#IF/#ACT 文本参数、系统与事件触发页","玩家脚本上下文有效期间"
"1","LFENV-SYMBOL-0630","直接","H.MAXAC","","<$H.MAXAC>","英雄","Integer","玩家对象与英雄对象","未实现（LFENV 后续阶段）","D","真实语料或附件已登记，等待对应 LFENV Adapter 实现与契约测试。","普通","真实语料:D:/ChuanQi/服务端","否","5","","LFENV-CATALOG-001","Docs/design/scripting/翎风服务器常量与整服Envir直接运行实施规格.md","LFENV","2026-08-16","LFENV-2026-08-16-baseline","ContextUnavailable（按契约显示为空或 0，预检保留诊断）","NPC 对话、#IF/#ACT 文本参数、系统与事件触发页","玩家脚本上下文有效期间"
"1","LFENV-SYMBOL-0631","直接","H.MAXDC","","<$H.MAXDC>","英雄","Integer","玩家对象与英雄对象","未实现（LFENV 后续阶段）","D","真实语料或附件已登记，等待对应 LFENV Adapter 实现与契约测试。","普通","真实语料:D:/ChuanQi/服务端","否","5","","LFENV-CATALOG-001","Docs/design/scripting/翎风服务器常量与整服Envir直接运行实施规格.md","LFENV","2026-08-16","LFENV-2026-08-16-baseline","ContextUnavailable（按契约显示为空或 0，预检保留诊断）","NPC 对话、#IF/#ACT 文本参数、系统与事件触发页","玩家脚本上下文有效期间"
"1","LFENV-SYMBOL-0632","直接","H.MAXHP","","<$H.MAXHP>","英雄","Integer","玩家对象与英雄对象","未实现（LFENV 后续阶段）","D","真实语料或附件已登记，等待对应 LFENV Adapter 实现与契约测试。","普通","真实语料:D:/ChuanQi/服务端","否","7","","LFENV-CATALOG-001","Docs/design/scripting/翎风服务器常量与整服Envir直接运行实施规格.md","LFENV","2026-08-16","LFENV-2026-08-16-baseline","ContextUnavailable（按契约显示为空或 0，预检保留诊断）","NPC 对话、#IF/#ACT 文本参数、系统与事件触发页","玩家脚本上下文有效期间"
"1","LFENV-SYMBOL-0633","直接","H.MAXMAC","","<$H.MAXMAC>","英雄","Integer","玩家对象与英雄对象","未实现（LFENV 后续阶段）","D","真实语料或附件已登记，等待对应 LFENV Adapter 实现与契约测试。","普通","真实语料:D:/ChuanQi/服务端","否","2","","LFENV-CATALOG-001","Docs/design/scripting/翎风服务器常量与整服Envir直接运行实施规格.md","LFENV","2026-08-16","LFENV-2026-08-16-baseline","ContextUnavailable（按契约显示为空或 0，预检保留诊断）","NPC 对话、#IF/#ACT 文本参数、系统与事件触发页","玩家脚本上下文有效期间"
"1","LFENV-SYMBOL-0634","直接","H.MAXMC","","<$H.MAXMC>","英雄","Integer","玩家对象与英雄对象","未实现（LFENV 后续阶段）","D","真实语料或附件已登记，等待对应 LFENV Adapter 实现与契约测试。","普通","真实语料:D:/ChuanQi/服务端","否","5","","LFENV-CATALOG-001","Docs/design/scripting/翎风服务器常量与整服Envir直接运行实施规格.md","LFENV","2026-08-16","LFENV-2026-08-16-baseline","ContextUnavailable（按契约显示为空或 0，预检保留诊断）","NPC 对话、#IF/#ACT 文本参数、系统与事件触发页","玩家脚本上下文有效期间"
"1","LFENV-SYMBOL-0635","直接","H.MAXMP","","<$H.MAXMP>","英雄","Integer","玩家对象与英雄对象","未实现（LFENV 后续阶段）","D","真实语料或附件已登记，等待对应 LFENV Adapter 实现与契约测试。","普通","真实语料:D:/ChuanQi/服务端","否","1","","LFENV-CATALOG-001","Docs/design/scripting/翎风服务器常量与整服Envir直接运行实施规格.md","LFENV","2026-08-16","LFENV-2026-08-16-baseline","ContextUnavailable（按契约显示为空或 0，预检保留诊断）","NPC 对话、#IF/#ACT 文本参数、系统与事件触发页","玩家脚本上下文有效期间"
"1","LFENV-SYMBOL-0636","直接","H.MAXNH","","<$H.MAXNH>","英雄","Integer","玩家对象与英雄对象","未实现（LFENV 后续阶段）","D","真实语料或附件已登记，等待对应 LFENV Adapter 实现与契约测试。","普通","用户附件:翎风服务器常量","是","0","英雄内力上限","LFENV-CATALOG-001","Docs/design/scripting/翎风服务器常量与整服Envir直接运行实施规格.md","LFENV","2026-08-16","LFENV-2026-08-16-baseline","ContextUnavailable（按契约显示为空或 0，预检保留诊断）","NPC 对话、#IF/#ACT 文本参数、系统与事件触发页","玩家脚本上下文有效期间"
"1","LFENV-SYMBOL-0637","直接","H.MAXSC","","<$H.MAXSC>","英雄","Integer","玩家对象与英雄对象","未实现（LFENV 后续阶段）","D","真实语料或附件已登记，等待对应 LFENV Adapter 实现与契约测试。","普通","真实语料:D:/ChuanQi/服务端","否","6","","LFENV-CATALOG-001","Docs/design/scripting/翎风服务器常量与整服Envir直接运行实施规格.md","LFENV","2026-08-16","LFENV-2026-08-16-baseline","ContextUnavailable（按契约显示为空或 0，预检保留诊断）","NPC 对话、#IF/#ACT 文本参数、系统与事件触发页","玩家脚本上下文有效期间"
"1","LFENV-SYMBOL-0638","直接","H.NECKLACE","","<$H.NECKLACE>","英雄","String","玩家对象与英雄对象","未实现（LFENV 后续阶段）","D","真实语料或附件已登记，等待对应 LFENV Adapter 实现与契约测试。","普通","真实语料:D:/ChuanQi/服务端","否","25","","LFENV-CATALOG-001","Docs/design/scripting/翎风服务器常量与整服Envir直接运行实施规格.md","LFENV","2026-08-16","LFENV-2026-08-16-baseline","ContextUnavailable（按契约显示为空或 0，预检保留诊断）","NPC 对话、#IF/#ACT 文本参数、系统与事件触发页","玩家脚本上下文有效期间"
"1","LFENV-SYMBOL-0639","直接","H.NGADDPOWER","","<$H.NGADDPOWER>","英雄","String","玩家对象与英雄对象","未实现（LFENV 后续阶段）","D","真实语料或附件已登记，等待对应 LFENV Adapter 实现与契约测试。","普通","用户附件:翎风服务器常量","是","0","英雄内功伤害增加","LFENV-CATALOG-001","Docs/design/scripting/翎风服务器常量与整服Envir直接运行实施规格.md","LFENV","2026-08-16","LFENV-2026-08-16-baseline","ContextUnavailable（按契约显示为空或 0，预检保留诊断）","NPC 对话、#IF/#ACT 文本参数、系统与事件触发页","玩家脚本上下文有效期间"
"1","LFENV-SYMBOL-0640","直接","H.NGDECPOWE","","<$H.NGDECPOWE>","英雄","String","玩家对象与英雄对象","未实现（LFENV 后续阶段）","D","真实语料或附件已登记，等待对应 LFENV Adapter 实现与契约测试。","普通","用户附件:翎风服务器常量","是","0","英雄内功伤害减少","LFENV-CATALOG-001","Docs/design/scripting/翎风服务器常量与整服Envir直接运行实施规格.md","LFENV","2026-08-16","LFENV-2026-08-16-baseline","ContextUnavailable（按契约显示为空或 0，预检保留诊断）","NPC 对话、#IF/#ACT 文本参数、系统与事件触发页","玩家脚本上下文有效期间"
"1","LFENV-SYMBOL-0641","直接","H.NGEXP","","<$H.NGEXP>","英雄","Integer","玩家对象与英雄对象","未实现（LFENV 后续阶段）","D","真实语料或附件已登记，等待对应 LFENV Adapter 实现与契约测试。","普通","用户附件:翎风服务器常量","是","0","英雄内功经验","LFENV-CATALOG-001","Docs/design/scripting/翎风服务器常量与整服Envir直接运行实施规格.md","LFENV","2026-08-16","LFENV-2026-08-16-baseline","ContextUnavailable（按契约显示为空或 0，预检保留诊断）","NPC 对话、#IF/#ACT 文本参数、系统与事件触发页","玩家脚本上下文有效期间"
"1","LFENV-SYMBOL-0642","直接","H.NGLEVEL","","<$H.NGLEVEL>","英雄","Integer","玩家对象与英雄对象","未实现（LFENV 后续阶段）","D","真实语料或附件已登记，等待对应 LFENV Adapter 实现与契约测试。","普通","用户附件:翎风服务器常量","是","0","英雄内功等级","LFENV-CATALOG-001","Docs/design/scripting/翎风服务器常量与整服Envir直接运行实施规格.md","LFENV","2026-08-16","LFENV-2026-08-16-baseline","ContextUnavailable（按契约显示为空或 0，预检保留诊断）","NPC 对话、#IF/#ACT 文本参数、系统与事件触发页","玩家脚本上下文有效期间"
"1","LFENV-SYMBOL-0643","直接","H.NGMAXEXP","","<$H.NGMAXEXP>","英雄","Integer","玩家对象与英雄对象","未实现（LFENV 后续阶段）","D","真实语料或附件已登记，等待对应 LFENV Adapter 实现与契约测试。","普通","用户附件:翎风服务器常量","是","0","英雄内功升级经验","LFENV-CATALOG-001","Docs/design/scripting/翎风服务器常量与整服Envir直接运行实施规格.md","LFENV","2026-08-16","LFENV-2026-08-16-baseline","ContextUnavailable（按契约显示为空或 0，预检保留诊断）","NPC 对话、#IF/#ACT 文本参数、系统与事件触发页","玩家脚本上下文有效期间"
"1","LFENV-SYMBOL-0644","直接","H.NH","","<$H.NH>","英雄","String","玩家对象与英雄对象","未实现（LFENV 后续阶段）","D","真实语料或附件已登记，等待对应 LFENV Adapter 实现与契约测试。","普通","用户附件:翎风服务器常量","是","0","英雄内力","LFENV-CATALOG-001","Docs/design/scripting/翎风服务器常量与整服Envir直接运行实施规格.md","LFENV","2026-08-16","LFENV-2026-08-16-baseline","ContextUnavailable（按契约显示为空或 0，预检保留诊断）","NPC 对话、#IF/#ACT 文本参数、系统与事件触发页","玩家脚本上下文有效期间"
"1","LFENV-SYMBOL-0645","直接","H.PKPOINT","","<$H.PKPOINT>","英雄","Integer","玩家对象与英雄对象","未实现（LFENV 后续阶段）","D","真实语料或附件已登记，等待对应 LFENV Adapter 实现与契约测试。","普通","用户附件:翎风服务器常量","是","0","英雄PK点数","LFENV-CATALOG-001","Docs/design/scripting/翎风服务器常量与整服Envir直接运行实施规格.md","LFENV","2026-08-16","LFENV-2026-08-16-baseline","ContextUnavailable（按契约显示为空或 0，预检保留诊断）","NPC 对话、#IF/#ACT 文本参数、系统与事件触发页","玩家脚本上下文有效期间"
"1","LFENV-SYMBOL-0646","直接","H.PKPOWER","","<$H.PKPOWER>","战斗事件","String","玩家对象与战斗事件上下文","未实现（LFENV 后续阶段）","D","真实语料或附件已登记，等待对应 LFENV Adapter 实现与契约测试。","普通","真实语料:D:/ChuanQi/服务端;用户附件:翎风服务器常量","是","36","英雄对攻击目标的伤害输出值","LFENV-CATALOG-001","Docs/design/scripting/翎风服务器常量与整服Envir直接运行实施规格.md","LFENV","2026-08-16","LFENV-2026-08-16-baseline","ContextUnavailable（显示为空，预检保留诊断）","NPC 对话、#IF/#ACT 文本参数、系统与事件触发页","对应不可变战斗事件 DTO 生命周期内"
"1","LFENV-SYMBOL-0647","直接","H.POWERRATE","","<$H.POWERRATE>","英雄","Integer","玩家对象与英雄对象","未实现（LFENV 后续阶段）","D","真实语料或附件已登记，等待对应 LFENV Adapter 实现与契约测试。","普通","真实语料:D:/ChuanQi/服务端;用户附件:翎风服务器常量","是","1","英雄攻击人物伤害力倍数","LFENV-CATALOG-001","Docs/design/scripting/翎风服务器常量与整服Envir直接运行实施规格.md","LFENV","2026-08-16","LFENV-2026-08-16-baseline","ContextUnavailable（按契约显示为空或 0，预检保留诊断）","NPC 对话、#IF/#ACT 文本参数、系统与事件触发页","玩家脚本上下文有效期间"
"1","LFENV-SYMBOL-0648","直接","H.POWERRATETIME","","<$H.POWERRATETIME>","英雄","Integer","玩家对象与英雄对象","未实现（LFENV 后续阶段）","D","真实语料或附件已登记，等待对应 LFENV Adapter 实现与契约测试。","普通","真实语料:D:/ChuanQi/服务端;用户附件:翎风服务器常量","是","1","英雄攻击人物伤害倍数剩余时间","LFENV-CATALOG-001","Docs/design/scripting/翎风服务器常量与整服Envir直接运行实施规格.md","LFENV","2026-08-16","LFENV-2026-08-16-baseline","ContextUnavailable（按契约显示为空或 0，预检保留诊断）","NPC 对话、#IF/#ACT 文本参数、系统与事件触发页","玩家脚本上下文有效期间"
"1","LFENV-SYMBOL-0649","直接","H.RELEVEL","","<$H.RELEVEL>","英雄","Integer","玩家对象与英雄对象","未实现（LFENV 后续阶段）","D","真实语料或附件已登记，等待对应 LFENV Adapter 实现与契约测试。","普通","真实语料:D:/ChuanQi/服务端;用户附件:翎风服务器常量","是","20","显示英雄转生等级","LFENV-CATALOG-001","Docs/design/scripting/翎风服务器常量与整服Envir直接运行实施规格.md","LFENV","2026-08-16","LFENV-2026-08-16-baseline","ContextUnavailable（按契约显示为空或 0，预检保留诊断）","NPC 对话、#IF/#ACT 文本参数、系统与事件触发页","玩家脚本上下文有效期间"
"1","LFENV-SYMBOL-0650","直接","H.RIGHTHAND","","<$H.RIGHTHAND>","英雄","String","玩家对象与英雄对象","未实现（LFENV 后续阶段）","D","真实语料或附件已登记，等待对应 LFENV Adapter 实现与契约测试。","普通","真实语料:D:/ChuanQi/服务端","否","22","","LFENV-CATALOG-001","Docs/design/scripting/翎风服务器常量与整服Envir直接运行实施规格.md","LFENV","2026-08-16","LFENV-2026-08-16-baseline","ContextUnavailable（按契约显示为空或 0，预检保留诊断）","NPC 对话、#IF/#ACT 文本参数、系统与事件触发页","玩家脚本上下文有效期间"
"1","LFENV-SYMBOL-0651","直接","H.RING_L","","<$H.RING_L>","物品事件","String","玩家对象与物品事件上下文","未实现（LFENV 后续阶段）","D","真实语料或附件已登记，等待对应 LFENV Adapter 实现与契约测试。","普通","真实语料:D:/ChuanQi/服务端","否","1","","LFENV-CATALOG-001","Docs/design/scripting/翎风服务器常量与整服Envir直接运行实施规格.md","LFENV","2026-08-16","LFENV-2026-08-16-baseline","ContextUnavailable（显示为空，预检保留诊断）","NPC 对话、#IF/#ACT 文本参数、系统与事件触发页","对应不可变物品事件 DTO 生命周期内"
"1","LFENV-SYMBOL-0652","直接","H.RING_R","","<$H.RING_R>","物品事件","String","玩家对象与物品事件上下文","未实现（LFENV 后续阶段）","D","真实语料或附件已登记，等待对应 LFENV Adapter 实现与契约测试。","普通","真实语料:D:/ChuanQi/服务端","否","1","","LFENV-CATALOG-001","Docs/design/scripting/翎风服务器常量与整服Envir直接运行实施规格.md","LFENV","2026-08-16","LFENV-2026-08-16-baseline","ContextUnavailable（显示为空，预检保留诊断）","NPC 对话、#IF/#ACT 文本参数、系统与事件触发页","对应不可变物品事件 DTO 生命周期内"
"1","LFENV-SYMBOL-0653","直接","H.SC","","<$H.SC>","英雄","Integer","玩家对象与英雄对象","未实现（LFENV 后续阶段）","D","真实语料或附件已登记，等待对应 LFENV Adapter 实现与契约测试。","普通","真实语料:D:/ChuanQi/服务端","否","3","","LFENV-CATALOG-001","Docs/design/scripting/翎风服务器常量与整服Envir直接运行实施规格.md","LFENV","2026-08-16","LFENV-2026-08-16-baseline","ContextUnavailable（按契约显示为空或 0，预检保留诊断）","NPC 对话、#IF/#ACT 文本参数、系统与事件触发页","玩家脚本上下文有效期间"
"1","LFENV-SYMBOL-0654","直接","H.SPD","","<$H.SPD>","英雄","String","玩家对象与英雄对象","未实现（LFENV 后续阶段）","D","真实语料或附件已登记，等待对应 LFENV Adapter 实现与契约测试。","普通","真实语料:D:/ChuanQi/服务端","否","1","","LFENV-CATALOG-001","Docs/design/scripting/翎风服务器常量与整服Envir直接运行实施规格.md","LFENV","2026-08-16","LFENV-2026-08-16-baseline","ContextUnavailable（按契约显示为空或 0，预检保留诊断）","NPC 对话、#IF/#ACT 文本参数、系统与事件触发页","玩家脚本上下文有效期间"
"1","LFENV-SYMBOL-0655","直接","H.STRUCKHP","","<$H.STRUCKHP>","战斗事件","Integer","玩家对象与战斗事件上下文","未实现（LFENV 后续阶段）","D","真实语料或附件已登记，等待对应 LFENV Adapter 实现与契约测试。","普通","真实语料:D:/ChuanQi/服务端;用户附件:翎风服务器常量","是","3","自己英雄被攻击减少的HP输出值","LFENV-CATALOG-001","Docs/design/scripting/翎风服务器常量与整服Envir直接运行实施规格.md","LFENV","2026-08-16","LFENV-2026-08-16-baseline","ContextUnavailable（显示为空，预检保留诊断）","NPC 对话、#IF/#ACT 文本参数、系统与事件触发页","对应不可变战斗事件 DTO 生命周期内"
"1","LFENV-SYMBOL-0656","直接","H.SUCKDAMAGE","","<$H.SUCKDAMAGE>","英雄","String","玩家对象与英雄对象","未实现（LFENV 后续阶段）","D","真实语料或附件已登记，等待对应 LFENV Adapter 实现与契约测试。","普通","真实语料:D:/ChuanQi/服务端","否","3","","LFENV-CATALOG-001","Docs/design/scripting/翎风服务器常量与整服Envir直接运行实施规格.md","LFENV","2026-08-16","LFENV-2026-08-16-baseline","ContextUnavailable（按契约显示为空或 0，预检保留诊断）","NPC 对话、#IF/#ACT 文本参数、系统与事件触发页","玩家脚本上下文有效期间"
"1","LFENV-SYMBOL-0657","直接","H.UPGRADECOUNT","","<$H.UPGRADECOUNT>","英雄","Integer","玩家对象与英雄对象","未实现（LFENV 后续阶段）","D","真实语料或附件已登记，等待对应 LFENV Adapter 实现与契约测试。","普通","用户附件:翎风服务器常量","是","0","英雄全身星星数量","LFENV-CATALOG-001","Docs/design/scripting/翎风服务器常量与整服Envir直接运行实施规格.md","LFENV","2026-08-16","LFENV-2026-08-16-baseline","ContextUnavailable（按契约显示为空或 0，预检保留诊断）","NPC 对话、#IF/#ACT 文本参数、系统与事件触发页","玩家脚本上下文有效期间"
"1","LFENV-SYMBOL-0658","直接","H.USERNAME","","<$H.USERNAME>","英雄","String","玩家对象与英雄对象","未实现（LFENV 后续阶段）","D","真实语料或附件已登记，等待对应 LFENV Adapter 实现与契约测试。","普通","真实语料:D:/ChuanQi/服务端","否","1","","LFENV-CATALOG-001","Docs/design/scripting/翎风服务器常量与整服Envir直接运行实施规格.md","LFENV","2026-08-16","LFENV-2026-08-16-baseline","ContextUnavailable（按契约显示为空或 0，预检保留诊断）","NPC 对话、#IF/#ACT 文本参数、系统与事件触发页","玩家脚本上下文有效期间"
"1","LFENV-SYMBOL-0659","直接","H.USERNEWNAME","","<$H.USERNEWNAME>","英雄","String","玩家对象与英雄对象","未实现（LFENV 后续阶段）","D","真实语料或附件已登记，等待对应 LFENV Adapter 实现与契约测试。","普通","真实语料:D:/ChuanQi/服务端","否","1","","LFENV-CATALOG-001","Docs/design/scripting/翎风服务器常量与整服Envir直接运行实施规格.md","LFENV","2026-08-16","LFENV-2026-08-16-baseline","ContextUnavailable（按契约显示为空或 0，预检保留诊断）","NPC 对话、#IF/#ACT 文本参数、系统与事件触发页","玩家脚本上下文有效期间"
"1","LFENV-SYMBOL-0660","直接","H.WEAPON","","<$H.WEAPON>","物品事件","String","玩家对象与物品事件上下文","未实现（LFENV 后续阶段）","D","真实语料或附件已登记，等待对应 LFENV Adapter 实现与契约测试。","普通","真实语料:D:/ChuanQi/服务端","否","4","","LFENV-CATALOG-001","Docs/design/scripting/翎风服务器常量与整服Envir直接运行实施规格.md","LFENV","2026-08-16","LFENV-2026-08-16-baseline","ContextUnavailable（显示为空，预检保留诊断）","NPC 对话、#IF/#ACT 文本参数、系统与事件触发页","对应不可变物品事件 DTO 生命周期内"
"1","LFENV-SYMBOL-0661","直接","H.X","","<$H.X>","英雄","Integer","玩家对象与英雄对象","未实现（LFENV 后续阶段）","D","真实语料或附件已登记，等待对应 LFENV Adapter 实现与契约测试。","普通","真实语料:D:/ChuanQi/服务端;用户附件:翎风服务器常量","是","5","英雄X坐标","LFENV-CATALOG-001","Docs/design/scripting/翎风服务器常量与整服Envir直接运行实施规格.md","LFENV","2026-08-16","LFENV-2026-08-16-baseline","ContextUnavailable（按契约显示为空或 0，预检保留诊断）","NPC 对话、#IF/#ACT 文本参数、系统与事件触发页","玩家脚本上下文有效期间"
"1","LFENV-SYMBOL-0662","直接","H.Y","","<$H.Y>","英雄","Integer","玩家对象与英雄对象","未实现（LFENV 后续阶段）","D","真实语料或附件已登记，等待对应 LFENV Adapter 实现与契约测试。","普通","真实语料:D:/ChuanQi/服务端;用户附件:翎风服务器常量","是","5","英雄Y坐标","LFENV-CATALOG-001","Docs/design/scripting/翎风服务器常量与整服Envir直接运行实施规格.md","LFENV","2026-08-16","LFENV-2026-08-16-baseline","ContextUnavailable（按契约显示为空或 0，预检保留诊断）","NPC 对话、#IF/#ACT 文本参数、系统与事件触发页","玩家脚本上下文有效期间"
"1","LFENV-SYMBOL-0663","直接","HAT","","<$HAT>","人物","String","玩家对象","未实现（LFENV 后续阶段）","D","真实语料或附件已登记，等待对应 LFENV Adapter 实现与契约测试。","普通","真实语料:D:/ChuanQi/服务端;用户附件:翎风服务器常量","是","164","斗笠","LFENV-CATALOG-001","Docs/design/scripting/翎风服务器常量与整服Envir直接运行实施规格.md","LFENV","2026-08-16","LFENV-2026-08-16-baseline","ContextUnavailable（按契约显示为空或 0，预检保留诊断）","NPC 对话、#IF/#ACT 文本参数、系统与事件触发页","玩家脚本上下文有效期间"
"1","LFENV-SYMBOL-0664","直接","HEALTHRECOVER","","<$HEALTHRECOVER>","人物","String","玩家对象","未实现（LFENV 后续阶段）","D","真实语料或附件已登记，等待对应 LFENV Adapter 实现与契约测试。","普通","用户附件:翎风服务器常量","是","0","体力恢复","LFENV-CATALOG-001","Docs/design/scripting/翎风服务器常量与整服Envir直接运行实施规格.md","LFENV","2026-08-16","LFENV-2026-08-16-baseline","ContextUnavailable（按契约显示为空或 0，预检保留诊断）","NPC 对话、#IF/#ACT 文本参数、系统与事件触发页","玩家脚本上下文有效期间"
"1","LFENV-SYMBOL-0665","直接","HELMET","","<$HELMET>","物品事件","String","玩家对象与物品事件上下文","LingFengP0ServerSymbols + ScriptTextRenderer","B","已通过 LFENV-05 P0 Adapter、统一 Renderer、真实 NPC/条件动作/系统触发/ScriptApi 入口与旧分支回归测试。","普通","真实语料:D:/ChuanQi/服务端;用户附件:翎风服务器常量","是","112","头盔","LFENV-CATALOG-001","Docs/design/scripting/翎风服务器常量与整服Envir直接运行实施规格.md","LFENV","2026-08-16","LFENV-2026-08-16-baseline","ContextUnavailable（显示为空，预检保留诊断）","NPC 对话、#IF/#ACT 文本参数、系统与事件触发页","对应不可变物品事件 DTO 生命周期内"
"1","LFENV-SYMBOL-0666","直接","HEROGETNGEXP","","<$HEROGETNGEXP>","英雄","Integer","玩家对象与英雄对象","未实现（LFENV 后续阶段）","D","真实语料或附件已登记，等待对应 LFENV Adapter 实现与契约测试。","普通","用户附件:翎风服务器常量","是","0","英雄当前得到的内功经验","LFENV-CATALOG-001","Docs/design/scripting/翎风服务器常量与整服Envir直接运行实施规格.md","LFENV","2026-08-16","LFENV-2026-08-16-baseline","ContextUnavailable（按契约显示为空或 0，预检保留诊断）","NPC 对话、#IF/#ACT 文本参数、系统与事件触发页","玩家脚本上下文有效期间"
"1","LFENV-SYMBOL-0667","直接","HEROKILLER","","<$HEROKILLER>","英雄","String","玩家对象与英雄对象","未实现（LFENV 后续阶段）","D","真实语料或附件已登记，等待对应 LFENV Adapter 实现与契约测试。","普通","用户附件:翎风服务器常量","是","0","杀英雄者变量","LFENV-CATALOG-001","Docs/design/scripting/翎风服务器常量与整服Envir直接运行实施规格.md","LFENV","2026-08-16","LFENV-2026-08-16-baseline","ContextUnavailable（按契约显示为空或 0，预检保留诊断）","NPC 对话、#IF/#ACT 文本参数、系统与事件触发页","玩家脚本上下文有效期间"
"1","LFENV-SYMBOL-0668","直接","HERONAME","","<$HERONAME>","英雄","String","玩家对象与英雄对象","未实现（LFENV 后续阶段）","D","真实语料或附件已登记，等待对应 LFENV Adapter 实现与契约测试。","普通","真实语料:D:/ChuanQi/服务端;用户附件:翎风服务器常量","是","1","英雄名字","LFENV-CATALOG-001","Docs/design/scripting/翎风服务器常量与整服Envir直接运行实施规格.md","LFENV","2026-08-16","LFENV-2026-08-16-baseline","ContextUnavailable（按契约显示为空或 0，预检保留诊断）","NPC 对话、#IF/#ACT 文本参数、系统与事件触发页","玩家脚本上下文有效期间"
"1","LFENV-SYMBOL-0669","直接","HEROPULSEXP","","<$HEROPULSEXP>","英雄","Integer","玩家对象与英雄对象","未实现（LFENV 后续阶段）","D","真实语料或附件已登记，等待对应 LFENV Adapter 实现与契约测试。","普通","用户附件:翎风服务器常量","是","0","英雄经络经验","LFENV-CATALOG-001","Docs/design/scripting/翎风服务器常量与整服Envir直接运行实施规格.md","LFENV","2026-08-16","LFENV-2026-08-16-baseline","ContextUnavailable（按契约显示为空或 0，预检保留诊断）","NPC 对话、#IF/#ACT 文本参数、系统与事件触发页","玩家脚本上下文有效期间"
"1","LFENV-SYMBOL-0670","直接","HIGHDCINFO","","<$HIGHDCINFO>","人物","String","玩家对象","未实现（LFENV 后续阶段）","D","真实语料或附件已登记，等待对应 LFENV Adapter 实现与契约测试。","普通","真实语料:D:/ChuanQi/服务端;用户附件:翎风服务器常量","是","1","最高攻击力人物信息","LFENV-CATALOG-001","Docs/design/scripting/翎风服务器常量与整服Envir直接运行实施规格.md","LFENV","2026-08-16","LFENV-2026-08-16-baseline","ContextUnavailable（按契约显示为空或 0，预检保留诊断）","NPC 对话、#IF/#ACT 文本参数、系统与事件触发页","玩家脚本上下文有效期间"
"1","LFENV-SYMBOL-0671","直接","HIGHLEVELINFO","","<$HIGHLEVELINFO>","人物","Integer","玩家对象","未实现（LFENV 后续阶段）","D","真实语料或附件已登记，等待对应 LFENV Adapter 实现与契约测试。","普通","真实语料:D:/ChuanQi/服务端;用户附件:翎风服务器常量","是","1","最高等人物信息","LFENV-CATALOG-001","Docs/design/scripting/翎风服务器常量与整服Envir直接运行实施规格.md","LFENV","2026-08-16","LFENV-2026-08-16-baseline","ContextUnavailable（按契约显示为空或 0，预检保留诊断）","NPC 对话、#IF/#ACT 文本参数、系统与事件触发页","玩家脚本上下文有效期间"
"1","LFENV-SYMBOL-0672","直接","HIGHMCINFO","","<$HIGHMCINFO>","人物","String","玩家对象","未实现（LFENV 后续阶段）","D","真实语料或附件已登记，等待对应 LFENV Adapter 实现与契约测试。","普通","真实语料:D:/ChuanQi/服务端;用户附件:翎风服务器常量","是","1","最高魔法力人物信息","LFENV-CATALOG-001","Docs/design/scripting/翎风服务器常量与整服Envir直接运行实施规格.md","LFENV","2026-08-16","LFENV-2026-08-16-baseline","ContextUnavailable（按契约显示为空或 0，预检保留诊断）","NPC 对话、#IF/#ACT 文本参数、系统与事件触发页","玩家脚本上下文有效期间"
"1","LFENV-SYMBOL-0673","直接","HIGHPKINFO","","<$HIGHPKINFO>","人物","String","玩家对象","未实现（LFENV 后续阶段）","D","真实语料或附件已登记，等待对应 LFENV Adapter 实现与契约测试。","普通","真实语料:D:/ChuanQi/服务端;用户附件:翎风服务器常量","是","1","最高PK点数人物信息","LFENV-CATALOG-001","Docs/design/scripting/翎风服务器常量与整服Envir直接运行实施规格.md","LFENV","2026-08-16","LFENV-2026-08-16-baseline","ContextUnavailable（按契约显示为空或 0，预检保留诊断）","NPC 对话、#IF/#ACT 文本参数、系统与事件触发页","玩家脚本上下文有效期间"
"1","LFENV-SYMBOL-0674","直接","HIGHSCINFO","","<$HIGHSCINFO>","人物","String","玩家对象","未实现（LFENV 后续阶段）","D","真实语料或附件已登记，等待对应 LFENV Adapter 实现与契约测试。","普通","真实语料:D:/ChuanQi/服务端;用户附件:翎风服务器常量","是","1","最高道术人物信息","LFENV-CATALOG-001","Docs/design/scripting/翎风服务器常量与整服Envir直接运行实施规格.md","LFENV","2026-08-16","LFENV-2026-08-16-baseline","ContextUnavailable（按契约显示为空或 0，预检保留诊断）","NPC 对话、#IF/#ACT 文本参数、系统与事件触发页","玩家脚本上下文有效期间"
"1","LFENV-SYMBOL-0675","直接","HIT","","<$HIT>","人物","String","玩家对象","LingFengP0ServerSymbols + ScriptTextRenderer","B","已通过 LFENV-05 P0 Adapter、统一 Renderer、真实 NPC/条件动作/系统触发/ScriptApi 入口与旧分支回归测试。","普通","真实语料:D:/ChuanQi/服务端;用户附件:翎风服务器常量","是","10","准确","LFENV-CATALOG-001","Docs/design/scripting/翎风服务器常量与整服Envir直接运行实施规格.md","LFENV","2026-08-16","LFENV-2026-08-16-baseline","ContextUnavailable（按契约显示为空或 0，预检保留诊断）","NPC 对话、#IF/#ACT 文本参数、系统与事件触发页","玩家脚本上下文有效期间"
"1","LFENV-SYMBOL-0676","直接","HITSPD","","<$HITSPD>","人物","String","玩家对象","未实现（LFENV 后续阶段）","D","真实语料或附件已登记，等待对应 LFENV Adapter 实现与契约测试。","普通","真实语料:D:/ChuanQi/服务端;用户附件:翎风服务器常量","是","15","攻速（装备加速）","LFENV-CATALOG-001","Docs/design/scripting/翎风服务器常量与整服Envir直接运行实施规格.md","LFENV","2026-08-16","LFENV-2026-08-16-baseline","ContextUnavailable（按契约显示为空或 0，预检保留诊断）","NPC 对话、#IF/#ACT 文本参数、系统与事件触发页","玩家脚本上下文有效期间"
"1","LFENV-SYMBOL-0677","直接","HMAP","","<$HMAP>","人物","String","玩家对象","未实现（LFENV 后续阶段）","D","真实语料或附件已登记，等待对应 LFENV Adapter 实现与契约测试。","普通","用户附件:翎风服务器常量","是","0","英雄地图编号","LFENV-CATALOG-001","Docs/design/scripting/翎风服务器常量与整服Envir直接运行实施规格.md","LFENV","2026-08-16","LFENV-2026-08-16-baseline","ContextUnavailable（按契约显示为空或 0，预检保留诊断）","NPC 对话、#IF/#ACT 文本参数、系统与事件触发页","玩家脚本上下文有效期间"
"1","LFENV-SYMBOL-0678","直接","HMAPTITLE","","<$HMAPTITLE>","人物","String","玩家对象","未实现（LFENV 后续阶段）","D","真实语料或附件已登记，等待对应 LFENV Adapter 实现与契约测试。","普通","用户附件:翎风服务器常量","是","0","英雄地图名字","LFENV-CATALOG-001","Docs/design/scripting/翎风服务器常量与整服Envir直接运行实施规格.md","LFENV","2026-08-16","LFENV-2026-08-16-baseline","ContextUnavailable（按契约显示为空或 0，预检保留诊断）","NPC 对话、#IF/#ACT 文本参数、系统与事件触发页","玩家脚本上下文有效期间"
"1","LFENV-SYMBOL-0679","直接","HORSE","","<$HORSE>","人物","String","玩家对象","未实现（LFENV 后续阶段）","D","真实语料或附件已登记，等待对应 LFENV Adapter 实现与契约测试。","普通","真实语料:D:/ChuanQi/服务端;用户附件:翎风服务器常量","是","242","马牌","LFENV-CATALOG-001","Docs/design/scripting/翎风服务器常量与整服Envir直接运行实施规格.md","LFENV","2026-08-16","LFENV-2026-08-16-baseline","ContextUnavailable（按契约显示为空或 0，预检保留诊断）","NPC 对话、#IF/#ACT 文本参数、系统与事件触发页","玩家脚本上下文有效期间"
"1","LFENV-SYMBOL-0680","直接","HOUR","","<$HOUR>","服务器与时间","Integer","服务器环境上下文","LingFengP0ServerSymbols + ScriptTextRenderer","B","已通过 LFENV-05 P0 Adapter、统一 Renderer、真实 NPC/条件动作/系统触发/ScriptApi 入口与旧分支回归测试。","普通","真实语料:D:/ChuanQi/服务端;用户附件:翎风服务器常量","是","786","当前小时","LFENV-CATALOG-001","Docs/design/scripting/翎风服务器常量与整服Envir直接运行实施规格.md","LFENV","2026-08-16","LFENV-2026-08-16-baseline","ContextUnavailable（按契约显示为空或 0，预检保留诊断）","NPC 对话、#IF/#ACT 文本参数、系统与事件触发页","脚本执行期间读取服务器只读快照"
"1","LFENV-SYMBOL-0681","直接","HP","","<$HP>","人物","Integer","玩家对象","LingFengP0ServerSymbols + ScriptTextRenderer","B","已通过 LFENV-05 P0 Adapter、统一 Renderer、真实 NPC/条件动作/系统触发/ScriptApi 入口与旧分支回归测试。","普通","真实语料:D:/ChuanQi/服务端;用户附件:翎风服务器常量","是","240","生命值","LFENV-CATALOG-001","Docs/design/scripting/翎风服务器常量与整服Envir直接运行实施规格.md","LFENV","2026-08-16","LFENV-2026-08-16-baseline","ContextUnavailable（按契约显示为空或 0，预检保留诊断）","NPC 对话、#IF/#ACT 文本参数、系统与事件触发页","玩家脚本上下文有效期间"
"1","LFENV-SYMBOL-0682","直接","HPPER","","<$HPPER>","人物","String","玩家对象","未实现（LFENV 后续阶段）","D","真实语料或附件已登记，等待对应 LFENV Adapter 实现与契约测试。","普通","真实语料:D:/ChuanQi/服务端","否","1","","LFENV-CATALOG-001","Docs/design/scripting/翎风服务器常量与整服Envir直接运行实施规格.md","LFENV","2026-08-16","LFENV-2026-08-16-baseline","ContextUnavailable（按契约显示为空或 0，预检保留诊断）","NPC 对话、#IF/#ACT 文本参数、系统与事件触发页","玩家脚本上下文有效期间"
"1","LFENV-SYMBOL-0683","直接","HUMCLONECOUNT","","<$HUMCLONECOUNT>","人物","Integer","玩家对象","未实现（LFENV 后续阶段）","D","真实语料或附件已登记，等待对应 LFENV Adapter 实现与契约测试。","普通","真实语料:D:/ChuanQi/服务端;用户附件:翎风服务器常量","是","3","人物分身数量","LFENV-CATALOG-001","Docs/design/scripting/翎风服务器常量与整服Envir直接运行实施规格.md","LFENV","2026-08-16","LFENV-2026-08-16-baseline","ContextUnavailable（按契约显示为空或 0，预检保留诊断）","NPC 对话、#IF/#ACT 文本参数、系统与事件触发页","玩家脚本上下文有效期间"
"1","LFENV-SYMBOL-0684","直接","HUMKILLER","","<$HUMKILLER>","人物","String","玩家对象","未实现（LFENV 后续阶段）","D","真实语料或附件已登记，等待对应 LFENV Adapter 实现与契约测试。","普通","真实语料:D:/ChuanQi/服务端","否","1","","LFENV-CATALOG-001","Docs/design/scripting/翎风服务器常量与整服Envir直接运行实施规格.md","LFENV","2026-08-16","LFENV-2026-08-16-baseline","ContextUnavailable（按契约显示为空或 0，预检保留诊断）","NPC 对话、#IF/#ACT 文本参数、系统与事件触发页","玩家脚本上下文有效期间"
"1","LFENV-SYMBOL-0685","直接","HUNGER","","<$HUNGER>","人物","String","玩家对象","未实现（LFENV 后续阶段）","D","真实语料或附件已登记，等待对应 LFENV Adapter 实现与契约测试。","普通","真实语料:D:/ChuanQi/服务端;用户附件:翎风服务器常量","是","6","饥饿程度","LFENV-CATALOG-001","Docs/design/scripting/翎风服务器常量与整服Envir直接运行实施规格.md","LFENV","2026-08-16","LFENV-2026-08-16-baseline","ContextUnavailable（按契约显示为空或 0，预检保留诊断）","NPC 对话、#IF/#ACT 文本参数、系统与事件触发页","玩家脚本上下文有效期间"
"1","LFENV-SYMBOL-0686","直接","HW","","<$HW>","人物","String","玩家对象","未实现（LFENV 后续阶段）","D","真实语料或附件已登记，等待对应 LFENV Adapter 实现与契约测试。","普通","用户附件:翎风服务器常量","是","0","腕力","LFENV-CATALOG-001","Docs/design/scripting/翎风服务器常量与整服Envir直接运行实施规格.md","LFENV","2026-08-16","LFENV-2026-08-16-baseline","ContextUnavailable（按契约显示为空或 0，预检保留诊断）","NPC 对话、#IF/#ACT 文本参数、系统与事件触发页","玩家脚本上下文有效期间"
"1","LFENV-SYMBOL-0687","直接","IPADDR","","<$IPADDR>","人物","String","玩家对象","未实现（LFENV 后续阶段）","X","涉及凭据、机器标识或服务器路径，默认拒绝暴露；仅可在后续安全评审后提供脱敏替代。","敏感","真实语料:D:/ChuanQi/服务端","否","88","","LFENV-CATALOG-001","Docs/design/scripting/翎风服务器常量与整服Envir直接运行实施规格.md","LFENV","2026-08-16","LFENV-2026-08-16-baseline","拒绝（Unsupported）","NPC 对话、#IF/#ACT 文本参数、系统与事件触发页","玩家脚本上下文有效期间"
"1","LFENV-SYMBOL-0688","直接","IPLOCAL","","<$IPLOCAL>","人物","String","玩家对象","未实现（LFENV 后续阶段）","X","涉及凭据、机器标识或服务器路径，默认拒绝暴露；仅可在后续安全评审后提供脱敏替代。","敏感","真实语料:D:/ChuanQi/服务端","否","40","","LFENV-CATALOG-001","Docs/design/scripting/翎风服务器常量与整服Envir直接运行实施规格.md","LFENV","2026-08-16","LFENV-2026-08-16-baseline","拒绝（Unsupported）","NPC 对话、#IF/#ACT 文本参数、系统与事件触发页","玩家脚本上下文有效期间"
"1","LFENV-SYMBOL-0689","直接","JADE","","<$JADE>","人物","String","玩家对象","LingFengP0ServerSymbols + ScriptTextRenderer","B","已通过 LFENV-05 只读兼容显示契约；当前模型无独立字段时返回 0 或“空”，并携带 CompatibilitySubstitute 结构化诊断。","普通","真实语料:D:/ChuanQi/服务端;用户附件:翎风服务器常量","是","888","灵玉","LFENV-CATALOG-001","Docs/design/scripting/翎风服务器常量与整服Envir直接运行实施规格.md","LFENV","2026-08-16","LFENV-2026-08-16-baseline","ContextUnavailable（按契约显示为空或 0，预检保留诊断）","NPC 对话、#IF/#ACT 文本参数、系统与事件触发页","玩家脚本上下文有效期间"
"1","LFENV-SYMBOL-0690","直接","JEWELRYITEM1","","<$JEWELRYITEM1>","物品事件","String","玩家对象与物品事件上下文","未实现（LFENV 后续阶段）","D","真实语料或附件已登记，等待对应 LFENV Adapter 实现与契约测试。","普通","真实语料:D:/ChuanQi/服务端;用户附件:翎风服务器常量","是","281","----  人物首饰盒","LFENV-CATALOG-001","Docs/design/scripting/翎风服务器常量与整服Envir直接运行实施规格.md","LFENV","2026-08-16","LFENV-2026-08-16-baseline","ContextUnavailable（显示为空，预检保留诊断）","NPC 对话、#IF/#ACT 文本参数、系统与事件触发页","对应不可变物品事件 DTO 生命周期内"
"1","LFENV-SYMBOL-0691","直接","JEWELRYITEM2","","<$JEWELRYITEM2>","物品事件","String","玩家对象与物品事件上下文","未实现（LFENV 后续阶段）","D","真实语料或附件已登记，等待对应 LFENV Adapter 实现与契约测试。","普通","真实语料:D:/ChuanQi/服务端","否","271","","LFENV-CATALOG-001","Docs/design/scripting/翎风服务器常量与整服Envir直接运行实施规格.md","LFENV","2026-08-16","LFENV-2026-08-16-baseline","ContextUnavailable（显示为空，预检保留诊断）","NPC 对话、#IF/#ACT 文本参数、系统与事件触发页","对应不可变物品事件 DTO 生命周期内"
"1","LFENV-SYMBOL-0692","直接","JEWELRYITEM3","","<$JEWELRYITEM3>","物品事件","String","玩家对象与物品事件上下文","未实现（LFENV 后续阶段）","D","真实语料或附件已登记，等待对应 LFENV Adapter 实现与契约测试。","普通","真实语料:D:/ChuanQi/服务端","否","271","","LFENV-CATALOG-001","Docs/design/scripting/翎风服务器常量与整服Envir直接运行实施规格.md","LFENV","2026-08-16","LFENV-2026-08-16-baseline","ContextUnavailable（显示为空，预检保留诊断）","NPC 对话、#IF/#ACT 文本参数、系统与事件触发页","对应不可变物品事件 DTO 生命周期内"
"1","LFENV-SYMBOL-0693","直接","JEWELRYITEM4","","<$JEWELRYITEM4>","物品事件","String","玩家对象与物品事件上下文","未实现（LFENV 后续阶段）","D","真实语料或附件已登记，等待对应 LFENV Adapter 实现与契约测试。","普通","真实语料:D:/ChuanQi/服务端","否","268","","LFENV-CATALOG-001","Docs/design/scripting/翎风服务器常量与整服Envir直接运行实施规格.md","LFENV","2026-08-16","LFENV-2026-08-16-baseline","ContextUnavailable（显示为空，预检保留诊断）","NPC 对话、#IF/#ACT 文本参数、系统与事件触发页","对应不可变物品事件 DTO 生命周期内"
"1","LFENV-SYMBOL-0694","直接","JEWELRYITEM5","","<$JEWELRYITEM5>","物品事件","String","玩家对象与物品事件上下文","未实现（LFENV 后续阶段）","D","真实语料或附件已登记，等待对应 LFENV Adapter 实现与契约测试。","普通","真实语料:D:/ChuanQi/服务端","否","268","","LFENV-CATALOG-001","Docs/design/scripting/翎风服务器常量与整服Envir直接运行实施规格.md","LFENV","2026-08-16","LFENV-2026-08-16-baseline","ContextUnavailable（显示为空，预检保留诊断）","NPC 对话、#IF/#ACT 文本参数、系统与事件触发页","对应不可变物品事件 DTO 生命周期内"
"1","LFENV-SYMBOL-0695","直接","JEWELRYITEM6","","<$JEWELRYITEM6>","物品事件","String","玩家对象与物品事件上下文","未实现（LFENV 后续阶段）","D","真实语料或附件已登记，等待对应 LFENV Adapter 实现与契约测试。","普通","真实语料:D:/ChuanQi/服务端;用户附件:翎风服务器常量","是","270","----  人物首饰盒","LFENV-CATALOG-001","Docs/design/scripting/翎风服务器常量与整服Envir直接运行实施规格.md","LFENV","2026-08-16","LFENV-2026-08-16-baseline","ContextUnavailable（显示为空，预检保留诊断）","NPC 对话、#IF/#ACT 文本参数、系统与事件触发页","对应不可变物品事件 DTO 生命周期内"
"1","LFENV-SYMBOL-0696","直接","JOB","CLASS","<$JOB>","人物","String","玩家对象","LingFengP0ServerSymbols + ScriptTextRenderer","B","已通过 LFENV-05 P0 Adapter、统一 Renderer、真实 NPC/条件动作/系统触发/ScriptApi 入口与旧分支回归测试。","普通","真实语料:D:/ChuanQi/服务端","否","446","","LFENV-CATALOG-001","Docs/design/scripting/翎风服务器常量与整服Envir直接运行实施规格.md","LFENV","2026-08-16","LFENV-2026-08-16-baseline","ContextUnavailable（按契约显示为空或 0，预检保留诊断）","NPC 对话、#IF/#ACT 文本参数、系统与事件触发页","玩家脚本上下文有效期间"
"1","LFENV-SYMBOL-0697","直接","KILLER","","<$KILLER>","战斗事件","String","玩家对象与战斗事件上下文","未实现（LFENV 后续阶段）","D","真实语料或附件已登记，等待对应 LFENV Adapter 实现与契约测试。","普通","真实语料:D:/ChuanQi/服务端;用户附件:翎风服务器常量","是","266","杀人者变量","LFENV-CATALOG-001","Docs/design/scripting/翎风服务器常量与整服Envir直接运行实施规格.md","LFENV","2026-08-16","LFENV-2026-08-16-baseline","ContextUnavailable（显示为空，预检保留诊断）","NPC 对话、#IF/#ACT 文本参数、系统与事件触发页","对应不可变战斗事件 DTO 生命周期内"
"1","LFENV-SYMBOL-0698","直接","KILLMONBURSTRATE","","<$KILLMONBURSTRATE>","战斗事件","Integer","玩家对象与战斗事件上下文","未实现（LFENV 后续阶段）","D","真实语料或附件已登记，等待对应 LFENV Adapter 实现与契约测试。","普通","真实语料:D:/ChuanQi/服务端;用户附件:翎风服务器常量","是","5","人物杀怪暴率倍数（脚本命令调整）","LFENV-CATALOG-001","Docs/design/scripting/翎风服务器常量与整服Envir直接运行实施规格.md","LFENV","2026-08-16","LFENV-2026-08-16-baseline","ContextUnavailable（显示为空，预检保留诊断）","NPC 对话、#IF/#ACT 文本参数、系统与事件触发页","对应不可变战斗事件 DTO 生命周期内"
"1","LFENV-SYMBOL-0699","直接","KILLMONBURSTRATETIME","","<$KILLMONBURSTRATETIME>","战斗事件","Integer","玩家对象与战斗事件上下文","未实现（LFENV 后续阶段）","D","真实语料或附件已登记，等待对应 LFENV Adapter 实现与契约测试。","普通","用户附件:翎风服务器常量","是","0","人物杀怪暴率倍数时间（脚本命令调整）","LFENV-CATALOG-001","Docs/design/scripting/翎风服务器常量与整服Envir直接运行实施规格.md","LFENV","2026-08-16","LFENV-2026-08-16-baseline","ContextUnavailable（显示为空，预检保留诊断）","NPC 对话、#IF/#ACT 文本参数、系统与事件触发页","对应不可变战斗事件 DTO 生命周期内"
"1","LFENV-SYMBOL-0700","直接","KILLMONEXPRATE","","<$KILLMONEXPRATE>","战斗事件","Integer","玩家对象与战斗事件上下文","未实现（LFENV 后续阶段）","D","真实语料或附件已登记，等待对应 LFENV Adapter 实现与契约测试。","普通","真实语料:D:/ChuanQi/服务端;用户附件:翎风服务器常量","是","10","杀怪经验倍数","LFENV-CATALOG-001","Docs/design/scripting/翎风服务器常量与整服Envir直接运行实施规格.md","LFENV","2026-08-16","LFENV-2026-08-16-baseline","ContextUnavailable（显示为空，预检保留诊断）","NPC 对话、#IF/#ACT 文本参数、系统与事件触发页","对应不可变战斗事件 DTO 生命周期内"
"1","LFENV-SYMBOL-0701","直接","KILLMONEXPRATETIME","","<$KILLMONEXPRATETIME>","战斗事件","Integer","玩家对象与战斗事件上下文","未实现（LFENV 后续阶段）","D","真实语料或附件已登记，等待对应 LFENV Adapter 实现与契约测试。","普通","真实语料:D:/ChuanQi/服务端;用户附件:翎风服务器常量","是","2","杀怪经验倍数时长","LFENV-CATALOG-001","Docs/design/scripting/翎风服务器常量与整服Envir直接运行实施规格.md","LFENV","2026-08-16","LFENV-2026-08-16-baseline","ContextUnavailable（显示为空，预检保留诊断）","NPC 对话、#IF/#ACT 文本参数、系统与事件触发页","对应不可变战斗事件 DTO 生命周期内"
"1","LFENV-SYMBOL-0702","直接","KILLMONMAP","","<$KILLMONMAP>","战斗事件","String","玩家对象与战斗事件上下文","未实现（LFENV 后续阶段）","D","真实语料或附件已登记，等待对应 LFENV Adapter 实现与契约测试。","普通","真实语料:D:/ChuanQi/服务端","否","7","","LFENV-CATALOG-001","Docs/design/scripting/翎风服务器常量与整服Envir直接运行实施规格.md","LFENV","2026-08-16","LFENV-2026-08-16-baseline","ContextUnavailable（显示为空，预检保留诊断）","NPC 对话、#IF/#ACT 文本参数、系统与事件触发页","对应不可变战斗事件 DTO 生命周期内"
"1","LFENV-SYMBOL-0703","直接","KILLMONNAME","","<$KILLMONNAME>","战斗事件","String","玩家对象与战斗事件上下文","未实现（LFENV 后续阶段）","D","真实语料或附件已登记，等待对应 LFENV Adapter 实现与契约测试。","普通","真实语料:D:/ChuanQi/服务端;用户附件:翎风服务器常量","是","4183","人物杀死的怪物名称","LFENV-CATALOG-001","Docs/design/scripting/翎风服务器常量与整服Envir直接运行实施规格.md","LFENV","2026-08-16","LFENV-2026-08-16-baseline","ContextUnavailable（显示为空，预检保留诊断）","NPC 对话、#IF/#ACT 文本参数、系统与事件触发页","对应不可变战斗事件 DTO 生命周期内"
"1","LFENV-SYMBOL-0704","直接","KILLMONNAMEEX","","<$KILLMONNAMEEX>","战斗事件","String","玩家对象与战斗事件上下文","未实现（LFENV 后续阶段）","D","真实语料或附件已登记，等待对应 LFENV Adapter 实现与契约测试。","普通","真实语料:D:/ChuanQi/服务端","否","166","","LFENV-CATALOG-001","Docs/design/scripting/翎风服务器常量与整服Envir直接运行实施规格.md","LFENV","2026-08-16","LFENV-2026-08-16-baseline","ContextUnavailable（显示为空，预检保留诊断）","NPC 对话、#IF/#ACT 文本参数、系统与事件触发页","对应不可变战斗事件 DTO 生命周期内"
"1","LFENV-SYMBOL-0705","直接","KILLMONX","","<$KILLMONX>","战斗事件","String","玩家对象与战斗事件上下文","未实现（LFENV 后续阶段）","D","真实语料或附件已登记，等待对应 LFENV Adapter 实现与契约测试。","普通","真实语料:D:/ChuanQi/服务端;用户附件:翎风服务器常量","是","225","人物杀死怪物的坐标","LFENV-CATALOG-001","Docs/design/scripting/翎风服务器常量与整服Envir直接运行实施规格.md","LFENV","2026-08-16","LFENV-2026-08-16-baseline","ContextUnavailable（显示为空，预检保留诊断）","NPC 对话、#IF/#ACT 文本参数、系统与事件触发页","对应不可变战斗事件 DTO 生命周期内"
"1","LFENV-SYMBOL-0706","直接","KILLMONY","","<$KILLMONY>","战斗事件","String","玩家对象与战斗事件上下文","未实现（LFENV 后续阶段）","D","真实语料或附件已登记，等待对应 LFENV Adapter 实现与契约测试。","普通","真实语料:D:/ChuanQi/服务端;用户附件:翎风服务器常量","是","225","人物杀死怪物的坐标","LFENV-CATALOG-001","Docs/design/scripting/翎风服务器常量与整服Envir直接运行实施规格.md","LFENV","2026-08-16","LFENV-2026-08-16-baseline","ContextUnavailable（显示为空，预检保留诊断）","NPC 对话、#IF/#ACT 文本参数、系统与事件触发页","对应不可变战斗事件 DTO 生命周期内"
"1","LFENV-SYMBOL-0707","直接","LEARNMAGICID","","<$LEARNMAGICID>","人物","String","玩家对象","未实现（LFENV 后续阶段）","D","真实语料或附件已登记，等待对应 LFENV Adapter 实现与契约测试。","普通","真实语料:D:/ChuanQi/服务端","否","3","","LFENV-CATALOG-001","Docs/design/scripting/翎风服务器常量与整服Envir直接运行实施规格.md","LFENV","2026-08-16","LFENV-2026-08-16-baseline","ContextUnavailable（按契约显示为空或 0，预检保留诊断）","NPC 对话、#IF/#ACT 文本参数、系统与事件触发页","玩家脚本上下文有效期间"
"1","LFENV-SYMBOL-0708","直接","LEVEL","","<$LEVEL>","人物","Integer","玩家对象","LingFengP0ServerSymbols + ScriptTextRenderer","B","已通过 LFENV-05 P0 Adapter、统一 Renderer、真实 NPC/条件动作/系统触发/ScriptApi 入口与旧分支回归测试。","普通","真实语料:D:/ChuanQi/服务端;用户附件:翎风服务器常量","是","1627","等级","LFENV-CATALOG-001","Docs/design/scripting/翎风服务器常量与整服Envir直接运行实施规格.md","LFENV","2026-08-16","LFENV-2026-08-16-baseline","ContextUnavailable（按契约显示为空或 0，预检保留诊断）","NPC 对话、#IF/#ACT 文本参数、系统与事件触发页","玩家脚本上下文有效期间"
"1","LFENV-SYMBOL-0709","直接","LISTOFWAR","","<$LISTOFWAR>","行会攻城","String","玩家对象与行会/城堡上下文","未实现（LFENV 后续阶段）","D","真实语料或附件已登记，等待对应 LFENV Adapter 实现与契约测试。","普通","真实语料:D:/ChuanQi/服务端;用户附件:翎风服务器常量","是","14","获取攻城列表","LFENV-CATALOG-001","Docs/design/scripting/翎风服务器常量与整服Envir直接运行实施规格.md","LFENV","2026-08-16","LFENV-2026-08-16-baseline","ContextUnavailable（按契约显示为空或 0，预检保留诊断）","NPC 对话、#IF/#ACT 文本参数、系统与事件触发页","玩家脚本上下文有效期间"
"1","LFENV-SYMBOL-0710","直接","LIUSERCOUNT","","<$LIUSERCOUNT>","服务器与时间","Integer","服务器环境上下文","未实现（LFENV 后续阶段）","D","真实语料或附件已登记，等待对应 LFENV Adapter 实现与契约测试。","普通","真实语料:D:/ChuanQi/服务端;用户附件:翎风服务器常量","是","2","离线人数()","LFENV-CATALOG-001","Docs/design/scripting/翎风服务器常量与整服Envir直接运行实施规格.md","LFENV","2026-08-16","LFENV-2026-08-16-baseline","ContextUnavailable（按契约显示为空或 0，预检保留诊断）","NPC 对话、#IF/#ACT 文本参数、系统与事件触发页","脚本执行期间读取服务器只读快照"
"1","LFENV-SYMBOL-0711","直接","LOGINLONG","","<$LOGINLONG>","人物","String","玩家对象","未实现（LFENV 后续阶段）","D","真实语料或附件已登记，等待对应 LFENV Adapter 实现与契约测试。","普通","真实语料:D:/ChuanQi/服务端;用户附件:翎风服务器常量","是","14","登录时长","LFENV-CATALOG-001","Docs/design/scripting/翎风服务器常量与整服Envir直接运行实施规格.md","LFENV","2026-08-16","LFENV-2026-08-16-baseline","ContextUnavailable（按契约显示为空或 0，预检保留诊断）","NPC 对话、#IF/#ACT 文本参数、系统与事件触发页","玩家脚本上下文有效期间"
"1","LFENV-SYMBOL-0712","直接","LOGINTIME","","<$LOGINTIME>","服务器与时间","Integer","服务器环境上下文","未实现（LFENV 后续阶段）","D","真实语料或附件已登记，等待对应 LFENV Adapter 实现与契约测试。","普通","真实语料:D:/ChuanQi/服务端;用户附件:翎风服务器常量","是","11","登录时间","LFENV-CATALOG-001","Docs/design/scripting/翎风服务器常量与整服Envir直接运行实施规格.md","LFENV","2026-08-16","LFENV-2026-08-16-baseline","ContextUnavailable（按契约显示为空或 0，预检保留诊断）","NPC 对话、#IF/#ACT 文本参数、系统与事件触发页","脚本执行期间读取服务器只读快照"
"1","LFENV-SYMBOL-0713","直接","LORD","","<$LORD>","人物","String","玩家对象","未实现（LFENV 后续阶段）","D","真实语料或附件已登记，等待对应 LFENV Adapter 实现与契约测试。","普通","真实语料:D:/ChuanQi/服务端;用户附件:翎风服务器常量","是","54","沙巴克管理员名称","LFENV-CATALOG-001","Docs/design/scripting/翎风服务器常量与整服Envir直接运行实施规格.md","LFENV","2026-08-16","LFENV-2026-08-16-baseline","ContextUnavailable（按契约显示为空或 0，预检保留诊断）","NPC 对话、#IF/#ACT 文本参数、系统与事件触发页","玩家脚本上下文有效期间"
"1","LFENV-SYMBOL-0714","直接","LUCK","","<$LUCK>","人物","String","玩家对象","LingFengP0ServerSymbols + ScriptTextRenderer","B","已通过 LFENV-05 P0 Adapter、统一 Renderer、真实 NPC/条件动作/系统触发/ScriptApi 入口与旧分支回归测试。","普通","真实语料:D:/ChuanQi/服务端;用户附件:翎风服务器常量","是","102","幸运","LFENV-CATALOG-001","Docs/design/scripting/翎风服务器常量与整服Envir直接运行实施规格.md","LFENV","2026-08-16","LFENV-2026-08-16-baseline","ContextUnavailable（按契约显示为空或 0，预检保留诊断）","NPC 对话、#IF/#ACT 文本参数、系统与事件触发页","玩家脚本上下文有效期间"
"1","LFENV-SYMBOL-0715","直接","M2DIRECTORY","","<$M2DIRECTORY>","人物","String","玩家对象","未实现（LFENV 后续阶段）","X","涉及凭据、机器标识或服务器路径，默认拒绝暴露；仅可在后续安全评审后提供脱敏替代。","敏感","用户附件:翎风服务器常量","是","0","M2所在目录变量","LFENV-CATALOG-001","Docs/design/scripting/翎风服务器常量与整服Envir直接运行实施规格.md","LFENV","2026-08-16","LFENV-2026-08-16-baseline","拒绝（Unsupported）","NPC 对话、#IF/#ACT 文本参数、系统与事件触发页","玩家脚本上下文有效期间"
"1","LFENV-SYMBOL-0716","直接","MAC","","<$MAC>","人物","Integer","玩家对象","LingFengP0ServerSymbols + ScriptTextRenderer","B","已通过 LFENV-05 P0 Adapter、统一 Renderer、真实 NPC/条件动作/系统触发/ScriptApi 入口与旧分支回归测试。","普通","真实语料:D:/ChuanQi/服务端;用户附件:翎风服务器常量","是","45","魔法防御力","LFENV-CATALOG-001","Docs/design/scripting/翎风服务器常量与整服Envir直接运行实施规格.md","LFENV","2026-08-16","LFENV-2026-08-16-baseline","ContextUnavailable（按契约显示为空或 0，预检保留诊断）","NPC 对话、#IF/#ACT 文本参数、系统与事件触发页","玩家脚本上下文有效期间"
"1","LFENV-SYMBOL-0717","直接","MACHINEID","","<$MACHINEID>","人物","String","玩家对象","未实现（LFENV 后续阶段）","X","涉及凭据、机器标识或服务器路径，默认拒绝暴露；仅可在后续安全评审后提供脱敏替代。","敏感","真实语料:D:/ChuanQi/服务端;用户附件:翎风服务器常量","是","508","玩家机器码","LFENV-CATALOG-001","Docs/design/scripting/翎风服务器常量与整服Envir直接运行实施规格.md","LFENV","2026-08-16","LFENV-2026-08-16-baseline","拒绝（Unsupported）","NPC 对话、#IF/#ACT 文本参数、系统与事件触发页","玩家脚本上下文有效期间"
"1","LFENV-SYMBOL-0718","直接","MAGICID","","<$MAGICID>","战斗事件","String","玩家对象与战斗事件上下文","未实现（LFENV 后续阶段）","D","真实语料或附件已登记，等待对应 LFENV Adapter 实现与契约测试。","普通","真实语料:D:/ChuanQi/服务端","否","45","","LFENV-CATALOG-001","Docs/design/scripting/翎风服务器常量与整服Envir直接运行实施规格.md","LFENV","2026-08-16","LFENV-2026-08-16-baseline","ContextUnavailable（显示为空，预检保留诊断）","NPC 对话、#IF/#ACT 文本参数、系统与事件触发页","对应不可变战斗事件 DTO 生命周期内"
"1","LFENV-SYMBOL-0719","直接","MAGICNAME","","<$MAGICNAME>","战斗事件","String","玩家对象与战斗事件上下文","未实现（LFENV 后续阶段）","D","真实语料或附件已登记，等待对应 LFENV Adapter 实现与契约测试。","普通","真实语料:D:/ChuanQi/服务端","否","222","","LFENV-CATALOG-001","Docs/design/scripting/翎风服务器常量与整服Envir直接运行实施规格.md","LFENV","2026-08-16","LFENV-2026-08-16-baseline","ContextUnavailable（显示为空，预检保留诊断）","NPC 对话、#IF/#ACT 文本参数、系统与事件触发页","对应不可变战斗事件 DTO 生命周期内"
"1","LFENV-SYMBOL-0720","直接","MAGICTARGET","","<$MAGICTARGET>","战斗事件","String","玩家对象与战斗事件上下文","未实现（LFENV 后续阶段）","D","真实语料或附件已登记，等待对应 LFENV Adapter 实现与契约测试。","普通","真实语料:D:/ChuanQi/服务端","否","38","","LFENV-CATALOG-001","Docs/design/scripting/翎风服务器常量与整服Envir直接运行实施规格.md","LFENV","2026-08-16","LFENV-2026-08-16-baseline","ContextUnavailable（显示为空，预检保留诊断）","NPC 对话、#IF/#ACT 文本参数、系统与事件触发页","对应不可变战斗事件 DTO 生命周期内"
"1","LFENV-SYMBOL-0721","直接","MAGICTARGETRACE","","<$MAGICTARGETRACE>","战斗事件","String","玩家对象与战斗事件上下文","未实现（LFENV 后续阶段）","D","真实语料或附件已登记，等待对应 LFENV Adapter 实现与契约测试。","普通","真实语料:D:/ChuanQi/服务端","否","24","","LFENV-CATALOG-001","Docs/design/scripting/翎风服务器常量与整服Envir直接运行实施规格.md","LFENV","2026-08-16","LFENV-2026-08-16-baseline","ContextUnavailable（显示为空，预检保留诊断）","NPC 对话、#IF/#ACT 文本参数、系统与事件触发页","对应不可变战斗事件 DTO 生命周期内"
"1","LFENV-SYMBOL-0722","直接","MAP","","<$MAP>","人物","String","玩家对象","LingFengP0ServerSymbols + ScriptTextRenderer","B","已通过 LFENV-05 P0 Adapter、统一 Renderer、真实 NPC/条件动作/系统触发/ScriptApi 入口与旧分支回归测试。","普通","真实语料:D:/ChuanQi/服务端;用户附件:翎风服务器常量","是","5126","人物当前地图代码","LFENV-CATALOG-001","Docs/design/scripting/翎风服务器常量与整服Envir直接运行实施规格.md","LFENV","2026-08-16","LFENV-2026-08-16-baseline","ContextUnavailable（按契约显示为空或 0，预检保留诊断）","NPC 对话、#IF/#ACT 文本参数、系统与事件触发页","玩家脚本上下文有效期间"
"1","LFENV-SYMBOL-0723","直接","MAPNAME","","<$MAPNAME>","人物","String","玩家对象","NPCSegment.ReplaceValue 旧分支","D","已有旧实现，尚未通过 ServerSymbolModule 契约测试，LFENV-05 前保持 D。","普通","真实语料:D:/ChuanQi/服务端","否","6","","LFENV-CATALOG-001","Docs/design/scripting/翎风服务器常量与整服Envir直接运行实施规格.md","LFENV","2026-08-16","LFENV-2026-08-16-baseline","ContextUnavailable（按契约显示为空或 0，预检保留诊断）","NPC 对话、#IF/#ACT 文本参数、系统与事件触发页","玩家脚本上下文有效期间"
"1","LFENV-SYMBOL-0724","直接","MAPTITLE","MAPNAME","<$MAPTITLE>","人物","String","玩家对象","LingFengP0ServerSymbols + ScriptTextRenderer","B","已通过 LFENV-05 P0 Adapter、统一 Renderer、真实 NPC/条件动作/系统触发/ScriptApi 入口与旧分支回归测试。","普通","真实语料:D:/ChuanQi/服务端;用户附件:翎风服务器常量","是","2501","取地图名称","LFENV-CATALOG-001","Docs/design/scripting/翎风服务器常量与整服Envir直接运行实施规格.md","LFENV","2026-08-16","LFENV-2026-08-16-baseline","ContextUnavailable（按契约显示为空或 0，预检保留诊断）","NPC 对话、#IF/#ACT 文本参数、系统与事件触发页","玩家脚本上下文有效期间"
"1","LFENV-SYMBOL-0725","直接","MAXAC","","<$MAXAC>","人物","Integer","玩家对象","LingFengP0ServerSymbols + ScriptTextRenderer","B","已通过 LFENV-05 P0 Adapter、统一 Renderer、真实 NPC/条件动作/系统触发/ScriptApi 入口与旧分支回归测试。","普通","真实语料:D:/ChuanQi/服务端;用户附件:翎风服务器常量","是","202","最高防御力","LFENV-CATALOG-001","Docs/design/scripting/翎风服务器常量与整服Envir直接运行实施规格.md","LFENV","2026-08-16","LFENV-2026-08-16-baseline","ContextUnavailable（按契约显示为空或 0，预检保留诊断）","NPC 对话、#IF/#ACT 文本参数、系统与事件触发页","玩家脚本上下文有效期间"
"1","LFENV-SYMBOL-0726","直接","MAXARC","","<$MAXARC>","人物","Integer","玩家对象","未实现（LFENV 后续阶段）","D","真实语料或附件已登记，等待对应 LFENV Adapter 实现与契约测试。","普通","真实语料:D:/ChuanQi/服务端","否","2","","LFENV-CATALOG-001","Docs/design/scripting/翎风服务器常量与整服Envir直接运行实施规格.md","LFENV","2026-08-16","LFENV-2026-08-16-baseline","ContextUnavailable（按契约显示为空或 0，预检保留诊断）","NPC 对话、#IF/#ACT 文本参数、系统与事件触发页","玩家脚本上下文有效期间"
"1","LFENV-SYMBOL-0727","直接","MAXASC","","<$MAXASC>","人物","Integer","玩家对象","未实现（LFENV 后续阶段）","D","真实语料或附件已登记，等待对应 LFENV Adapter 实现与契约测试。","普通","真实语料:D:/ChuanQi/服务端","否","6","","LFENV-CATALOG-001","Docs/design/scripting/翎风服务器常量与整服Envir直接运行实施规格.md","LFENV","2026-08-16","LFENV-2026-08-16-baseline","ContextUnavailable（按契约显示为空或 0，预检保留诊断）","NPC 对话、#IF/#ACT 文本参数、系统与事件触发页","玩家脚本上下文有效期间"
"1","LFENV-SYMBOL-0728","直接","MAXBW","","<$MAXBW>","人物","Integer","玩家对象","未实现（LFENV 后续阶段）","D","真实语料或附件已登记，等待对应 LFENV Adapter 实现与契约测试。","普通","用户附件:翎风服务器常量","是","0","最高背包重量","LFENV-CATALOG-001","Docs/design/scripting/翎风服务器常量与整服Envir直接运行实施规格.md","LFENV","2026-08-16","LFENV-2026-08-16-baseline","ContextUnavailable（按契约显示为空或 0，预检保留诊断）","NPC 对话、#IF/#ACT 文本参数、系统与事件触发页","玩家脚本上下文有效期间"
"1","LFENV-SYMBOL-0729","直接","MAXDC","","<$MAXDC>","人物","Integer","玩家对象","LingFengP0ServerSymbols + ScriptTextRenderer","B","已通过 LFENV-05 P0 Adapter、统一 Renderer、真实 NPC/条件动作/系统触发/ScriptApi 入口与旧分支回归测试。","普通","真实语料:D:/ChuanQi/服务端;用户附件:翎风服务器常量","是","811","最高物理攻击力","LFENV-CATALOG-001","Docs/design/scripting/翎风服务器常量与整服Envir直接运行实施规格.md","LFENV","2026-08-16","LFENV-2026-08-16-baseline","ContextUnavailable（按契约显示为空或 0，预检保留诊断）","NPC 对话、#IF/#ACT 文本参数、系统与事件触发页","玩家脚本上下文有效期间"
"1","LFENV-SYMBOL-0730","直接","MAXEXP","","<$MAXEXP>","人物","Integer","玩家对象","LingFengP0ServerSymbols + ScriptTextRenderer","B","已通过 LFENV-05 P0 Adapter、统一 Renderer、真实 NPC/条件动作/系统触发/ScriptApi 入口与旧分支回归测试。","普通","真实语料:D:/ChuanQi/服务端;用户附件:翎风服务器常量","是","21","升级经验值","LFENV-CATALOG-001","Docs/design/scripting/翎风服务器常量与整服Envir直接运行实施规格.md","LFENV","2026-08-16","LFENV-2026-08-16-baseline","ContextUnavailable（按契约显示为空或 0，预检保留诊断）","NPC 对话、#IF/#ACT 文本参数、系统与事件触发页","玩家脚本上下文有效期间"
"1","LFENV-SYMBOL-0731","直接","MAXHP","","<$MAXHP>","人物","Integer","玩家对象","LingFengP0ServerSymbols + ScriptTextRenderer","B","已通过 LFENV-05 P0 Adapter、统一 Renderer、真实 NPC/条件动作/系统触发/ScriptApi 入口与旧分支回归测试。","普通","真实语料:D:/ChuanQi/服务端;用户附件:翎风服务器常量","是","460","HP上限","LFENV-CATALOG-001","Docs/design/scripting/翎风服务器常量与整服Envir直接运行实施规格.md","LFENV","2026-08-16","LFENV-2026-08-16-baseline","ContextUnavailable（按契约显示为空或 0，预检保留诊断）","NPC 对话、#IF/#ACT 文本参数、系统与事件触发页","玩家脚本上下文有效期间"
"1","LFENV-SYMBOL-0732","直接","MAXHW","","<$MAXHW>","人物","Integer","玩家对象","未实现（LFENV 后续阶段）","D","真实语料或附件已登记，等待对应 LFENV Adapter 实现与契约测试。","普通","用户附件:翎风服务器常量","是","0","最高腕力","LFENV-CATALOG-001","Docs/design/scripting/翎风服务器常量与整服Envir直接运行实施规格.md","LFENV","2026-08-16","LFENV-2026-08-16-baseline","ContextUnavailable（按契约显示为空或 0，预检保留诊断）","NPC 对话、#IF/#ACT 文本参数、系统与事件触发页","玩家脚本上下文有效期间"
"1","LFENV-SYMBOL-0733","直接","MAXMAC","","<$MAXMAC>","人物","Integer","玩家对象","LingFengP0ServerSymbols + ScriptTextRenderer","B","已通过 LFENV-05 P0 Adapter、统一 Renderer、真实 NPC/条件动作/系统触发/ScriptApi 入口与旧分支回归测试。","普通","真实语料:D:/ChuanQi/服务端;用户附件:翎风服务器常量","是","131","最高魔法防御力","LFENV-CATALOG-001","Docs/design/scripting/翎风服务器常量与整服Envir直接运行实施规格.md","LFENV","2026-08-16","LFENV-2026-08-16-baseline","ContextUnavailable（按契约显示为空或 0，预检保留诊断）","NPC 对话、#IF/#ACT 文本参数、系统与事件触发页","玩家脚本上下文有效期间"
"1","LFENV-SYMBOL-0734","直接","MAXMC","","<$MAXMC>","人物","Integer","玩家对象","LingFengP0ServerSymbols + ScriptTextRenderer","B","已通过 LFENV-05 P0 Adapter、统一 Renderer、真实 NPC/条件动作/系统触发/ScriptApi 入口与旧分支回归测试。","普通","真实语料:D:/ChuanQi/服务端;用户附件:翎风服务器常量","是","519","最高魔法力","LFENV-CATALOG-001","Docs/design/scripting/翎风服务器常量与整服Envir直接运行实施规格.md","LFENV","2026-08-16","LFENV-2026-08-16-baseline","ContextUnavailable（按契约显示为空或 0，预检保留诊断）","NPC 对话、#IF/#ACT 文本参数、系统与事件触发页","玩家脚本上下文有效期间"
"1","LFENV-SYMBOL-0735","直接","MAXMP","","<$MAXMP>","人物","Integer","玩家对象","LingFengP0ServerSymbols + ScriptTextRenderer","B","已通过 LFENV-05 P0 Adapter、统一 Renderer、真实 NPC/条件动作/系统触发/ScriptApi 入口与旧分支回归测试。","普通","真实语料:D:/ChuanQi/服务端;用户附件:翎风服务器常量","是","169","MP上限","LFENV-CATALOG-001","Docs/design/scripting/翎风服务器常量与整服Envir直接运行实施规格.md","LFENV","2026-08-16","LFENV-2026-08-16-baseline","ContextUnavailable（按契约显示为空或 0，预检保留诊断）","NPC 对话、#IF/#ACT 文本参数、系统与事件触发页","玩家脚本上下文有效期间"
"1","LFENV-SYMBOL-0736","直接","MAXMPC","","<$MAXMPC>","人物","Integer","玩家对象","未实现（LFENV 后续阶段）","D","真实语料或附件已登记，等待对应 LFENV Adapter 实现与契约测试。","普通","真实语料:D:/ChuanQi/服务端","否","3","","LFENV-CATALOG-001","Docs/design/scripting/翎风服务器常量与整服Envir直接运行实施规格.md","LFENV","2026-08-16","LFENV-2026-08-16-baseline","ContextUnavailable（按契约显示为空或 0，预检保留诊断）","NPC 对话、#IF/#ACT 文本参数、系统与事件触发页","玩家脚本上下文有效期间"
"1","LFENV-SYMBOL-0737","直接","MAXNH","","<$MAXNH>","人物","Integer","玩家对象","未实现（LFENV 后续阶段）","D","真实语料或附件已登记，等待对应 LFENV Adapter 实现与契约测试。","普通","用户附件:翎风服务器常量","是","0","内力上限","LFENV-CATALOG-001","Docs/design/scripting/翎风服务器常量与整服Envir直接运行实施规格.md","LFENV","2026-08-16","LFENV-2026-08-16-baseline","ContextUnavailable（按契约显示为空或 0，预检保留诊断）","NPC 对话、#IF/#ACT 文本参数、系统与事件触发页","玩家脚本上下文有效期间"
"1","LFENV-SYMBOL-0738","直接","MAXSC","","<$MAXSC>","人物","Integer","玩家对象","LingFengP0ServerSymbols + ScriptTextRenderer","B","已通过 LFENV-05 P0 Adapter、统一 Renderer、真实 NPC/条件动作/系统触发/ScriptApi 入口与旧分支回归测试。","普通","真实语料:D:/ChuanQi/服务端;用户附件:翎风服务器常量","是","625","最高道术","LFENV-CATALOG-001","Docs/design/scripting/翎风服务器常量与整服Envir直接运行实施规格.md","LFENV","2026-08-16","LFENV-2026-08-16-baseline","ContextUnavailable（按契约显示为空或 0，预检保留诊断）","NPC 对话、#IF/#ACT 文本参数、系统与事件触发页","玩家脚本上下文有效期间"
"1","LFENV-SYMBOL-0739","直接","MAXWW","","<$MAXWW>","人物","Integer","玩家对象","未实现（LFENV 后续阶段）","D","真实语料或附件已登记，等待对应 LFENV Adapter 实现与契约测试。","普通","用户附件:翎风服务器常量","是","0","最高负重","LFENV-CATALOG-001","Docs/design/scripting/翎风服务器常量与整服Envir直接运行实施规格.md","LFENV","2026-08-16","LFENV-2026-08-16-baseline","ContextUnavailable（按契约显示为空或 0，预检保留诊断）","NPC 对话、#IF/#ACT 文本参数、系统与事件触发页","玩家脚本上下文有效期间"
"1","LFENV-SYMBOL-0740","直接","MC","","<$MC>","人物","Integer","玩家对象","LingFengP0ServerSymbols + ScriptTextRenderer","B","已通过 LFENV-05 P0 Adapter、统一 Renderer、真实 NPC/条件动作/系统触发/ScriptApi 入口与旧分支回归测试。","普通","真实语料:D:/ChuanQi/服务端;用户附件:翎风服务器常量","是","87","魔法力","LFENV-CATALOG-001","Docs/design/scripting/翎风服务器常量与整服Envir直接运行实施规格.md","LFENV","2026-08-16","LFENV-2026-08-16-baseline","ContextUnavailable（按契约显示为空或 0，预检保留诊断）","NPC 对话、#IF/#ACT 文本参数、系统与事件触发页","玩家脚本上下文有效期间"
"1","LFENV-SYMBOL-0741","直接","MIN","","<$MIN>","人物","Integer","玩家对象","NPCSegment.ReplaceValue 旧分支","D","已有旧实现，尚未通过 ServerSymbolModule 契约测试，LFENV-05 前保持 D。","普通","真实语料:D:/ChuanQi/服务端","否","1","","LFENV-CATALOG-001","Docs/design/scripting/翎风服务器常量与整服Envir直接运行实施规格.md","LFENV","2026-08-16","LFENV-2026-08-16-baseline","ContextUnavailable（按契约显示为空或 0，预检保留诊断）","NPC 对话、#IF/#ACT 文本参数、系统与事件触发页","玩家脚本上下文有效期间"
"1","LFENV-SYMBOL-0742","直接","MINDC","","<$MINDC>","人物","Integer","玩家对象","未实现（LFENV 后续阶段）","D","真实语料或附件已登记，等待对应 LFENV Adapter 实现与契约测试。","普通","真实语料:D:/ChuanQi/服务端","否","1","","LFENV-CATALOG-001","Docs/design/scripting/翎风服务器常量与整服Envir直接运行实施规格.md","LFENV","2026-08-16","LFENV-2026-08-16-baseline","ContextUnavailable（按契约显示为空或 0，预检保留诊断）","NPC 对话、#IF/#ACT 文本参数、系统与事件触发页","玩家脚本上下文有效期间"
"1","LFENV-SYMBOL-0743","直接","MINMC","","<$MINMC>","人物","Integer","玩家对象","未实现（LFENV 后续阶段）","D","真实语料或附件已登记，等待对应 LFENV Adapter 实现与契约测试。","普通","真实语料:D:/ChuanQi/服务端","否","1","","LFENV-CATALOG-001","Docs/design/scripting/翎风服务器常量与整服Envir直接运行实施规格.md","LFENV","2026-08-16","LFENV-2026-08-16-baseline","ContextUnavailable（按契约显示为空或 0，预检保留诊断）","NPC 对话、#IF/#ACT 文本参数、系统与事件触发页","玩家脚本上下文有效期间"
"1","LFENV-SYMBOL-0744","直接","MINSC","","<$MINSC>","人物","Integer","玩家对象","未实现（LFENV 后续阶段）","D","真实语料或附件已登记，等待对应 LFENV Adapter 实现与契约测试。","普通","真实语料:D:/ChuanQi/服务端","否","1","","LFENV-CATALOG-001","Docs/design/scripting/翎风服务器常量与整服Envir直接运行实施规格.md","LFENV","2026-08-16","LFENV-2026-08-16-baseline","ContextUnavailable（按契约显示为空或 0，预检保留诊断）","NPC 对话、#IF/#ACT 文本参数、系统与事件触发页","玩家脚本上下文有效期间"
"1","LFENV-SYMBOL-0745","直接","MINUTE","","<$MINUTE>","服务器与时间","Integer","服务器环境上下文","LingFengP0ServerSymbols + ScriptTextRenderer","B","已通过 LFENV-05 P0 Adapter、统一 Renderer、真实 NPC/条件动作/系统触发/ScriptApi 入口与旧分支回归测试。","普通","真实语料:D:/ChuanQi/服务端;用户附件:翎风服务器常量","是","552","当前分钟","LFENV-CATALOG-001","Docs/design/scripting/翎风服务器常量与整服Envir直接运行实施规格.md","LFENV","2026-08-16","LFENV-2026-08-16-baseline","ContextUnavailable（按契约显示为空或 0，预检保留诊断）","NPC 对话、#IF/#ACT 文本参数、系统与事件触发页","脚本执行期间读取服务器只读快照"
"1","LFENV-SYMBOL-0746","直接","MONEY5","","<$MONEY5>","人物","String","玩家对象","未实现（LFENV 后续阶段）","D","真实语料或附件已登记，等待对应 LFENV Adapter 实现与契约测试。","普通","真实语料:D:/ChuanQi/服务端","否","7","","LFENV-CATALOG-001","Docs/design/scripting/翎风服务器常量与整服Envir直接运行实施规格.md","LFENV","2026-08-16","LFENV-2026-08-16-baseline","ContextUnavailable（按契约显示为空或 0，预检保留诊断）","NPC 对话、#IF/#ACT 文本参数、系统与事件触发页","玩家脚本上下文有效期间"
"1","LFENV-SYMBOL-0747","直接","MONEY6","","<$MONEY6>","人物","String","玩家对象","未实现（LFENV 后续阶段）","D","真实语料或附件已登记，等待对应 LFENV Adapter 实现与契约测试。","普通","真实语料:D:/ChuanQi/服务端","否","2","","LFENV-CATALOG-001","Docs/design/scripting/翎风服务器常量与整服Envir直接运行实施规格.md","LFENV","2026-08-16","LFENV-2026-08-16-baseline","ContextUnavailable（按契约显示为空或 0，预检保留诊断）","NPC 对话、#IF/#ACT 文本参数、系统与事件触发页","玩家脚本上下文有效期间"
"1","LFENV-SYMBOL-0748","直接","MONEY7","","<$MONEY7>","人物","String","玩家对象","未实现（LFENV 后续阶段）","D","真实语料或附件已登记，等待对应 LFENV Adapter 实现与契约测试。","普通","真实语料:D:/ChuanQi/服务端","否","1","","LFENV-CATALOG-001","Docs/design/scripting/翎风服务器常量与整服Envir直接运行实施规格.md","LFENV","2026-08-16","LFENV-2026-08-16-baseline","ContextUnavailable（按契约显示为空或 0，预检保留诊断）","NPC 对话、#IF/#ACT 文本参数、系统与事件触发页","玩家脚本上下文有效期间"
"1","LFENV-SYMBOL-0749","直接","MONKILLER","","<$MONKILLER>","人物","String","玩家对象","未实现（LFENV 后续阶段）","D","真实语料或附件已登记，等待对应 LFENV Adapter 实现与契约测试。","普通","真实语料:D:/ChuanQi/服务端","否","6","","LFENV-CATALOG-001","Docs/design/scripting/翎风服务器常量与整服Envir直接运行实施规格.md","LFENV","2026-08-16","LFENV-2026-08-16-baseline","ContextUnavailable（按契约显示为空或 0，预检保留诊断）","NPC 对话、#IF/#ACT 文本参数、系统与事件触发页","玩家脚本上下文有效期间"
"1","LFENV-SYMBOL-0750","直接","MONTH","","<$MONTH>","服务器与时间","Integer","服务器环境上下文","LingFengP0ServerSymbols + ScriptTextRenderer","B","已通过 LFENV-05 P0 Adapter、统一 Renderer、真实 NPC/条件动作/系统触发/ScriptApi 入口与旧分支回归测试。","普通","真实语料:D:/ChuanQi/服务端;用户附件:翎风服务器常量","是","433","当前月份","LFENV-CATALOG-001","Docs/design/scripting/翎风服务器常量与整服Envir直接运行实施规格.md","LFENV","2026-08-16","LFENV-2026-08-16-baseline","ContextUnavailable（按契约显示为空或 0，预检保留诊断）","NPC 对话、#IF/#ACT 文本参数、系统与事件触发页","脚本执行期间读取服务器只读快照"
"1","LFENV-SYMBOL-0751","直接","MOUSEX","","<$MOUSEX>","人物","String","玩家对象","未实现（LFENV 后续阶段）","D","真实语料或附件已登记，等待对应 LFENV Adapter 实现与契约测试。","普通","用户附件:翎风服务器常量","是","0","鼠标在游戏窗口中的坐标","LFENV-CATALOG-001","Docs/design/scripting/翎风服务器常量与整服Envir直接运行实施规格.md","LFENV","2026-08-16","LFENV-2026-08-16-baseline","ContextUnavailable（按契约显示为空或 0，预检保留诊断）","NPC 对话、#IF/#ACT 文本参数、系统与事件触发页","玩家脚本上下文有效期间"
"1","LFENV-SYMBOL-0752","直接","MOUSEY","","<$MOUSEY>","人物","String","玩家对象","未实现（LFENV 后续阶段）","D","真实语料或附件已登记，等待对应 LFENV Adapter 实现与契约测试。","普通","用户附件:翎风服务器常量","是","0","鼠标在游戏窗口中的坐标","LFENV-CATALOG-001","Docs/design/scripting/翎风服务器常量与整服Envir直接运行实施规格.md","LFENV","2026-08-16","LFENV-2026-08-16-baseline","ContextUnavailable（按契约显示为空或 0，预检保留诊断）","NPC 对话、#IF/#ACT 文本参数、系统与事件触发页","玩家脚本上下文有效期间"
"1","LFENV-SYMBOL-0753","直接","MP","","<$MP>","人物","Integer","玩家对象","LingFengP0ServerSymbols + ScriptTextRenderer","B","已通过 LFENV-05 P0 Adapter、统一 Renderer、真实 NPC/条件动作/系统触发/ScriptApi 入口与旧分支回归测试。","普通","真实语料:D:/ChuanQi/服务端","否","146","","LFENV-CATALOG-001","Docs/design/scripting/翎风服务器常量与整服Envir直接运行实施规格.md","LFENV","2026-08-16","LFENV-2026-08-16-baseline","ContextUnavailable（按契约显示为空或 0，预检保留诊断）","NPC 对话、#IF/#ACT 文本参数、系统与事件触发页","玩家脚本上下文有效期间"
"1","LFENV-SYMBOL-0754","直接","NECKLACE","","<$NECKLACE>","人物","String","玩家对象","LingFengP0ServerSymbols + ScriptTextRenderer","B","已通过 LFENV-05 P0 Adapter、统一 Renderer、真实 NPC/条件动作/系统触发/ScriptApi 入口与旧分支回归测试。","普通","真实语料:D:/ChuanQi/服务端;用户附件:翎风服务器常量","是","1038","项链","LFENV-CATALOG-001","Docs/design/scripting/翎风服务器常量与整服Envir直接运行实施规格.md","LFENV","2026-08-16","LFENV-2026-08-16-baseline","ContextUnavailable（按契约显示为空或 0，预检保留诊断）","NPC 对话、#IF/#ACT 文本参数、系统与事件触发页","玩家脚本上下文有效期间"
"1","LFENV-SYMBOL-0755","直接","NEWMONEY","","<$NEWMONEY>","人物","String","玩家对象","未实现（LFENV 后续阶段）","D","真实语料或附件已登记，等待对应 LFENV Adapter 实现与契约测试。","普通","真实语料:D:/ChuanQi/服务端","否","3","","LFENV-CATALOG-001","Docs/design/scripting/翎风服务器常量与整服Envir直接运行实施规格.md","LFENV","2026-08-16","LFENV-2026-08-16-baseline","ContextUnavailable（按契约显示为空或 0，预检保留诊断）","NPC 对话、#IF/#ACT 文本参数、系统与事件触发页","玩家脚本上下文有效期间"
"1","LFENV-SYMBOL-0756","直接","NGADDPOWER","","<$NGADDPOWER>","人物","String","玩家对象","未实现（LFENV 后续阶段）","D","真实语料或附件已登记，等待对应 LFENV Adapter 实现与契约测试。","普通","用户附件:翎风服务器常量","是","0","内功伤害增加","LFENV-CATALOG-001","Docs/design/scripting/翎风服务器常量与整服Envir直接运行实施规格.md","LFENV","2026-08-16","LFENV-2026-08-16-baseline","ContextUnavailable（按契约显示为空或 0，预检保留诊断）","NPC 对话、#IF/#ACT 文本参数、系统与事件触发页","玩家脚本上下文有效期间"
"1","LFENV-SYMBOL-0757","直接","NGDECPOWER","","<$NGDECPOWER>","人物","String","玩家对象","未实现（LFENV 后续阶段）","D","真实语料或附件已登记，等待对应 LFENV Adapter 实现与契约测试。","普通","用户附件:翎风服务器常量","是","0","内功伤害减少","LFENV-CATALOG-001","Docs/design/scripting/翎风服务器常量与整服Envir直接运行实施规格.md","LFENV","2026-08-16","LFENV-2026-08-16-baseline","ContextUnavailable（按契约显示为空或 0，预检保留诊断）","NPC 对话、#IF/#ACT 文本参数、系统与事件触发页","玩家脚本上下文有效期间"
"1","LFENV-SYMBOL-0758","直接","NGEXP","","<$NGEXP>","人物","Integer","玩家对象","未实现（LFENV 后续阶段）","D","真实语料或附件已登记，等待对应 LFENV Adapter 实现与契约测试。","普通","用户附件:翎风服务器常量","是","0","内功经验","LFENV-CATALOG-001","Docs/design/scripting/翎风服务器常量与整服Envir直接运行实施规格.md","LFENV","2026-08-16","LFENV-2026-08-16-baseline","ContextUnavailable（按契约显示为空或 0，预检保留诊断）","NPC 对话、#IF/#ACT 文本参数、系统与事件触发页","玩家脚本上下文有效期间"
"1","LFENV-SYMBOL-0759","直接","NGLEVEL","","<$NGLEVEL>","人物","Integer","玩家对象","未实现（LFENV 后续阶段）","D","真实语料或附件已登记，等待对应 LFENV Adapter 实现与契约测试。","普通","用户附件:翎风服务器常量","是","0","内功等级","LFENV-CATALOG-001","Docs/design/scripting/翎风服务器常量与整服Envir直接运行实施规格.md","LFENV","2026-08-16","LFENV-2026-08-16-baseline","ContextUnavailable（按契约显示为空或 0，预检保留诊断）","NPC 对话、#IF/#ACT 文本参数、系统与事件触发页","玩家脚本上下文有效期间"
"1","LFENV-SYMBOL-0760","直接","NGMAXEXP","","<$NGMAXEXP>","人物","Integer","玩家对象","未实现（LFENV 后续阶段）","D","真实语料或附件已登记，等待对应 LFENV Adapter 实现与契约测试。","普通","用户附件:翎风服务器常量","是","0","内功升级经验","LFENV-CATALOG-001","Docs/design/scripting/翎风服务器常量与整服Envir直接运行实施规格.md","LFENV","2026-08-16","LFENV-2026-08-16-baseline","ContextUnavailable（按契约显示为空或 0，预检保留诊断）","NPC 对话、#IF/#ACT 文本参数、系统与事件触发页","玩家脚本上下文有效期间"
"1","LFENV-SYMBOL-0761","直接","NH","","<$NH>","人物","String","玩家对象","未实现（LFENV 后续阶段）","D","真实语料或附件已登记，等待对应 LFENV Adapter 实现与契约测试。","普通","用户附件:翎风服务器常量","是","0","内力","LFENV-CATALOG-001","Docs/design/scripting/翎风服务器常量与整服Envir直接运行实施规格.md","LFENV","2026-08-16","LFENV-2026-08-16-baseline","ContextUnavailable（按契约显示为空或 0，预检保留诊断）","NPC 对话、#IF/#ACT 文本参数、系统与事件触发页","玩家脚本上下文有效期间"
"1","LFENV-SYMBOL-0762","直接","OLDMONEY","","<$OLDMONEY>","人物","String","玩家对象","未实现（LFENV 后续阶段）","D","真实语料或附件已登记，等待对应 LFENV Adapter 实现与契约测试。","普通","真实语料:D:/ChuanQi/服务端","否","3","","LFENV-CATALOG-001","Docs/design/scripting/翎风服务器常量与整服Envir直接运行实施规格.md","LFENV","2026-08-16","LFENV-2026-08-16-baseline","ContextUnavailable（按契约显示为空或 0，预检保留诊断）","NPC 对话、#IF/#ACT 文本参数、系统与事件触发页","玩家脚本上下文有效期间"
"1","LFENV-SYMBOL-0763","直接","ONUSERCOUNT","","<$ONUSERCOUNT>","服务器与时间","Integer","服务器环境上下文","LingFengP0ServerSymbols + ScriptTextRenderer","B","已通过 LFENV-05 P0 Adapter、统一 Renderer、真实 NPC/条件动作/系统触发/ScriptApi 入口与旧分支回归测试。","普通","真实语料:D:/ChuanQi/服务端;用户附件:翎风服务器常量","是","10","真人在线数","LFENV-CATALOG-001","Docs/design/scripting/翎风服务器常量与整服Envir直接运行实施规格.md","LFENV","2026-08-16","LFENV-2026-08-16-baseline","ContextUnavailable（按契约显示为空或 0，预检保留诊断）","NPC 对话、#IF/#ACT 文本参数、系统与事件触发页","脚本执行期间读取服务器只读快照"
"1","LFENV-SYMBOL-0764","直接","OWNERGUILD","","<$OWNERGUILD>","行会攻城","String","玩家对象与行会/城堡上下文","未实现（LFENV 后续阶段）","D","真实语料或附件已登记，等待对应 LFENV Adapter 实现与契约测试。","普通","真实语料:D:/ChuanQi/服务端;用户附件:翎风服务器常量","是","176","沙巴克管理行会名称","LFENV-CATALOG-001","Docs/design/scripting/翎风服务器常量与整服Envir直接运行实施规格.md","LFENV","2026-08-16","LFENV-2026-08-16-baseline","ContextUnavailable（按契约显示为空或 0，预检保留诊断）","NPC 对话、#IF/#ACT 文本参数、系统与事件触发页","玩家脚本上下文有效期间"
"1","LFENV-SYMBOL-0765","直接","PARAMS","","<$PARAMS>","人物","String","玩家对象","未实现（LFENV 后续阶段）","D","真实语料或附件已登记，等待对应 LFENV Adapter 实现与契约测试。","普通","真实语料:D:/ChuanQi/服务端","否","4","","LFENV-CATALOG-001","Docs/design/scripting/翎风服务器常量与整服Envir直接运行实施规格.md","LFENV","2026-08-16","LFENV-2026-08-16-baseline","ContextUnavailable（按契约显示为空或 0，预检保留诊断）","NPC 对话、#IF/#ACT 文本参数、系统与事件触发页","玩家脚本上下文有效期间"
"1","LFENV-SYMBOL-0766","直接","PASSWORD","","<$PASSWORD>","人物","String","玩家对象","未实现（LFENV 后续阶段）","X","涉及凭据、机器标识或服务器路径，默认拒绝暴露；仅可在后续安全评审后提供脱敏替代。","敏感","真实语料:D:/ChuanQi/服务端","否","39","","LFENV-CATALOG-001","Docs/design/scripting/翎风服务器常量与整服Envir直接运行实施规格.md","LFENV","2026-08-16","LFENV-2026-08-16-baseline","拒绝（Unsupported）","NPC 对话、#IF/#ACT 文本参数、系统与事件触发页","玩家脚本上下文有效期间"
"1","LFENV-SYMBOL-0767","直接","PET.CURTARGETFULLNAME","","<$PET.CURTARGETFULLNAME>","宠物","String","玩家对象与宠物对象","未实现（LFENV 后续阶段）","D","真实语料或附件已登记，等待对应 LFENV Adapter 实现与契约测试。","普通","用户附件:翎风服务器常量","是","0","宠物攻击目标名称（包含数字）","LFENV-CATALOG-001","Docs/design/scripting/翎风服务器常量与整服Envir直接运行实施规格.md","LFENV","2026-08-16","LFENV-2026-08-16-baseline","ContextUnavailable（按契约显示为空或 0，预检保留诊断）","NPC 对话、#IF/#ACT 文本参数、系统与事件触发页","玩家脚本上下文有效期间"
"1","LFENV-SYMBOL-0768","直接","PET.CURTARGETHP","","<$PET.CURTARGETHP>","宠物","Integer","玩家对象与宠物对象","未实现（LFENV 后续阶段）","D","真实语料或附件已登记，等待对应 LFENV Adapter 实现与契约测试。","普通","用户附件:翎风服务器常量","是","0","宠物当前击中目标剩余HP","LFENV-CATALOG-001","Docs/design/scripting/翎风服务器常量与整服Envir直接运行实施规格.md","LFENV","2026-08-16","LFENV-2026-08-16-baseline","ContextUnavailable（按契约显示为空或 0，预检保留诊断）","NPC 对话、#IF/#ACT 文本参数、系统与事件触发页","玩家脚本上下文有效期间"
"1","LFENV-SYMBOL-0769","直接","PET.CURTARGETMAXHP","","<$PET.CURTARGETMAXHP>","宠物","Integer","玩家对象与宠物对象","未实现（LFENV 后续阶段）","D","真实语料或附件已登记，等待对应 LFENV Adapter 实现与契约测试。","普通","用户附件:翎风服务器常量","是","0","宠物当前击中目标最大HP","LFENV-CATALOG-001","Docs/design/scripting/翎风服务器常量与整服Envir直接运行实施规格.md","LFENV","2026-08-16","LFENV-2026-08-16-baseline","ContextUnavailable（按契约显示为空或 0，预检保留诊断）","NPC 对话、#IF/#ACT 文本参数、系统与事件触发页","玩家脚本上下文有效期间"
"1","LFENV-SYMBOL-0770","直接","PET.CURTARGETNAME","","<$PET.CURTARGETNAME>","宠物","String","玩家对象与宠物对象","未实现（LFENV 后续阶段）","D","真实语料或附件已登记，等待对应 LFENV Adapter 实现与契约测试。","普通","用户附件:翎风服务器常量","是","0","宠物攻击目标名称（不包含数字）","LFENV-CATALOG-001","Docs/design/scripting/翎风服务器常量与整服Envir直接运行实施规格.md","LFENV","2026-08-16","LFENV-2026-08-16-baseline","ContextUnavailable（按契约显示为空或 0，预检保留诊断）","NPC 对话、#IF/#ACT 文本参数、系统与事件触发页","玩家脚本上下文有效期间"
"1","LFENV-SYMBOL-0771","直接","PET.CURTARGETX","","<$PET.CURTARGETX>","宠物","String","玩家对象与宠物对象","未实现（LFENV 后续阶段）","D","真实语料或附件已登记，等待对应 LFENV Adapter 实现与契约测试。","普通","真实语料:D:/ChuanQi/服务端;用户附件:翎风服务器常量","是","5","宠物当前攻击目标X坐标","LFENV-CATALOG-001","Docs/design/scripting/翎风服务器常量与整服Envir直接运行实施规格.md","LFENV","2026-08-16","LFENV-2026-08-16-baseline","ContextUnavailable（按契约显示为空或 0，预检保留诊断）","NPC 对话、#IF/#ACT 文本参数、系统与事件触发页","玩家脚本上下文有效期间"
"1","LFENV-SYMBOL-0772","直接","PET.CURTARGETY","","<$PET.CURTARGETY>","宠物","String","玩家对象与宠物对象","未实现（LFENV 后续阶段）","D","真实语料或附件已登记，等待对应 LFENV Adapter 实现与契约测试。","普通","真实语料:D:/ChuanQi/服务端;用户附件:翎风服务器常量","是","5","宠物当前攻击目标Y坐标","LFENV-CATALOG-001","Docs/design/scripting/翎风服务器常量与整服Envir直接运行实施规格.md","LFENV","2026-08-16","LFENV-2026-08-16-baseline","ContextUnavailable（按契约显示为空或 0，预检保留诊断）","NPC 对话、#IF/#ACT 文本参数、系统与事件触发页","玩家脚本上下文有效期间"
"1","LFENV-SYMBOL-0773","直接","PET.DAMAGEVALUE","","<$PET.DAMAGEVALUE>","战斗事件","String","玩家对象与战斗事件上下文","未实现（LFENV 后续阶段）","D","真实语料或附件已登记，等待对应 LFENV Adapter 实现与契约测试。","普通","真实语料:D:/ChuanQi/服务端;用户附件:翎风服务器常量","是","2","宠物攻击目标掉血量","LFENV-CATALOG-001","Docs/design/scripting/翎风服务器常量与整服Envir直接运行实施规格.md","LFENV","2026-08-16","LFENV-2026-08-16-baseline","ContextUnavailable（显示为空，预检保留诊断）","NPC 对话、#IF/#ACT 文本参数、系统与事件触发页","对应不可变战斗事件 DTO 生命周期内"
"1","LFENV-SYMBOL-0774","直接","PET.HP","","<$PET.HP>","宠物","Integer","玩家对象与宠物对象","未实现（LFENV 后续阶段）","D","真实语料或附件已登记，等待对应 LFENV Adapter 实现与契约测试。","普通","用户附件:翎风服务器常量","是","0","宠物当前剩余HP","LFENV-CATALOG-001","Docs/design/scripting/翎风服务器常量与整服Envir直接运行实施规格.md","LFENV","2026-08-16","LFENV-2026-08-16-baseline","ContextUnavailable（按契约显示为空或 0，预检保留诊断）","NPC 对话、#IF/#ACT 文本参数、系统与事件触发页","玩家脚本上下文有效期间"
"1","LFENV-SYMBOL-0775","直接","PET.KILLMONNAME","","<$PET.KILLMONNAME>","战斗事件","String","玩家对象与战斗事件上下文","未实现（LFENV 后续阶段）","D","真实语料或附件已登记，等待对应 LFENV Adapter 实现与契约测试。","普通","用户附件:翎风服务器常量","是","0","宠物杀死的怪物名称","LFENV-CATALOG-001","Docs/design/scripting/翎风服务器常量与整服Envir直接运行实施规格.md","LFENV","2026-08-16","LFENV-2026-08-16-baseline","ContextUnavailable（显示为空，预检保留诊断）","NPC 对话、#IF/#ACT 文本参数、系统与事件触发页","对应不可变战斗事件 DTO 生命周期内"
"1","LFENV-SYMBOL-0776","直接","PET.MAXHP","","<$PET.MAXHP>","宠物","Integer","玩家对象与宠物对象","未实现（LFENV 后续阶段）","D","真实语料或附件已登记，等待对应 LFENV Adapter 实现与契约测试。","普通","用户附件:翎风服务器常量","是","0","宠物最大HP","LFENV-CATALOG-001","Docs/design/scripting/翎风服务器常量与整服Envir直接运行实施规格.md","LFENV","2026-08-16","LFENV-2026-08-16-baseline","ContextUnavailable（按契约显示为空或 0，预检保留诊断）","NPC 对话、#IF/#ACT 文本参数、系统与事件触发页","玩家脚本上下文有效期间"
"1","LFENV-SYMBOL-0777","直接","PET.MAXMP","","<$PET.MAXMP>","宠物","Integer","玩家对象与宠物对象","未实现（LFENV 后续阶段）","D","真实语料或附件已登记，等待对应 LFENV Adapter 实现与契约测试。","普通","用户附件:翎风服务器常量","是","0","宠物最大MP","LFENV-CATALOG-001","Docs/design/scripting/翎风服务器常量与整服Envir直接运行实施规格.md","LFENV","2026-08-16","LFENV-2026-08-16-baseline","ContextUnavailable（按契约显示为空或 0，预检保留诊断）","NPC 对话、#IF/#ACT 文本参数、系统与事件触发页","玩家脚本上下文有效期间"
"1","LFENV-SYMBOL-0778","直接","PET.MP","","<$PET.MP>","宠物","Integer","玩家对象与宠物对象","未实现（LFENV 后续阶段）","D","真实语料或附件已登记，等待对应 LFENV Adapter 实现与契约测试。","普通","用户附件:翎风服务器常量","是","0","宠物当前剩余MP","LFENV-CATALOG-001","Docs/design/scripting/翎风服务器常量与整服Envir直接运行实施规格.md","LFENV","2026-08-16","LFENV-2026-08-16-baseline","ContextUnavailable（按契约显示为空或 0，预检保留诊断）","NPC 对话、#IF/#ACT 文本参数、系统与事件触发页","玩家脚本上下文有效期间"
"1","LFENV-SYMBOL-0779","直接","PET.X","","<$PET.X>","宠物","Integer","玩家对象与宠物对象","未实现（LFENV 后续阶段）","D","真实语料或附件已登记，等待对应 LFENV Adapter 实现与契约测试。","普通","用户附件:翎风服务器常量","是","0","宠物自身X坐标","LFENV-CATALOG-001","Docs/design/scripting/翎风服务器常量与整服Envir直接运行实施规格.md","LFENV","2026-08-16","LFENV-2026-08-16-baseline","ContextUnavailable（按契约显示为空或 0，预检保留诊断）","NPC 对话、#IF/#ACT 文本参数、系统与事件触发页","玩家脚本上下文有效期间"
"1","LFENV-SYMBOL-0780","直接","PET.Y","","<$PET.Y>","宠物","Integer","玩家对象与宠物对象","未实现（LFENV 后续阶段）","D","真实语料或附件已登记，等待对应 LFENV Adapter 实现与契约测试。","普通","用户附件:翎风服务器常量","是","0","宠物自身Y坐标","LFENV-CATALOG-001","Docs/design/scripting/翎风服务器常量与整服Envir直接运行实施规格.md","LFENV","2026-08-16","LFENV-2026-08-16-baseline","ContextUnavailable（按契约显示为空或 0，预检保留诊断）","NPC 对话、#IF/#ACT 文本参数、系统与事件触发页","玩家脚本上下文有效期间"
"1","LFENV-SYMBOL-0781","直接","PHONE","","<$PHONE>","运营配置","String","公开运营配置","未实现（公开运营配置 Adapter 待 LFENV-08）","X","仅允许读取专门的公开运营配置；缺失时返回空字符串并记录 ConfigMissing。","敏感","用户附件:翎风服务器常量","是","0","联系电话号码","LFENV-CATALOG-001","Docs/design/scripting/翎风服务器常量与整服Envir直接运行实施规格.md","LFENV","2026-08-16","LFENV-2026-08-16-baseline","空字符串并记录 ConfigMissing","NPC 对话显示与文本参数","脚本执行期间读取已发布运营配置快照"
"1","LFENV-SYMBOL-0782","直接","PICKDROPITEMNAME","","<$PICKDROPITEMNAME>","人物","String","玩家对象","未实现（LFENV 后续阶段）","D","真实语料或附件已登记，等待对应 LFENV Adapter 实现与契约测试。","普通","真实语料:D:/ChuanQi/服务端","否","1370","","LFENV-CATALOG-001","Docs/design/scripting/翎风服务器常量与整服Envir直接运行实施规格.md","LFENV","2026-08-16","LFENV-2026-08-16-baseline","ContextUnavailable（按契约显示为空或 0，预检保留诊断）","NPC 对话、#IF/#ACT 文本参数、系统与事件触发页","玩家脚本上下文有效期间"
"1","LFENV-SYMBOL-0783","直接","PKPOINT","","<$PKPOINT>","人物","Integer","玩家对象","LingFengP0ServerSymbols + ScriptTextRenderer","B","已通过 LFENV-05 P0 Adapter、统一 Renderer、真实 NPC/条件动作/系统触发/ScriptApi 入口与旧分支回归测试。","普通","真实语料:D:/ChuanQi/服务端;用户附件:翎风服务器常量","是","101","PK点数","LFENV-CATALOG-001","Docs/design/scripting/翎风服务器常量与整服Envir直接运行实施规格.md","LFENV","2026-08-16","LFENV-2026-08-16-baseline","ContextUnavailable（按契约显示为空或 0，预检保留诊断）","NPC 对话、#IF/#ACT 文本参数、系统与事件触发页","玩家脚本上下文有效期间"
"1","LFENV-SYMBOL-0784","直接","PKPOWER","","<$PKPOWER>","战斗事件","String","玩家对象与战斗事件上下文","未实现（LFENV 后续阶段）","D","真实语料或附件已登记，等待对应 LFENV Adapter 实现与契约测试。","普通","真实语料:D:/ChuanQi/服务端;用户附件:翎风服务器常量","是","482","人物对攻击目标的伤害输出值","LFENV-CATALOG-001","Docs/design/scripting/翎风服务器常量与整服Envir直接运行实施规格.md","LFENV","2026-08-16","LFENV-2026-08-16-baseline","ContextUnavailable（显示为空，预检保留诊断）","NPC 对话、#IF/#ACT 文本参数、系统与事件触发页","对应不可变战斗事件 DTO 生命周期内"
"1","LFENV-SYMBOL-0785","直接","PLAYERBUYMONEYTYPE","","<$PLAYERBUYMONEYTYPE>","人物","String","玩家对象","未实现（LFENV 后续阶段）","D","真实语料或附件已登记，等待对应 LFENV Adapter 实现与契约测试。","普通","真实语料:D:/ChuanQi/服务端","否","3","","LFENV-CATALOG-001","Docs/design/scripting/翎风服务器常量与整服Envir直接运行实施规格.md","LFENV","2026-08-16","LFENV-2026-08-16-baseline","ContextUnavailable（按契约显示为空或 0，预检保留诊断）","NPC 对话、#IF/#ACT 文本参数、系统与事件触发页","玩家脚本上下文有效期间"
"1","LFENV-SYMBOL-0786","直接","PLAYERBUYMONEYTYPEVALUE","","<$PLAYERBUYMONEYTYPEVALUE>","人物","String","玩家对象","未实现（LFENV 后续阶段）","D","真实语料或附件已登记，等待对应 LFENV Adapter 实现与契约测试。","普通","真实语料:D:/ChuanQi/服务端","否","3","","LFENV-CATALOG-001","Docs/design/scripting/翎风服务器常量与整服Envir直接运行实施规格.md","LFENV","2026-08-16","LFENV-2026-08-16-baseline","ContextUnavailable（按契约显示为空或 0，预检保留诊断）","NPC 对话、#IF/#ACT 文本参数、系统与事件触发页","玩家脚本上下文有效期间"
"1","LFENV-SYMBOL-0787","直接","PLAYERBUYPRICES","","<$PLAYERBUYPRICES>","人物","String","玩家对象","未实现（LFENV 后续阶段）","D","真实语料或附件已登记，等待对应 LFENV Adapter 实现与契约测试。","普通","真实语料:D:/ChuanQi/服务端","否","14","","LFENV-CATALOG-001","Docs/design/scripting/翎风服务器常量与整服Envir直接运行实施规格.md","LFENV","2026-08-16","LFENV-2026-08-16-baseline","ContextUnavailable（按契约显示为空或 0，预检保留诊断）","NPC 对话、#IF/#ACT 文本参数、系统与事件触发页","玩家脚本上下文有效期间"
"1","LFENV-SYMBOL-0788","直接","PLAYERBUYUSER","","<$PLAYERBUYUSER>","人物","String","玩家对象","未实现（LFENV 后续阶段）","D","真实语料或附件已登记，等待对应 LFENV Adapter 实现与契约测试。","普通","真实语料:D:/ChuanQi/服务端","否","12","","LFENV-CATALOG-001","Docs/design/scripting/翎风服务器常量与整服Envir直接运行实施规格.md","LFENV","2026-08-16","LFENV-2026-08-16-baseline","ContextUnavailable（按契约显示为空或 0，预检保留诊断）","NPC 对话、#IF/#ACT 文本参数、系统与事件触发页","玩家脚本上下文有效期间"
"1","LFENV-SYMBOL-0789","直接","PLAYERBUYUSERDELEGATER","","<$PLAYERBUYUSERDELEGATER>","人物","String","玩家对象","未实现（LFENV 后续阶段）","D","真实语料或附件已登记，等待对应 LFENV Adapter 实现与契约测试。","普通","真实语料:D:/ChuanQi/服务端","否","9","","LFENV-CATALOG-001","Docs/design/scripting/翎风服务器常量与整服Envir直接运行实施规格.md","LFENV","2026-08-16","LFENV-2026-08-16-baseline","ContextUnavailable（按契约显示为空或 0，预检保留诊断）","NPC 对话、#IF/#ACT 文本参数、系统与事件触发页","玩家脚本上下文有效期间"
"1","LFENV-SYMBOL-0790","直接","POISONRECOVER","","<$POISONRECOVER>","人物","String","玩家对象","未实现（LFENV 后续阶段）","D","真实语料或附件已登记，等待对应 LFENV Adapter 实现与契约测试。","普通","用户附件:翎风服务器常量","是","0","中毒恢复","LFENV-CATALOG-001","Docs/design/scripting/翎风服务器常量与整服Envir直接运行实施规格.md","LFENV","2026-08-16","LFENV-2026-08-16-baseline","ContextUnavailable（按契约显示为空或 0，预检保留诊断）","NPC 对话、#IF/#ACT 文本参数、系统与事件触发页","玩家脚本上下文有效期间"
"1","LFENV-SYMBOL-0791","直接","POWERRATE","","<$POWERRATE>","人物","Integer","玩家对象","未实现（LFENV 后续阶段）","D","真实语料或附件已登记，等待对应 LFENV Adapter 实现与契约测试。","普通","真实语料:D:/ChuanQi/服务端;用户附件:翎风服务器常量","是","17","人物攻击人物伤害力倍数","LFENV-CATALOG-001","Docs/design/scripting/翎风服务器常量与整服Envir直接运行实施规格.md","LFENV","2026-08-16","LFENV-2026-08-16-baseline","ContextUnavailable（按契约显示为空或 0，预检保留诊断）","NPC 对话、#IF/#ACT 文本参数、系统与事件触发页","玩家脚本上下文有效期间"
"1","LFENV-SYMBOL-0792","直接","POWERRATETIME","","<$POWERRATETIME>","服务器与时间","Integer","服务器环境上下文","未实现（LFENV 后续阶段）","D","真实语料或附件已登记，等待对应 LFENV Adapter 实现与契约测试。","普通","真实语料:D:/ChuanQi/服务端;用户附件:翎风服务器常量","是","1","人物攻击人物伤害倍数剩余时间","LFENV-CATALOG-001","Docs/design/scripting/翎风服务器常量与整服Envir直接运行实施规格.md","LFENV","2026-08-16","LFENV-2026-08-16-baseline","ContextUnavailable（按契约显示为空或 0，预检保留诊断）","NPC 对话、#IF/#ACT 文本参数、系统与事件触发页","脚本执行期间读取服务器只读快照"
"1","LFENV-SYMBOL-0793","直接","QQ","","<$QQ>","运营配置","String","公开运营配置","未实现（公开运营配置 Adapter 待 LFENV-08）","D","仅允许读取专门的公开运营配置；缺失时返回空字符串并记录 ConfigMissing。","敏感","用户附件:翎风服务器常量","是","0","联系QQ号","LFENV-CATALOG-001","Docs/design/scripting/翎风服务器常量与整服Envir直接运行实施规格.md","LFENV","2026-08-16","LFENV-2026-08-16-baseline","空字符串并记录 ConfigMissing","NPC 对话显示与文本参数","脚本执行期间读取已发布运营配置快照"
"1","LFENV-SYMBOL-0794","直接","QUIZ1","","<$QUIZ1>","人物","String","玩家对象","未实现（LFENV 后续阶段）","D","真实语料或附件已登记，等待对应 LFENV Adapter 实现与契约测试。","普通","真实语料:D:/ChuanQi/服务端","否","87","","LFENV-CATALOG-001","Docs/design/scripting/翎风服务器常量与整服Envir直接运行实施规格.md","LFENV","2026-08-16","LFENV-2026-08-16-baseline","ContextUnavailable（按契约显示为空或 0，预检保留诊断）","NPC 对话、#IF/#ACT 文本参数、系统与事件触发页","玩家脚本上下文有效期间"
"1","LFENV-SYMBOL-0795","直接","QUIZ2","","<$QUIZ2>","人物","String","玩家对象","未实现（LFENV 后续阶段）","D","真实语料或附件已登记，等待对应 LFENV Adapter 实现与契约测试。","普通","真实语料:D:/ChuanQi/服务端","否","87","","LFENV-CATALOG-001","Docs/design/scripting/翎风服务器常量与整服Envir直接运行实施规格.md","LFENV","2026-08-16","LFENV-2026-08-16-baseline","ContextUnavailable（按契约显示为空或 0，预检保留诊断）","NPC 对话、#IF/#ACT 文本参数、系统与事件触发页","玩家脚本上下文有效期间"
"1","LFENV-SYMBOL-0796","直接","RANDOMNO","","<$RANDOMNO>","人物","String","玩家对象","未实现（LFENV 后续阶段）","D","真实语料或附件已登记，等待对应 LFENV Adapter 实现与契约测试。","普通","用户附件:翎风服务器常量","是","0","随机值变量","LFENV-CATALOG-001","Docs/design/scripting/翎风服务器常量与整服Envir直接运行实施规格.md","LFENV","2026-08-16","LFENV-2026-08-16-baseline","ContextUnavailable（按契约显示为空或 0，预检保留诊断）","NPC 对话、#IF/#ACT 文本参数、系统与事件触发页","玩家脚本上下文有效期间"
"1","LFENV-SYMBOL-0797","直接","RANKNAME","","<$RANKNAME>","人物","String","玩家对象","LingFengP0ServerSymbols + ScriptTextRenderer","B","已通过 LFENV-05 P0 Adapter、统一 Renderer、真实 NPC/条件动作/系统触发/ScriptApi 入口与旧分支回归测试。","普通","用户附件:翎风服务器常量","是","0","行会职位名称","LFENV-CATALOG-001","Docs/design/scripting/翎风服务器常量与整服Envir直接运行实施规格.md","LFENV","2026-08-16","LFENV-2026-08-16-baseline","ContextUnavailable（按契约显示为空或 0，预检保留诊断）","NPC 对话、#IF/#ACT 文本参数、系统与事件触发页","玩家脚本上下文有效期间"
"1","LFENV-SYMBOL-0798","直接","RECALLREMAININGTIME","","<$RECALLREMAININGTIME>","服务器与时间","Integer","服务器环境上下文","未实现（LFENV 后续阶段）","D","真实语料或附件已登记，等待对应 LFENV Adapter 实现与契约测试。","普通","用户附件:翎风服务器常量","是","0","显示延时TIMERECALL还剩多少秒","LFENV-CATALOG-001","Docs/design/scripting/翎风服务器常量与整服Envir直接运行实施规格.md","LFENV","2026-08-16","LFENV-2026-08-16-baseline","ContextUnavailable（按契约显示为空或 0，预检保留诊断）","NPC 对话、#IF/#ACT 文本参数、系统与事件触发页","脚本执行期间读取服务器只读快照"
"1","LFENV-SYMBOL-0799","直接","REGMONMAP","","<$REGMONMAP>","人物","String","玩家对象","未实现（LFENV 后续阶段）","D","真实语料或附件已登记，等待对应 LFENV Adapter 实现与契约测试。","普通","真实语料:D:/ChuanQi/服务端","否","54","","LFENV-CATALOG-001","Docs/design/scripting/翎风服务器常量与整服Envir直接运行实施规格.md","LFENV","2026-08-16","LFENV-2026-08-16-baseline","ContextUnavailable（按契约显示为空或 0，预检保留诊断）","NPC 对话、#IF/#ACT 文本参数、系统与事件触发页","玩家脚本上下文有效期间"
"1","LFENV-SYMBOL-0800","直接","REGMONMAPDESC","","<$REGMONMAPDESC>","人物","Integer","玩家对象","未实现（LFENV 后续阶段）","D","真实语料或附件已登记，等待对应 LFENV Adapter 实现与契约测试。","普通","真实语料:D:/ChuanQi/服务端","否","71","","LFENV-CATALOG-001","Docs/design/scripting/翎风服务器常量与整服Envir直接运行实施规格.md","LFENV","2026-08-16","LFENV-2026-08-16-baseline","ContextUnavailable（按契约显示为空或 0，预检保留诊断）","NPC 对话、#IF/#ACT 文本参数、系统与事件触发页","玩家脚本上下文有效期间"
"1","LFENV-SYMBOL-0801","直接","REGMONNAME","","<$REGMONNAME>","人物","String","玩家对象","未实现（LFENV 后续阶段）","D","真实语料或附件已登记，等待对应 LFENV Adapter 实现与契约测试。","普通","真实语料:D:/ChuanQi/服务端","否","71","","LFENV-CATALOG-001","Docs/design/scripting/翎风服务器常量与整服Envir直接运行实施规格.md","LFENV","2026-08-16","LFENV-2026-08-16-baseline","ContextUnavailable（按契约显示为空或 0，预检保留诊断）","NPC 对话、#IF/#ACT 文本参数、系统与事件触发页","玩家脚本上下文有效期间"
"1","LFENV-SYMBOL-0802","直接","REGMONX","","<$REGMONX>","人物","String","玩家对象","未实现（LFENV 后续阶段）","D","真实语料或附件已登记，等待对应 LFENV Adapter 实现与契约测试。","普通","真实语料:D:/ChuanQi/服务端","否","69","","LFENV-CATALOG-001","Docs/design/scripting/翎风服务器常量与整服Envir直接运行实施规格.md","LFENV","2026-08-16","LFENV-2026-08-16-baseline","ContextUnavailable（按契约显示为空或 0，预检保留诊断）","NPC 对话、#IF/#ACT 文本参数、系统与事件触发页","玩家脚本上下文有效期间"
"1","LFENV-SYMBOL-0803","直接","REGMONY","","<$REGMONY>","人物","String","玩家对象","未实现（LFENV 后续阶段）","D","真实语料或附件已登记，等待对应 LFENV Adapter 实现与契约测试。","普通","真实语料:D:/ChuanQi/服务端","否","69","","LFENV-CATALOG-001","Docs/design/scripting/翎风服务器常量与整服Envir直接运行实施规格.md","LFENV","2026-08-16","LFENV-2026-08-16-baseline","ContextUnavailable（按契约显示为空或 0，预检保留诊断）","NPC 对话、#IF/#ACT 文本参数、系统与事件触发页","玩家脚本上下文有效期间"
"1","LFENV-SYMBOL-0804","直接","RELEVEL","","<$RELEVEL>","人物","Integer","玩家对象","未实现（LFENV 后续阶段）","D","真实语料或附件已登记，等待对应 LFENV Adapter 实现与契约测试。","普通","真实语料:D:/ChuanQi/服务端;用户附件:翎风服务器常量","是","956","显示人物转生等级","LFENV-CATALOG-001","Docs/design/scripting/翎风服务器常量与整服Envir直接运行实施规格.md","LFENV","2026-08-16","LFENV-2026-08-16-baseline","ContextUnavailable（按契约显示为空或 0，预检保留诊断）","NPC 对话、#IF/#ACT 文本参数、系统与事件触发页","玩家脚本上下文有效期间"
"1","LFENV-SYMBOL-0805","直接","REPAIRDOORGOLD","","<$REPAIRDOORGOLD>","人物","Integer","玩家对象","未实现（LFENV 后续阶段）","D","真实语料或附件已登记，等待对应 LFENV Adapter 实现与契约测试。","普通","真实语料:D:/ChuanQi/服务端","否","14","","LFENV-CATALOG-001","Docs/design/scripting/翎风服务器常量与整服Envir直接运行实施规格.md","LFENV","2026-08-16","LFENV-2026-08-16-baseline","ContextUnavailable（按契约显示为空或 0，预检保留诊断）","NPC 对话、#IF/#ACT 文本参数、系统与事件触发页","玩家脚本上下文有效期间"
"1","LFENV-SYMBOL-0806","直接","REPAIRWALLGOLD","","<$REPAIRWALLGOLD>","人物","Integer","玩家对象","未实现（LFENV 后续阶段）","D","真实语料或附件已登记，等待对应 LFENV Adapter 实现与契约测试。","普通","真实语料:D:/ChuanQi/服务端","否","14","","LFENV-CATALOG-001","Docs/design/scripting/翎风服务器常量与整服Envir直接运行实施规格.md","LFENV","2026-08-16","LFENV-2026-08-16-baseline","ContextUnavailable（按契约显示为空或 0，预检保留诊断）","NPC 对话、#IF/#ACT 文本参数、系统与事件触发页","玩家脚本上下文有效期间"
"1","LFENV-SYMBOL-0807","直接","REQUESTBUILDGUILDITEM","","<$REQUESTBUILDGUILDITEM>","行会攻城","String","玩家对象与行会/城堡上下文","未实现（LFENV 后续阶段）","D","真实语料或附件已登记，等待对应 LFENV Adapter 实现与契约测试。","普通","用户附件:翎风服务器常量","是","0","创建行会需要的道具","LFENV-CATALOG-001","Docs/design/scripting/翎风服务器常量与整服Envir直接运行实施规格.md","LFENV","2026-08-16","LFENV-2026-08-16-baseline","ContextUnavailable（按契约显示为空或 0，预检保留诊断）","NPC 对话、#IF/#ACT 文本参数、系统与事件触发页","玩家脚本上下文有效期间"
"1","LFENV-SYMBOL-0808","直接","REQUESTCASTLEWARDAY","","<$REQUESTCASTLEWARDAY>","行会攻城","Integer","玩家对象与行会/城堡上下文","未实现（LFENV 后续阶段）","D","真实语料或附件已登记，等待对应 LFENV Adapter 实现与契约测试。","普通","用户附件:翎风服务器常量","是","0","申请攻城需要的道具","LFENV-CATALOG-001","Docs/design/scripting/翎风服务器常量与整服Envir直接运行实施规格.md","LFENV","2026-08-16","LFENV-2026-08-16-baseline","ContextUnavailable（按契约显示为空或 0，预检保留诊断）","NPC 对话、#IF/#ACT 文本参数、系统与事件触发页","玩家脚本上下文有效期间"
"1","LFENV-SYMBOL-0809","直接","REVIVALTIME","","<$REVIVALTIME>","服务器与时间","Integer","服务器环境上下文","未实现（LFENV 后续阶段）","D","真实语料或附件已登记，等待对应 LFENV Adapter 实现与契约测试。","普通","真实语料:D:/ChuanQi/服务端;用户附件:翎风服务器常量","是","82","复活剩余时间","LFENV-CATALOG-001","Docs/design/scripting/翎风服务器常量与整服Envir直接运行实施规格.md","LFENV","2026-08-16","LFENV-2026-08-16-baseline","ContextUnavailable（按契约显示为空或 0，预检保留诊断）","NPC 对话、#IF/#ACT 文本参数、系统与事件触发页","脚本执行期间读取服务器只读快照"
"1","LFENV-SYMBOL-0810","直接","RIGHTHAND","","<$RIGHTHAND>","人物","String","玩家对象","未实现（LFENV 后续阶段）","D","真实语料或附件已登记，等待对应 LFENV Adapter 实现与契约测试。","普通","真实语料:D:/ChuanQi/服务端;用户附件:翎风服务器常量","是","307","蜡烛","LFENV-CATALOG-001","Docs/design/scripting/翎风服务器常量与整服Envir直接运行实施规格.md","LFENV","2026-08-16","LFENV-2026-08-16-baseline","ContextUnavailable（按契约显示为空或 0，预检保留诊断）","NPC 对话、#IF/#ACT 文本参数、系统与事件触发页","玩家脚本上下文有效期间"
"1","LFENV-SYMBOL-0811","直接","RING_L","","<$RING_L>","物品事件","String","玩家对象与物品事件上下文","LingFengP0ServerSymbols + ScriptTextRenderer","B","已通过 LFENV-05 P0 Adapter、统一 Renderer、真实 NPC/条件动作/系统触发/ScriptApi 入口与旧分支回归测试。","普通","真实语料:D:/ChuanQi/服务端;用户附件:翎风服务器常量","是","1018","右戒指","LFENV-CATALOG-001","Docs/design/scripting/翎风服务器常量与整服Envir直接运行实施规格.md","LFENV","2026-08-16","LFENV-2026-08-16-baseline","ContextUnavailable（显示为空，预检保留诊断）","NPC 对话、#IF/#ACT 文本参数、系统与事件触发页","对应不可变物品事件 DTO 生命周期内"
"1","LFENV-SYMBOL-0812","直接","RING_R","","<$RING_R>","物品事件","String","玩家对象与物品事件上下文","LingFengP0ServerSymbols + ScriptTextRenderer","B","已通过 LFENV-05 P0 Adapter、统一 Renderer、真实 NPC/条件动作/系统触发/ScriptApi 入口与旧分支回归测试。","普通","真实语料:D:/ChuanQi/服务端;用户附件:翎风服务器常量","是","1063","左戒指","LFENV-CATALOG-001","Docs/design/scripting/翎风服务器常量与整服Envir直接运行实施规格.md","LFENV","2026-08-16","LFENV-2026-08-16-baseline","ContextUnavailable（显示为空，预检保留诊断）","NPC 对话、#IF/#ACT 文本参数、系统与事件触发页","对应不可变物品事件 DTO 生命周期内"
"1","LFENV-SYMBOL-0813","直接","RUNDATETIME","","<$RUNDATETIME>","服务器与时间","Integer","服务器环境上下文","未实现（LFENV 后续阶段）","D","真实语料或附件已登记，等待对应 LFENV Adapter 实现与契约测试。","普通","用户附件:翎风服务器常量","是","0","开区间隔时间","LFENV-CATALOG-001","Docs/design/scripting/翎风服务器常量与整服Envir直接运行实施规格.md","LFENV","2026-08-16","LFENV-2026-08-16-baseline","ContextUnavailable（按契约显示为空或 0，预检保留诊断）","NPC 对话、#IF/#ACT 文本参数、系统与事件触发页","脚本执行期间读取服务器只读快照"
"1","LFENV-SYMBOL-0814","直接","SC","","<$SC>","人物","Integer","玩家对象","LingFengP0ServerSymbols + ScriptTextRenderer","B","已通过 LFENV-05 P0 Adapter、统一 Renderer、真实 NPC/条件动作/系统触发/ScriptApi 入口与旧分支回归测试。","普通","真实语料:D:/ChuanQi/服务端;用户附件:翎风服务器常量","是","146","道术","LFENV-CATALOG-001","Docs/design/scripting/翎风服务器常量与整服Envir直接运行实施规格.md","LFENV","2026-08-16","LFENV-2026-08-16-baseline","ContextUnavailable（按契约显示为空或 0，预检保留诊断）","NPC 对话、#IF/#ACT 文本参数、系统与事件触发页","玩家脚本上下文有效期间"
"1","LFENV-SYMBOL-0815","直接","SCATTERITEMNAME","","<$SCATTERITEMNAME>","人物","String","玩家对象","未实现（LFENV 后续阶段）","D","真实语料或附件已登记，等待对应 LFENV Adapter 实现与契约测试。","普通","真实语料:D:/ChuanQi/服务端","否","12","","LFENV-CATALOG-001","Docs/design/scripting/翎风服务器常量与整服Envir直接运行实施规格.md","LFENV","2026-08-16","LFENV-2026-08-16-baseline","ContextUnavailable（按契约显示为空或 0，预检保留诊断）","NPC 对话、#IF/#ACT 文本参数、系统与事件触发页","玩家脚本上下文有效期间"
"1","LFENV-SYMBOL-0816","直接","SCATTERITEMX","","<$SCATTERITEMX>","人物","String","玩家对象","未实现（LFENV 后续阶段）","D","真实语料或附件已登记，等待对应 LFENV Adapter 实现与契约测试。","普通","真实语料:D:/ChuanQi/服务端","否","6","","LFENV-CATALOG-001","Docs/design/scripting/翎风服务器常量与整服Envir直接运行实施规格.md","LFENV","2026-08-16","LFENV-2026-08-16-baseline","ContextUnavailable（按契约显示为空或 0，预检保留诊断）","NPC 对话、#IF/#ACT 文本参数、系统与事件触发页","玩家脚本上下文有效期间"
"1","LFENV-SYMBOL-0817","直接","SCATTERITEMY","","<$SCATTERITEMY>","人物","String","玩家对象","未实现（LFENV 后续阶段）","D","真实语料或附件已登记，等待对应 LFENV Adapter 实现与契约测试。","普通","真实语料:D:/ChuanQi/服务端","否","6","","LFENV-CATALOG-001","Docs/design/scripting/翎风服务器常量与整服Envir直接运行实施规格.md","LFENV","2026-08-16","LFENV-2026-08-16-baseline","ContextUnavailable（按契约显示为空或 0，预检保留诊断）","NPC 对话、#IF/#ACT 文本参数、系统与事件触发页","玩家脚本上下文有效期间"
"1","LFENV-SYMBOL-0818","直接","SCREENHEIGHT","","<$SCREENHEIGHT>","人物","String","玩家对象","未实现（LFENV 后续阶段）","D","真实语料或附件已登记，等待对应 LFENV Adapter 实现与契约测试。","普通","真实语料:D:/ChuanQi/服务端","否","9","","LFENV-CATALOG-001","Docs/design/scripting/翎风服务器常量与整服Envir直接运行实施规格.md","LFENV","2026-08-16","LFENV-2026-08-16-baseline","ContextUnavailable（按契约显示为空或 0，预检保留诊断）","NPC 对话、#IF/#ACT 文本参数、系统与事件触发页","玩家脚本上下文有效期间"
"1","LFENV-SYMBOL-0819","直接","SCREENWIDTH","","<$SCREENWIDTH>","人物","String","玩家对象","未实现（LFENV 后续阶段）","D","真实语料或附件已登记，等待对应 LFENV Adapter 实现与契约测试。","普通","真实语料:D:/ChuanQi/服务端","否","2","","LFENV-CATALOG-001","Docs/design/scripting/翎风服务器常量与整服Envir直接运行实施规格.md","LFENV","2026-08-16","LFENV-2026-08-16-baseline","ContextUnavailable（按契约显示为空或 0，预检保留诊断）","NPC 对话、#IF/#ACT 文本参数、系统与事件触发页","玩家脚本上下文有效期间"
"1","LFENV-SYMBOL-0820","直接","SCRIPTPARAM1","","<$SCRIPTPARAM1>","人物","String","玩家对象","未实现（LFENV 后续阶段）","D","真实语料或附件已登记，等待对应 LFENV Adapter 实现与契约测试。","普通","真实语料:D:/ChuanQi/服务端","否","2252","","LFENV-CATALOG-001","Docs/design/scripting/翎风服务器常量与整服Envir直接运行实施规格.md","LFENV","2026-08-16","LFENV-2026-08-16-baseline","ContextUnavailable（按契约显示为空或 0，预检保留诊断）","NPC 对话、#IF/#ACT 文本参数、系统与事件触发页","玩家脚本上下文有效期间"
"1","LFENV-SYMBOL-0821","直接","SCRIPTPARAM2","","<$SCRIPTPARAM2>","人物","String","玩家对象","未实现（LFENV 后续阶段）","D","真实语料或附件已登记，等待对应 LFENV Adapter 实现与契约测试。","普通","真实语料:D:/ChuanQi/服务端","否","1075","","LFENV-CATALOG-001","Docs/design/scripting/翎风服务器常量与整服Envir直接运行实施规格.md","LFENV","2026-08-16","LFENV-2026-08-16-baseline","ContextUnavailable（按契约显示为空或 0，预检保留诊断）","NPC 对话、#IF/#ACT 文本参数、系统与事件触发页","玩家脚本上下文有效期间"
"1","LFENV-SYMBOL-0822","直接","SCRIPTPARAM3","","<$SCRIPTPARAM3>","人物","String","玩家对象","未实现（LFENV 后续阶段）","D","真实语料或附件已登记，等待对应 LFENV Adapter 实现与契约测试。","普通","真实语料:D:/ChuanQi/服务端","否","816","","LFENV-CATALOG-001","Docs/design/scripting/翎风服务器常量与整服Envir直接运行实施规格.md","LFENV","2026-08-16","LFENV-2026-08-16-baseline","ContextUnavailable（按契约显示为空或 0，预检保留诊断）","NPC 对话、#IF/#ACT 文本参数、系统与事件触发页","玩家脚本上下文有效期间"
"1","LFENV-SYMBOL-0823","直接","SCRIPTPARAM4","","<$SCRIPTPARAM4>","人物","String","玩家对象","未实现（LFENV 后续阶段）","D","真实语料或附件已登记，等待对应 LFENV Adapter 实现与契约测试。","普通","真实语料:D:/ChuanQi/服务端","否","584","","LFENV-CATALOG-001","Docs/design/scripting/翎风服务器常量与整服Envir直接运行实施规格.md","LFENV","2026-08-16","LFENV-2026-08-16-baseline","ContextUnavailable（按契约显示为空或 0，预检保留诊断）","NPC 对话、#IF/#ACT 文本参数、系统与事件触发页","玩家脚本上下文有效期间"
"1","LFENV-SYMBOL-0824","直接","SCRIPTPARAM5","","<$SCRIPTPARAM5>","人物","String","玩家对象","未实现（LFENV 后续阶段）","D","真实语料或附件已登记，等待对应 LFENV Adapter 实现与契约测试。","普通","真实语料:D:/ChuanQi/服务端","否","470","","LFENV-CATALOG-001","Docs/design/scripting/翎风服务器常量与整服Envir直接运行实施规格.md","LFENV","2026-08-16","LFENV-2026-08-16-baseline","ContextUnavailable（按契约显示为空或 0，预检保留诊断）","NPC 对话、#IF/#ACT 文本参数、系统与事件触发页","玩家脚本上下文有效期间"
"1","LFENV-SYMBOL-0825","直接","SCRIPTPARAM6","","<$SCRIPTPARAM6>","人物","String","玩家对象","未实现（LFENV 后续阶段）","D","真实语料或附件已登记，等待对应 LFENV Adapter 实现与契约测试。","普通","真实语料:D:/ChuanQi/服务端","否","305","","LFENV-CATALOG-001","Docs/design/scripting/翎风服务器常量与整服Envir直接运行实施规格.md","LFENV","2026-08-16","LFENV-2026-08-16-baseline","ContextUnavailable（按契约显示为空或 0，预检保留诊断）","NPC 对话、#IF/#ACT 文本参数、系统与事件触发页","玩家脚本上下文有效期间"
"1","LFENV-SYMBOL-0826","直接","SCRIPTPARAM7","","<$SCRIPTPARAM7>","人物","String","玩家对象","未实现（LFENV 后续阶段）","D","真实语料或附件已登记，等待对应 LFENV Adapter 实现与契约测试。","普通","真实语料:D:/ChuanQi/服务端","否","239","","LFENV-CATALOG-001","Docs/design/scripting/翎风服务器常量与整服Envir直接运行实施规格.md","LFENV","2026-08-16","LFENV-2026-08-16-baseline","ContextUnavailable（按契约显示为空或 0，预检保留诊断）","NPC 对话、#IF/#ACT 文本参数、系统与事件触发页","玩家脚本上下文有效期间"
"1","LFENV-SYMBOL-0827","直接","SCRIPTPARAM8","","<$SCRIPTPARAM8>","人物","String","玩家对象","未实现（LFENV 后续阶段）","D","真实语料或附件已登记，等待对应 LFENV Adapter 实现与契约测试。","普通","真实语料:D:/ChuanQi/服务端","否","22","","LFENV-CATALOG-001","Docs/design/scripting/翎风服务器常量与整服Envir直接运行实施规格.md","LFENV","2026-08-16","LFENV-2026-08-16-baseline","ContextUnavailable（按契约显示为空或 0，预检保留诊断）","NPC 对话、#IF/#ACT 文本参数、系统与事件触发页","玩家脚本上下文有效期间"
"1","LFENV-SYMBOL-0828","直接","SCRIPTPARAM9","","<$SCRIPTPARAM9>","人物","String","玩家对象","未实现（LFENV 后续阶段）","D","真实语料或附件已登记，等待对应 LFENV Adapter 实现与契约测试。","普通","真实语料:D:/ChuanQi/服务端","否","16","","LFENV-CATALOG-001","Docs/design/scripting/翎风服务器常量与整服Envir直接运行实施规格.md","LFENV","2026-08-16","LFENV-2026-08-16-baseline","ContextUnavailable（按契约显示为空或 0，预检保留诊断）","NPC 对话、#IF/#ACT 文本参数、系统与事件触发页","玩家脚本上下文有效期间"
"1","LFENV-SYMBOL-0829","直接","SECOND","","<$SECOND>","服务器与时间","Integer","服务器环境上下文","LingFengP0ServerSymbols + ScriptTextRenderer","B","已通过 LFENV-05 P0 Adapter、统一 Renderer、真实 NPC/条件动作/系统触发/ScriptApi 入口与旧分支回归测试。","普通","真实语料:D:/ChuanQi/服务端;用户附件:翎风服务器常量","是","193","当前秒","LFENV-CATALOG-001","Docs/design/scripting/翎风服务器常量与整服Envir直接运行实施规格.md","LFENV","2026-08-16","LFENV-2026-08-16-baseline","ContextUnavailable（按契约显示为空或 0，预检保留诊断）","NPC 对话、#IF/#ACT 文本参数、系统与事件触发页","脚本执行期间读取服务器只读快照"
"1","LFENV-SYMBOL-0830","直接","SELLOFFITEM","","<$SELLOFFITEM>","人物","String","玩家对象","未实现（LFENV 后续阶段）","D","真实语料或附件已登记，等待对应 LFENV Adapter 实现与契约测试。","普通","真实语料:D:/ChuanQi/服务端","否","1","","LFENV-CATALOG-001","Docs/design/scripting/翎风服务器常量与整服Envir直接运行实施规格.md","LFENV","2026-08-16","LFENV-2026-08-16-baseline","ContextUnavailable（按契约显示为空或 0，预检保留诊断）","NPC 对话、#IF/#ACT 文本参数、系统与事件触发页","玩家脚本上下文有效期间"
"1","LFENV-SYMBOL-0831","直接","SELLOUTGOLD","","<$SELLOUTGOLD>","人物","Integer","玩家对象","未实现（LFENV 后续阶段）","D","真实语料或附件已登记，等待对应 LFENV Adapter 实现与契约测试。","普通","真实语料:D:/ChuanQi/服务端","否","1","","LFENV-CATALOG-001","Docs/design/scripting/翎风服务器常量与整服Envir直接运行实施规格.md","LFENV","2026-08-16","LFENV-2026-08-16-baseline","ContextUnavailable（按契约显示为空或 0，预检保留诊断）","NPC 对话、#IF/#ACT 文本参数、系统与事件触发页","玩家脚本上下文有效期间"
"1","LFENV-SYMBOL-0832","直接","SELLPLAYDELEGATER","","<$SELLPLAYDELEGATER>","人物","String","玩家对象","未实现（LFENV 后续阶段）","D","真实语料或附件已登记，等待对应 LFENV Adapter 实现与契约测试。","普通","真实语料:D:/ChuanQi/服务端","否","15","","LFENV-CATALOG-001","Docs/design/scripting/翎风服务器常量与整服Envir直接运行实施规格.md","LFENV","2026-08-16","LFENV-2026-08-16-baseline","ContextUnavailable（按契约显示为空或 0，预检保留诊断）","NPC 对话、#IF/#ACT 文本参数、系统与事件触发页","玩家脚本上下文有效期间"
"1","LFENV-SYMBOL-0833","直接","SELLPLAYMONEYTYPE","","<$SELLPLAYMONEYTYPE>","人物","String","玩家对象","未实现（LFENV 后续阶段）","D","真实语料或附件已登记，等待对应 LFENV Adapter 实现与契约测试。","普通","真实语料:D:/ChuanQi/服务端","否","9","","LFENV-CATALOG-001","Docs/design/scripting/翎风服务器常量与整服Envir直接运行实施规格.md","LFENV","2026-08-16","LFENV-2026-08-16-baseline","ContextUnavailable（按契约显示为空或 0，预检保留诊断）","NPC 对话、#IF/#ACT 文本参数、系统与事件触发页","玩家脚本上下文有效期间"
"1","LFENV-SYMBOL-0834","直接","SELLPLAYMONEYVALUE","","<$SELLPLAYMONEYVALUE>","人物","String","玩家对象","未实现（LFENV 后续阶段）","D","真实语料或附件已登记，等待对应 LFENV Adapter 实现与契约测试。","普通","真实语料:D:/ChuanQi/服务端","否","40","","LFENV-CATALOG-001","Docs/design/scripting/翎风服务器常量与整服Envir直接运行实施规格.md","LFENV","2026-08-16","LFENV-2026-08-16-baseline","ContextUnavailable（按契约显示为空或 0，预检保留诊断）","NPC 对话、#IF/#ACT 文本参数、系统与事件触发页","玩家脚本上下文有效期间"
"1","LFENV-SYMBOL-0835","直接","SERVERIP","","<$SERVERIP>","服务器与时间","String","服务器环境上下文","未实现（LFENV 后续阶段）","X","涉及凭据、机器标识或服务器路径，默认拒绝暴露；仅可在后续安全评审后提供脱敏替代。","敏感","用户附件:翎风服务器常量","是","0","服务器IP地址","LFENV-CATALOG-001","Docs/design/scripting/翎风服务器常量与整服Envir直接运行实施规格.md","LFENV","2026-08-16","LFENV-2026-08-16-baseline","拒绝（Unsupported）","NPC 对话、#IF/#ACT 文本参数、系统与事件触发页","脚本执行期间读取服务器只读快照"
"1","LFENV-SYMBOL-0836","直接","SERVERNAME","","<$SERVERNAME>","服务器与时间","String","服务器环境上下文","LingFengP0ServerSymbols + ScriptTextRenderer","B","已通过 LFENV-05 P0 Adapter、统一 Renderer、真实 NPC/条件动作/系统触发/ScriptApi 入口与旧分支回归测试。","普通","真实语料:D:/ChuanQi/服务端;用户附件:翎风服务器常量","是","3160","服务器名字","LFENV-CATALOG-001","Docs/design/scripting/翎风服务器常量与整服Envir直接运行实施规格.md","LFENV","2026-08-16","LFENV-2026-08-16-baseline","ContextUnavailable（按契约显示为空或 0，预检保留诊断）","NPC 对话、#IF/#ACT 文本参数、系统与事件触发页","脚本执行期间读取服务器只读快照"
"1","LFENV-SYMBOL-0837","直接","SHIELD","","<$SHIELD>","人物","String","玩家对象","LingFengP0ServerSymbols + ScriptTextRenderer","B","已通过 LFENV-05 只读兼容显示契约；当前模型无独立字段时返回 0 或“空”，并携带 CompatibilitySubstitute 结构化诊断。","普通","真实语料:D:/ChuanQi/服务端;用户附件:翎风服务器常量","是","116","盾牌","LFENV-CATALOG-001","Docs/design/scripting/翎风服务器常量与整服Envir直接运行实施规格.md","LFENV","2026-08-16","LFENV-2026-08-16-baseline","ContextUnavailable（按契约显示为空或 0，预检保留诊断）","NPC 对话、#IF/#ACT 文本参数、系统与事件触发页","玩家脚本上下文有效期间"
"1","LFENV-SYMBOL-0838","直接","SHOWITEM","","<$SHOWITEM>","人物","String","玩家对象","未实现（LFENV 后续阶段）","D","真实语料或附件已登记，等待对应 LFENV Adapter 实现与契约测试。","普通","真实语料:D:/ChuanQi/服务端","否","2","","LFENV-CATALOG-001","Docs/design/scripting/翎风服务器常量与整服Envir直接运行实施规格.md","LFENV","2026-08-16","LFENV-2026-08-16-baseline","ContextUnavailable（按契约显示为空或 0，预检保留诊断）","NPC 对话、#IF/#ACT 文本参数、系统与事件触发页","玩家脚本上下文有效期间"
"1","LFENV-SYMBOL-0839","直接","SLAVECOUNT","","<$SLAVECOUNT>","宠物","Integer","玩家对象与宠物对象","未实现（LFENV 后续阶段）","D","真实语料或附件已登记，等待对应 LFENV Adapter 实现与契约测试。","普通","真实语料:D:/ChuanQi/服务端;用户附件:翎风服务器常量","是","11","人物宝宝数量","LFENV-CATALOG-001","Docs/design/scripting/翎风服务器常量与整服Envir直接运行实施规格.md","LFENV","2026-08-16","LFENV-2026-08-16-baseline","ContextUnavailable（按契约显示为空或 0，预检保留诊断）","NPC 对话、#IF/#ACT 文本参数、系统与事件触发页","玩家脚本上下文有效期间"
"1","LFENV-SYMBOL-0840","直接","SLAVETARGETX","","<$SLAVETARGETX>","宠物","String","玩家对象与宠物对象","未实现（LFENV 后续阶段）","D","真实语料或附件已登记，等待对应 LFENV Adapter 实现与契约测试。","普通","用户附件:翎风服务器常量","是","0","宝宝当前攻击目标X坐标（优先锁定目标，多宝宝随机抽取）","LFENV-CATALOG-001","Docs/design/scripting/翎风服务器常量与整服Envir直接运行实施规格.md","LFENV","2026-08-16","LFENV-2026-08-16-baseline","ContextUnavailable（按契约显示为空或 0，预检保留诊断）","NPC 对话、#IF/#ACT 文本参数、系统与事件触发页","玩家脚本上下文有效期间"
"1","LFENV-SYMBOL-0841","直接","SLAVETARGETY","","<$SLAVETARGETY>","宠物","String","玩家对象与宠物对象","未实现（LFENV 后续阶段）","D","真实语料或附件已登记，等待对应 LFENV Adapter 实现与契约测试。","普通","用户附件:翎风服务器常量","是","0","宝宝当前攻击目标Y坐标（优先锁定目标，多宝宝随机抽取）","LFENV-CATALOG-001","Docs/design/scripting/翎风服务器常量与整服Envir直接运行实施规格.md","LFENV","2026-08-16","LFENV-2026-08-16-baseline","ContextUnavailable（按契约显示为空或 0，预检保留诊断）","NPC 对话、#IF/#ACT 文本参数、系统与事件触发页","玩家脚本上下文有效期间"
"1","LFENV-SYMBOL-0842","直接","SLAVEX","","<$SLAVEX>","宠物","String","玩家对象与宠物对象","未实现（LFENV 后续阶段）","D","真实语料或附件已登记，等待对应 LFENV Adapter 实现与契约测试。","普通","真实语料:D:/ChuanQi/服务端;用户附件:翎风服务器常量","是","11","宝宝自身X坐标（当有多个宝宝时，随便选一个）","LFENV-CATALOG-001","Docs/design/scripting/翎风服务器常量与整服Envir直接运行实施规格.md","LFENV","2026-08-16","LFENV-2026-08-16-baseline","ContextUnavailable（按契约显示为空或 0，预检保留诊断）","NPC 对话、#IF/#ACT 文本参数、系统与事件触发页","玩家脚本上下文有效期间"
"1","LFENV-SYMBOL-0843","直接","SLAVEY","","<$SLAVEY>","宠物","String","玩家对象与宠物对象","未实现（LFENV 后续阶段）","D","真实语料或附件已登记，等待对应 LFENV Adapter 实现与契约测试。","普通","真实语料:D:/ChuanQi/服务端;用户附件:翎风服务器常量","是","11","宝宝自身Y坐标（当有多个宝宝时，随便选一个）","LFENV-CATALOG-001","Docs/design/scripting/翎风服务器常量与整服Envir直接运行实施规格.md","LFENV","2026-08-16","LFENV-2026-08-16-baseline","ContextUnavailable（按契约显示为空或 0，预检保留诊断）","NPC 对话、#IF/#ACT 文本参数、系统与事件触发页","玩家脚本上下文有效期间"
"1","LFENV-SYMBOL-0844","直接","SPD","","<$SPD>","人物","String","玩家对象","LingFengP0ServerSymbols + ScriptTextRenderer","B","已通过 LFENV-05 P0 Adapter、统一 Renderer、真实 NPC/条件动作/系统触发/ScriptApi 入口与旧分支回归测试。","普通","真实语料:D:/ChuanQi/服务端;用户附件:翎风服务器常量","是","13","敏捷","LFENV-CATALOG-001","Docs/design/scripting/翎风服务器常量与整服Envir直接运行实施规格.md","LFENV","2026-08-16","LFENV-2026-08-16-baseline","ContextUnavailable（按契约显示为空或 0，预检保留诊断）","NPC 对话、#IF/#ACT 文本参数、系统与事件触发页","玩家脚本上下文有效期间"
"1","LFENV-SYMBOL-0845","直接","SPELLRECOVER","","<$SPELLRECOVER>","人物","String","玩家对象","未实现（LFENV 后续阶段）","D","真实语料或附件已登记，等待对应 LFENV Adapter 实现与契约测试。","普通","用户附件:翎风服务器常量","是","0","魔法恢复","LFENV-CATALOG-001","Docs/design/scripting/翎风服务器常量与整服Envir直接运行实施规格.md","LFENV","2026-08-16","LFENV-2026-08-16-baseline","ContextUnavailable（按契约显示为空或 0，预检保留诊断）","NPC 对话、#IF/#ACT 文本参数、系统与事件触发页","玩家脚本上下文有效期间"
"1","LFENV-SYMBOL-0846","直接","STATSERVERTIME","","<$STATSERVERTIME>","服务器与时间","Integer","服务器环境上下文","未实现（LFENV 后续阶段）","D","真实语料或附件已登记，等待对应 LFENV Adapter 实现与契约测试。","普通","用户附件:翎风服务器常量","是","0","显示M2启动时间","LFENV-CATALOG-001","Docs/design/scripting/翎风服务器常量与整服Envir直接运行实施规格.md","LFENV","2026-08-16","LFENV-2026-08-16-baseline","ContextUnavailable（按契约显示为空或 0，预检保留诊断）","NPC 对话、#IF/#ACT 文本参数、系统与事件触发页","脚本执行期间读取服务器只读快照"
"1","LFENV-SYMBOL-0847","直接","STNAME","","<$STNAME>","人物","String","玩家对象","未实现（LFENV 后续阶段）","D","真实语料或附件已登记，等待对应 LFENV Adapter 实现与契约测试。","普通","用户附件:翎风服务器常量","是","0","师徒名称变量","LFENV-CATALOG-001","Docs/design/scripting/翎风服务器常量与整服Envir直接运行实施规格.md","LFENV","2026-08-16","LFENV-2026-08-16-baseline","ContextUnavailable（按契约显示为空或 0，预检保留诊断）","NPC 对话、#IF/#ACT 文本参数、系统与事件触发页","玩家脚本上下文有效期间"
"1","LFENV-SYMBOL-0848","直接","STONEUPGRADE.STDMODE","","<$STONEUPGRADE.STDMODE>","物品事件","Integer","玩家对象与物品事件上下文","未实现（LFENV 后续阶段）","D","真实语料或附件已登记，等待对应 LFENV Adapter 实现与契约测试。","普通","真实语料:D:/ChuanQi/服务端","否","4","","LFENV-CATALOG-001","Docs/design/scripting/翎风服务器常量与整服Envir直接运行实施规格.md","LFENV","2026-08-16","LFENV-2026-08-16-baseline","ContextUnavailable（显示为空，预检保留诊断）","NPC 对话、#IF/#ACT 文本参数、系统与事件触发页","对应不可变物品事件 DTO 生命周期内"
"1","LFENV-SYMBOL-0849","直接","STONEUPGRADE.UPGCOUNT","","<$STONEUPGRADE.UPGCOUNT>","物品事件","Integer","玩家对象与物品事件上下文","未实现（LFENV 后续阶段）","D","真实语料或附件已登记，等待对应 LFENV Adapter 实现与契约测试。","普通","真实语料:D:/ChuanQi/服务端","否","1","","LFENV-CATALOG-001","Docs/design/scripting/翎风服务器常量与整服Envir直接运行实施规格.md","LFENV","2026-08-16","LFENV-2026-08-16-baseline","ContextUnavailable（显示为空，预检保留诊断）","NPC 对话、#IF/#ACT 文本参数、系统与事件触发页","对应不可变物品事件 DTO 生命周期内"
"1","LFENV-SYMBOL-0850","直接","STR","","<$STR>","人物","String","玩家对象","未实现（LFENV 后续阶段）","D","真实语料或附件已登记，等待对应 LFENV Adapter 实现与契约测试。","普通","真实语料:D:/ChuanQi/服务端","否","1","","LFENV-CATALOG-001","Docs/design/scripting/翎风服务器常量与整服Envir直接运行实施规格.md","LFENV","2026-08-16","LFENV-2026-08-16-baseline","ContextUnavailable（按契约显示为空或 0，预检保留诊断）","NPC 对话、#IF/#ACT 文本参数、系统与事件触发页","玩家脚本上下文有效期间"
"1","LFENV-SYMBOL-0851","直接","STRUCKHP","","<$STRUCKHP>","战斗事件","Integer","玩家对象与战斗事件上下文","未实现（LFENV 后续阶段）","D","真实语料或附件已登记，等待对应 LFENV Adapter 实现与契约测试。","普通","真实语料:D:/ChuanQi/服务端;用户附件:翎风服务器常量","是","66","自己被攻击减少的HP输出值","LFENV-CATALOG-001","Docs/design/scripting/翎风服务器常量与整服Envir直接运行实施规格.md","LFENV","2026-08-16","LFENV-2026-08-16-baseline","ContextUnavailable（显示为空，预检保留诊断）","NPC 对话、#IF/#ACT 文本参数、系统与事件触发页","对应不可变战斗事件 DTO 生命周期内"
"1","LFENV-SYMBOL-0852","直接","SUCKDAMAGE","","<$SUCKDAMAGE>","人物","String","玩家对象","未实现（LFENV 后续阶段）","D","真实语料或附件已登记，等待对应 LFENV Adapter 实现与契约测试。","普通","真实语料:D:/ChuanQi/服务端;用户附件:翎风服务器常量","是","18","人物伤害吸收剩下值","LFENV-CATALOG-001","Docs/design/scripting/翎风服务器常量与整服Envir直接运行实施规格.md","LFENV","2026-08-16","LFENV-2026-08-16-baseline","ContextUnavailable（按契约显示为空或 0，预检保留诊断）","NPC 对话、#IF/#ACT 文本参数、系统与事件触发页","玩家脚本上下文有效期间"
"1","LFENV-SYMBOL-0853","直接","TAGMAPNAME1","","<$TAGMAPNAME1>","人物","String","玩家对象","未实现（LFENV 后续阶段）","D","真实语料或附件已登记，等待对应 LFENV Adapter 实现与契约测试。","普通","真实语料:D:/ChuanQi/服务端","否","8","","LFENV-CATALOG-001","Docs/design/scripting/翎风服务器常量与整服Envir直接运行实施规格.md","LFENV","2026-08-16","LFENV-2026-08-16-baseline","ContextUnavailable（按契约显示为空或 0，预检保留诊断）","NPC 对话、#IF/#ACT 文本参数、系统与事件触发页","玩家脚本上下文有效期间"
"1","LFENV-SYMBOL-0854","直接","TAGMAPNAME2","","<$TAGMAPNAME2>","人物","String","玩家对象","未实现（LFENV 后续阶段）","D","真实语料或附件已登记，等待对应 LFENV Adapter 实现与契约测试。","普通","真实语料:D:/ChuanQi/服务端","否","8","","LFENV-CATALOG-001","Docs/design/scripting/翎风服务器常量与整服Envir直接运行实施规格.md","LFENV","2026-08-16","LFENV-2026-08-16-baseline","ContextUnavailable（按契约显示为空或 0，预检保留诊断）","NPC 对话、#IF/#ACT 文本参数、系统与事件触发页","玩家脚本上下文有效期间"
"1","LFENV-SYMBOL-0855","直接","TAGMAPNAME3","","<$TAGMAPNAME3>","人物","String","玩家对象","未实现（LFENV 后续阶段）","D","真实语料或附件已登记，等待对应 LFENV Adapter 实现与契约测试。","普通","真实语料:D:/ChuanQi/服务端","否","8","","LFENV-CATALOG-001","Docs/design/scripting/翎风服务器常量与整服Envir直接运行实施规格.md","LFENV","2026-08-16","LFENV-2026-08-16-baseline","ContextUnavailable（按契约显示为空或 0，预检保留诊断）","NPC 对话、#IF/#ACT 文本参数、系统与事件触发页","玩家脚本上下文有效期间"
"1","LFENV-SYMBOL-0856","直接","TAGMAPNAME4","","<$TAGMAPNAME4>","人物","String","玩家对象","未实现（LFENV 后续阶段）","D","真实语料或附件已登记，等待对应 LFENV Adapter 实现与契约测试。","普通","真实语料:D:/ChuanQi/服务端","否","8","","LFENV-CATALOG-001","Docs/design/scripting/翎风服务器常量与整服Envir直接运行实施规格.md","LFENV","2026-08-16","LFENV-2026-08-16-baseline","ContextUnavailable（按契约显示为空或 0，预检保留诊断）","NPC 对话、#IF/#ACT 文本参数、系统与事件触发页","玩家脚本上下文有效期间"
"1","LFENV-SYMBOL-0857","直接","TAGMAPNAME5","","<$TAGMAPNAME5>","人物","String","玩家对象","未实现（LFENV 后续阶段）","D","真实语料或附件已登记，等待对应 LFENV Adapter 实现与契约测试。","普通","真实语料:D:/ChuanQi/服务端","否","8","","LFENV-CATALOG-001","Docs/design/scripting/翎风服务器常量与整服Envir直接运行实施规格.md","LFENV","2026-08-16","LFENV-2026-08-16-baseline","ContextUnavailable（按契约显示为空或 0，预检保留诊断）","NPC 对话、#IF/#ACT 文本参数、系统与事件触发页","玩家脚本上下文有效期间"
"1","LFENV-SYMBOL-0858","直接","TAGMAPNAME6","","<$TAGMAPNAME6>","人物","String","玩家对象","未实现（LFENV 后续阶段）","D","真实语料或附件已登记，等待对应 LFENV Adapter 实现与契约测试。","普通","真实语料:D:/ChuanQi/服务端","否","5","","LFENV-CATALOG-001","Docs/design/scripting/翎风服务器常量与整服Envir直接运行实施规格.md","LFENV","2026-08-16","LFENV-2026-08-16-baseline","ContextUnavailable（按契约显示为空或 0，预检保留诊断）","NPC 对话、#IF/#ACT 文本参数、系统与事件触发页","玩家脚本上下文有效期间"
"1","LFENV-SYMBOL-0859","直接","TAGX1","","<$TAGX1>","人物","String","玩家对象","未实现（LFENV 后续阶段）","D","真实语料或附件已登记，等待对应 LFENV Adapter 实现与契约测试。","普通","真实语料:D:/ChuanQi/服务端","否","8","","LFENV-CATALOG-001","Docs/design/scripting/翎风服务器常量与整服Envir直接运行实施规格.md","LFENV","2026-08-16","LFENV-2026-08-16-baseline","ContextUnavailable（按契约显示为空或 0，预检保留诊断）","NPC 对话、#IF/#ACT 文本参数、系统与事件触发页","玩家脚本上下文有效期间"
"1","LFENV-SYMBOL-0860","直接","TAGX2","","<$TAGX2>","人物","String","玩家对象","未实现（LFENV 后续阶段）","D","真实语料或附件已登记，等待对应 LFENV Adapter 实现与契约测试。","普通","真实语料:D:/ChuanQi/服务端","否","8","","LFENV-CATALOG-001","Docs/design/scripting/翎风服务器常量与整服Envir直接运行实施规格.md","LFENV","2026-08-16","LFENV-2026-08-16-baseline","ContextUnavailable（按契约显示为空或 0，预检保留诊断）","NPC 对话、#IF/#ACT 文本参数、系统与事件触发页","玩家脚本上下文有效期间"
"1","LFENV-SYMBOL-0861","直接","TAGX3","","<$TAGX3>","人物","String","玩家对象","未实现（LFENV 后续阶段）","D","真实语料或附件已登记，等待对应 LFENV Adapter 实现与契约测试。","普通","真实语料:D:/ChuanQi/服务端","否","8","","LFENV-CATALOG-001","Docs/design/scripting/翎风服务器常量与整服Envir直接运行实施规格.md","LFENV","2026-08-16","LFENV-2026-08-16-baseline","ContextUnavailable（按契约显示为空或 0，预检保留诊断）","NPC 对话、#IF/#ACT 文本参数、系统与事件触发页","玩家脚本上下文有效期间"
"1","LFENV-SYMBOL-0862","直接","TAGX4","","<$TAGX4>","人物","String","玩家对象","未实现（LFENV 后续阶段）","D","真实语料或附件已登记，等待对应 LFENV Adapter 实现与契约测试。","普通","真实语料:D:/ChuanQi/服务端","否","8","","LFENV-CATALOG-001","Docs/design/scripting/翎风服务器常量与整服Envir直接运行实施规格.md","LFENV","2026-08-16","LFENV-2026-08-16-baseline","ContextUnavailable（按契约显示为空或 0，预检保留诊断）","NPC 对话、#IF/#ACT 文本参数、系统与事件触发页","玩家脚本上下文有效期间"
"1","LFENV-SYMBOL-0863","直接","TAGX5","","<$TAGX5>","人物","String","玩家对象","未实现（LFENV 后续阶段）","D","真实语料或附件已登记，等待对应 LFENV Adapter 实现与契约测试。","普通","真实语料:D:/ChuanQi/服务端","否","8","","LFENV-CATALOG-001","Docs/design/scripting/翎风服务器常量与整服Envir直接运行实施规格.md","LFENV","2026-08-16","LFENV-2026-08-16-baseline","ContextUnavailable（按契约显示为空或 0，预检保留诊断）","NPC 对话、#IF/#ACT 文本参数、系统与事件触发页","玩家脚本上下文有效期间"
"1","LFENV-SYMBOL-0864","直接","TAGX6","","<$TAGX6>","人物","String","玩家对象","未实现（LFENV 后续阶段）","D","真实语料或附件已登记，等待对应 LFENV Adapter 实现与契约测试。","普通","真实语料:D:/ChuanQi/服务端","否","5","","LFENV-CATALOG-001","Docs/design/scripting/翎风服务器常量与整服Envir直接运行实施规格.md","LFENV","2026-08-16","LFENV-2026-08-16-baseline","ContextUnavailable（按契约显示为空或 0，预检保留诊断）","NPC 对话、#IF/#ACT 文本参数、系统与事件触发页","玩家脚本上下文有效期间"
"1","LFENV-SYMBOL-0865","直接","TAGY1","","<$TAGY1>","人物","String","玩家对象","未实现（LFENV 后续阶段）","D","真实语料或附件已登记，等待对应 LFENV Adapter 实现与契约测试。","普通","真实语料:D:/ChuanQi/服务端","否","8","","LFENV-CATALOG-001","Docs/design/scripting/翎风服务器常量与整服Envir直接运行实施规格.md","LFENV","2026-08-16","LFENV-2026-08-16-baseline","ContextUnavailable（按契约显示为空或 0，预检保留诊断）","NPC 对话、#IF/#ACT 文本参数、系统与事件触发页","玩家脚本上下文有效期间"
"1","LFENV-SYMBOL-0866","直接","TAGY2","","<$TAGY2>","人物","String","玩家对象","未实现（LFENV 后续阶段）","D","真实语料或附件已登记，等待对应 LFENV Adapter 实现与契约测试。","普通","真实语料:D:/ChuanQi/服务端","否","8","","LFENV-CATALOG-001","Docs/design/scripting/翎风服务器常量与整服Envir直接运行实施规格.md","LFENV","2026-08-16","LFENV-2026-08-16-baseline","ContextUnavailable（按契约显示为空或 0，预检保留诊断）","NPC 对话、#IF/#ACT 文本参数、系统与事件触发页","玩家脚本上下文有效期间"
"1","LFENV-SYMBOL-0867","直接","TAGY3","","<$TAGY3>","人物","String","玩家对象","未实现（LFENV 后续阶段）","D","真实语料或附件已登记，等待对应 LFENV Adapter 实现与契约测试。","普通","真实语料:D:/ChuanQi/服务端","否","8","","LFENV-CATALOG-001","Docs/design/scripting/翎风服务器常量与整服Envir直接运行实施规格.md","LFENV","2026-08-16","LFENV-2026-08-16-baseline","ContextUnavailable（按契约显示为空或 0，预检保留诊断）","NPC 对话、#IF/#ACT 文本参数、系统与事件触发页","玩家脚本上下文有效期间"
"1","LFENV-SYMBOL-0868","直接","TAGY4","","<$TAGY4>","人物","String","玩家对象","未实现（LFENV 后续阶段）","D","真实语料或附件已登记，等待对应 LFENV Adapter 实现与契约测试。","普通","真实语料:D:/ChuanQi/服务端","否","8","","LFENV-CATALOG-001","Docs/design/scripting/翎风服务器常量与整服Envir直接运行实施规格.md","LFENV","2026-08-16","LFENV-2026-08-16-baseline","ContextUnavailable（按契约显示为空或 0，预检保留诊断）","NPC 对话、#IF/#ACT 文本参数、系统与事件触发页","玩家脚本上下文有效期间"
"1","LFENV-SYMBOL-0869","直接","TAGY5","","<$TAGY5>","人物","String","玩家对象","未实现（LFENV 后续阶段）","D","真实语料或附件已登记，等待对应 LFENV Adapter 实现与契约测试。","普通","真实语料:D:/ChuanQi/服务端","否","8","","LFENV-CATALOG-001","Docs/design/scripting/翎风服务器常量与整服Envir直接运行实施规格.md","LFENV","2026-08-16","LFENV-2026-08-16-baseline","ContextUnavailable（按契约显示为空或 0，预检保留诊断）","NPC 对话、#IF/#ACT 文本参数、系统与事件触发页","玩家脚本上下文有效期间"
"1","LFENV-SYMBOL-0870","直接","TAGY6","","<$TAGY6>","人物","String","玩家对象","未实现（LFENV 后续阶段）","D","真实语料或附件已登记，等待对应 LFENV Adapter 实现与契约测试。","普通","真实语料:D:/ChuanQi/服务端","否","5","","LFENV-CATALOG-001","Docs/design/scripting/翎风服务器常量与整服Envir直接运行实施规格.md","LFENV","2026-08-16","LFENV-2026-08-16-baseline","ContextUnavailable（按契约显示为空或 0，预检保留诊断）","NPC 对话、#IF/#ACT 文本参数、系统与事件触发页","玩家脚本上下文有效期间"
"1","LFENV-SYMBOL-0871","直接","TEAM0","","<$TEAM0>","人物","String","玩家对象","未实现（LFENV 后续阶段）","D","真实语料或附件已登记，等待对应 LFENV Adapter 实现与契约测试。","普通","真实语料:D:/ChuanQi/服务端;用户附件:翎风服务器常量","是","172","..  用于显示组队成员,代表队长,成员从开始","LFENV-CATALOG-001","Docs/design/scripting/翎风服务器常量与整服Envir直接运行实施规格.md","LFENV","2026-08-16","LFENV-2026-08-16-baseline","ContextUnavailable（按契约显示为空或 0，预检保留诊断）","NPC 对话、#IF/#ACT 文本参数、系统与事件触发页","玩家脚本上下文有效期间"
"1","LFENV-SYMBOL-0872","直接","TEAM1","","<$TEAM1>","人物","String","玩家对象","未实现（LFENV 后续阶段）","D","真实语料或附件已登记，等待对应 LFENV Adapter 实现与契约测试。","普通","真实语料:D:/ChuanQi/服务端;用户附件:翎风服务器常量","是","13","..  用于显示组队成员,代表队长,成员从开始","LFENV-CATALOG-001","Docs/design/scripting/翎风服务器常量与整服Envir直接运行实施规格.md","LFENV","2026-08-16","LFENV-2026-08-16-baseline","ContextUnavailable（按契约显示为空或 0，预检保留诊断）","NPC 对话、#IF/#ACT 文本参数、系统与事件触发页","玩家脚本上下文有效期间"
"1","LFENV-SYMBOL-0873","直接","TEAM2","","<$TEAM2>","人物","String","玩家对象","未实现（LFENV 后续阶段）","D","真实语料或附件已登记，等待对应 LFENV Adapter 实现与契约测试。","普通","真实语料:D:/ChuanQi/服务端","否","13","","LFENV-CATALOG-001","Docs/design/scripting/翎风服务器常量与整服Envir直接运行实施规格.md","LFENV","2026-08-16","LFENV-2026-08-16-baseline","ContextUnavailable（按契约显示为空或 0，预检保留诊断）","NPC 对话、#IF/#ACT 文本参数、系统与事件触发页","玩家脚本上下文有效期间"
"1","LFENV-SYMBOL-0874","直接","TEAM3","","<$TEAM3>","人物","String","玩家对象","未实现（LFENV 后续阶段）","D","真实语料或附件已登记，等待对应 LFENV Adapter 实现与契约测试。","普通","真实语料:D:/ChuanQi/服务端","否","13","","LFENV-CATALOG-001","Docs/design/scripting/翎风服务器常量与整服Envir直接运行实施规格.md","LFENV","2026-08-16","LFENV-2026-08-16-baseline","ContextUnavailable（按契约显示为空或 0，预检保留诊断）","NPC 对话、#IF/#ACT 文本参数、系统与事件触发页","玩家脚本上下文有效期间"
"1","LFENV-SYMBOL-0875","直接","TEAM4","","<$TEAM4>","人物","String","玩家对象","未实现（LFENV 后续阶段）","D","真实语料或附件已登记，等待对应 LFENV Adapter 实现与契约测试。","普通","真实语料:D:/ChuanQi/服务端","否","13","","LFENV-CATALOG-001","Docs/design/scripting/翎风服务器常量与整服Envir直接运行实施规格.md","LFENV","2026-08-16","LFENV-2026-08-16-baseline","ContextUnavailable（按契约显示为空或 0，预检保留诊断）","NPC 对话、#IF/#ACT 文本参数、系统与事件触发页","玩家脚本上下文有效期间"
"1","LFENV-SYMBOL-0876","直接","TEAM5","","<$TEAM5>","人物","String","玩家对象","未实现（LFENV 后续阶段）","D","真实语料或附件已登记，等待对应 LFENV Adapter 实现与契约测试。","普通","真实语料:D:/ChuanQi/服务端","否","13","","LFENV-CATALOG-001","Docs/design/scripting/翎风服务器常量与整服Envir直接运行实施规格.md","LFENV","2026-08-16","LFENV-2026-08-16-baseline","ContextUnavailable（按契约显示为空或 0，预检保留诊断）","NPC 对话、#IF/#ACT 文本参数、系统与事件触发页","玩家脚本上下文有效期间"
"1","LFENV-SYMBOL-0877","直接","TEAM6","","<$TEAM6>","人物","String","玩家对象","未实现（LFENV 后续阶段）","D","真实语料或附件已登记，等待对应 LFENV Adapter 实现与契约测试。","普通","真实语料:D:/ChuanQi/服务端","否","13","","LFENV-CATALOG-001","Docs/design/scripting/翎风服务器常量与整服Envir直接运行实施规格.md","LFENV","2026-08-16","LFENV-2026-08-16-baseline","ContextUnavailable（按契约显示为空或 0，预检保留诊断）","NPC 对话、#IF/#ACT 文本参数、系统与事件触发页","玩家脚本上下文有效期间"
"1","LFENV-SYMBOL-0878","直接","TEAM7","","<$TEAM7>","人物","String","玩家对象","未实现（LFENV 后续阶段）","D","真实语料或附件已登记，等待对应 LFENV Adapter 实现与契约测试。","普通","真实语料:D:/ChuanQi/服务端","否","13","","LFENV-CATALOG-001","Docs/design/scripting/翎风服务器常量与整服Envir直接运行实施规格.md","LFENV","2026-08-16","LFENV-2026-08-16-baseline","ContextUnavailable（按契约显示为空或 0，预检保留诊断）","NPC 对话、#IF/#ACT 文本参数、系统与事件触发页","玩家脚本上下文有效期间"
"1","LFENV-SYMBOL-0879","直接","TEAM8","","<$TEAM8>","人物","String","玩家对象","未实现（LFENV 后续阶段）","D","真实语料或附件已登记，等待对应 LFENV Adapter 实现与契约测试。","普通","真实语料:D:/ChuanQi/服务端","否","13","","LFENV-CATALOG-001","Docs/design/scripting/翎风服务器常量与整服Envir直接运行实施规格.md","LFENV","2026-08-16","LFENV-2026-08-16-baseline","ContextUnavailable（按契约显示为空或 0，预检保留诊断）","NPC 对话、#IF/#ACT 文本参数、系统与事件触发页","玩家脚本上下文有效期间"
"1","LFENV-SYMBOL-0880","直接","TEAM9","","<$TEAM9>","人物","String","玩家对象","未实现（LFENV 后续阶段）","D","真实语料或附件已登记，等待对应 LFENV Adapter 实现与契约测试。","普通","真实语料:D:/ChuanQi/服务端","否","13","","LFENV-CATALOG-001","Docs/design/scripting/翎风服务器常量与整服Envir直接运行实施规格.md","LFENV","2026-08-16","LFENV-2026-08-16-baseline","ContextUnavailable（按契约显示为空或 0，预检保留诊断）","NPC 对话、#IF/#ACT 文本参数、系统与事件触发页","玩家脚本上下文有效期间"
"1","LFENV-SYMBOL-0881","直接","TEAMX","","<$TEAMX>","人物","String","玩家对象","未实现（LFENV 后续阶段）","D","真实语料或附件已登记，等待对应 LFENV Adapter 实现与契约测试。","普通","用户附件:翎风服务器常量","是","0","..  用于显示组队成员,代表队长,成员从开始","LFENV-CATALOG-001","Docs/design/scripting/翎风服务器常量与整服Envir直接运行实施规格.md","LFENV","2026-08-16","LFENV-2026-08-16-baseline","ContextUnavailable（按契约显示为空或 0，预检保留诊断）","NPC 对话、#IF/#ACT 文本参数、系统与事件触发页","玩家脚本上下文有效期间"
"1","LFENV-SYMBOL-0882","直接","TIME","","<$TIME>","服务器与时间","Integer","服务器环境上下文","LingFengP0ServerSymbols + ScriptTextRenderer","B","已通过 LFENV-05 P0 Adapter、统一 Renderer、真实 NPC/条件动作/系统触发/ScriptApi 入口与旧分支回归测试。","普通","真实语料:D:/ChuanQi/服务端;用户附件:翎风服务器常量","是","91","当前时间 格式:10:00:00","LFENV-CATALOG-001","Docs/design/scripting/翎风服务器常量与整服Envir直接运行实施规格.md","LFENV","2026-08-16","LFENV-2026-08-16-baseline","ContextUnavailable（按契约显示为空或 0，预检保留诊断）","NPC 对话、#IF/#ACT 文本参数、系统与事件触发页","脚本执行期间读取服务器只读快照"
"1","LFENV-SYMBOL-0883","直接","TODAYINCOME","","<$TODAYINCOME>","服务器与时间","Integer","服务器环境上下文","未实现（LFENV 后续阶段）","D","真实语料或附件已登记，等待对应 LFENV Adapter 实现与契约测试。","普通","真实语料:D:/ChuanQi/服务端","否","16","","LFENV-CATALOG-001","Docs/design/scripting/翎风服务器常量与整服Envir直接运行实施规格.md","LFENV","2026-08-16","LFENV-2026-08-16-baseline","ContextUnavailable（按契约显示为空或 0，预检保留诊断）","NPC 对话、#IF/#ACT 文本参数、系统与事件触发页","脚本执行期间读取服务器只读快照"
"1","LFENV-SYMBOL-0884","直接","UPGRADECOUNT","","<$UPGRADECOUNT>","人物","Integer","玩家对象","未实现（LFENV 后续阶段）","D","真实语料或附件已登记，等待对应 LFENV Adapter 实现与契约测试。","普通","真实语料:D:/ChuanQi/服务端;用户附件:翎风服务器常量","是","20","人物全身星星数量","LFENV-CATALOG-001","Docs/design/scripting/翎风服务器常量与整服Envir直接运行实施规格.md","LFENV","2026-08-16","LFENV-2026-08-16-baseline","ContextUnavailable（按契约显示为空或 0，预检保留诊断）","NPC 对话、#IF/#ACT 文本参数、系统与事件触发页","玩家脚本上下文有效期间"
"1","LFENV-SYMBOL-0885","直接","UPGRADEWEAPONFEE","","<$UPGRADEWEAPONFEE>","人物","String","玩家对象","未实现（LFENV 后续阶段）","D","真实语料或附件已登记，等待对应 LFENV Adapter 实现与契约测试。","普通","真实语料:D:/ChuanQi/服务端","否","7","","LFENV-CATALOG-001","Docs/design/scripting/翎风服务器常量与整服Envir直接运行实施规格.md","LFENV","2026-08-16","LFENV-2026-08-16-baseline","ContextUnavailable（按契约显示为空或 0，预检保留诊断）","NPC 对话、#IF/#ACT 文本参数、系统与事件触发页","玩家脚本上下文有效期间"
"1","LFENV-SYMBOL-0886","直接","USEITEMFROM","","<$USEITEMFROM>","人物","String","玩家对象","未实现（LFENV 后续阶段）","D","真实语料或附件已登记，等待对应 LFENV Adapter 实现与契约测试。","普通","真实语料:D:/ChuanQi/服务端","否","44","","LFENV-CATALOG-001","Docs/design/scripting/翎风服务器常量与整服Envir直接运行实施规格.md","LFENV","2026-08-16","LFENV-2026-08-16-baseline","ContextUnavailable（按契约显示为空或 0，预检保留诊断）","NPC 对话、#IF/#ACT 文本参数、系统与事件触发页","玩家脚本上下文有效期间"
"1","LFENV-SYMBOL-0887","直接","USEITEMMAKEINDEX","","<$USEITEMMAKEINDEX>","人物","Integer","玩家对象","未实现（LFENV 后续阶段）","D","真实语料或附件已登记，等待对应 LFENV Adapter 实现与契约测试。","普通","真实语料:D:/ChuanQi/服务端","否","100","","LFENV-CATALOG-001","Docs/design/scripting/翎风服务器常量与整服Envir直接运行实施规格.md","LFENV","2026-08-16","LFENV-2026-08-16-baseline","ContextUnavailable（按契约显示为空或 0，预检保留诊断）","NPC 对话、#IF/#ACT 文本参数、系统与事件触发页","玩家脚本上下文有效期间"
"1","LFENV-SYMBOL-0888","直接","USEITEMNAME","","<$USEITEMNAME>","人物","String","玩家对象","未实现（LFENV 后续阶段）","D","真实语料或附件已登记，等待对应 LFENV Adapter 实现与契约测试。","普通","真实语料:D:/ChuanQi/服务端","否","1060","","LFENV-CATALOG-001","Docs/design/scripting/翎风服务器常量与整服Envir直接运行实施规格.md","LFENV","2026-08-16","LFENV-2026-08-16-baseline","ContextUnavailable（按契约显示为空或 0，预检保留诊断）","NPC 对话、#IF/#ACT 文本参数、系统与事件触发页","玩家脚本上下文有效期间"
"1","LFENV-SYMBOL-0889","直接","USERALLNAME","","<$USERALLNAME>","人物","String","玩家对象","LingFengP0ServerSymbols + ScriptTextRenderer","B","已通过 LFENV-05 P0 Adapter、统一 Renderer、真实 NPC/条件动作/系统触发/ScriptApi 入口与旧分支回归测试。","普通","用户附件:翎风服务器常量","是","0","人物完整名称","LFENV-CATALOG-001","Docs/design/scripting/翎风服务器常量与整服Envir直接运行实施规格.md","LFENV","2026-08-16","LFENV-2026-08-16-baseline","ContextUnavailable（按契约显示为空或 0，预检保留诊断）","NPC 对话、#IF/#ACT 文本参数、系统与事件触发页","玩家脚本上下文有效期间"
"1","LFENV-SYMBOL-0890","直接","USERCOUNT","","<$USERCOUNT>","服务器与时间","Integer","服务器环境上下文","LingFengP0ServerSymbols + ScriptTextRenderer","B","已通过 LFENV-05 P0 Adapter、统一 Renderer、真实 NPC/条件动作/系统触发/ScriptApi 入口与旧分支回归测试。","普通","真实语料:D:/ChuanQi/服务端;用户附件:翎风服务器常量","是","12","在线人数","LFENV-CATALOG-001","Docs/design/scripting/翎风服务器常量与整服Envir直接运行实施规格.md","LFENV","2026-08-16","LFENV-2026-08-16-baseline","ContextUnavailable（按契约显示为空或 0，预检保留诊断）","NPC 对话、#IF/#ACT 文本参数、系统与事件触发页","脚本执行期间读取服务器只读快照"
"1","LFENV-SYMBOL-0891","直接","USERID","","<$USERID>","人物","String","玩家对象","未实现（LFENV 后续阶段）","D","真实语料或附件已登记，等待对应 LFENV Adapter 实现与契约测试。","普通","真实语料:D:/ChuanQi/服务端;用户附件:翎风服务器常量","是","5530","人物登录帐号","LFENV-CATALOG-001","Docs/design/scripting/翎风服务器常量与整服Envir直接运行实施规格.md","LFENV","2026-08-16","LFENV-2026-08-16-baseline","ContextUnavailable（按契约显示为空或 0，预检保留诊断）","NPC 对话、#IF/#ACT 文本参数、系统与事件触发页","玩家脚本上下文有效期间"
"1","LFENV-SYMBOL-0892","直接","USERNAME","","<$USERNAME>","人物","String","玩家对象","LingFengP0ServerSymbols + ScriptTextRenderer","B","已通过 LFENV-05 P0 Adapter、统一 Renderer、真实 NPC/条件动作/系统触发/ScriptApi 入口与旧分支回归测试。","普通","真实语料:D:/ChuanQi/服务端;用户附件:翎风服务器常量","是","24581","人物名称","LFENV-CATALOG-001","Docs/design/scripting/翎风服务器常量与整服Envir直接运行实施规格.md","LFENV","2026-08-16","LFENV-2026-08-16-baseline","ContextUnavailable（按契约显示为空或 0，预检保留诊断）","NPC 对话、#IF/#ACT 文本参数、系统与事件触发页","玩家脚本上下文有效期间"
"1","LFENV-SYMBOL-0893","直接","USERNEWNAME","","<$USERNEWNAME>","人物","String","玩家对象","未实现（LFENV 后续阶段）","D","真实语料或附件已登记，等待对应 LFENV Adapter 实现与契约测试。","普通","真实语料:D:/ChuanQi/服务端","否","37","","LFENV-CATALOG-001","Docs/design/scripting/翎风服务器常量与整服Envir直接运行实施规格.md","LFENV","2026-08-16","LFENV-2026-08-16-baseline","ContextUnavailable（按契约显示为空或 0，预检保留诊断）","NPC 对话、#IF/#ACT 文本参数、系统与事件触发页","玩家脚本上下文有效期间"
"1","LFENV-SYMBOL-0894","直接","USERSHOPNAME","","<$USERSHOPNAME>","人物","String","玩家对象","未实现（LFENV 后续阶段）","D","真实语料或附件已登记，等待对应 LFENV Adapter 实现与契约测试。","普通","用户附件:翎风服务器常量","是","0","个人商店名称","LFENV-CATALOG-001","Docs/design/scripting/翎风服务器常量与整服Envir直接运行实施规格.md","LFENV","2026-08-16","LFENV-2026-08-16-baseline","ContextUnavailable（按契约显示为空或 0，预检保留诊断）","NPC 对话、#IF/#ACT 文本参数、系统与事件触发页","玩家脚本上下文有效期间"
"1","LFENV-SYMBOL-0895","直接","USERSTATENAME","","<$USERSTATENAME>","人物","String","玩家对象","未实现（LFENV 后续阶段）","D","真实语料或附件已登记，等待对应 LFENV Adapter 实现与契约测试。","普通","真实语料:D:/ChuanQi/服务端","否","1011","","LFENV-CATALOG-001","Docs/design/scripting/翎风服务器常量与整服Envir直接运行实施规格.md","LFENV","2026-08-16","LFENV-2026-08-16-baseline","ContextUnavailable（按契约显示为空或 0，预检保留诊断）","NPC 对话、#IF/#ACT 文本参数、系统与事件触发页","玩家脚本上下文有效期间"
"1","LFENV-SYMBOL-0896","直接","USERWEAPON","","<$USERWEAPON>","人物","String","玩家对象","未实现（LFENV 后续阶段）","D","真实语料或附件已登记，等待对应 LFENV Adapter 实现与契约测试。","普通","真实语料:D:/ChuanQi/服务端","否","7","","LFENV-CATALOG-001","Docs/design/scripting/翎风服务器常量与整服Envir直接运行实施规格.md","LFENV","2026-08-16","LFENV-2026-08-16-baseline","ContextUnavailable（按契约显示为空或 0，预检保留诊断）","NPC 对话、#IF/#ACT 文本参数、系统与事件触发页","玩家脚本上下文有效期间"
"1","LFENV-SYMBOL-0897","直接","USESTONEITEMINDEX","","<$USESTONEITEMINDEX>","人物","Integer","玩家对象","未实现（LFENV 后续阶段）","D","真实语料或附件已登记，等待对应 LFENV Adapter 实现与契约测试。","普通","真实语料:D:/ChuanQi/服务端","否","3","","LFENV-CATALOG-001","Docs/design/scripting/翎风服务器常量与整服Envir直接运行实施规格.md","LFENV","2026-08-16","LFENV-2026-08-16-baseline","ContextUnavailable（按契约显示为空或 0，预检保留诊断）","NPC 对话、#IF/#ACT 文本参数、系统与事件触发页","玩家脚本上下文有效期间"
"1","LFENV-SYMBOL-0898","直接","UTCNOW","","<$UTCNOW>","服务器与时间","String","服务器环境上下文","未实现（LFENV 后续阶段）","D","真实语料或附件已登记，等待对应 LFENV Adapter 实现与契约测试。","普通","真实语料:D:/ChuanQi/服务端","否","1802","","LFENV-CATALOG-001","Docs/design/scripting/翎风服务器常量与整服Envir直接运行实施规格.md","LFENV","2026-08-16","LFENV-2026-08-16-baseline","ContextUnavailable（按契约显示为空或 0，预检保留诊断）","NPC 对话、#IF/#ACT 文本参数、系统与事件触发页","脚本执行期间读取服务器只读快照"
"1","LFENV-SYMBOL-0899","直接","VALUE2","","<$VALUE2>","人物","String","玩家对象","未实现（LFENV 后续阶段）","D","真实语料或附件已登记，等待对应 LFENV Adapter 实现与契约测试。","普通","真实语料:D:/ChuanQi/服务端","否","6","","LFENV-CATALOG-001","Docs/design/scripting/翎风服务器常量与整服Envir直接运行实施规格.md","LFENV","2026-08-16","LFENV-2026-08-16-baseline","ContextUnavailable（按契约显示为空或 0，预检保留诊断）","NPC 对话、#IF/#ACT 文本参数、系统与事件触发页","玩家脚本上下文有效期间"
"1","LFENV-SYMBOL-0900","直接","WEAPON","","<$WEAPON>","物品事件","String","玩家对象与物品事件上下文","LingFengP0ServerSymbols + ScriptTextRenderer","B","已通过 LFENV-05 P0 Adapter、统一 Renderer、真实 NPC/条件动作/系统触发/ScriptApi 入口与旧分支回归测试。","普通","真实语料:D:/ChuanQi/服务端;用户附件:翎风服务器常量","是","463","武器","LFENV-CATALOG-001","Docs/design/scripting/翎风服务器常量与整服Envir直接运行实施规格.md","LFENV","2026-08-16","LFENV-2026-08-16-baseline","ContextUnavailable（显示为空，预检保留诊断）","NPC 对话、#IF/#ACT 文本参数、系统与事件触发页","对应不可变物品事件 DTO 生命周期内"
"1","LFENV-SYMBOL-0901","直接","WEBSITE","","<$WEBSITE>","服务器与时间","String","服务器环境上下文","未实现（LFENV 后续阶段）","D","真实语料或附件已登记，等待对应 LFENV Adapter 实现与契约测试。","普通","真实语料:D:/ChuanQi/服务端;用户附件:翎风服务器常量","是","12","游戏网址","LFENV-CATALOG-001","Docs/design/scripting/翎风服务器常量与整服Envir直接运行实施规格.md","LFENV","2026-08-16","LFENV-2026-08-16-baseline","ContextUnavailable（按契约显示为空或 0，预检保留诊断）","NPC 对话、#IF/#ACT 文本参数、系统与事件触发页","脚本执行期间读取服务器只读快照"
"1","LFENV-SYMBOL-0902","直接","WW","","<$WW>","人物","String","玩家对象","未实现（LFENV 后续阶段）","D","真实语料或附件已登记，等待对应 LFENV Adapter 实现与契约测试。","普通","用户附件:翎风服务器常量","是","0","负重力","LFENV-CATALOG-001","Docs/design/scripting/翎风服务器常量与整服Envir直接运行实施规格.md","LFENV","2026-08-16","LFENV-2026-08-16-baseline","ContextUnavailable（按契约显示为空或 0，预检保留诊断）","NPC 对话、#IF/#ACT 文本参数、系统与事件触发页","玩家脚本上下文有效期间"
"1","LFENV-SYMBOL-0903","直接","X","X_COORD","<$X>","人物","Integer","玩家对象","LingFengP0ServerSymbols + ScriptTextRenderer","B","已通过 LFENV-05 P0 Adapter、统一 Renderer、真实 NPC/条件动作/系统触发/ScriptApi 入口与旧分支回归测试。","普通","真实语料:D:/ChuanQi/服务端;用户附件:翎风服务器常量","是","1712","人物X坐标","LFENV-CATALOG-001","Docs/design/scripting/翎风服务器常量与整服Envir直接运行实施规格.md","LFENV","2026-08-16","LFENV-2026-08-16-baseline","ContextUnavailable（按契约显示为空或 0，预检保留诊断）","NPC 对话、#IF/#ACT 文本参数、系统与事件触发页","玩家脚本上下文有效期间"
"1","LFENV-SYMBOL-0904","直接","Y","Y_COORD","<$Y>","人物","Integer","玩家对象","LingFengP0ServerSymbols + ScriptTextRenderer","B","已通过 LFENV-05 P0 Adapter、统一 Renderer、真实 NPC/条件动作/系统触发/ScriptApi 入口与旧分支回归测试。","普通","真实语料:D:/ChuanQi/服务端;用户附件:翎风服务器常量","是","1710","人物Y坐标","LFENV-CATALOG-001","Docs/design/scripting/翎风服务器常量与整服Envir直接运行实施规格.md","LFENV","2026-08-16","LFENV-2026-08-16-baseline","ContextUnavailable（按契约显示为空或 0，预检保留诊断）","NPC 对话、#IF/#ACT 文本参数、系统与事件触发页","玩家脚本上下文有效期间"
"1","LFENV-SYMBOL-0905","直接","YEAR","","<$YEAR>","服务器与时间","Integer","服务器环境上下文","LingFengP0ServerSymbols + ScriptTextRenderer","B","已通过 LFENV-05 P0 Adapter、统一 Renderer、真实 NPC/条件动作/系统触发/ScriptApi 入口与旧分支回归测试。","普通","真实语料:D:/ChuanQi/服务端;用户附件:翎风服务器常量","是","318","当前年份","LFENV-CATALOG-001","Docs/design/scripting/翎风服务器常量与整服Envir直接运行实施规格.md","LFENV","2026-08-16","LFENV-2026-08-16-baseline","ContextUnavailable（按契约显示为空或 0，预检保留诊断）","NPC 对话、#IF/#ACT 文本参数、系统与事件触发页","脚本执行期间读取服务器只读快照"
