ID,类别,翎风名称,别名,语法签名,脚本入口,对象上下文,当前实现位置,兼容状态,已知差异,客户端依赖,数据依赖,真实语料使用次数,测试编号,说明书页面,负责人,最后复核日期,来源分类,来源相对页,说明书版本
LF-TOPIC-0001,根主题,官方主页,,,,,,?,待逐页核对正文,待核对,待核对,0,,,未分配,,,官方主页.htm,LFM2-2026-08-15-snapshot
LF-TOPIC-0002,根主题,翎风引擎历史更新记录,,,,,,?,待逐页核对正文,待核对,待核对,0,,,未分配,,,UpDate.htm,LFM2-2026-08-15-snapshot
LF-TOPIC-0003,根主题,新怪物数据[!],,,,,,?,待逐页核对正文,待核对,待核对,0,,,未分配,,,新怪物数据[!].htm,LFM2-2026-08-15-snapshot
LF-TOPIC-0004,根主题,颜色值列表,,,,,,?,待逐页核对正文,待核对,待核对,0,,,未分配,,,256色值.htm,LFM2-2026-08-15-snapshot
LF-TOPIC-0005,根主题,游戏速度延时调整解说,,,,,,?,待逐页核对正文,待核对,待核对,0,,,未分配,,,延时解说/游戏速度延时调整.HTML,LFM2-2026-08-15-snapshot
LF-TOPIC-0006,根主题,NPC代码,,,,,,?,待逐页核对正文,待核对,待核对,0,,,未分配,,,NPC.htm,LFM2-2026-08-15-snapshot
LF-TOPIC-0007,示例,53类宝石(封印)介绍[!],,,,,,?,待逐页核对正文,待核对,待核对,0,,,未分配,,游戏引擎反外挂系统/部分脚本实例,游戏引擎反外挂系统/部分脚本实例/53类宝石描述.htm,LFM2-2026-08-15-snapshot
LF-TOPIC-0008,示例,百分比检测.htm,,,,,,?,待逐页核对正文,待核对,待核对,0,,,未分配,,游戏引擎反外挂系统/部分脚本实例,游戏引擎反外挂系统/部分脚本实例/百分比检测.htm,LFM2-2026-08-15-snapshot
LF-TOPIC-0009,示例,变量支持数字单位,,,,,,?,待逐页核对正文,待核对,待核对,0,,,未分配,,游戏引擎反外挂系统/部分脚本实例,游戏引擎反外挂系统/部分脚本实例/变量显示数字单位.htm,LFM2-2026-08-15-snapshot
LF-TOPIC-0010,示例,创建副将英雄脚本,,,,,,?,待逐页核对正文,待核对,待核对,0,,,未分配,,游戏引擎反外挂系统/部分脚本实例,游戏引擎反外挂系统/部分脚本实例/创建副将英雄脚本.html,LFM2-2026-08-15-snapshot
LF-TOPIC-0011,示例,创建行会脚本.htm,,,,,,?,待逐页核对正文,待核对,待核对,0,,,未分配,,游戏引擎反外挂系统/部分脚本实例,游戏引擎反外挂系统/部分脚本实例/创建行会脚本.htm,LFM2-2026-08-15-snapshot
LF-TOPIC-0012,示例,创建主将英雄脚本,,,,,,?,待逐页核对正文,待核对,待核对,0,,,未分配,,游戏引擎反外挂系统/部分脚本实例,游戏引擎反外挂系统/部分脚本实例/创建主将英雄脚本.htm,LFM2-2026-08-15-snapshot
LF-TOPIC-0013,示例,达到多少人在线不允许离线挂机脚本,,,,,,?,待逐页核对正文,待核对,待核对,0,,,未分配,,游戏引擎反外挂系统/部分脚本实例,游戏引擎反外挂系统/部分脚本实例/达到多少人在线不允许离线挂机脚本.htm,LFM2-2026-08-15-snapshot
LF-TOPIC-0014,示例,打开个人店铺（摆摊）,,,,,,?,待逐页核对正文,待核对,待核对,0,,,未分配,,游戏引擎反外挂系统/部分脚本实例,游戏引擎反外挂系统/部分脚本实例/打开个人店铺脚本命令.htm,LFM2-2026-08-15-snapshot
LF-TOPIC-0015,示例,大退游戏命令,,,,,,?,待逐页核对正文,待核对,待核对,0,,,未分配,,游戏引擎反外挂系统/部分脚本实例,游戏引擎反外挂系统/部分脚本实例/大退游戏命令.htm,LFM2-2026-08-15-snapshot
LF-TOPIC-0016,示例,当前目标变量取值操作[!],,,,,,?,待逐页核对正文,待核对,待核对,0,,,未分配,,游戏引擎反外挂系统/部分脚本实例,游戏引擎反外挂系统/部分脚本实例/当前目标变量取值操作%20.htm,LFM2-2026-08-15-snapshot
LF-TOPIC-0017,示例,登录游戏时的聊天框最上方显示公告,,,,,,?,待逐页核对正文,待核对,待核对,0,,,未分配,,游戏引擎反外挂系统/部分脚本实例,游戏引擎反外挂系统/部分脚本实例/登录游戏时的聊天框最上方显示公告.htm,LFM2-2026-08-15-snapshot
LF-TOPIC-0018,示例,动态地图连接[!],,,,,,?,待逐页核对正文,待核对,待核对,0,,,未分配,,游戏引擎反外挂系统/部分脚本实例,游戏引擎反外挂系统/部分脚本实例/动态地图连接[!].htm,LFM2-2026-08-15-snapshot
LF-TOPIC-0019,示例,发送聊天框固顶信息,,,,,,?,待逐页核对正文,待核对,待核对,0,,,未分配,,游戏引擎反外挂系统/部分脚本实例,游戏引擎反外挂系统/部分脚本实例/发送聊天框固顶信息.htm,LFM2-2026-08-15-snapshot
LF-TOPIC-0020,示例,复活触发[!],,,,,,?,待逐页核对正文,待核对,待核对,0,,,未分配,,游戏引擎反外挂系统/部分脚本实例,游戏引擎反外挂系统/部分脚本实例/复活触发.html,LFM2-2026-08-15-snapshot
LF-TOPIC-0021,示例,副本地图相关参数,,,,,,?,待逐页核对正文,待核对,待核对,0,,,未分配,,游戏引擎反外挂系统/部分脚本实例,游戏引擎反外挂系统/部分脚本实例/副本地图.html,LFM2-2026-08-15-snapshot
LF-TOPIC-0022,示例,改变人物状态脚本,,,,,,?,待逐页核对正文,待核对,待核对,0,,,未分配,,游戏引擎反外挂系统/部分脚本实例,游戏引擎反外挂系统/部分脚本实例/改变人物状态脚本.html,LFM2-2026-08-15-snapshot
LF-TOPIC-0023,示例,会员系统详解,,,,,,?,待逐页核对正文,待核对,待核对,0,,,未分配,,游戏引擎反外挂系统/部分脚本实例,游戏引擎反外挂系统/部分脚本实例/会员系统详解.htm,LFM2-2026-08-15-snapshot
LF-TOPIC-0024,示例,获取徒弟列表,,,,,,?,待逐页核对正文,待核对,待核对,0,,,未分配,,游戏引擎反外挂系统/部分脚本实例,游戏引擎反外挂系统/部分脚本实例/获取徒弟列表.htm,LFM2-2026-08-15-snapshot
LF-TOPIC-0025,示例,获取徒弟数量,,,,,,?,待逐页核对正文,待核对,待核对,0,,,未分配,,游戏引擎反外挂系统/部分脚本实例,游戏引擎反外挂系统/部分脚本实例/获取徒弟数量.htm,LFM2-2026-08-15-snapshot
LF-TOPIC-0026,示例,获取指定位置的物品数量,,,,,,?,待逐页核对正文,待核对,待核对,0,,,未分配,,游戏引擎反外挂系统/部分脚本实例,游戏引擎反外挂系统/部分脚本实例/获取指定位置的物品数量.htm,LFM2-2026-08-15-snapshot
LF-TOPIC-0027,示例,获取组队成员数量(组队相关命令),,,,,,?,待逐页核对正文,待核对,待核对,0,,,未分配,,游戏引擎反外挂系统/部分脚本实例,游戏引擎反外挂系统/部分脚本实例/获取组队成员数量.htm,LFM2-2026-08-15-snapshot
LF-TOPIC-0028,示例,机器人脚本,,,,,,?,待逐页核对正文,待核对,待核对,0,,,未分配,,游戏引擎反外挂系统/部分脚本实例,游戏引擎反外挂系统/部分脚本实例/机器人脚本.htm,LFM2-2026-08-15-snapshot
LF-TOPIC-0029,示例,记忆石设置方法[!],,,,,,?,待逐页核对正文,待核对,待核对,0,,,未分配,,游戏引擎反外挂系统/部分脚本实例,游戏引擎反外挂系统/部分脚本实例/记忆石设置方法[!].htm,LFM2-2026-08-15-snapshot
LF-TOPIC-0030,示例,技能栏升级强化技能[!],,,,,,?,待逐页核对正文,待核对,待核对,0,,,未分配,,游戏引擎反外挂系统/部分脚本实例,游戏引擎反外挂系统/部分脚本实例/技能栏触发升级强化技能.html,LFM2-2026-08-15-snapshot
LF-TOPIC-0031,示例,假人登录脚本实例,,,,,,?,待逐页核对正文,待核对,待核对,0,,,未分配,,游戏引擎反外挂系统/部分脚本实例,游戏引擎反外挂系统/部分脚本实例/假人登录脚本.htm,LFM2-2026-08-15-snapshot
LF-TOPIC-0032,示例,假人自动摆摊,,,,,,?,待逐页核对正文,待核对,待核对,0,,,未分配,,游戏引擎反外挂系统/部分脚本实例,游戏引擎反外挂系统/部分脚本实例/假人自动摆摊.htm,LFM2-2026-08-15-snapshot
LF-TOPIC-0033,示例,检测地图坐标是否可以到达.htm,,,,,,?,待逐页核对正文,待核对,待核对,0,,,未分配,,游戏引擎反外挂系统/部分脚本实例,游戏引擎反外挂系统/部分脚本实例/检测地图坐标是否可以到达.htm,LFM2-2026-08-15-snapshot
LF-TOPIC-0034,示例,检测人物多少时间没有移动.htm,,,,,,?,待逐页核对正文,待核对,待核对,0,,,未分配,,游戏引擎反外挂系统/部分脚本实例,游戏引擎反外挂系统/部分脚本实例/检测人物多少时间没有移动.htm,LFM2-2026-08-15-snapshot
LF-TOPIC-0035,示例,检查人物的职业 [!],,,,,,?,待逐页核对正文,待核对,待核对,0,,,未分配,,游戏引擎反外挂系统/部分脚本实例,游戏引擎反外挂系统/部分脚本实例/检测人物职业.htm,LFM2-2026-08-15-snapshot
LF-TOPIC-0036,示例,脚本初始化,,,,,,?,待逐页核对正文,待核对,待核对,0,,,未分配,,游戏引擎反外挂系统/部分脚本实例,游戏引擎反外挂系统/部分脚本实例/脚本初始化.html,LFM2-2026-08-15-snapshot
LF-TOPIC-0037,示例,脚本发送屏幕震动[!],,,,,,?,待逐页核对正文,待核对,待核对,0,,,未分配,,游戏引擎反外挂系统/部分脚本实例,游戏引擎反外挂系统/部分脚本实例/屏幕震动脚本.htm,LFM2-2026-08-15-snapshot
LF-TOPIC-0038,示例,脚本控制怪物攻城,,,,,,?,待逐页核对正文,待核对,待核对,0,,,未分配,,游戏引擎反外挂系统/部分脚本实例,游戏引擎反外挂系统/部分脚本实例/怪物攻城脚本.htm,LFM2-2026-08-15-snapshot
LF-TOPIC-0039,示例,脚本增加自定义按钮[!],,,,,,?,待逐页核对正文,待核对,待核对,0,,,未分配,,游戏引擎反外挂系统/部分脚本实例,游戏引擎反外挂系统/部分脚本实例/脚本增加自定义按钮.htm,LFM2-2026-08-15-snapshot
LF-TOPIC-0040,示例,结婚脚本,,,,,,?,待逐页核对正文,待核对,待核对,0,,,未分配,,游戏引擎反外挂系统/部分脚本实例,游戏引擎反外挂系统/部分脚本实例/结婚脚本.htm,LFM2-2026-08-15-snapshot
LF-TOPIC-0041,示例,经验怪、经验猪,,,,,,?,待逐页核对正文,待核对,待核对,0,,,未分配,,游戏引擎反外挂系统/部分脚本实例,游戏引擎反外挂系统/部分脚本实例/经验猪类型的经验怪.htm,LFM2-2026-08-15-snapshot
LF-TOPIC-0042,示例,酒神弟子完整脚本[!],,,,,,?,待逐页核对正文,待核对,待核对,0,,,未分配,,游戏引擎反外挂系统/部分脚本实例,游戏引擎反外挂系统/部分脚本实例/酒神弟子完整脚本[!].htm,LFM2-2026-08-15-snapshot
LF-TOPIC-0043,示例,开通元宝寄售服务,,,,,,?,待逐页核对正文,待核对,待核对,0,,,未分配,,游戏引擎反外挂系统/部分脚本实例,游戏引擎反外挂系统/部分脚本实例/元宝寄售系统.HTML,LFM2-2026-08-15-snapshot
LF-TOPIC-0044,示例,捆药绳[!],,,,,,?,待逐页核对正文,待核对,待核对,0,,,未分配,,游戏引擎反外挂系统/部分脚本实例,游戏引擎反外挂系统/部分脚本实例/捆药绳.html,LFM2-2026-08-15-snapshot
LF-TOPIC-0045,示例,离线挂机[!],,,,,,?,待逐页核对正文,待核对,待核对,0,,,未分配,,游戏引擎反外挂系统/部分脚本实例,游戏引擎反外挂系统/部分脚本实例/离线挂机[!].htm,LFM2-2026-08-15-snapshot
LF-TOPIC-0046,示例,聊天框自定义颜色,,,,,,?,待逐页核对正文,待核对,待核对,0,,,未分配,,游戏引擎反外挂系统/部分脚本实例,游戏引擎反外挂系统/部分脚本实例/聊天框自定义颜色.htm,LFM2-2026-08-15-snapshot
LF-TOPIC-0047,示例,魔王岭脚本,,,,,,?,待逐页核对正文,待核对,待核对,0,,,未分配,,游戏引擎反外挂系统/部分脚本实例,游戏引擎反外挂系统/部分脚本实例/天下第一.htm,LFM2-2026-08-15-snapshot
LF-TOPIC-0048,示例,强制组队脚本,,,,,,?,待逐页核对正文,待核对,待核对,0,,,未分配,,游戏引擎反外挂系统/部分脚本实例,游戏引擎反外挂系统/部分脚本实例/强制组队.html,LFM2-2026-08-15-snapshot
LF-TOPIC-0049,示例,清除当前人物的拜师信息,,,,,,?,待逐页核对正文,待核对,待核对,0,,,未分配,,游戏引擎反外挂系统/部分脚本实例,游戏引擎反外挂系统/部分脚本实例/清除当前人物的拜师信息.htm,LFM2-2026-08-15-snapshot
LF-TOPIC-0050,示例,人物登录脚本,,,,,,?,待逐页核对正文,待核对,待核对,0,,,未分配,,游戏引擎反外挂系统/部分脚本实例,游戏引擎反外挂系统/部分脚本实例/登录脚本.htm,LFM2-2026-08-15-snapshot
LF-TOPIC-0051,示例,人物显示一个放大的虚影[!],,,,,,?,待逐页核对正文,待核对,待核对,0,,,未分配,,游戏引擎反外挂系统/部分脚本实例,游戏引擎反外挂系统/部分脚本实例/人物显示幻象.htm,LFM2-2026-08-15-snapshot
LF-TOPIC-0052,示例,人物颜色发型,,,,,,?,待逐页核对正文,待核对,待核对,0,,,未分配,,游戏引擎反外挂系统/部分脚本实例,游戏引擎反外挂系统/部分脚本实例/人物颜色发型.htm,LFM2-2026-08-15-snapshot
LF-TOPIC-0053,示例,人物转生[!],,,,,,?,待逐页核对正文,待核对,待核对,0,,,未分配,,游戏引擎反外挂系统/部分脚本实例,游戏引擎反外挂系统/部分脚本实例/人物转生[!].htm,LFM2-2026-08-15-snapshot
LF-TOPIC-0054,示例,任务脚本,,,,,,?,待逐页核对正文,待核对,待核对,0,,,未分配,,游戏引擎反外挂系统/部分脚本实例,游戏引擎反外挂系统/部分脚本实例/任务脚本.htm,LFM2-2026-08-15-snapshot
LF-TOPIC-0055,示例,沙城主公告,,,,,,?,待逐页核对正文,待核对,待核对,0,,,未分配,,游戏引擎反外挂系统/部分脚本实例,游戏引擎反外挂系统/部分脚本实例/沙城主公告.htm,LFM2-2026-08-15-snapshot
LF-TOPIC-0056,示例,设置雕像有效时间[!],,,,,,?,待逐页核对正文,待核对,待核对,0,,,未分配,,游戏引擎反外挂系统/部分脚本实例,游戏引擎反外挂系统/部分脚本实例/设置雕像有效时间.html,LFM2-2026-08-15-snapshot
LF-TOPIC-0057,示例,神佑袋（十二生肖）介绍,,,,,,?,待逐页核对正文,待核对,待核对,0,,,未分配,,游戏引擎反外挂系统/部分脚本实例,游戏引擎反外挂系统/部分脚本实例/神佑袋.htm,LFM2-2026-08-15-snapshot
LF-TOPIC-0058,示例,神佑袋（十二生肖）介绍,,,,,,?,待逐页核对正文,待核对,待核对,0,,,未分配,,游戏引擎反外挂系统/部分脚本实例,游戏引擎反外挂系统/部分脚本实例/神佑袋.htm,LFM2-2026-08-15-snapshot
LF-TOPIC-0059,示例,使用脚本命令解毒[!],,,,,,?,待逐页核对正文,待核对,待核对,0,,,未分配,,游戏引擎反外挂系统/部分脚本实例,游戏引擎反外挂系统/部分脚本实例/使用脚本命令解毒.htm,LFM2-2026-08-15-snapshot
LF-TOPIC-0060,示例,收徒脚本,,,,,,?,待逐页核对正文,待核对,待核对,0,,,未分配,,游戏引擎反外挂系统/部分脚本实例,游戏引擎反外挂系统/部分脚本实例/收徒脚本.htm,LFM2-2026-08-15-snapshot
LF-TOPIC-0061,示例,刷新包裹的命令,,,,,,?,待逐页核对正文,待核对,待核对,0,,,未分配,,游戏引擎反外挂系统/部分脚本实例,游戏引擎反外挂系统/部分脚本实例/增加刷新包裹命令.html,LFM2-2026-08-15-snapshot
LF-TOPIC-0062,示例,挑战功能,,,,,,?,待逐页核对正文,待核对,待核对,0,,,未分配,,游戏引擎反外挂系统/部分脚本实例,游戏引擎反外挂系统/部分脚本实例/挑战功能.htm,LFM2-2026-08-15-snapshot
LF-TOPIC-0063,示例,跳转，延迟,,,,,,?,待逐页核对正文,待核对,待核对,0,,,未分配,,游戏引擎反外挂系统/部分脚本实例,游戏引擎反外挂系统/部分脚本实例/跳转延迟.htm,LFM2-2026-08-15-snapshot
LF-TOPIC-0064,示例,卧龙山庄配置.html,,,,,,?,待逐页核对正文,待核对,待核对,0,,,未分配,,游戏引擎反外挂系统/部分脚本实例,游戏引擎反外挂系统/部分脚本实例/卧龙山庄配置.html,LFM2-2026-08-15-snapshot
LF-TOPIC-0065,示例,新的公告.html,,,,,,?,待逐页核对正文,待核对,待核对,0,,,未分配,,游戏引擎反外挂系统/部分脚本实例,游戏引擎反外挂系统/部分脚本实例/新的公告.html,LFM2-2026-08-15-snapshot
LF-TOPIC-0066,示例,新增触发说明.htm,,,,,,?,待逐页核对正文,待核对,待核对,0,,,未分配,,游戏引擎反外挂系统/部分脚本实例,游戏引擎反外挂系统/部分脚本实例/新增触发说明.htm,LFM2-2026-08-15-snapshot
LF-TOPIC-0067,示例,新转职业变性脚本,,,,,,?,待逐页核对正文,待核对,待核对,0,,,未分配,,游戏引擎反外挂系统/部分脚本实例,游戏引擎反外挂系统/部分脚本实例/新转职业变性脚本.htm,LFM2-2026-08-15-snapshot
LF-TOPIC-0068,示例,修改怪物颜色[!],,,,,,?,待逐页核对正文,待核对,待核对,0,,,未分配,,游戏引擎反外挂系统/部分脚本实例,游戏引擎反外挂系统/部分脚本实例/修改怪物身体颜色.html,LFM2-2026-08-15-snapshot
LF-TOPIC-0069,示例,"修改人体颜色,改变人体颜色",,,,,,?,待逐页核对正文,待核对,待核对,0,,,未分配,,游戏引擎反外挂系统/部分脚本实例,游戏引擎反外挂系统/部分脚本实例/修改人体颜色.html,LFM2-2026-08-15-snapshot
LF-TOPIC-0070,示例,悬浮式装备信息窗口支持图片显示,,,,,,?,待逐页核对正文,待核对,待核对,0,,,未分配,,游戏引擎反外挂系统/部分脚本实例,游戏引擎反外挂系统/部分脚本实例/悬浮式提示框支持图片.HTML,LFM2-2026-08-15-snapshot
LF-TOPIC-0071,示例,循环脚本,,,,,,?,待逐页核对正文,待核对,待核对,0,,,未分配,,游戏引擎反外挂系统/部分脚本实例,游戏引擎反外挂系统/部分脚本实例/循环脚本.htm,LFM2-2026-08-15-snapshot
LF-TOPIC-0072,示例,烟花脚本实例[!],,,,,,?,待逐页核对正文,待核对,待核对,0,,,未分配,,游戏引擎反外挂系统/部分脚本实例,游戏引擎反外挂系统/部分脚本实例/烟花脚本[!].htm,LFM2-2026-08-15-snapshot
LF-TOPIC-0073,示例,一键回收包裹物品[!],,,,,,?,待逐页核对正文,待核对,待核对,0,,,未分配,,游戏引擎反外挂系统/部分脚本实例,游戏引擎反外挂系统/部分脚本实例/一键回收包裹物品.htm,LFM2-2026-08-15-snapshot
LF-TOPIC-0074,示例,英雄攻击触发,,,,,,?,待逐页核对正文,待核对,待核对,0,,,未分配,,游戏引擎反外挂系统/部分脚本实例,游戏引擎反外挂系统/部分脚本实例/英雄攻击触发.HTML,LFM2-2026-08-15-snapshot
LF-TOPIC-0075,示例,元宝转账,,,,,,?,待逐页核对正文,待核对,待核对,0,,,未分配,,游戏引擎反外挂系统/部分脚本实例,游戏引擎反外挂系统/部分脚本实例/元宝转帐.htm,LFM2-2026-08-15-snapshot
LF-TOPIC-0076,示例,召唤某个玩家到自己身边,,,,,,?,待逐页核对正文,待核对,待核对,0,,,未分配,,游戏引擎反外挂系统/部分脚本实例,游戏引擎反外挂系统/部分脚本实例/召唤玩家到自己身边.htm,LFM2-2026-08-15-snapshot
LF-TOPIC-0077,示例,"召唤指定怪物为宝宝,脚本召唤宝宝",,,,,,?,待逐页核对正文,待核对,待核对,0,,,未分配,,游戏引擎反外挂系统/部分脚本实例,游戏引擎反外挂系统/部分脚本实例/脚本召唤宝宝.htm,LFM2-2026-08-15-snapshot
LF-TOPIC-0078,示例,祝福语脚本,,,,,,?,待逐页核对正文,待核对,待核对,0,,,未分配,,游戏引擎反外挂系统/部分脚本实例,游戏引擎反外挂系统/部分脚本实例/祝福语脚本.htm,LFM2-2026-08-15-snapshot
LF-TOPIC-0079,示例,转生触发,,,,,,?,待逐页核对正文,待核对,待核对,0,,,未分配,,游戏引擎反外挂系统/部分脚本实例,游戏引擎反外挂系统/部分脚本实例/转生触发.htm,LFM2-2026-08-15-snapshot
LF-TOPIC-0080,示例,转职业变性脚本,,,,,,?,待逐页核对正文,待核对,待核对,0,,,未分配,,游戏引擎反外挂系统/部分脚本实例,游戏引擎反外挂系统/部分脚本实例/转职业变性脚本.htm,LFM2-2026-08-15-snapshot
LF-TOPIC-0081,示例,装备加速功能,,,,,,?,待逐页核对正文,待核对,待核对,0,,,未分配,,游戏引擎反外挂系统/部分脚本实例,游戏引擎反外挂系统/部分脚本实例/武器速度.htm,LFM2-2026-08-15-snapshot
LF-TOPIC-0082,示例,装备名称自定义系统,,,,,,?,待逐页核对正文,待核对,待核对,0,,,未分配,,游戏引擎反外挂系统/部分脚本实例,游戏引擎反外挂系统/部分脚本实例/装备改名.htm,LFM2-2026-08-15-snapshot
LF-TOPIC-0083,示例,自定义按钮倒计时触发,,,,,,?,待逐页核对正文,待核对,待核对,0,,,未分配,,游戏引擎反外挂系统/部分脚本实例,游戏引擎反外挂系统/部分脚本实例/自定义按钮倒计时触发.htm,LFM2-2026-08-15-snapshot
LF-TOPIC-0084,示例,自定义命令输入参数[!],,,,,,?,待逐页核对正文,待核对,待核对,0,,,未分配,,游戏引擎反外挂系统/部分脚本实例,游戏引擎反外挂系统/部分脚本实例/自定义命令输入参数[!].htm,LFM2-2026-08-15-snapshot
LF-TOPIC-0085,示例,自定义使用多级脚本.htm,,,,,,?,待逐页核对正文,待核对,待核对,0,,,未分配,,游戏引擎反外挂系统/部分脚本实例,游戏引擎反外挂系统/部分脚本实例/自定义使用多级脚本.htm,LFM2-2026-08-15-snapshot
LF-TOPIC-0086,示例,自动排列自定义按钮倒计时触发,,,,,,?,待逐页核对正文,待核对,待核对,0,,,未分配,,游戏引擎反外挂系统/部分脚本实例,游戏引擎反外挂系统/部分脚本实例/自动排列自定义按钮倒计时触发.html,LFM2-2026-08-15-snapshot
LF-TOPIC-0087,示例,CallEx支持多个同样的@地址,,,,,,?,待逐页核对正文,待核对,待核对,0,,,未分配,,游戏引擎反外挂系统/部分脚本实例,游戏引擎反外挂系统/部分脚本实例/CallEx支持绝对地址.htm,LFM2-2026-08-15-snapshot
LF-TOPIC-0088,示例,IF多条件检测[!],,,,,,?,待逐页核对正文,待核对,待核对,0,,,未分配,,游戏引擎反外挂系统/部分脚本实例,游戏引擎反外挂系统/部分脚本实例/IF多条件检测.htm,LFM2-2026-08-15-snapshot
LF-TOPIC-0089,示例,LineNotice.txt彩色滚动公告[!],,,,,,?,待逐页核对正文,待核对,待核对,0,,,未分配,,游戏引擎反外挂系统/部分脚本实例,游戏引擎反外挂系统/部分脚本实例/LineNotice.txt彩色滚动公告[!].htm,LFM2-2026-08-15-snapshot
LF-TOPIC-0090,示例,NPC标签备注功能[!],,,,,,?,待逐页核对正文,待核对,待核对,0,,,未分配,,游戏引擎反外挂系统/部分脚本实例,游戏引擎反外挂系统/部分脚本实例/npc标签功能.htm,LFM2-2026-08-15-snapshot
LF-TOPIC-0091,示例,NPC对话框调用背包物品信息（支持物品图片以及展示属性）,,,,,,?,待逐页核对正文,待核对,待核对,0,,,未分配,,游戏引擎反外挂系统/部分脚本实例,游戏引擎反外挂系统/部分脚本实例/物品唯一序号调用人物背包物品显示到NPC对话框.htm,LFM2-2026-08-15-snapshot
LF-TOPIC-0092,示例,NPC对话框调用身上装备信息（支持物品图片以及展示属性）,,,,,,?,待逐页核对正文,待核对,待核对,0,,,未分配,,游戏引擎反外挂系统/部分脚本实例,游戏引擎反外挂系统/部分脚本实例/NPC对话框调用身上装备信息.htm,LFM2-2026-08-15-snapshot
LF-TOPIC-0093,示例,NPC对话框调用装备信息（支持物品图片以及展示属性）,,,,,,?,待逐页核对正文,待核对,待核对,0,,,未分配,,游戏引擎反外挂系统/部分脚本实例,游戏引擎反外挂系统/部分脚本实例/NPC对话框调用装备信息.htm,LFM2-2026-08-15-snapshot
LF-TOPIC-0094,示例,Npc对话框绝对坐标元素,,,,,,?,待逐页核对正文,待核对,待核对,0,,,未分配,,游戏引擎反外挂系统/部分脚本实例,游戏引擎反外挂系统/部分脚本实例/Npc对话框绝对坐标.htm,LFM2-2026-08-15-snapshot
LF-TOPIC-0095,示例,NPC对话框内倒计时,,,,,,?,待逐页核对正文,待核对,待核对,0,,,未分配,,游戏引擎反外挂系统/部分脚本实例,游戏引擎反外挂系统/部分脚本实例/NPC对话框内倒计时.html,LFM2-2026-08-15-snapshot
LF-TOPIC-0096,示例,NPC获取文件行数命令,,,,,,?,待逐页核对正文,待核对,待核对,0,,,未分配,,游戏引擎反外挂系统/部分脚本实例,游戏引擎反外挂系统/部分脚本实例/获取文件行数命令.htm,LFM2-2026-08-15-snapshot
LF-TOPIC-0097,示例,NPC命令打开装备栏及其他页面[!],,,,,,?,待逐页核对正文,待核对,待核对,0,,,未分配,,游戏引擎反外挂系统/部分脚本实例,游戏引擎反外挂系统/部分脚本实例/NPC命令打开装备栏及其他页面.htm,LFM2-2026-08-15-snapshot
LF-TOPIC-0098,示例,Npc文字Text使用,,,,,,?,待逐页核对正文,待核对,待核对,0,,,未分配,,游戏引擎反外挂系统/部分脚本实例,游戏引擎反外挂系统/部分脚本实例/Npc文字Text使用.htm,LFM2-2026-08-15-snapshot
LF-TOPIC-0099,示例,ThrowItem在放置物品之前修改物品的来源,,,,,,?,待逐页核对正文,待核对,待核对,0,,,未分配,,游戏引擎反外挂系统/部分脚本实例,游戏引擎反外挂系统/部分脚本实例/在放置物品之前修改物品的来源.html,LFM2-2026-08-15-snapshot
LF-TOPIC-0100,问答,不能自动解包,,,,,,?,待逐页核对正文,待核对,待核对,0,,,未分配,,游戏引擎反外挂系统/常见问题解答,游戏引擎反外挂系统/常见问题解答/不能自动解包.html,LFM2-2026-08-15-snapshot
LF-TOPIC-0101,问答,登陆游戏黑屏,,,,,,?,待逐页核对正文,待核对,待核对,0,,,未分配,,游戏引擎反外挂系统/常见问题解答,游戏引擎反外挂系统/常见问题解答/登陆黑屏.htm,LFM2-2026-08-15-snapshot
LF-TOPIC-0102,问答,看不见衣服翅膀和武器特效,,,,,,?,待逐页核对正文,待核对,待核对,0,,,未分配,,游戏引擎反外挂系统/常见问题解答,游戏引擎反外挂系统/常见问题解答/看不见衣服翅膀和武器特效.html,LFM2-2026-08-15-snapshot
LF-TOPIC-0103,问答,内挂默认药品设置,,,,,,?,待逐页核对正文,待核对,待核对,0,,,未分配,,游戏引擎反外挂系统/常见问题解答,游戏引擎反外挂系统/常见问题解答/内挂默认药品设置.html,LFM2-2026-08-15-snapshot
LF-TOPIC-0104,问答,泡点功能详解,,,,,,?,待逐页核对正文,待核对,待核对,0,,,未分配,,游戏引擎反外挂系统/常见问题解答,游戏引擎反外挂系统/常见问题解答/泡点功能详解.htm,LFM2-2026-08-15-snapshot
LF-TOPIC-0105,问答,如何改变蜡烛类型装备掉持久类型,,,,,,?,待逐页核对正文,待核对,待核对,0,,,未分配,,游戏引擎反外挂系统/常见问题解答,游戏引擎反外挂系统/常见问题解答/如何改变蜡烛类型装备掉持久类型[!].htm,LFM2-2026-08-15-snapshot
LF-TOPIC-0106,问答,如何设置武器为吸血武器,,,,,,?,待逐页核对正文,待核对,待核对,0,,,未分配,,游戏引擎反外挂系统/常见问题解答,游戏引擎反外挂系统/常见问题解答/如何设置武器为吸血武器.htm,LFM2-2026-08-15-snapshot
LF-TOPIC-0107,问答,商铺购买不了元宝,,,,,,?,待逐页核对正文,待核对,待核对,0,,,未分配,,游戏引擎反外挂系统/常见问题解答,游戏引擎反外挂系统/常见问题解答/商铺购买不了元宝.html,LFM2-2026-08-15-snapshot
LF-TOPIC-0108,问答,套装属性体力恢复和魔法恢复百分比,,,,,,?,待逐页核对正文,待核对,待核对,0,,,未分配,,游戏引擎反外挂系统/常见问题解答,游戏引擎反外挂系统/常见问题解答/套装属性HP和MP恢复百分比.html,LFM2-2026-08-15-snapshot
LF-TOPIC-0109,问答,为什么我的沙城墙没血条,,,,,,?,待逐页核对正文,待核对,待核对,0,,,未分配,,游戏引擎反外挂系统/常见问题解答,游戏引擎反外挂系统/常见问题解答/为什么我的沙城墙没血条.htm,LFM2-2026-08-15-snapshot
LF-TOPIC-0110,问答,为什么我的NPC不能买、卖、修理物品？,,,,,,?,待逐页核对正文,待核对,待核对,0,,,未分配,,游戏引擎反外挂系统/常见问题解答,游戏引擎反外挂系统/常见问题解答/为什么我的NPC不能买卖修理物品.htm,LFM2-2026-08-15-snapshot
LF-TOPIC-0111,问答,为什么我原来数据库里的武器加速，现在乱了？,,,,,,?,待逐页核对正文,待核对,待核对,0,,,未分配,,游戏引擎反外挂系统/常见问题解答,游戏引擎反外挂系统/常见问题解答/为什么我原来数据库里的武器加速现在乱了.htm,LFM2-2026-08-15-snapshot
LF-TOPIC-0112,问答,物品不能重叠,,,,,,?,待逐页核对正文,待核对,待核对,0,,,未分配,,游戏引擎反外挂系统/常见问题解答,游戏引擎反外挂系统/常见问题解答/物品不能重叠.html,LFM2-2026-08-15-snapshot
LF-TOPIC-0113,问答,血量显示不正确.htm,,,,,,?,待逐页核对正文,待核对,待核对,0,,,未分配,,游戏引擎反外挂系统/常见问题解答,游戏引擎反外挂系统/常见问题解答/血量显示不正确.htm,LFM2-2026-08-15-snapshot
LF-TOPIC-0114,问答,自动吃背包的触发物品问题[!],,,,,,?,待逐页核对正文,待核对,待核对,0,,,未分配,,游戏引擎反外挂系统/常见问题解答,游戏引擎反外挂系统/常见问题解答/自动吃背包的触发物品问题[!].htm,LFM2-2026-08-15-snapshot
LF-TOPIC-0115,问答,组队热键.htm,,,,,,?,待逐页核对正文,待核对,待核对,0,,,未分配,,游戏引擎反外挂系统/常见问题解答,游戏引擎反外挂系统/常见问题解答/组队热键.htm,LFM2-2026-08-15-snapshot
LF-TOPIC-0116,动作,按地图列表移动,,,,,,?,待逐页核对正文,待核对,待核对,0,,,未分配,,游戏引擎反外挂系统/功能操作命令,游戏引擎反外挂系统/功能操作命令/按地图列表移动.htm,LFM2-2026-08-15-snapshot
LF-TOPIC-0117,动作,按给定概率随机获取分割后的字符串,,,,,,?,待逐页核对正文,待核对,待核对,0,,,未分配,,游戏引擎反外挂系统/功能操作命令,游戏引擎反外挂系统/功能操作命令/按给定概率随机获取分割后的字符串.htm,LFM2-2026-08-15-snapshot
LF-TOPIC-0118,动作,把人物加入行会,,,,,,?,待逐页核对正文,待核对,待核对,0,,,未分配,,游戏引擎反外挂系统/功能操作命令,游戏引擎反外挂系统/功能操作命令/把人物加入行会.html,LFM2-2026-08-15-snapshot
LF-TOPIC-0119,动作,把行会加入攻城列表,,,,,,?,待逐页核对正文,待核对,待核对,0,,,未分配,,游戏引擎反外挂系统/功能操作命令,游戏引擎反外挂系统/功能操作命令/把行会加入攻城列表.html,LFM2-2026-08-15-snapshot
LF-TOPIC-0120,动作,百分比计算命令[!],,,,,,?,待逐页核对正文,待核对,待核对,0,,,未分配,,游戏引擎反外挂系统/功能操作命令,游戏引擎反外挂系统/功能操作命令/百分比计算命令.html,LFM2-2026-08-15-snapshot
LF-TOPIC-0121,动作,绑定给予的装备进行命令操作,,,,,,?,待逐页核对正文,待核对,待核对,0,,,未分配,,游戏引擎反外挂系统/功能操作命令,游戏引擎反外挂系统/功能操作命令/绑定给予的装备进行命令操作.html,LFM2-2026-08-15-snapshot
LF-TOPIC-0122,动作,宝宝攻击触发,,,,,,?,待逐页核对正文,待核对,待核对,0,,,未分配,,游戏引擎反外挂系统/功能操作命令,游戏引擎反外挂系统/功能操作命令/宝宝攻击触发.html,LFM2-2026-08-15-snapshot
LF-TOPIC-0123,动作,宝宝死亡触发,,,,,,?,待逐页核对正文,待核对,待核对,0,,,未分配,,游戏引擎反外挂系统/功能操作命令,游戏引擎反外挂系统/功能操作命令/宝宝死亡触发.html,LFM2-2026-08-15-snapshot
LF-TOPIC-0124,动作,编组地图传送,,,,,,?,待逐页核对正文,待核对,待核对,0,,,未分配,,游戏引擎反外挂系统/功能操作命令,游戏引擎反外挂系统/功能操作命令/编组地图传送[!].htm,LFM2-2026-08-15-snapshot
LF-TOPIC-0125,动作,编组地图随机传送,,,,,,?,待逐页核对正文,待核对,待核对,0,,,未分配,,游戏引擎反外挂系统/功能操作命令,游戏引擎反外挂系统/功能操作命令/编组地图随机传送[!].htm,LFM2-2026-08-15-snapshot
LF-TOPIC-0126,动作,变量传递说明,,,,,,?,待逐页核对正文,待核对,待核对,0,,,未分配,,游戏引擎反外挂系统/功能操作命令,游戏引擎反外挂系统/功能操作命令/变量传递说明.html,LFM2-2026-08-15-snapshot
LF-TOPIC-0127,动作,播放地图魔法特效（仅自己可见）,,,,,,?,待逐页核对正文,待核对,待核对,0,,,未分配,,游戏引擎反外挂系统/功能操作命令,游戏引擎反外挂系统/功能操作命令/给自己播放地图魔法特效.html,LFM2-2026-08-15-snapshot
LF-TOPIC-0128,动作,播放人物效果,,,,,,?,待逐页核对正文,待核对,待核对,0,,,未分配,,游戏引擎反外挂系统/功能操作命令,游戏引擎反外挂系统/功能操作命令/播放人物效果.html,LFM2-2026-08-15-snapshot
LF-TOPIC-0129,动作,播放网络MP3,,,,,,?,待逐页核对正文,待核对,待核对,0,,,未分配,,游戏引擎反外挂系统/功能操作命令,游戏引擎反外挂系统/功能操作命令/播放网络MP3.htm,LFM2-2026-08-15-snapshot
LF-TOPIC-0130,动作,播放音乐,,,,,,?,待逐页核对正文,待核对,待核对,0,,,未分配,,游戏引擎反外挂系统/功能操作命令,游戏引擎反外挂系统/功能操作命令/播放音乐.html,LFM2-2026-08-15-snapshot
LF-TOPIC-0131,动作,不掉落身上装备,,,,,,?,待逐页核对正文,待核对,待核对,0,,,未分配,,游戏引擎反外挂系统/功能操作命令,游戏引擎反外挂系统/功能操作命令/不掉落身上装备.htm,LFM2-2026-08-15-snapshot
LF-TOPIC-0132,动作,查看人物/英雄装备,,,,,,?,待逐页核对正文,待核对,待核对,0,,,未分配,,游戏引擎反外挂系统/功能操作命令,游戏引擎反外挂系统/功能操作命令/在线查看他人装备.htm,LFM2-2026-08-15-snapshot
LF-TOPIC-0133,动作,称号系统,,,,,,?,待逐页核对正文,待核对,待核对,0,,,未分配,,游戏引擎反外挂系统/功能操作命令,游戏引擎反外挂系统/功能操作命令/称号系统.htm,LFM2-2026-08-15-snapshot
LF-TOPIC-0134,动作,创建文件,,,,,,?,待逐页核对正文,待核对,待核对,0,,,未分配,,游戏引擎反外挂系统/功能操作命令,游戏引擎反外挂系统/功能操作命令/创建文件.html,LFM2-2026-08-15-snapshot
LF-TOPIC-0135,动作,从文件中随机取文本,,,,,,?,待逐页核对正文,待核对,待核对,0,,,未分配,,游戏引擎反外挂系统/功能操作命令,游戏引擎反外挂系统/功能操作命令/从文件中随机取文本.htm,LFM2-2026-08-15-snapshot
LF-TOPIC-0136,动作,从指定文件中删除字符串[!],,,,,,?,待逐页核对正文,待核对,待核对,0,,,未分配,,游戏引擎反外挂系统/功能操作命令,游戏引擎反外挂系统/功能操作命令/从指定文件中删除字符串[!].htm,LFM2-2026-08-15-snapshot
LF-TOPIC-0137,动作,打开摆摊（个人商店）脚本命令,,,,,,?,待逐页核对正文,待核对,待核对,0,,,未分配,,游戏引擎反外挂系统/功能操作命令,游戏引擎反外挂系统/功能操作命令/打开摆摊界面脚本命令.html,LFM2-2026-08-15-snapshot
LF-TOPIC-0138,动作,打开自定义NPC对话框,,,,,,?,待逐页核对正文,待核对,待核对,0,,,未分配,,游戏引擎反外挂系统/功能操作命令,游戏引擎反外挂系统/功能操作命令/打开自定义NPC对话框.htm,LFM2-2026-08-15-snapshot
LF-TOPIC-0139,动作,打开NPC大对话框[!],,,,,,?,待逐页核对正文,待核对,待核对,0,,,未分配,,游戏引擎反外挂系统/功能操作命令,游戏引擎反外挂系统/功能操作命令/打开NPC大对话框[!].htm,LFM2-2026-08-15-snapshot
LF-TOPIC-0140,动作,打开OK对话框,,,,,,?,待逐页核对正文,待核对,待核对,0,,,未分配,,游戏引擎反外挂系统/功能操作命令,游戏引擎反外挂系统/功能操作命令/打开OK对话框.html,LFM2-2026-08-15-snapshot
LF-TOPIC-0141,动作,打印个人标识,,,,,,?,待逐页核对正文,待核对,待核对,0,,,未分配,,游戏引擎反外挂系统/功能操作命令,游戏引擎反外挂系统/功能操作命令/打印个人标识.html,LFM2-2026-08-15-snapshot
LF-TOPIC-0142,动作,地图缩小，吃鸡,,,,,,?,待逐页核对正文,待核对,待核对,0,,,未分配,,游戏引擎反外挂系统/功能操作命令,游戏引擎反外挂系统/功能操作命令/吃鸡.html,LFM2-2026-08-15-snapshot
LF-TOPIC-0143,动作,调用安全区特效命令,,,,,,?,待逐页核对正文,待核对,待核对,0,,,未分配,,游戏引擎反外挂系统/功能操作命令,游戏引擎反外挂系统/功能操作命令/调用安全区特效命令.html,LFM2-2026-08-15-snapshot
LF-TOPIC-0144,动作,调整宝宝等级,,,,,,?,待逐页核对正文,待核对,待核对,0,,,未分配,,游戏引擎反外挂系统/功能操作命令,游戏引擎反外挂系统/功能操作命令/调整宝宝等级.htm,LFM2-2026-08-15-snapshot
LF-TOPIC-0145,动作,调整暴击威力,,,,,,?,待逐页核对正文,待核对,待核对,0,,,未分配,,游戏引擎反外挂系统/功能操作命令,游戏引擎反外挂系统/功能操作命令/设置调整暴击威力命令.html,LFM2-2026-08-15-snapshot
LF-TOPIC-0146,动作,调整暴击威力倍数命令,,,,,,?,待逐页核对正文,待核对,待核对,0,,,未分配,,游戏引擎反外挂系统/功能操作命令,游戏引擎反外挂系统/功能操作命令/调整暴击威力倍数命令.htm,LFM2-2026-08-15-snapshot
LF-TOPIC-0147,动作,调整背包负重,,,,,,?,待逐页核对正文,待核对,待核对,0,,,未分配,,游戏引擎反外挂系统/功能操作命令,游戏引擎反外挂系统/功能操作命令/调整背包负重.html,LFM2-2026-08-15-snapshot
LF-TOPIC-0148,动作,调整合击怒气值,,,,,,?,待逐页核对正文,待核对,待核对,0,,,未分配,,游戏引擎反外挂系统/功能操作命令,游戏引擎反外挂系统/功能操作命令/调整怒气值.htm,LFM2-2026-08-15-snapshot
LF-TOPIC-0149,动作,调整技能等级(扩展),,,,,,?,待逐页核对正文,待核对,待核对,0,,,未分配,,游戏引擎反外挂系统/功能操作命令,游戏引擎反外挂系统/功能操作命令/调整技能等级.htm,LFM2-2026-08-15-snapshot
LF-TOPIC-0150,动作,调整技能点数,,,,,,?,待逐页核对正文,待核对,待核对,0,,,未分配,,游戏引擎反外挂系统/功能操作命令,游戏引擎反外挂系统/功能操作命令/调整技能点数.htm,LFM2-2026-08-15-snapshot
LF-TOPIC-0151,动作,调整金刚石数量,,,,,,?,待逐页核对正文,待核对,待核对,0,,,未分配,,游戏引擎反外挂系统/功能操作命令,游戏引擎反外挂系统/功能操作命令/调整金刚石数量.htm,LFM2-2026-08-15-snapshot
LF-TOPIC-0152,动作,调整流星火雨伤害次数,,,,,,?,待逐页核对正文,待核对,待核对,0,,,未分配,,游戏引擎反外挂系统/功能操作命令,游戏引擎反外挂系统/功能操作命令/调整流星火雨伤害次数.html,LFM2-2026-08-15-snapshot
LF-TOPIC-0153,动作,调整人物的荣誉值[!],,,,,,?,待逐页核对正文,待核对,待核对,0,,,未分配,,游戏引擎反外挂系统/功能操作命令,游戏引擎反外挂系统/功能操作命令/调整人物的荣誉值[!].htm,LFM2-2026-08-15-snapshot
LF-TOPIC-0154,动作,调整人物会员等级,,,,,,?,待逐页核对正文,待核对,待核对,0,,,未分配,,游戏引擎反外挂系统/功能操作命令,游戏引擎反外挂系统/功能操作命令/调整人物会员等级.htm,LFM2-2026-08-15-snapshot
LF-TOPIC-0155,动作,调整人物会员类型,,,,,,?,待逐页核对正文,待核对,待核对,0,,,未分配,,游戏引擎反外挂系统/功能操作命令,游戏引擎反外挂系统/功能操作命令/调整人物会员类型.htm,LFM2-2026-08-15-snapshot
LF-TOPIC-0156,动作,调整人物金币数量,,,,,,?,待逐页核对正文,待核对,待核对,0,,,未分配,,游戏引擎反外挂系统/功能操作命令,游戏引擎反外挂系统/功能操作命令/调整人物金币数量.htm,LFM2-2026-08-15-snapshot
LF-TOPIC-0157,动作,调整人物属性,,,,,,?,待逐页核对正文,待核对,待核对,0,,,未分配,,游戏引擎反外挂系统/功能操作命令,游戏引擎反外挂系统/功能操作命令/调整人物属性.html,LFM2-2026-08-15-snapshot
LF-TOPIC-0158,动作,调整人物属性百分比,,,,,,?,待逐页核对正文,待核对,待核对,0,,,未分配,,游戏引擎反外挂系统/功能操作命令,游戏引擎反外挂系统/功能操作命令/调整人物属性百分比.htm,LFM2-2026-08-15-snapshot
LF-TOPIC-0159,动作,调整人物游戏点数,,,,,,?,待逐页核对正文,待核对,待核对,0,,,未分配,,游戏引擎反外挂系统/功能操作命令,游戏引擎反外挂系统/功能操作命令/调整人物游戏点.htm,LFM2-2026-08-15-snapshot
LF-TOPIC-0160,动作,调整声望点,,,,,,?,待逐页核对正文,待核对,待核对,0,,,未分配,,游戏引擎反外挂系统/功能操作命令,游戏引擎反外挂系统/功能操作命令/调整人物声望点.htm,LFM2-2026-08-15-snapshot
LF-TOPIC-0161,动作,调整属性点,,,,,,?,待逐页核对正文,待核对,待核对,0,,,未分配,,游戏引擎反外挂系统/功能操作命令,游戏引擎反外挂系统/功能操作命令/调整人物属性点.htm,LFM2-2026-08-15-snapshot
LF-TOPIC-0162,动作,调整物品名字颜色,,,,,,?,待逐页核对正文,待核对,待核对,0,,,未分配,,游戏引擎反外挂系统/功能操作命令,游戏引擎反外挂系统/功能操作命令/调整物品名字颜色.htm,LFM2-2026-08-15-snapshot
LF-TOPIC-0163,动作,调整物品新增属性,,,,,,?,待逐页核对正文,待核对,待核对,0,,,未分配,,游戏引擎反外挂系统/功能操作命令,游戏引擎反外挂系统/功能操作命令/调整物品新增属性.html,LFM2-2026-08-15-snapshot
LF-TOPIC-0164,动作,调整物品新增属性,,,,,,?,待逐页核对正文,待核对,待核对,0,,,未分配,,游戏引擎反外挂系统/功能操作命令,游戏引擎反外挂系统/功能操作命令/调整物品新增属性扩展.html,LFM2-2026-08-15-snapshot
LF-TOPIC-0165,动作,调整行会可以容纳最多成员,,,,,,?,待逐页核对正文,待核对,待核对,0,,,未分配,,游戏引擎反外挂系统/功能操作命令,游戏引擎反外挂系统/功能操作命令/调整行会可以容纳最多成员.html,LFM2-2026-08-15-snapshot
LF-TOPIC-0166,动作,调整行会人数上限[!],,,,,,?,待逐页核对正文,待核对,待核对,0,,,未分配,,游戏引擎反外挂系统/功能操作命令,游戏引擎反外挂系统/功能操作命令/调整行会人数上限[!].htm,LFM2-2026-08-15-snapshot
LF-TOPIC-0167,动作,调整修改下次攻击伤害比例,,,,,,?,待逐页核对正文,待核对,待核对,0,,,未分配,,游戏引擎反外挂系统/功能操作命令,游戏引擎反外挂系统/功能操作命令/调整修改下次攻击伤害比例.html,LFM2-2026-08-15-snapshot
LF-TOPIC-0168,动作,调整英雄职业[!],,,,,,?,待逐页核对正文,待核对,待核对,0,,,未分配,,游戏引擎反外挂系统/功能操作命令,游戏引擎反外挂系统/功能操作命令/调整英雄职业[!].htm,LFM2-2026-08-15-snapshot
LF-TOPIC-0169,动作,调整游戏速度,,,,,,?,待逐页核对正文,待核对,待核对,0,,,未分配,,游戏引擎反外挂系统/功能操作命令,游戏引擎反外挂系统/功能操作命令/调整游戏速度.html,LFM2-2026-08-15-snapshot
LF-TOPIC-0170,动作,调整装备升级次数[!],,,,,,?,待逐页核对正文,待核对,待核对,0,,,未分配,,游戏引擎反外挂系统/功能操作命令,游戏引擎反外挂系统/功能操作命令/调整装备升级次数[!].htm,LFM2-2026-08-15-snapshot
LF-TOPIC-0171,动作,"读写配置项,读写ini配置项",,,,,,?,待逐页核对正文,待核对,待核对,0,,,未分配,,游戏引擎反外挂系统/功能操作命令,游戏引擎反外挂系统/功能操作命令/读写配置项.html,LFM2-2026-08-15-snapshot
LF-TOPIC-0172,动作,多元数组元素变量,,,,,,?,待逐页核对正文,待核对,待核对,0,,,未分配,,游戏引擎反外挂系统/功能操作命令,游戏引擎反外挂系统/功能操作命令/元素变量.html,LFM2-2026-08-15-snapshot
LF-TOPIC-0173,动作,发送屏幕滚动信息,,,,,,?,待逐页核对正文,待核对,待核对,0,,,未分配,,游戏引擎反外挂系统/功能操作命令,游戏引擎反外挂系统/功能操作命令/发送屏幕滚动信息.html,LFM2-2026-08-15-snapshot
LF-TOPIC-0174,动作,发送屏幕中间大字体信息,,,,,,?,待逐页核对正文,待核对,待核对,0,,,未分配,,游戏引擎反外挂系统/功能操作命令,游戏引擎反外挂系统/功能操作命令/发送屏幕中间大字体信息[!].htm,LFM2-2026-08-15-snapshot
LF-TOPIC-0175,动作,发送文字信息,,,,,,?,待逐页核对正文,待核对,待核对,0,,,未分配,,游戏引擎反外挂系统/功能操作命令,游戏引擎反外挂系统/功能操作命令/发送文字信息.htm,LFM2-2026-08-15-snapshot
LF-TOPIC-0176,动作,返回OK框中的物品,,,,,,?,待逐页核对正文,待核对,待核对,0,,,未分配,,游戏引擎反外挂系统/功能操作命令,游戏引擎反外挂系统/功能操作命令/返回OK框中的物品.html,LFM2-2026-08-15-snapshot
LF-TOPIC-0177,动作,分割字符串[!],,,,,,?,待逐页核对正文,待核对,待核对,0,,,未分配,,游戏引擎反外挂系统/功能操作命令,游戏引擎反外挂系统/功能操作命令/分割字符串.html,LFM2-2026-08-15-snapshot
LF-TOPIC-0178,动作,复活命令,,,,,,?,待逐页核对正文,待核对,待核对,0,,,未分配,,游戏引擎反外挂系统/功能操作命令,游戏引擎反外挂系统/功能操作命令/复活命令.html,LFM2-2026-08-15-snapshot
LF-TOPIC-0179,动作,复活人物,,,,,,?,待逐页核对正文,待核对,待核对,0,,,未分配,,游戏引擎反外挂系统/功能操作命令,游戏引擎反外挂系统/功能操作命令/复活人物.html,LFM2-2026-08-15-snapshot
LF-TOPIC-0180,动作,复制文件,,,,,,?,待逐页核对正文,待核对,待核对,0,,,未分配,,游戏引擎反外挂系统/功能操作命令,游戏引擎反外挂系统/功能操作命令/复制文件.html,LFM2-2026-08-15-snapshot
LF-TOPIC-0181,动作,改变宝宝名字颜色,,,,,,?,待逐页核对正文,待核对,待核对,0,,,未分配,,游戏引擎反外挂系统/功能操作命令,游戏引擎反外挂系统/功能操作命令/改变宝宝名字颜色.htm,LFM2-2026-08-15-snapshot
LF-TOPIC-0182,动作,改变技能特效,,,,,,?,待逐页核对正文,待核对,待核对,0,,,未分配,,游戏引擎反外挂系统/功能操作命令,游戏引擎反外挂系统/功能操作命令/改变技能特效.htm,LFM2-2026-08-15-snapshot
LF-TOPIC-0183,动作,改变人物状态,,,,,,?,待逐页核对正文,待核对,待核对,0,,,未分配,,游戏引擎反外挂系统/功能操作命令,游戏引擎反外挂系统/功能操作命令/改变人物状态.html,LFM2-2026-08-15-snapshot
LF-TOPIC-0184,动作,高等级杀怪经验不变,,,,,,?,待逐页核对正文,待核对,待核对,0,,,未分配,,游戏引擎反外挂系统/功能操作命令,游戏引擎反外挂系统/功能操作命令/高等级杀怪经验不变.html,LFM2-2026-08-15-snapshot
LF-TOPIC-0185,动作,隔位野蛮冲撞,,,,,,?,待逐页核对正文,待核对,待核对,0,,,未分配,,游戏引擎反外挂系统/功能操作命令,游戏引擎反外挂系统/功能操作命令/隔位野蛮冲撞.html,LFM2-2026-08-15-snapshot
LF-TOPIC-0186,动作,个人定时器,,,,,,?,待逐页核对正文,待核对,待核对,0,,,未分配,,游戏引擎反外挂系统/功能操作命令,游戏引擎反外挂系统/功能操作命令/个人定时器.htm,LFM2-2026-08-15-snapshot
LF-TOPIC-0187,动作,给人物指定爆率文件命令,,,,,,?,待逐页核对正文,待核对,待核对,0,,,未分配,,游戏引擎反外挂系统/功能操作命令,游戏引擎反外挂系统/功能操作命令/给人物指定爆率文件命令.html,LFM2-2026-08-15-snapshot
LF-TOPIC-0188,动作,更改人物颜色,,,,,,?,待逐页核对正文,待核对,待核对,0,,,未分配,,游戏引擎反外挂系统/功能操作命令,游戏引擎反外挂系统/功能操作命令/更新名称颜色.htm,LFM2-2026-08-15-snapshot
LF-TOPIC-0189,动作,更改头发类型,,,,,,?,待逐页核对正文,待核对,待核对,0,,,未分配,,游戏引擎反外挂系统/功能操作命令,游戏引擎反外挂系统/功能操作命令/更改头发类型.htm,LFM2-2026-08-15-snapshot
LF-TOPIC-0190,动作,更换性别,,,,,,?,待逐页核对正文,待核对,待核对,0,,,未分配,,游戏引擎反外挂系统/功能操作命令,游戏引擎反外挂系统/功能操作命令/更换性别.htm,LFM2-2026-08-15-snapshot
LF-TOPIC-0191,动作,挂机命令[!],,,,,,?,待逐页核对正文,待核对,待核对,0,,,未分配,,游戏引擎反外挂系统/功能操作命令,游戏引擎反外挂系统/功能操作命令/挂机命令[!].htm,LFM2-2026-08-15-snapshot
LF-TOPIC-0192,动作,怪物标识系统详解,,,,,,?,待逐页核对正文,待核对,待核对,0,,,未分配,,游戏引擎反外挂系统/功能操作命令,游戏引擎反外挂系统/功能操作命令/增加怪物标识.html,LFM2-2026-08-15-snapshot
LF-TOPIC-0193,动作,关闭自定义NPC对话框,,,,,,?,待逐页核对正文,待核对,待核对,0,,,未分配,,游戏引擎反外挂系统/功能操作命令,游戏引擎反外挂系统/功能操作命令/关闭自定义NPC对话框.htm,LFM2-2026-08-15-snapshot
LF-TOPIC-0194,动作,关闭NPC大对话框,,,,,,?,待逐页核对正文,待核对,待核对,0,,,未分配,,游戏引擎反外挂系统/功能操作命令,游戏引擎反外挂系统/功能操作命令/关闭NPC大对话框.html,LFM2-2026-08-15-snapshot
LF-TOPIC-0195,动作,过滤全服提示信息,,,,,,?,待逐页核对正文,待核对,待核对,0,,,未分配,,游戏引擎反外挂系统/功能操作命令,游戏引擎反外挂系统/功能操作命令/过滤全服提示信息.html,LFM2-2026-08-15-snapshot
LF-TOPIC-0196,动作,毫秒级个人定时器,,,,,,?,待逐页核对正文,待核对,待核对,0,,,未分配,,游戏引擎反外挂系统/功能操作命令,游戏引擎反外挂系统/功能操作命令/毫秒级个人定时器.htm,LFM2-2026-08-15-snapshot
LF-TOPIC-0197,动作,忽视目标防御,,,,,,?,待逐页核对正文,待核对,待核对,0,,,未分配,,游戏引擎反外挂系统/功能操作命令,游戏引擎反外挂系统/功能操作命令/忽视目标防御.htm,LFM2-2026-08-15-snapshot
LF-TOPIC-0198,动作,回收指定位置装备,,,,,,?,待逐页核对正文,待核对,待核对,0,,,未分配,,游戏引擎反外挂系统/功能操作命令,游戏引擎反外挂系统/功能操作命令/收回指定位置物品装备.htm,LFM2-2026-08-15-snapshot
LF-TOPIC-0199,动作,获取宝宝所在位置信息,,,,,,?,待逐页核对正文,待核对,待核对,0,,,未分配,,游戏引擎反外挂系统/功能操作命令,游戏引擎反外挂系统/功能操作命令/获取宝宝所在位置.html,LFM2-2026-08-15-snapshot
LF-TOPIC-0200,动作,获取背包中某物品的数量[!],,,,,,?,待逐页核对正文,待核对,待核对,0,,,未分配,,游戏引擎反外挂系统/功能操作命令,游戏引擎反外挂系统/功能操作命令/获取背包中某物品的数量.html,LFM2-2026-08-15-snapshot
LF-TOPIC-0201,动作,获取仓库物品数量,,,,,,?,待逐页核对正文,待核对,待核对,0,,,未分配,,游戏引擎反外挂系统/功能操作命令,游戏引擎反外挂系统/功能操作命令/获取仓库物品数量.htm,LFM2-2026-08-15-snapshot
LF-TOPIC-0202,动作,获取地图中某怪物的坐标[!],,,,,,?,待逐页核对正文,待核对,待核对,0,,,未分配,,游戏引擎反外挂系统/功能操作命令,游戏引擎反外挂系统/功能操作命令/获取地图中某怪物的坐标.html,LFM2-2026-08-15-snapshot
LF-TOPIC-0203,动作,获取对面人物的名字,,,,,,?,待逐页核对正文,待核对,待核对,0,,,未分配,,游戏引擎反外挂系统/功能操作命令,游戏引擎反外挂系统/功能操作命令/获取对面人物的名字.htm,LFM2-2026-08-15-snapshot
LF-TOPIC-0204,动作,获取怪物原始各项参数,,,,,,?,待逐页核对正文,待核对,待核对,0,,,未分配,,游戏引擎反外挂系统/功能操作命令,游戏引擎反外挂系统/功能操作命令/获取怪物原始各项参数.html,LFM2-2026-08-15-snapshot
LF-TOPIC-0205,动作,获取技能快捷键、设置技能快捷键,,,,,,?,待逐页核对正文,待核对,待核对,0,,,未分配,,游戏引擎反外挂系统/功能操作命令,游戏引擎反外挂系统/功能操作命令/获取技能快捷键.html,LFM2-2026-08-15-snapshot
LF-TOPIC-0206,动作,获取技能信息命令,,,,,,?,待逐页核对正文,待核对,待核对,0,,,未分配,,游戏引擎反外挂系统/功能操作命令,游戏引擎反外挂系统/功能操作命令/获取技能信息命令.html,LFM2-2026-08-15-snapshot
LF-TOPIC-0207,动作,获取某地图怪物数量 [!],,,,,,?,待逐页核对正文,待核对,待核对,0,,,未分配,,游戏引擎反外挂系统/功能操作命令,游戏引擎反外挂系统/功能操作命令/获取某地图怪物数量%20.html,LFM2-2026-08-15-snapshot
LF-TOPIC-0208,动作,获取某地图人物数量 [!],,,,,,?,待逐页核对正文,待核对,待核对,0,,,未分配,,游戏引擎反外挂系统/功能操作命令,游戏引擎反外挂系统/功能操作命令/获取某地图人物数量%20.html,LFM2-2026-08-15-snapshot
LF-TOPIC-0209,动作,获取全身装备的原始数据字段合计值,,,,,,?,待逐页核对正文,待核对,待核对,0,,,未分配,,游戏引擎反外挂系统/功能操作命令,游戏引擎反外挂系统/功能操作命令/获取全身装备的原始数据字段合计值.htm,LFM2-2026-08-15-snapshot
LF-TOPIC-0210,动作,获取人物全身星星数量[!],,,,,,?,待逐页核对正文,待核对,待核对,0,,,未分配,,游戏引擎反外挂系统/功能操作命令,游戏引擎反外挂系统/功能操作命令/获取人物全身星星数量.html,LFM2-2026-08-15-snapshot
LF-TOPIC-0211,动作,获取身上物品限时剩余时间,,,,,,?,待逐页核对正文,待核对,待核对,0,,,未分配,,游戏引擎反外挂系统/功能操作命令,游戏引擎反外挂系统/功能操作命令/获取身上物品限时剩余时间.htm,LFM2-2026-08-15-snapshot
LF-TOPIC-0212,动作,获取文本字符,,,,,,?,待逐页核对正文,待核对,待核对,0,,,未分配,,游戏引擎反外挂系统/功能操作命令,游戏引擎反外挂系统/功能操作命令/获取文本字符.htm,LFM2-2026-08-15-snapshot
LF-TOPIC-0213,动作,获取武器修炼次数,,,,,,?,待逐页核对正文,待核对,待核对,0,,,未分配,,游戏引擎反外挂系统/功能操作命令,游戏引擎反外挂系统/功能操作命令/修改武器修炼次数.htm,LFM2-2026-08-15-snapshot
LF-TOPIC-0214,动作,获取物品原始各项数据库字段值参数,,,,,,?,待逐页核对正文,待核对,待核对,0,,,未分配,,游戏引擎反外挂系统/功能操作命令,游戏引擎反外挂系统/功能操作命令/获取物品原始各项参数.html,LFM2-2026-08-15-snapshot
LF-TOPIC-0215,动作,技能图标固定到屏幕设置命令说明,,,,,,?,待逐页核对正文,待核对,待核对,0,,,未分配,,游戏引擎反外挂系统/功能操作命令,游戏引擎反外挂系统/功能操作命令/将技能图标固定到屏幕.html,LFM2-2026-08-15-snapshot
LF-TOPIC-0216,动作,技能转换 技能替换[!],,,,,,?,待逐页核对正文,待核对,待核对,0,,,未分配,,游戏引擎反外挂系统/功能操作命令,游戏引擎反外挂系统/功能操作命令/技能转换.html,LFM2-2026-08-15-snapshot
LF-TOPIC-0217,动作,加入会员人物及时间,,,,,,?,待逐页核对正文,待核对,待核对,0,,,未分配,,游戏引擎反外挂系统/功能操作命令,游戏引擎反外挂系统/功能操作命令/加入会员人物及时间.htm,LFM2-2026-08-15-snapshot
LF-TOPIC-0218,动作,假人自动练功[!],,,,,,?,待逐页核对正文,待核对,待核对,0,,,未分配,,游戏引擎反外挂系统/功能操作命令,游戏引擎反外挂系统/功能操作命令/假人自动练功[!].htm,LFM2-2026-08-15-snapshot
LF-TOPIC-0219,动作,减少合击怒气恢复间隔,,,,,,?,待逐页核对正文,待核对,待核对,0,,,未分配,,游戏引擎反外挂系统/功能操作命令,游戏引擎反外挂系统/功能操作命令/减少怒气增加间隔.htm,LFM2-2026-08-15-snapshot
LF-TOPIC-0220,动作,减少技能冷却时间,,,,,,?,待逐页核对正文,待核对,待核对,0,,,未分配,,游戏引擎反外挂系统/功能操作命令,游戏引擎反外挂系统/功能操作命令/减少技能冷却时间.html,LFM2-2026-08-15-snapshot
LF-TOPIC-0221,动作,检测伴侣是否在线和同一地图,,,,,,?,待逐页核对正文,待核对,待核对,0,,,未分配,,游戏引擎反外挂系统/功能操作命令,游戏引擎反外挂系统/功能操作命令/检测夫妻伴侣是否在线.html,LFM2-2026-08-15-snapshot
LF-TOPIC-0222,动作,检测当前玩家登陆的分辨率,,,,,,?,待逐页核对正文,待核对,待核对,0,,,未分配,,游戏引擎反外挂系统/功能操作命令,游戏引擎反外挂系统/功能操作命令/检测当前玩家登陆的分辨率.htm,LFM2-2026-08-15-snapshot
LF-TOPIC-0223,动作,检测对面的有没有徒弟,,,,,,?,待逐页核对正文,待核对,待核对,0,,,未分配,,游戏引擎反外挂系统/功能操作命令,游戏引擎反外挂系统/功能操作命令/检测对面的有没有徒弟.html,LFM2-2026-08-15-snapshot
LF-TOPIC-0224,动作,检测对面是否为自己的徒弟,,,,,,?,待逐页核对正文,待核对,待核对,0,,,未分配,,游戏引擎反外挂系统/功能操作命令,游戏引擎反外挂系统/功能操作命令/检测对面是否为自己的徒弟.html,LFM2-2026-08-15-snapshot
LF-TOPIC-0225,动作,检测身上指定装备名字 获取looks保存到变量,,,,,,?,待逐页核对正文,待核对,待核对,0,,,未分配,,游戏引擎反外挂系统/功能操作命令,游戏引擎反外挂系统/功能操作命令/检测身上指定装备名字%20获取looks保存到变量.html,LFM2-2026-08-15-snapshot
LF-TOPIC-0226,动作,检测师傅（或徒弟）是否在线,,,,,,?,待逐页核对正文,待核对,待核对,0,,,未分配,,游戏引擎反外挂系统/功能操作命令,游戏引擎反外挂系统/功能操作命令/检测师傅（或徒弟）是否在线上.html,LFM2-2026-08-15-snapshot
LF-TOPIC-0227,动作,检测师傅（或徒弟）是否在XXX地图,,,,,,?,待逐页核对正文,待核对,待核对,0,,,未分配,,游戏引擎反外挂系统/功能操作命令,游戏引擎反外挂系统/功能操作命令/检测师傅（或徒弟）是否在XXX地图.html,LFM2-2026-08-15-snapshot
LF-TOPIC-0228,动作,检测文件中是否包含字符串,,,,,,?,待逐页核对正文,待核对,待核对,0,,,未分配,,游戏引擎反外挂系统/功能操作命令,游戏引擎反外挂系统/功能操作命令/检测文件中是否包含字符串.htm,LFM2-2026-08-15-snapshot
LF-TOPIC-0229,动作,检测英雄怒气值,,,,,,?,待逐页核对正文,待核对,待核对,0,,,未分配,,游戏引擎反外挂系统/功能操作命令,游戏引擎反外挂系统/功能操作命令/检测怒气值.htm,LFM2-2026-08-15-snapshot
LF-TOPIC-0230,动作,检测装备元素属性,,,,,,?,待逐页核对正文,待核对,待核对,0,,,未分配,,游戏引擎反外挂系统/功能操作命令,游戏引擎反外挂系统/功能操作命令/检测装备元素属性.html,LFM2-2026-08-15-snapshot
LF-TOPIC-0231,动作,检测自己是否是师傅,,,,,,?,待逐页核对正文,待核对,待核对,0,,,未分配,,游戏引擎反外挂系统/功能操作命令,游戏引擎反外挂系统/功能操作命令/检测自己是否是师傅.html,LFM2-2026-08-15-snapshot
LF-TOPIC-0232,动作,检测自己是否是徒弟,,,,,,?,待逐页核对正文,待核对,待核对,0,,,未分配,,游戏引擎反外挂系统/功能操作命令,游戏引擎反外挂系统/功能操作命令/检测自己是否是徒弟.html,LFM2-2026-08-15-snapshot
LF-TOPIC-0233,动作,检查对面的人物是不是自己的师傅,,,,,,?,待逐页核对正文,待核对,待核对,0,,,未分配,,游戏引擎反外挂系统/功能操作命令,游戏引擎反外挂系统/功能操作命令/检测对面的人物是不是自己的师傅..html,LFM2-2026-08-15-snapshot
LF-TOPIC-0234,动作,检查自己是不是别人的徒弟,,,,,,?,待逐页核对正文,待核对,待核对,0,,,未分配,,游戏引擎反外挂系统/功能操作命令,游戏引擎反外挂系统/功能操作命令/检查自己是不是别人的徒弟.html,LFM2-2026-08-15-snapshot
LF-TOPIC-0235,动作,键值对字典,,,,,,?,待逐页核对正文,待核对,待核对,0,,,未分配,,游戏引擎反外挂系统/功能操作命令,游戏引擎反外挂系统/功能操作命令/键值对字典.htm,LFM2-2026-08-15-snapshot
LF-TOPIC-0236,动作,将背包物品放入仓库,,,,,,?,待逐页核对正文,待核对,待核对,0,,,未分配,,游戏引擎反外挂系统/功能操作命令,游戏引擎反外挂系统/功能操作命令/将背包物品放入仓库.html,LFM2-2026-08-15-snapshot
LF-TOPIC-0237,动作,将人物行会名加入列表,,,,,,?,待逐页核对正文,待核对,待核对,0,,,未分配,,游戏引擎反外挂系统/功能操作命令,游戏引擎反外挂系统/功能操作命令/行会名加入列表.htm,LFM2-2026-08-15-snapshot
LF-TOPIC-0238,动作,将指定位置物品转换为数据库对应的IDX物品,,,,,,?,待逐页核对正文,待核对,待核对,0,,,未分配,,游戏引擎反外挂系统/功能操作命令,游戏引擎反外挂系统/功能操作命令/将指定位置物品转换为数据库对应的IDX物品.htm,LFM2-2026-08-15-snapshot
LF-TOPIC-0239,动作,交易前触发,,,,,,?,待逐页核对正文,待核对,待核对,0,,,未分配,,游戏引擎反外挂系统/功能操作命令,游戏引擎反外挂系统/功能操作命令/交易前触发.htm,LFM2-2026-08-15-snapshot
LF-TOPIC-0240,动作,角色变身怪物、人物变身,,,,,,?,待逐页核对正文,待核对,待核对,0,,,未分配,,游戏引擎反外挂系统/功能操作命令,游戏引擎反外挂系统/功能操作命令/角色变身怪物.html,LFM2-2026-08-15-snapshot
LF-TOPIC-0241,动作,角色打怪爆出物品自动拾取，角色打怪爆出物品范围捡起[!],,,,,,?,待逐页核对正文,待核对,待核对,0,,,未分配,,游戏引擎反外挂系统/功能操作命令,游戏引擎反外挂系统/功能操作命令/杀怪爆出物品自动范围内捡起.htm,LFM2-2026-08-15-snapshot
LF-TOPIC-0242,动作,脚本调整人物PK点,,,,,,?,待逐页核对正文,待核对,待核对,0,,,未分配,,游戏引擎反外挂系统/功能操作命令,游戏引擎反外挂系统/功能操作命令/调整人物PK点数.htm,LFM2-2026-08-15-snapshot
LF-TOPIC-0243,动作,脚本调整升级经验,,,,,,?,待逐页核对正文,待核对,待核对,0,,,未分配,,游戏引擎反外挂系统/功能操作命令,游戏引擎反外挂系统/功能操作命令/调整人物经验.htm,LFM2-2026-08-15-snapshot
LF-TOPIC-0244,动作,脚本控制人物等级,,,,,,?,待逐页核对正文,待核对,待核对,0,,,未分配,,游戏引擎反外挂系统/功能操作命令,游戏引擎反外挂系统/功能操作命令/调整人物等级.htm,LFM2-2026-08-15-snapshot
LF-TOPIC-0245,动作,脚本命令给物品镶嵌宝石,,,,,,?,待逐页核对正文,待核对,待核对,0,,,未分配,,游戏引擎反外挂系统/功能操作命令,游戏引擎反外挂系统/功能操作命令/脚本命令给物品镶嵌宝石.htm,LFM2-2026-08-15-snapshot
LF-TOPIC-0246,动作,脚本命令释放技能,,,,,,?,待逐页核对正文,待核对,待核对,0,,,未分配,,游戏引擎反外挂系统/功能操作命令,游戏引擎反外挂系统/功能操作命令/脚本命令施展技能.htm,LFM2-2026-08-15-snapshot
LF-TOPIC-0247,动作,脚本命令释放技能(无动作施展),,,,,,?,待逐页核对正文,待核对,待核对,0,,,未分配,,游戏引擎反外挂系统/功能操作命令,游戏引擎反外挂系统/功能操作命令/脚本命令施展技能(无动作).htm,LFM2-2026-08-15-snapshot
LF-TOPIC-0248,动作,脚本刷怪,,,,,,?,待逐页核对正文,待核对,待核对,0,,,未分配,,游戏引擎反外挂系统/功能操作命令,游戏引擎反外挂系统/功能操作命令/脚本刷怪.htm,LFM2-2026-08-15-snapshot
LF-TOPIC-0249,动作,解除英雄强制和平模式限制,,,,,,?,待逐页核对正文,待核对,待核对,0,,,未分配,,游戏引擎反外挂系统/功能操作命令,游戏引擎反外挂系统/功能操作命令/解除英雄强制和平模式限制.htm,LFM2-2026-08-15-snapshot
LF-TOPIC-0250,动作,禁止登录列表,,,,,,?,待逐页核对正文,待核对,待核对,0,,,未分配,,游戏引擎反外挂系统/功能操作命令,游戏引擎反外挂系统/功能操作命令/禁止登录列表.htm,LFM2-2026-08-15-snapshot
LF-TOPIC-0251,动作,开启第四个连击技能的命令[!],,,,,,?,待逐页核对正文,待核对,待核对,0,,,未分配,,游戏引擎反外挂系统/功能操作命令,游戏引擎反外挂系统/功能操作命令/开启第四个连击技能[!].htm,LFM2-2026-08-15-snapshot
LF-TOPIC-0252,动作,开启关闭假人捡物品功能,,,,,,?,待逐页核对正文,待核对,待核对,0,,,未分配,,游戏引擎反外挂系统/功能操作命令,游戏引擎反外挂系统/功能操作命令/开启关闭假人捡物品功能.htm,LFM2-2026-08-15-snapshot
LF-TOPIC-0253,动作,开启跑步幻影效果,,,,,,?,待逐页核对正文,待核对,待核对,0,,,未分配,,游戏引擎反外挂系统/功能操作命令,游戏引擎反外挂系统/功能操作命令/开启幻影移动.htm,LFM2-2026-08-15-snapshot
LF-TOPIC-0254,动作,扩展MessageBox,,,,,,?,待逐页核对正文,待核对,待核对,0,,,未分配,,游戏引擎反外挂系统/功能操作命令,游戏引擎反外挂系统/功能操作命令/扩展MessageBox.html,LFM2-2026-08-15-snapshot
LF-TOPIC-0255,动作,扩展MOVR使用方法,,,,,,?,待逐页核对正文,待核对,待核对,0,,,未分配,,游戏引擎反外挂系统/功能操作命令,游戏引擎反外挂系统/功能操作命令/扩展Movr.htm,LFM2-2026-08-15-snapshot
LF-TOPIC-0256,动作,练习技能,,,,,,?,待逐页核对正文,待核对,待核对,0,,,未分配,,游戏引擎反外挂系统/功能操作命令,游戏引擎反外挂系统/功能操作命令/练习技能.htm,LFM2-2026-08-15-snapshot
LF-TOPIC-0257,动作,秒杀保护,,,,,,?,待逐页核对正文,待核对,待核对,0,,,未分配,,游戏引擎反外挂系统/功能操作命令,游戏引擎反外挂系统/功能操作命令/秒杀保护.htm,LFM2-2026-08-15-snapshot
LF-TOPIC-0258,动作,千里传音[!],,,,,,?,待逐页核对正文,待核对,待核对,0,,,未分配,,游戏引擎反外挂系统/功能操作命令,游戏引擎反外挂系统/功能操作命令/千里传音脚本.html,LFM2-2026-08-15-snapshot
LF-TOPIC-0259,动作,强行捡起他人打怪爆出未到冷却时间的物品[!],,,,,,?,待逐页核对正文,待核对,待核对,0,,,未分配,,游戏引擎反外挂系统/功能操作命令,游戏引擎反外挂系统/功能操作命令/强行捡起他人打怪爆出未到冷却时间的物品.htm,LFM2-2026-08-15-snapshot
LF-TOPIC-0260,动作,清除地图物品,,,,,,?,待逐页核对正文,待核对,待核对,0,,,未分配,,游戏引擎反外挂系统/功能操作命令,游戏引擎反外挂系统/功能操作命令/清除地图物品.htm,LFM2-2026-08-15-snapshot
LF-TOPIC-0261,动作,清除地图中的怪物,,,,,,?,待逐页核对正文,待核对,待核对,0,,,未分配,,游戏引擎反外挂系统/功能操作命令,游戏引擎反外挂系统/功能操作命令/清除指定地图里的怪物.htm,LFM2-2026-08-15-snapshot
LF-TOPIC-0262,动作,清除结婚信息,,,,,,?,待逐页核对正文,待核对,待核对,0,,,未分配,,游戏引擎反外挂系统/功能操作命令,游戏引擎反外挂系统/功能操作命令/清除结婚信息.htm,LFM2-2026-08-15-snapshot
LF-TOPIC-0263,动作,清除列表内容,,,,,,?,待逐页核对正文,待核对,待核对,0,,,未分配,,游戏引擎反外挂系统/功能操作命令,游戏引擎反外挂系统/功能操作命令/清除列表内容.htm,LFM2-2026-08-15-snapshot
LF-TOPIC-0264,动作,清除人物的仓库密码,,,,,,?,待逐页核对正文,待核对,待核对,0,,,未分配,,游戏引擎反外挂系统/功能操作命令,游戏引擎反外挂系统/功能操作命令/清除人物的仓库密码.htm,LFM2-2026-08-15-snapshot
LF-TOPIC-0265,动作,清除人物转生,,,,,,?,待逐页核对正文,待核对,待核对,0,,,未分配,,游戏引擎反外挂系统/功能操作命令,游戏引擎反外挂系统/功能操作命令/清除人物转生数据.htm,LFM2-2026-08-15-snapshot
LF-TOPIC-0266,动作,清除延时移动,,,,,,?,待逐页核对正文,待核对,待核对,0,,,未分配,,游戏引擎反外挂系统/功能操作命令,游戏引擎反外挂系统/功能操作命令/清除延时移动.htm,LFM2-2026-08-15-snapshot
LF-TOPIC-0267,动作,清除英雄转生,,,,,,?,待逐页核对正文,待核对,待核对,0,,,未分配,,游戏引擎反外挂系统/功能操作命令,游戏引擎反外挂系统/功能操作命令/清除英雄转生数据.htm,LFM2-2026-08-15-snapshot
LF-TOPIC-0268,动作,清除SendCenterMsg DelayGoto,,,,,,?,待逐页核对正文,待核对,待核对,0,,,未分配,,游戏引擎反外挂系统/功能操作命令,游戏引擎反外挂系统/功能操作命令/清除SendCenterMsg%20DelayGoto.html,LFM2-2026-08-15-snapshot
LF-TOPIC-0269,动作,清掉地图某范围的怪物[!],,,,,,?,待逐页核对正文,待核对,待核对,0,,,未分配,,游戏引擎反外挂系统/功能操作命令,游戏引擎反外挂系统/功能操作命令/清掉地图某范围的怪物命令.html,LFM2-2026-08-15-snapshot
LF-TOPIC-0270,动作,清空变量[!],,,,,,?,待逐页核对正文,待核对,待核对,0,,,未分配,,游戏引擎反外挂系统/功能操作命令,游戏引擎反外挂系统/功能操作命令/清空变量.html,LFM2-2026-08-15-snapshot
LF-TOPIC-0271,动作,清空P变量,,,,,,?,待逐页核对正文,待核对,待核对,0,,,未分配,,游戏引擎反外挂系统/功能操作命令,游戏引擎反外挂系统/功能操作命令/清空角色P变量.html,LFM2-2026-08-15-snapshot
LF-TOPIC-0272,动作,取得随机字符串(2020新),,,,,,?,待逐页核对正文,待核对,待核对,0,,,未分配,,游戏引擎反外挂系统/功能操作命令,游戏引擎反外挂系统/功能操作命令/随机字符串.htm,LFM2-2026-08-15-snapshot
LF-TOPIC-0273,动作,取对面角色人物名,,,,,,?,待逐页核对正文,待核对,待核对,0,,,未分配,,游戏引擎反外挂系统/功能操作命令,游戏引擎反外挂系统/功能操作命令/取对面角色人物名.html,LFM2-2026-08-15-snapshot
LF-TOPIC-0274,动作,取两个时间之间的相差,,,,,,?,待逐页核对正文,待核对,待核对,0,,,未分配,,游戏引擎反外挂系统/功能操作命令,游戏引擎反外挂系统/功能操作命令/取两个时间之间的相差.htm,LFM2-2026-08-15-snapshot
LF-TOPIC-0275,动作,取下镶嵌宝石命令,,,,,,?,待逐页核对正文,待核对,待核对,0,,,未分配,,游戏引擎反外挂系统/功能操作命令,游戏引擎反外挂系统/功能操作命令/取下镶嵌宝石命令.htm,LFM2-2026-08-15-snapshot
LF-TOPIC-0276,动作,取指定排行榜指定排名的玩家名字和检测人物在指定排行榜中的名次,,,,,,?,待逐页核对正文,待核对,待核对,0,,,未分配,,游戏引擎反外挂系统/功能操作命令,游戏引擎反外挂系统/功能操作命令/取指定排行榜指定排名的玩家名字%20和检测人物在指定排行榜中的名次.htm,LFM2-2026-08-15-snapshot
LF-TOPIC-0277,动作,取字符串长度[!],,,,,,?,待逐页核对正文,待核对,待核对,0,,,未分配,,游戏引擎反外挂系统/功能操作命令,游戏引擎反外挂系统/功能操作命令/取字符串长度.html,LFM2-2026-08-15-snapshot
LF-TOPIC-0278,动作,人物/英雄临时数据命令,,,,,,?,待逐页核对正文,待核对,待核对,0,,,未分配,,游戏引擎反外挂系统/功能操作命令,游戏引擎反外挂系统/功能操作命令/临时数据.html,LFM2-2026-08-15-snapshot
LF-TOPIC-0279,动作,人物和英雄穿戴装备前触发,,,,,,?,待逐页核对正文,待核对,待核对,0,,,未分配,,游戏引擎反外挂系统/功能操作命令,游戏引擎反外挂系统/功能操作命令/人物和英雄穿戴装备前触发.htm,LFM2-2026-08-15-snapshot
LF-TOPIC-0280,动作,人物隐身属性,,,,,,?,待逐页核对正文,待核对,待核对,0,,,未分配,,游戏引擎反外挂系统/功能操作命令,游戏引擎反外挂系统/功能操作命令/隐身属性.htm,LFM2-2026-08-15-snapshot
LF-TOPIC-0281,动作,杀死宝宝,,,,,,?,待逐页核对正文,待核对,待核对,0,,,未分配,,游戏引擎反外挂系统/功能操作命令,游戏引擎反外挂系统/功能操作命令/将人物的宝宝全部杀死.htm,LFM2-2026-08-15-snapshot
LF-TOPIC-0282,动作,杀死人物,,,,,,?,待逐页核对正文,待核对,待核对,0,,,未分配,,游戏引擎反外挂系统/功能操作命令,游戏引擎反外挂系统/功能操作命令/杀死人物.htm,LFM2-2026-08-15-snapshot
LF-TOPIC-0283,动作,杀死人物的宝宝,,,,,,?,待逐页核对正文,待核对,待核对,0,,,未分配,,游戏引擎反外挂系统/功能操作命令,游戏引擎反外挂系统/功能操作命令/杀死人物的宝宝.htm,LFM2-2026-08-15-snapshot
LF-TOPIC-0284,动作,删除仓库物品,,,,,,?,待逐页核对正文,待核对,待核对,0,,,未分配,,游戏引擎反外挂系统/功能操作命令,游戏引擎反外挂系统/功能操作命令/删除仓库物品.htm,LFM2-2026-08-15-snapshot
LF-TOPIC-0285,动作,删除非本职业的所有技能,,,,,,?,待逐页核对正文,待核对,待核对,0,,,未分配,,游戏引擎反外挂系统/功能操作命令,游戏引擎反外挂系统/功能操作命令/删除非本职业的所有技能.htm,LFM2-2026-08-15-snapshot
LF-TOPIC-0286,动作,删除会员人物及时间,,,,,,?,待逐页核对正文,待核对,待核对,0,,,未分配,,游戏引擎反外挂系统/功能操作命令,游戏引擎反外挂系统/功能操作命令/删除会员人物及时间.htm,LFM2-2026-08-15-snapshot
LF-TOPIC-0287,动作,删除列表行会名,,,,,,?,待逐页核对正文,待核对,待核对,0,,,未分配,,游戏引擎反外挂系统/功能操作命令,游戏引擎反外挂系统/功能操作命令/删除列表行会名.htm,LFM2-2026-08-15-snapshot
LF-TOPIC-0288,动作,删除人物名在列表中,,,,,,?,待逐页核对正文,待核对,待核对,0,,,未分配,,游戏引擎反外挂系统/功能操作命令,游戏引擎反外挂系统/功能操作命令/删除人物在列表中.html,LFM2-2026-08-15-snapshot
LF-TOPIC-0289,动作,删除人物帐号在列表中,,,,,,?,待逐页核对正文,待核对,待核对,0,,,未分配,,游戏引擎反外挂系统/功能操作命令,游戏引擎反外挂系统/功能操作命令/删除人物帐号在列表中.html,LFM2-2026-08-15-snapshot
LF-TOPIC-0290,动作,删除人物IP在列表中,,,,,,?,待逐页核对正文,待核对,待核对,0,,,未分配,,游戏引擎反外挂系统/功能操作命令,游戏引擎反外挂系统/功能操作命令/删除人物IP在列表中.html,LFM2-2026-08-15-snapshot
LF-TOPIC-0291,动作,删除所有技能,,,,,,?,待逐页核对正文,待核对,待核对,0,,,未分配,,游戏引擎反外挂系统/功能操作命令,游戏引擎反外挂系统/功能操作命令/删除所有技能.htm,LFM2-2026-08-15-snapshot
LF-TOPIC-0292,动作,删除文本指定行,,,,,,?,待逐页核对正文,待核对,待核对,0,,,未分配,,游戏引擎反外挂系统/功能操作命令,游戏引擎反外挂系统/功能操作命令/删除文本指定行.html,LFM2-2026-08-15-snapshot
LF-TOPIC-0293,动作,删除行会成员,,,,,,?,待逐页核对正文,待核对,待核对,0,,,未分配,,游戏引擎反外挂系统/功能操作命令,游戏引擎反外挂系统/功能操作命令/删除行会成员.htm,LFM2-2026-08-15-snapshot
LF-TOPIC-0294,动作,删除一个NPC,,,,,,?,待逐页核对正文,待核对,待核对,0,,,未分配,,游戏引擎反外挂系统/功能操作命令,游戏引擎反外挂系统/功能操作命令/删除一个NPC.htm,LFM2-2026-08-15-snapshot
LF-TOPIC-0295,动作,删除指定技能,,,,,,?,待逐页核对正文,待核对,待核对,0,,,未分配,,游戏引擎反外挂系统/功能操作命令,游戏引擎反外挂系统/功能操作命令/删除指定技能.htm,LFM2-2026-08-15-snapshot
LF-TOPIC-0296,动作,伤害吸收装备设置,,,,,,?,待逐页核对正文,待核对,待核对,0,,,未分配,,游戏引擎反外挂系统/功能操作命令,游戏引擎反外挂系统/功能操作命令/脚本命令开启行会战.htm,LFM2-2026-08-15-snapshot
LF-TOPIC-0297,动作,设置被怪物攻击时伤害吸收,,,,,,?,待逐页核对正文,待核对,待核对,0,,,未分配,,游戏引擎反外挂系统/功能操作命令,游戏引擎反外挂系统/功能操作命令/设置被怪物攻击时伤害吸收.htm,LFM2-2026-08-15-snapshot
LF-TOPIC-0298,动作,设置攻击力倍数[!],,,,,,?,待逐页核对正文,待核对,待核对,0,,,未分配,,游戏引擎反外挂系统/功能操作命令,游戏引擎反外挂系统/功能操作命令/设置攻击力倍数[!].htm,LFM2-2026-08-15-snapshot
LF-TOPIC-0299,动作,设置技能伤害防御[!],,,,,,?,待逐页核对正文,待核对,待核对,0,,,未分配,,游戏引擎反外挂系统/功能操作命令,游戏引擎反外挂系统/功能操作命令/设置技能伤害和防御.html,LFM2-2026-08-15-snapshot
LF-TOPIC-0300,动作,设置假人捡物品列表,,,,,,?,待逐页核对正文,待核对,待核对,0,,,未分配,,游戏引擎反外挂系统/功能操作命令,游戏引擎反外挂系统/功能操作命令/设置假人捡物品列表.htm,LFM2-2026-08-15-snapshot
LF-TOPIC-0301,动作,设置离线挂机,,,,,,?,待逐页核对正文,待核对,待核对,0,,,未分配,,游戏引擎反外挂系统/功能操作命令,游戏引擎反外挂系统/功能操作命令/设置离线挂机.htm,LFM2-2026-08-15-snapshot
LF-TOPIC-0302,动作,设置人物当前模式,,,,,,?,待逐页核对正文,待核对,待核对,0,,,未分配,,游戏引擎反外挂系统/功能操作命令,游戏引擎反外挂系统/功能操作命令/设置人物当前模式.htm,LFM2-2026-08-15-snapshot
LF-TOPIC-0303,动作,设置人物当前权限,,,,,,?,待逐页核对正文,待核对,待核对,0,,,未分配,,游戏引擎反外挂系统/功能操作命令,游戏引擎反外挂系统/功能操作命令/设置人物当前权限.htm,LFM2-2026-08-15-snapshot
LF-TOPIC-0304,动作,设置杀怪经验倍数,,,,,,?,待逐页核对正文,待核对,待核对,0,,,未分配,,游戏引擎反外挂系统/功能操作命令,游戏引擎反外挂系统/功能操作命令/设置杀怪经验倍数.htm,LFM2-2026-08-15-snapshot
LF-TOPIC-0305,动作,设置物品悬浮框背景特效,,,,,,?,待逐页核对正文,待核对,待核对,0,,,未分配,,游戏引擎反外挂系统/功能操作命令,游戏引擎反外挂系统/功能操作命令/设置物品悬浮框背景特效.htm,LFM2-2026-08-15-snapshot
LF-TOPIC-0306,动作,设置修改宝宝属性,,,,,,?,待逐页核对正文,待核对,待核对,0,,,未分配,,游戏引擎反外挂系统/功能操作命令,游戏引擎反外挂系统/功能操作命令/修改宝宝属性.htm,LFM2-2026-08-15-snapshot
LF-TOPIC-0307,动作,设置装备发光特效,,,,,,?,待逐页核对正文,待核对,待核对,0,,,未分配,,游戏引擎反外挂系统/功能操作命令,游戏引擎反外挂系统/功能操作命令/设置装备发光特效.html,LFM2-2026-08-15-snapshot
LF-TOPIC-0308,动作,使用外置默认浏览器打开网站,,,,,,?,待逐页核对正文,待核对,待核对,0,,,未分配,,游戏引擎反外挂系统/功能操作命令,游戏引擎反外挂系统/功能操作命令/使用外置默认浏览器打开网站.html,LFM2-2026-08-15-snapshot
LF-TOPIC-0309,动作,收回玩家英雄脚本命令,,,,,,?,待逐页核对正文,待核对,待核对,0,,,未分配,,游戏引擎反外挂系统/功能操作命令,游戏引擎反外挂系统/功能操作命令/收回英雄.htm,LFM2-2026-08-15-snapshot
LF-TOPIC-0310,动作,收回OK框中的物品,,,,,,?,待逐页核对正文,待核对,待核对,0,,,未分配,,游戏引擎反外挂系统/功能操作命令,游戏引擎反外挂系统/功能操作命令/收回OK框中的物品.html,LFM2-2026-08-15-snapshot
LF-TOPIC-0311,动作,数学表达式运算命令,,,,,,?,待逐页核对正文,待核对,待核对,0,,,未分配,,游戏引擎反外挂系统/功能操作命令,游戏引擎反外挂系统/功能操作命令/数学表达式运算命令.htm,LFM2-2026-08-15-snapshot
LF-TOPIC-0312,动作,刷新当前装备属性到客户端,,,,,,?,待逐页核对正文,待核对,待核对,0,,,未分配,,游戏引擎反外挂系统/功能操作命令,游戏引擎反外挂系统/功能操作命令/刷新当前装备属性到客户端.html,LFM2-2026-08-15-snapshot
LF-TOPIC-0313,动作,所有行会同时攻城,,,,,,?,待逐页核对正文,待核对,待核对,0,,,未分配,,游戏引擎反外挂系统/功能操作命令,游戏引擎反外挂系统/功能操作命令/所有行会同时攻城.htm,LFM2-2026-08-15-snapshot
LF-TOPIC-0314,动作,特修装备,,,,,,?,待逐页核对正文,待核对,待核对,0,,,未分配,,游戏引擎反外挂系统/功能操作命令,游戏引擎反外挂系统/功能操作命令/特修装备[!].htm,LFM2-2026-08-15-snapshot
LF-TOPIC-0315,动作,踢除服务器挂机人物,,,,,,?,待逐页核对正文,待核对,待核对,0,,,未分配,,游戏引擎反外挂系统/功能操作命令,游戏引擎反外挂系统/功能操作命令/踢除所有挂机人物.htm,LFM2-2026-08-15-snapshot
LF-TOPIC-0316,动作,踢除服务器所有人物,,,,,,?,待逐页核对正文,待核对,待核对,0,,,未分配,,游戏引擎反外挂系统/功能操作命令,游戏引擎反外挂系统/功能操作命令/踢除所有在线人物.htm,LFM2-2026-08-15-snapshot
LF-TOPIC-0317,动作,踢人物下线,,,,,,?,待逐页核对正文,待核对,待核对,0,,,未分配,,游戏引擎反外挂系统/功能操作命令,游戏引擎反外挂系统/功能操作命令/踢人物下线.htm,LFM2-2026-08-15-snapshot
LF-TOPIC-0318,动作,"替换行会掌门,改变行会的掌门人",,,,,,?,待逐页核对正文,待核对,待核对,0,,,未分配,,游戏引擎反外挂系统/功能操作命令,游戏引擎反外挂系统/功能操作命令/替换行会掌门.htm,LFM2-2026-08-15-snapshot
LF-TOPIC-0319,动作,替换字符命令[!],,,,,,?,待逐页核对正文,待核对,待核对,0,,,未分配,,游戏引擎反外挂系统/功能操作命令,游戏引擎反外挂系统/功能操作命令/增加替换字符命令.html,LFM2-2026-08-15-snapshot
LF-TOPIC-0320,动作,添加行会成员,,,,,,?,待逐页核对正文,待核对,待核对,0,,,未分配,,游戏引擎反外挂系统/功能操作命令,游戏引擎反外挂系统/功能操作命令/添加行会成员.htm,LFM2-2026-08-15-snapshot
LF-TOPIC-0321,动作,通过技能ID获取技能数据库字段,,,,,,?,待逐页核对正文,待核对,待核对,0,,,未分配,,游戏引擎反外挂系统/功能操作命令,游戏引擎反外挂系统/功能操作命令/通过技能ID获取技能数据库字段.htm,LFM2-2026-08-15-snapshot
LF-TOPIC-0322,动作,通过脚本建立一个NPC 动态创建NPC,,,,,,?,待逐页核对正文,待核对,待核对,0,,,未分配,,游戏引擎反外挂系统/功能操作命令,游戏引擎反外挂系统/功能操作命令/通过脚本建立一个NPC.htm,LFM2-2026-08-15-snapshot
LF-TOPIC-0323,动作,退出行会前触发,,,,,,?,待逐页核对正文,待核对,待核对,0,,,未分配,,游戏引擎反外挂系统/功能操作命令,游戏引擎反外挂系统/功能操作命令/退出行会前触发.htm,LFM2-2026-08-15-snapshot
LF-TOPIC-0324,动作,文本字符交替命令,,,,,,?,待逐页核对正文,待核对,待核对,0,,,未分配,,游戏引擎反外挂系统/功能操作命令,游戏引擎反外挂系统/功能操作命令/文本字符交替命令.htm,LFM2-2026-08-15-snapshot
LF-TOPIC-0325,动作,物品标记，装备标记，物品标识，装备标识、,,,,,,?,待逐页核对正文,待核对,待核对,0,,,未分配,,游戏引擎反外挂系统/功能操作命令,游戏引擎反外挂系统/功能操作命令/物品标记.htm,LFM2-2026-08-15-snapshot
LF-TOPIC-0326,动作,显示倒计时信息提示,,,,,,?,待逐页核对正文,待核对,待核对,0,,,未分配,,游戏引擎反外挂系统/功能操作命令,游戏引擎反外挂系统/功能操作命令/显示倒计时信息提示.html,LFM2-2026-08-15-snapshot
LF-TOPIC-0327,动作,新游戏点[!],,,,,,?,待逐页核对正文,待核对,待核对,0,,,未分配,,游戏引擎反外挂系统/功能操作命令,游戏引擎反外挂系统/功能操作命令/新游戏点[!].htm,LFM2-2026-08-15-snapshot
LF-TOPIC-0328,动作,行会地图传送,,,,,,?,待逐页核对正文,待核对,待核对,0,,,未分配,,游戏引擎反外挂系统/功能操作命令,游戏引擎反外挂系统/功能操作命令/行会地图传送.htm,LFM2-2026-08-15-snapshot
LF-TOPIC-0329,动作,行会地图随机传送,,,,,,?,待逐页核对正文,待核对,待核对,0,,,未分配,,游戏引擎反外挂系统/功能操作命令,游戏引擎反外挂系统/功能操作命令/行会地图随机传送.htm,LFM2-2026-08-15-snapshot
LF-TOPIC-0330,动作,行会建设相关,,,,,,?,待逐页核对正文,待核对,待核对,0,,,未分配,,游戏引擎反外挂系统/功能操作命令,游戏引擎反外挂系统/功能操作命令/行会建设相关.htm,LFM2-2026-08-15-snapshot
LF-TOPIC-0331,动作,修改宝宝属性,,,,,,?,待逐页核对正文,待核对,待核对,0,,,未分配,,游戏引擎反外挂系统/功能操作命令,游戏引擎反外挂系统/功能操作命令/修改宝宝属性值.htm,LFM2-2026-08-15-snapshot
LF-TOPIC-0332,动作,修改宝宝外观,,,,,,?,待逐页核对正文,待核对,待核对,0,,,未分配,,游戏引擎反外挂系统/功能操作命令,游戏引擎反外挂系统/功能操作命令/修改宝宝外观.htm,LFM2-2026-08-15-snapshot
LF-TOPIC-0333,动作,"修改地图内怪物属性,修改怪物属性(在原属性的基本上进行加减操作）",,,,,,?,待逐页核对正文,待核对,待核对,0,,,未分配,,游戏引擎反外挂系统/功能操作命令,游戏引擎反外挂系统/功能操作命令/修改地图内怪物属性.html,LFM2-2026-08-15-snapshot
LF-TOPIC-0334,动作,修改物品的附加属性值,,,,,,?,待逐页核对正文,待核对,待核对,0,,,未分配,,游戏引擎反外挂系统/功能操作命令,游戏引擎反外挂系统/功能操作命令/修改物品的附加属性值.html,LFM2-2026-08-15-snapshot
LF-TOPIC-0335,动作,修改装备内观和外观命令,,,,,,?,待逐页核对正文,待核对,待核对,0,,,未分配,,游戏引擎反外挂系统/功能操作命令,游戏引擎反外挂系统/功能操作命令/修改装备内外观命令.html,LFM2-2026-08-15-snapshot
LF-TOPIC-0336,动作,修理沙巴克城墙城门,,,,,,?,待逐页核对正文,待核对,待核对,0,,,未分配,,游戏引擎反外挂系统/功能操作命令,游戏引擎反外挂系统/功能操作命令/修理沙巴克城墙城门.htm,LFM2-2026-08-15-snapshot
LF-TOPIC-0337,动作,循环脚本运行次数设置,,,,,,?,待逐页核对正文,待核对,待核对,0,,,未分配,,游戏引擎反外挂系统/功能操作命令,游戏引擎反外挂系统/功能操作命令/循环脚本运行次数设置.html,LFM2-2026-08-15-snapshot
LF-TOPIC-0338,动作,延时移动,,,,,,?,待逐页核对正文,待核对,待核对,0,,,未分配,,游戏引擎反外挂系统/功能操作命令,游戏引擎反外挂系统/功能操作命令/延时移动.htm,LFM2-2026-08-15-snapshot
LF-TOPIC-0339,动作,验证码功能说明,,,,,,?,待逐页核对正文,待核对,待核对,0,,,未分配,,游戏引擎反外挂系统/功能操作命令,游戏引擎反外挂系统/功能操作命令/调用验证码系统.htm,LFM2-2026-08-15-snapshot
LF-TOPIC-0340,动作,移动到回城点,,,,,,?,待逐页核对正文,待核对,待核对,0,,,未分配,,游戏引擎反外挂系统/功能操作命令,游戏引擎反外挂系统/功能操作命令/移动到回城点.htm,LFM2-2026-08-15-snapshot
LF-TOPIC-0341,动作,英雄宝宝攻击触发,,,,,,?,待逐页核对正文,待核对,待核对,0,,,未分配,,游戏引擎反外挂系统/功能操作命令,游戏引擎反外挂系统/功能操作命令/英雄宝宝攻击触发.html,LFM2-2026-08-15-snapshot
LF-TOPIC-0342,动作,英雄相关命令支持与示范，英雄捡起触发,,,,,,?,待逐页核对正文,待核对,待核对,0,,,未分配,,游戏引擎反外挂系统/功能操作命令,游戏引擎反外挂系统/功能操作命令/英雄相关操作命令增加与捡起触发示范.html,LFM2-2026-08-15-snapshot
LF-TOPIC-0343,动作,永久调整人物属性值,,,,,,?,待逐页核对正文,待核对,待核对,0,,,未分配,,游戏引擎反外挂系统/功能操作命令,游戏引擎反外挂系统/功能操作命令/调整人物永久属性.html,LFM2-2026-08-15-snapshot
LF-TOPIC-0344,动作,永久增加人物属性点(按属性分配点分配),,,,,,?,待逐页核对正文,待核对,待核对,0,,,未分配,,游戏引擎反外挂系统/功能操作命令,游戏引擎反外挂系统/功能操作命令/永久增加人物属性点.htm,LFM2-2026-08-15-snapshot
LF-TOPIC-0345,动作,游戏币(元宝)控制,,,,,,?,待逐页核对正文,待核对,待核对,0,,,未分配,,游戏引擎反外挂系统/功能操作命令,游戏引擎反外挂系统/功能操作命令/调整游戏币.htm,LFM2-2026-08-15-snapshot
LF-TOPIC-0346,动作,游戏窗口标题公告,,,,,,?,待逐页核对正文,待核对,待核对,0,,,未分配,,游戏引擎反外挂系统/功能操作命令,游戏引擎反外挂系统/功能操作命令/窗口公告.html,LFM2-2026-08-15-snapshot
LF-TOPIC-0347,动作,在地图上播放魔法效果[!],,,,,,?,待逐页核对正文,待核对,待核对,0,,,未分配,,游戏引擎反外挂系统/功能操作命令,游戏引擎反外挂系统/功能操作命令/在地图上播放魔法效果[!].htm,LFM2-2026-08-15-snapshot
LF-TOPIC-0348,动作,在地图上放物品[!],,,,,,?,待逐页核对正文,待核对,待核对,0,,,未分配,,游戏引擎反外挂系统/功能操作命令,游戏引擎反外挂系统/功能操作命令/在地图上放物品[!].htm,LFM2-2026-08-15-snapshot
LF-TOPIC-0349,动作,在登陆器里浏览网页,,,,,,?,待逐页核对正文,待核对,待核对,0,,,未分配,,游戏引擎反外挂系统/功能操作命令,游戏引擎反外挂系统/功能操作命令/在登陆器里浏览网页.htm,LFM2-2026-08-15-snapshot
LF-TOPIC-0350,动作,在屏幕上播放魔法效果,,,,,,?,待逐页核对正文,待核对,待核对,0,,,未分配,,游戏引擎反外挂系统/功能操作命令,游戏引擎反外挂系统/功能操作命令/在屏幕上播放魔法效果[!].htm,LFM2-2026-08-15-snapshot
LF-TOPIC-0351,动作,在文件的固定行替换写入内容[!],,,,,,?,待逐页核对正文,待核对,待核对,0,,,未分配,,游戏引擎反外挂系统/功能操作命令,游戏引擎反外挂系统/功能操作命令/在文件的固定行替换写入内容.html,LFM2-2026-08-15-snapshot
LF-TOPIC-0352,动作,在文件的指定行插入一行内容[!],,,,,,?,待逐页核对正文,待核对,待核对,0,,,未分配,,游戏引擎反外挂系统/功能操作命令,游戏引擎反外挂系统/功能操作命令/在文件的指定行插入一行内容.html,LFM2-2026-08-15-snapshot
LF-TOPIC-0353,动作,在线命令弹出菜单功能,,,,,,?,待逐页核对正文,待核对,待核对,0,,,未分配,,游戏引擎反外挂系统/功能操作命令,游戏引擎反外挂系统/功能操作命令/在线弹出菜单脚本.htm,LFM2-2026-08-15-snapshot
LF-TOPIC-0354,动作,在线泡经验,,,,,,?,待逐页核对正文,待核对,待核对,0,,,未分配,,游戏引擎反外挂系统/功能操作命令,游戏引擎反外挂系统/功能操作命令/在线泡经验.htm,LFM2-2026-08-15-snapshot
LF-TOPIC-0355,动作,在线修改宝宝名字[!],,,,,,?,待逐页核对正文,待核对,待核对,0,,,未分配,,游戏引擎反外挂系统/功能操作命令,游戏引擎反外挂系统/功能操作命令/在线修改宝宝名字.html,LFM2-2026-08-15-snapshot
LF-TOPIC-0356,动作,"暂停刷怪,停止刷怪",,,,,,?,待逐页核对正文,待核对,待核对,0,,,未分配,,游戏引擎反外挂系统/功能操作命令,游戏引擎反外挂系统/功能操作命令/暂停刷怪.html,LFM2-2026-08-15-snapshot
LF-TOPIC-0357,动作,增加附加伤害效果,,,,,,?,待逐页核对正文,待核对,待核对,0,,,未分配,,游戏引擎反外挂系统/功能操作命令,游戏引擎反外挂系统/功能操作命令/增加附加伤害效果.html,LFM2-2026-08-15-snapshot
LF-TOPIC-0358,动作,增加会员时间[!],,,,,,?,待逐页核对正文,待核对,待核对,0,,,未分配,,游戏引擎反外挂系统/功能操作命令,游戏引擎反外挂系统/功能操作命令/增加会员时间[!].htm,LFM2-2026-08-15-snapshot
LF-TOPIC-0359,动作,增加人物名在列表中,,,,,,?,待逐页核对正文,待核对,待核对,0,,,未分配,,游戏引擎反外挂系统/功能操作命令,游戏引擎反外挂系统/功能操作命令/增加人物名在列表中.htm,LFM2-2026-08-15-snapshot
LF-TOPIC-0360,动作,增加人物帐号在列表中,,,,,,?,待逐页核对正文,待核对,待核对,0,,,未分配,,游戏引擎反外挂系统/功能操作命令,游戏引擎反外挂系统/功能操作命令/增加人物帐号在列表中.html,LFM2-2026-08-15-snapshot
LF-TOPIC-0361,动作,增加人物IP在列表中,,,,,,?,待逐页核对正文,待核对,待核对,0,,,未分配,,游戏引擎反外挂系统/功能操作命令,游戏引擎反外挂系统/功能操作命令/增加人物IP在列表中.html,LFM2-2026-08-15-snapshot
LF-TOPIC-0362,动作,增加隐藏元素属性,,,,,,?,待逐页核对正文,待核对,待核对,0,,,未分配,,游戏引擎反外挂系统/功能操作命令,游戏引擎反外挂系统/功能操作命令/给人物增加隐藏元素属性.html,LFM2-2026-08-15-snapshot
LF-TOPIC-0363,动作,战斗力计算,,,,,,?,待逐页核对正文,待核对,待核对,0,,,未分配,,游戏引擎反外挂系统/功能操作命令,游戏引擎反外挂系统/功能操作命令/战斗力计算.html,LFM2-2026-08-15-snapshot
LF-TOPIC-0364,动作,掌门人踢出行会成员前触发,,,,,,?,待逐页核对正文,待核对,待核对,0,,,未分配,,游戏引擎反外挂系统/功能操作命令,游戏引擎反外挂系统/功能操作命令/掌门人踢出行会成员前触发.htm,LFM2-2026-08-15-snapshot
LF-TOPIC-0365,动作,召唤指定怪物为宝宝,,,,,,?,待逐页核对正文,待核对,待核对,0,,,未分配,,游戏引擎反外挂系统/功能操作命令,游戏引擎反外挂系统/功能操作命令/召唤指定怪物为宝宝.htm,LFM2-2026-08-15-snapshot
LF-TOPIC-0366,动作,致命一击触发，暴击触发,,,,,,?,待逐页核对正文,待核对,待核对,0,,,未分配,,游戏引擎反外挂系统/功能操作命令,游戏引擎反外挂系统/功能操作命令/致命一击触发.htm,LFM2-2026-08-15-snapshot
LF-TOPIC-0367,动作,重新分配人物附加属性点,,,,,,?,待逐页核对正文,待核对,待核对,0,,,未分配,,游戏引擎反外挂系统/功能操作命令,游戏引擎反外挂系统/功能操作命令/重新分配人物附加属性点.htm,LFM2-2026-08-15-snapshot
LF-TOPIC-0368,动作,转换职业,,,,,,?,待逐页核对正文,待核对,待核对,0,,,未分配,,游戏引擎反外挂系统/功能操作命令,游戏引擎反外挂系统/功能操作命令/更换职业.htm,LFM2-2026-08-15-snapshot
LF-TOPIC-0369,动作,装备名称自定义系统,,,,,,?,待逐页核对正文,待核对,待核对,0,,,未分配,,游戏引擎反外挂系统/功能操作命令,游戏引擎反外挂系统/功能操作命令/装备名称自定义系统.htm,LFM2-2026-08-15-snapshot
LF-TOPIC-0370,动作,装备属性升级,,,,,,?,待逐页核对正文,待核对,待核对,0,,,未分配,,游戏引擎反外挂系统/功能操作命令,游戏引擎反外挂系统/功能操作命令/装备升级功能.htm,LFM2-2026-08-15-snapshot
LF-TOPIC-0371,动作,装备投保功能,,,,,,?,待逐页核对正文,待核对,待核对,0,,,未分配,,游戏引擎反外挂系统/功能操作命令,游戏引擎反外挂系统/功能操作命令/装备投保功能.htm,LFM2-2026-08-15-snapshot
LF-TOPIC-0372,动作,字符串分隔命令,,,,,,?,待逐页核对正文,待核对,待核对,0,,,未分配,,游戏引擎反外挂系统/功能操作命令,游戏引擎反外挂系统/功能操作命令/字符串分隔命令.htm,LFM2-2026-08-15-snapshot
LF-TOPIC-0373,动作,字符串分隔命令,,,,,,?,待逐页核对正文,待核对,待核对,0,,,未分配,,游戏引擎反外挂系统/功能操作命令,游戏引擎反外挂系统/功能操作命令/字符串分隔命令.html,LFM2-2026-08-15-snapshot
LF-TOPIC-0374,动作,字符检测命令GetStringPosEX,,,,,,?,待逐页核对正文,待核对,待核对,0,,,未分配,,游戏引擎反外挂系统/功能操作命令,游戏引擎反外挂系统/功能操作命令/字符检测命令.htm,LFM2-2026-08-15-snapshot
LF-TOPIC-0375,动作,自定义变量按变量值大小排序[!],,,,,,?,待逐页核对正文,待核对,待核对,0,,,未分配,,游戏引擎反外挂系统/功能操作命令,游戏引擎反外挂系统/功能操作命令/自定义变量按变量值大小排序.htm,LFM2-2026-08-15-snapshot
LF-TOPIC-0376,动作,自定义变量功能,,,,,,?,待逐页核对正文,待核对,待核对,0,,,未分配,,游戏引擎反外挂系统/功能操作命令,游戏引擎反外挂系统/功能操作命令/自定义变量功能.htm,LFM2-2026-08-15-snapshot
LF-TOPIC-0377,动作,自定义OK框[!],,,,,,?,待逐页核对正文,待核对,待核对,0,,,未分配,,游戏引擎反外挂系统/功能操作命令,游戏引擎反外挂系统/功能操作命令/自定义OK框.htm,LFM2-2026-08-15-snapshot
LF-TOPIC-0378,动作,"自定义UI中自定义按钮使用,预留按钮",,,,,,?,待逐页核对正文,待核对,待核对,0,,,未分配,,游戏引擎反外挂系统/功能操作命令,游戏引擎反外挂系统/功能操作命令/自定义UI中自定义按钮使用.html,LFM2-2026-08-15-snapshot
LF-TOPIC-0379,动作,自动穿戴指定物品唯一ID的物品到身上,,,,,,?,待逐页核对正文,待核对,待核对,0,,,未分配,,游戏引擎反外挂系统/功能操作命令,游戏引擎反外挂系统/功能操作命令/通过物品唯一ID穿戴装备.htm,LFM2-2026-08-15-snapshot
LF-TOPIC-0380,动作,自动穿取装备,,,,,,?,待逐页核对正文,待核对,待核对,0,,,未分配,,游戏引擎反外挂系统/功能操作命令,游戏引擎反外挂系统/功能操作命令/自动穿取装备.htm,LFM2-2026-08-15-snapshot
LF-TOPIC-0381,动作,自动穿装备和取装备,,,,,,?,待逐页核对正文,待核对,待核对,0,,,未分配,,游戏引擎反外挂系统/功能操作命令,游戏引擎反外挂系统/功能操作命令/自动穿装备和取装备[!].htm,LFM2-2026-08-15-snapshot
LF-TOPIC-0382,动作,自动替换装备,,,,,,?,待逐页核对正文,待核对,待核对,0,,,未分配,,游戏引擎反外挂系统/功能操作命令,游戏引擎反外挂系统/功能操作命令/自动穿戴装备.htm,LFM2-2026-08-15-snapshot
LF-TOPIC-0383,动作,自动行走,,,,,,?,待逐页核对正文,待核对,待核对,0,,,未分配,,游戏引擎反外挂系统/功能操作命令,游戏引擎反外挂系统/功能操作命令/自动行走.html,LFM2-2026-08-15-snapshot
LF-TOPIC-0384,动作,GetPlayInfo命令使用大全,,,,,,?,待逐页核对正文,待核对,待核对,0,,,未分配,,游戏引擎反外挂系统/功能操作命令,游戏引擎反外挂系统/功能操作命令/GetPlayInfo命令使用大全.html,LFM2-2026-08-15-snapshot
LF-TOPIC-0385,动作,GM命令刷怪,,,,,,?,待逐页核对正文,待核对,待核对,0,,,未分配,,游戏引擎反外挂系统/功能操作命令,游戏引擎反外挂系统/功能操作命令/GM命令刷怪.htm,LFM2-2026-08-15-snapshot
LF-TOPIC-0386,动作,GOTO将传递参数返回值保存到变量，脚本参数回调,,,,,,?,待逐页核对正文,待核对,待核对,0,,,未分配,,游戏引擎反外挂系统/功能操作命令,游戏引擎反外挂系统/功能操作命令/GOTO参数返回值.html,LFM2-2026-08-15-snapshot
LF-TOPIC-0387,动作,HumanHP调整血量,,,,,,?,待逐页核对正文,待核对,待核对,0,,,未分配,,游戏引擎反外挂系统/功能操作命令,游戏引擎反外挂系统/功能操作命令/HumanHP调整血量.html,LFM2-2026-08-15-snapshot
LF-TOPIC-0388,动作,MobFireBurn地图光环效果,,,,,,?,待逐页核对正文,待核对,待核对,0,,,未分配,,游戏引擎反外挂系统/功能操作命令,游戏引擎反外挂系统/功能操作命令/MobFireBurn地图光环效果.htm,LFM2-2026-08-15-snapshot
LF-TOPIC-0389,动作,Mongen.txt 增加刷怪触发,,,,,,?,待逐页核对正文,待核对,待核对,0,,,未分配,,游戏引擎反外挂系统/功能操作命令,游戏引擎反外挂系统/功能操作命令/刷怪触发.htm,LFM2-2026-08-15-snapshot
LF-TOPIC-0390,动作,Npc命令捡物同步内挂物品，同步内挂捡取,,,,,,?,待逐页核对正文,待核对,待核对,0,,,未分配,,游戏引擎反外挂系统/功能操作命令,游戏引擎反外挂系统/功能操作命令/捡物同步内挂配置.htmL,LFM2-2026-08-15-snapshot
LF-TOPIC-0391,动作,TAKE收回背包物品,,,,,,?,待逐页核对正文,待核对,待核对,0,,,未分配,,游戏引擎反外挂系统/功能操作命令,游戏引擎反外挂系统/功能操作命令/TAKE收回背包物品.htm,LFM2-2026-08-15-snapshot
LF-TOPIC-0392,动作,宝宝立即叛变,,,,,,?,待逐页核对正文,待核对,待核对,0,,,未分配,,游戏引擎反外挂系统/兼容其它引擎的命令/功能操作命令,游戏引擎反外挂系统/兼容HeroM2/功能操作命令/宝宝立即叛变.htm,LFM2-2026-08-15-snapshot
LF-TOPIC-0393,动作,不允许宝石升级,,,,,,?,待逐页核对正文,待核对,待核对,0,,,未分配,,游戏引擎反外挂系统/兼容其它引擎的命令/功能操作命令,游戏引擎反外挂系统/兼容HeroM2/功能操作命令/不允许宝石升级.htm,LFM2-2026-08-15-snapshot
LF-TOPIC-0394,动作,查看动态地图链接点,,,,,,?,待逐页核对正文,待核对,待核对,0,,,未分配,,游戏引擎反外挂系统/兼容其它引擎的命令/功能操作命令,游戏引擎反外挂系统/兼容HeroM2/功能操作命令/查看动态地图链接点.htm,LFM2-2026-08-15-snapshot
LF-TOPIC-0395,动作,拆解物品,,,,,,?,待逐页核对正文,待核对,待核对,0,,,未分配,,游戏引擎反外挂系统/兼容其它引擎的命令/功能操作命令,游戏引擎反外挂系统/兼容HeroM2/功能操作命令/拆解物品.htm,LFM2-2026-08-15-snapshot
LF-TOPIC-0396,动作,穿人模式,,,,,,?,待逐页核对正文,待核对,待核对,0,,,未分配,,游戏引擎反外挂系统/兼容其它引擎的命令/功能操作命令,游戏引擎反外挂系统/兼容HeroM2/功能操作命令/穿人模式.htm,LFM2-2026-08-15-snapshot
LF-TOPIC-0397,动作,创建目录,,,,,,?,待逐页核对正文,待核对,待核对,0,,,未分配,,游戏引擎反外挂系统/兼容其它引擎的命令/功能操作命令,游戏引擎反外挂系统/兼容HeroM2/功能操作命令/创建目录.htm,LFM2-2026-08-15-snapshot
LF-TOPIC-0398,动作,打开网站地址,,,,,,?,待逐页核对正文,待核对,待核对,0,,,未分配,,游戏引擎反外挂系统/兼容其它引擎的命令/功能操作命令,游戏引擎反外挂系统/兼容HeroM2/功能操作命令/打开网站地址.htm,LFM2-2026-08-15-snapshot
LF-TOPIC-0399,动作,打开游戏商铺,,,,,,?,待逐页核对正文,待核对,待核对,0,,,未分配,,游戏引擎反外挂系统/兼容其它引擎的命令/功能操作命令,游戏引擎反外挂系统/兼容HeroM2/功能操作命令/打开游戏商铺.htm,LFM2-2026-08-15-snapshot
LF-TOPIC-0400,动作,地图随机物品,,,,,,?,待逐页核对正文,待核对,待核对,0,,,未分配,,游戏引擎反外挂系统/兼容其它引擎的命令/功能操作命令,游戏引擎反外挂系统/兼容HeroM2/功能操作命令/地图随机物品.htm,LFM2-2026-08-15-snapshot
LF-TOPIC-0401,动作,调整英雄的忠诚度,,,,,,?,待逐页核对正文,待核对,待核对,0,,,未分配,,游戏引擎反外挂系统/兼容其它引擎的命令/功能操作命令,游戏引擎反外挂系统/兼容HeroM2/功能操作命令/调整英雄的忠诚度.htm,LFM2-2026-08-15-snapshot
LF-TOPIC-0402,动作,调整英雄的PK值[!],,,,,,?,待逐页核对正文,待核对,待核对,0,,,未分配,,游戏引擎反外挂系统/兼容其它引擎的命令/功能操作命令,游戏引擎反外挂系统/兼容HeroM2/功能操作命令/调整英雄的PK值.htm,LFM2-2026-08-15-snapshot
LF-TOPIC-0403,动作,调整英雄等级[!],,,,,,?,待逐页核对正文,待核对,待核对,0,,,未分配,,游戏引擎反外挂系统/兼容其它引擎的命令/功能操作命令,游戏引擎反外挂系统/兼容HeroM2/功能操作命令/调整英雄等级.htm,LFM2-2026-08-15-snapshot
LF-TOPIC-0404,动作,调整英雄职业,,,,,,?,待逐页核对正文,待核对,待核对,0,,,未分配,,游戏引擎反外挂系统/兼容其它引擎的命令/功能操作命令,游戏引擎反外挂系统/兼容HeroM2/功能操作命令/调整英雄职业.htm,LFM2-2026-08-15-snapshot
LF-TOPIC-0405,动作,动态修改地图名字,,,,,,?,待逐页核对正文,待核对,待核对,0,,,未分配,,游戏引擎反外挂系统/兼容其它引擎的命令/功能操作命令,游戏引擎反外挂系统/兼容HeroM2/功能操作命令/动态修改地图名字.htm,LFM2-2026-08-15-snapshot
LF-TOPIC-0406,动作,读取文本内容到变量[!],,,,,,?,待逐页核对正文,待核对,待核对,0,,,未分配,,游戏引擎反外挂系统/兼容其它引擎的命令/功能操作命令,游戏引擎反外挂系统/兼容HeroM2/功能操作命令/读取文本内容到变量.htm,LFM2-2026-08-15-snapshot
LF-TOPIC-0407,动作,改变宝宝名字颜色,,,,,,?,待逐页核对正文,待核对,待核对,0,,,未分配,,游戏引擎反外挂系统/兼容其它引擎的命令/功能操作命令,游戏引擎反外挂系统/兼容HeroM2/功能操作命令/改变宝宝名字颜色.htm,LFM2-2026-08-15-snapshot
LF-TOPIC-0408,动作,改变人物的模式,,,,,,?,待逐页核对正文,待核对,待核对,0,,,未分配,,游戏引擎反外挂系统/兼容其它引擎的命令/功能操作命令,游戏引擎反外挂系统/兼容HeroM2/功能操作命令/改变人物的模式.htm,LFM2-2026-08-15-snapshot
LF-TOPIC-0409,动作,改变物品的持久,,,,,,?,待逐页核对正文,待核对,待核对,0,,,未分配,,游戏引擎反外挂系统/兼容其它引擎的命令/功能操作命令,游戏引擎反外挂系统/兼容HeroM2/功能操作命令/改变物品的持久.htm,LFM2-2026-08-15-snapshot
LF-TOPIC-0410,动作,改变衣服翅膀效果,,,,,,?,待逐页核对正文,待核对,待核对,0,,,未分配,,游戏引擎反外挂系统/兼容其它引擎的命令/功能操作命令,游戏引擎反外挂系统/兼容HeroM2/功能操作命令/改变衣服翅膀效果.htm,LFM2-2026-08-15-snapshot
LF-TOPIC-0411,动作,改变用户模式,,,,,,?,待逐页核对正文,待核对,待核对,0,,,未分配,,游戏引擎反外挂系统/兼容其它引擎的命令/功能操作命令,游戏引擎反外挂系统/兼容HeroM2/功能操作命令/改变用户模式.htm,LFM2-2026-08-15-snapshot
LF-TOPIC-0412,动作,改变指定行会的掌门人,,,,,,?,待逐页核对正文,待核对,待核对,0,,,未分配,,游戏引擎反外挂系统/兼容其它引擎的命令/功能操作命令,游戏引擎反外挂系统/兼容HeroM2/功能操作命令/改变指定行会的掌门人.htm,LFM2-2026-08-15-snapshot
LF-TOPIC-0413,动作,给予带绑定状态装备[!],,,,,,?,待逐页核对正文,待核对,待核对,0,,,未分配,,游戏引擎反外挂系统/兼容其它引擎的命令/功能操作命令,游戏引擎反外挂系统/兼容HeroM2/功能操作命令/给予带绑定状态装备.htm,LFM2-2026-08-15-snapshot
LF-TOPIC-0414,动作,给字符串增加空格,,,,,,?,待逐页核对正文,待核对,待核对,0,,,未分配,,游戏引擎反外挂系统/兼容其它引擎的命令/功能操作命令,游戏引擎反外挂系统/兼容HeroM2/功能操作命令/给字符串增加空格.html,LFM2-2026-08-15-snapshot
LF-TOPIC-0415,动作,关闭大对话框模式,,,,,,?,待逐页核对正文,待核对,待核对,0,,,未分配,,游戏引擎反外挂系统/兼容其它引擎的命令/功能操作命令,游戏引擎反外挂系统/兼容HeroM2/功能操作命令/关闭大对话框模式.htm,LFM2-2026-08-15-snapshot
LF-TOPIC-0416,动作,获取对面人物的名字,,,,,,?,待逐页核对正文,待核对,待核对,0,,,未分配,,游戏引擎反外挂系统/兼容其它引擎的命令/功能操作命令,游戏引擎反外挂系统/兼容HeroM2/功能操作命令/获取对面人物的名字.htm,LFM2-2026-08-15-snapshot
LF-TOPIC-0417,动作,获取玩家名字,,,,,,?,待逐页核对正文,待核对,待核对,0,,,未分配,,游戏引擎反外挂系统/兼容其它引擎的命令/功能操作命令,游戏引擎反外挂系统/兼容HeroM2/功能操作命令/获取玩家名字.htm,LFM2-2026-08-15-snapshot
LF-TOPIC-0418,动作,建立新行会,,,,,,?,待逐页核对正文,待核对,待核对,0,,,未分配,,游戏引擎反外挂系统/兼容其它引擎的命令/功能操作命令,游戏引擎反外挂系统/兼容HeroM2/功能操作命令/建立新行会.htm,LFM2-2026-08-15-snapshot
LF-TOPIC-0419,动作,建立一个文本文件,,,,,,?,待逐页核对正文,待核对,待核对,0,,,未分配,,游戏引擎反外挂系统/兼容其它引擎的命令/功能操作命令,游戏引擎反外挂系统/兼容HeroM2/功能操作命令/建立一个文本文件.htm,LFM2-2026-08-15-snapshot
LF-TOPIC-0420,动作,禁言、恢复发言,,,,,,?,待逐页核对正文,待核对,待核对,0,,,未分配,,游戏引擎反外挂系统/兼容其它引擎的命令/功能操作命令,游戏引擎反外挂系统/兼容HeroM2/功能操作命令/恢复发言.htm,LFM2-2026-08-15-snapshot
LF-TOPIC-0421,动作,排序人物自定义变量[!],,,,,,?,待逐页核对正文,待核对,待核对,0,,,未分配,,游戏引擎反外挂系统/兼容其它引擎的命令/功能操作命令,游戏引擎反外挂系统/兼容HeroM2/功能操作命令/排序人物自定义变量[!].htm,LFM2-2026-08-15-snapshot
LF-TOPIC-0422,动作,排序在线人物自定义变量[!],,,,,,?,待逐页核对正文,待核对,待核对,0,,,未分配,,游戏引擎反外挂系统/兼容其它引擎的命令/功能操作命令,游戏引擎反外挂系统/兼容HeroM2/功能操作命令/排序在线人物自定义变量[!].htm,LFM2-2026-08-15-snapshot
LF-TOPIC-0423,动作,屏幕中间显示公告,,,,,,?,待逐页核对正文,待核对,待核对,0,,,未分配,,游戏引擎反外挂系统/兼容其它引擎的命令/功能操作命令,游戏引擎反外挂系统/兼容HeroM2/功能操作命令/屏幕中间显示公告.htm,LFM2-2026-08-15-snapshot
LF-TOPIC-0424,动作,强制攻击模式,,,,,,?,待逐页核对正文,待核对,待核对,0,,,未分配,,游戏引擎反外挂系统/兼容其它引擎的命令/功能操作命令,游戏引擎反外挂系统/兼容HeroM2/功能操作命令/强制攻击模式.htm,LFM2-2026-08-15-snapshot
LF-TOPIC-0425,动作,清除宝石升级属性,,,,,,?,待逐页核对正文,待核对,待核对,0,,,未分配,,游戏引擎反外挂系统/兼容其它引擎的命令/功能操作命令,游戏引擎反外挂系统/兼容HeroM2/功能操作命令/清除宝石升级属性.htm,LFM2-2026-08-15-snapshot
LF-TOPIC-0426,动作,取得随机字符串,,,,,,?,待逐页核对正文,待核对,待核对,0,,,未分配,,游戏引擎反外挂系统/兼容其它引擎的命令/功能操作命令,游戏引擎反外挂系统/兼容HeroM2/功能操作命令/取得随机字符串.htm,LFM2-2026-08-15-snapshot
LF-TOPIC-0427,动作,取下人物身上装备,,,,,,?,待逐页核对正文,待核对,待核对,0,,,未分配,,游戏引擎反外挂系统/兼容其它引擎的命令/功能操作命令,游戏引擎反外挂系统/兼容HeroM2/功能操作命令/取下人物身上装备.htm,LFM2-2026-08-15-snapshot
LF-TOPIC-0428,动作,取装备名字,,,,,,?,待逐页核对正文,待核对,待核对,0,,,未分配,,游戏引擎反外挂系统/兼容其它引擎的命令/功能操作命令,游戏引擎反外挂系统/兼容HeroM2/功能操作命令/取装备名字.htm,LFM2-2026-08-15-snapshot
LF-TOPIC-0429,动作,取字符串在列表中的位置,,,,,,?,待逐页核对正文,待核对,待核对,0,,,未分配,,游戏引擎反外挂系统/兼容其它引擎的命令/功能操作命令,游戏引擎反外挂系统/兼容HeroM2/功能操作命令/取字符串在列表中的位置.htm,LFM2-2026-08-15-snapshot
LF-TOPIC-0430,动作,人物聊天文字变色,,,,,,?,待逐页核对正文,待核对,待核对,0,,,未分配,,游戏引擎反外挂系统/兼容其它引擎的命令/功能操作命令,游戏引擎反外挂系统/兼容HeroM2/功能操作命令/人物聊天文字变色.htm,LFM2-2026-08-15-snapshot
LF-TOPIC-0431,动作,杀死地图中的怪物,,,,,,?,待逐页核对正文,待核对,待核对,0,,,未分配,,游戏引擎反外挂系统/兼容其它引擎的命令/功能操作命令,游戏引擎反外挂系统/兼容HeroM2/功能操作命令/杀死地图中的怪物.htm,LFM2-2026-08-15-snapshot
LF-TOPIC-0432,动作,杀死人物的宝宝,,,,,,?,待逐页核对正文,待核对,待核对,0,,,未分配,,游戏引擎反外挂系统/兼容其它引擎的命令/功能操作命令,游戏引擎反外挂系统/兼容HeroM2/功能操作命令/杀死人物的宝宝.htm,LFM2-2026-08-15-snapshot
LF-TOPIC-0433,动作,删除地图动态链接点,,,,,,?,待逐页核对正文,待核对,待核对,0,,,未分配,,游戏引擎反外挂系统/兼容其它引擎的命令/功能操作命令,游戏引擎反外挂系统/兼容HeroM2/功能操作命令/删除地图动态链接点.htm,LFM2-2026-08-15-snapshot
LF-TOPIC-0434,动作,设置人物伤害吸收,,,,,,?,待逐页核对正文,待核对,待核对,0,,,未分配,,游戏引擎反外挂系统/兼容其它引擎的命令/功能操作命令,游戏引擎反外挂系统/兼容HeroM2/功能操作命令/设置人物伤害吸收.htm,LFM2-2026-08-15-snapshot
LF-TOPIC-0435,动作,设置人物商铺购买价格比例,,,,,,?,待逐页核对正文,待核对,待核对,0,,,未分配,,游戏引擎反外挂系统/兼容其它引擎的命令/功能操作命令,游戏引擎反外挂系统/兼容HeroM2/功能操作命令/设置人物商铺购买价格比例.htm,LFM2-2026-08-15-snapshot
LF-TOPIC-0436,动作,设置物品和人物绑定[!],,,,,,?,待逐页核对正文,待核对,待核对,0,,,未分配,,游戏引擎反外挂系统/兼容其它引擎的命令/功能操作命令,游戏引擎反外挂系统/兼容HeroM2/功能操作命令/设置物品和人物绑定.htm,LFM2-2026-08-15-snapshot
LF-TOPIC-0437,动作,设置英雄伤害吸收,,,,,,?,待逐页核对正文,待核对,待核对,0,,,未分配,,游戏引擎反外挂系统/兼容其它引擎的命令/功能操作命令,游戏引擎反外挂系统/兼容HeroM2/功能操作命令/设置英雄伤害吸收.htm,LFM2-2026-08-15-snapshot
LF-TOPIC-0438,动作,设置装备绑定状态[!],,,,,,?,待逐页核对正文,待核对,待核对,0,,,未分配,,游戏引擎反外挂系统/兼容其它引擎的命令/功能操作命令,游戏引擎反外挂系统/兼容HeroM2/功能操作命令/设置装备绑定状态.htm,LFM2-2026-08-15-snapshot
LF-TOPIC-0439,动作,设置装备发光,,,,,,?,待逐页核对正文,待核对,待核对,0,,,未分配,,游戏引擎反外挂系统/兼容其它引擎的命令/功能操作命令,游戏引擎反外挂系统/兼容HeroM2/功能操作命令/设置装备发光.htm,LFM2-2026-08-15-snapshot
LF-TOPIC-0440,动作,收回人物的英雄,,,,,,?,待逐页核对正文,待核对,待核对,0,,,未分配,,游戏引擎反外挂系统/兼容其它引擎的命令/功能操作命令,游戏引擎反外挂系统/兼容HeroM2/功能操作命令/收回人物的英雄.htm,LFM2-2026-08-15-snapshot
LF-TOPIC-0441,动作,随机验证码,,,,,,?,待逐页核对正文,待核对,待核对,0,,,未分配,,游戏引擎反外挂系统/兼容其它引擎的命令/功能操作命令,游戏引擎反外挂系统/兼容HeroM2/功能操作命令/随机验证码.htm,LFM2-2026-08-15-snapshot
LF-TOPIC-0442,动作,所有行会同时攻城,,,,,,?,待逐页核对正文,待核对,待核对,0,,,未分配,,游戏引擎反外挂系统/兼容其它引擎的命令/功能操作命令,游戏引擎反外挂系统/兼容HeroM2/功能操作命令/所有行会同时攻城.htm,LFM2-2026-08-15-snapshot
LF-TOPIC-0443,动作,特修身上装备,,,,,,?,待逐页核对正文,待核对,待核对,0,,,未分配,,游戏引擎反外挂系统/兼容其它引擎的命令/功能操作命令,游戏引擎反外挂系统/兼容HeroM2/功能操作命令/特修身上装备.htm,LFM2-2026-08-15-snapshot
LF-TOPIC-0444,动作,物品合成.JPG,,,,,,?,待逐页核对正文,待核对,待核对,0,,,未分配,,游戏引擎反外挂系统/兼容其它引擎的命令/功能操作命令,游戏引擎反外挂系统/兼容HeroM2/功能操作命令/物品合成.JPG,LFM2-2026-08-15-snapshot
LF-TOPIC-0445,动作,物品合成系统,,,,,,?,待逐页核对正文,待核对,待核对,0,,,未分配,,游戏引擎反外挂系统/兼容其它引擎的命令/功能操作命令,游戏引擎反外挂系统/兼容HeroM2/功能操作命令/物品合成系统.htm,LFM2-2026-08-15-snapshot
LF-TOPIC-0446,动作,写入指定文本文件,,,,,,?,待逐页核对正文,待核对,待核对,0,,,未分配,,游戏引擎反外挂系统/兼容其它引擎的命令/功能操作命令,游戏引擎反外挂系统/兼容HeroM2/功能操作命令/写入指定文本文件[!].htm,LFM2-2026-08-15-snapshot
LF-TOPIC-0447,动作,新的装备改名,,,,,,?,待逐页核对正文,待核对,待核对,0,,,未分配,,游戏引擎反外挂系统/兼容其它引擎的命令/功能操作命令,游戏引擎反外挂系统/兼容HeroM2/功能操作命令/新的装备改名.htm,LFM2-2026-08-15-snapshot
LF-TOPIC-0448,动作,延时执行脚本,,,,,,?,待逐页核对正文,待核对,待核对,0,,,未分配,,游戏引擎反外挂系统/兼容其它引擎的命令/功能操作命令,游戏引擎反外挂系统/兼容HeroM2/功能操作命令/延时执行脚本.htm,LFM2-2026-08-15-snapshot
LF-TOPIC-0449,动作,移动怪物到新坐标,,,,,,?,待逐页核对正文,待核对,待核对,0,,,未分配,,游戏引擎反外挂系统/兼容其它引擎的命令/功能操作命令,游戏引擎反外挂系统/兼容HeroM2/功能操作命令/移动怪物到新坐标.htm,LFM2-2026-08-15-snapshot
LF-TOPIC-0450,动作,移动某地图全部人物到另外一个地图,,,,,,?,待逐页核对正文,待核对,待核对,0,,,未分配,,游戏引擎反外挂系统/兼容其它引擎的命令/功能操作命令,游戏引擎反外挂系统/兼容HeroM2/功能操作命令/移动某地图全部人物到另外一个地图.htm,LFM2-2026-08-15-snapshot
LF-TOPIC-0451,动作,英雄登录器荣誉,,,,,,?,待逐页核对正文,待核对,待核对,0,,,未分配,,游戏引擎反外挂系统/兼容其它引擎的命令/功能操作命令,游戏引擎反外挂系统/兼容HeroM2/功能操作命令/英雄登录器荣誉.htm,LFM2-2026-08-15-snapshot
LF-TOPIC-0452,动作,英雄增加以及删除技能,,,,,,?,待逐页核对正文,待核对,待核对,0,,,未分配,,游戏引擎反外挂系统/兼容其它引擎的命令/功能操作命令,游戏引擎反外挂系统/兼容HeroM2/功能操作命令/清除英雄所有技能.htm,LFM2-2026-08-15-snapshot
LF-TOPIC-0453,动作,增加限次使用物品的次数,,,,,,?,待逐页核对正文,待核对,待核对,0,,,未分配,,游戏引擎反外挂系统/兼容其它引擎的命令/功能操作命令,游戏引擎反外挂系统/兼容HeroM2/功能操作命令/增加限次使用物品的次数.htm,LFM2-2026-08-15-snapshot
LF-TOPIC-0454,动作,召唤自己的分身,,,,,,?,待逐页核对正文,待核对,待核对,0,,,未分配,,游戏引擎反外挂系统/兼容其它引擎的命令/功能操作命令,游戏引擎反外挂系统/兼容HeroM2/功能操作命令/召唤自己的分身.htm,LFM2-2026-08-15-snapshot
LF-TOPIC-0455,动作,自定义颜色文字发送,,,,,,?,待逐页核对正文,待核对,待核对,0,,,未分配,,游戏引擎反外挂系统/兼容其它引擎的命令/功能操作命令,游戏引擎反外挂系统/兼容HeroM2/功能操作命令/自定义颜色文字发送.htm,LFM2-2026-08-15-snapshot
LF-TOPIC-0456,动作,自动穿戴装备,,,,,,?,待逐页核对正文,待核对,待核对,0,,,未分配,,游戏引擎反外挂系统/兼容其它引擎的命令/功能操作命令,游戏引擎反外挂系统/兼容HeroM2/功能操作命令/自动穿戴装备.htm,LFM2-2026-08-15-snapshot
LF-TOPIC-0457,动作,自动寻路,,,,,,?,待逐页核对正文,待核对,待核对,0,,,未分配,,游戏引擎反外挂系统/兼容其它引擎的命令/功能操作命令,游戏引擎反外挂系统/兼容HeroM2/功能操作命令/自动寻路.htm,LFM2-2026-08-15-snapshot
LF-TOPIC-0458,检测,检测被自己杀死宝宝的名字,,,,,,?,待逐页核对正文,待核对,待核对,0,,,未分配,,游戏引擎反外挂系统/兼容其它引擎的命令/脚本检测命令,游戏引擎反外挂系统/兼容HeroM2/脚本检测命令/检测被自己杀死宝宝的名字.htm,LFM2-2026-08-15-snapshot
LF-TOPIC-0459,检测,检测本月的天数,,,,,,?,待逐页核对正文,待核对,待核对,0,,,未分配,,游戏引擎反外挂系统/兼容其它引擎的命令/脚本检测命令,游戏引擎反外挂系统/兼容HeroM2/脚本检测命令/检测本月的天数.htm,LFM2-2026-08-15-snapshot
LF-TOPIC-0460,检测,检测当前宝石升级装备的名字,,,,,,?,待逐页核对正文,待核对,待核对,0,,,未分配,,游戏引擎反外挂系统/兼容其它引擎的命令/脚本检测命令,游戏引擎反外挂系统/兼容HeroM2/脚本检测命令/检测当前宝石升级装备的名字.htm,LFM2-2026-08-15-snapshot
LF-TOPIC-0461,检测,检测服务器最高属性人物命令,,,,,,?,待逐页核对正文,待核对,待核对,0,,,未分配,,游戏引擎反外挂系统/兼容其它引擎的命令/脚本检测命令,游戏引擎反外挂系统/兼容HeroM2/脚本检测命令/检查在线最高属性人物.htm,LFM2-2026-08-15-snapshot
LF-TOPIC-0462,检测,检测人物的攻击模式,,,,,,?,待逐页核对正文,待核对,待核对,0,,,未分配,,游戏引擎反外挂系统/兼容其它引擎的命令/脚本检测命令,游戏引擎反外挂系统/兼容HeroM2/脚本检测命令/检测人物的攻击模式.htm,LFM2-2026-08-15-snapshot
LF-TOPIC-0463,检测,检测人物的伤害吸收,,,,,,?,待逐页核对正文,待核对,待核对,0,,,未分配,,游戏引擎反外挂系统/兼容其它引擎的命令/脚本检测命令,游戏引擎反外挂系统/兼容HeroM2/脚本检测命令/检测人物的伤害吸收.htm,LFM2-2026-08-15-snapshot
LF-TOPIC-0464,检测,检测人物是否挂机,,,,,,?,待逐页核对正文,待核对,待核对,0,,,未分配,,游戏引擎反外挂系统/兼容其它引擎的命令/脚本检测命令,游戏引擎反外挂系统/兼容HeroM2/脚本检测命令/检测人物是否挂机.htm,LFM2-2026-08-15-snapshot
LF-TOPIC-0465,检测,检测物品持久,,,,,,?,待逐页核对正文,待核对,待核对,0,,,未分配,,游戏引擎反外挂系统/兼容其它引擎的命令/脚本检测命令,游戏引擎反外挂系统/兼容HeroM2/脚本检测命令/检测物品持久.htm,LFM2-2026-08-15-snapshot
LF-TOPIC-0466,检测,检测物品纯度,,,,,,?,待逐页核对正文,待核对,待核对,0,,,未分配,,游戏引擎反外挂系统/兼容其它引擎的命令/脚本检测命令,游戏引擎反外挂系统/兼容HeroM2/脚本检测命令/检测物品纯度.htm,LFM2-2026-08-15-snapshot
LF-TOPIC-0467,检测,检测新属性,,,,,,?,待逐页核对正文,待核对,待核对,0,,,未分配,,游戏引擎反外挂系统/兼容其它引擎的命令/脚本检测命令,游戏引擎反外挂系统/兼容HeroM2/脚本检测命令/检测新属性.htm,LFM2-2026-08-15-snapshot
LF-TOPIC-0468,检测,检测英雄的伤害吸收,,,,,,?,待逐页核对正文,待核对,待核对,0,,,未分配,,游戏引擎反外挂系统/兼容其它引擎的命令/脚本检测命令,游戏引擎反外挂系统/兼容HeroM2/脚本检测命令/检测英雄的伤害吸收.htm,LFM2-2026-08-15-snapshot
LF-TOPIC-0469,检测,检测英雄的忠诚度,,,,,,?,待逐页核对正文,待核对,待核对,0,,,未分配,,游戏引擎反外挂系统/兼容其它引擎的命令/脚本检测命令,游戏引擎反外挂系统/兼容HeroM2/脚本检测命令/检测英雄的忠诚度.htm,LFM2-2026-08-15-snapshot
LF-TOPIC-0470,检测,检测英雄的PK值,,,,,,?,待逐页核对正文,待核对,待核对,0,,,未分配,,游戏引擎反外挂系统/兼容其它引擎的命令/脚本检测命令,游戏引擎反外挂系统/兼容HeroM2/脚本检测命令/检测英雄的PK值.htm,LFM2-2026-08-15-snapshot
LF-TOPIC-0471,检测,检测英雄登录器荣誉,,,,,,?,待逐页核对正文,待核对,待核对,0,,,未分配,,游戏引擎反外挂系统/兼容其它引擎的命令/脚本检测命令,游戏引擎反外挂系统/兼容HeroM2/脚本检测命令/检测英雄登录器荣誉.htm,LFM2-2026-08-15-snapshot
LF-TOPIC-0472,检测,检测英雄职业,,,,,,?,待逐页核对正文,待核对,待核对,0,,,未分配,,游戏引擎反外挂系统/兼容其它引擎的命令/脚本检测命令,游戏引擎反外挂系统/兼容HeroM2/脚本检测命令/检测英雄职业.htm,LFM2-2026-08-15-snapshot
LF-TOPIC-0473,检测,检测月份,,,,,,?,待逐页核对正文,待核对,待核对,0,,,未分配,,游戏引擎反外挂系统/兼容其它引擎的命令/脚本检测命令,游戏引擎反外挂系统/兼容HeroM2/脚本检测命令/检测月份.htm,LFM2-2026-08-15-snapshot
LF-TOPIC-0474,检测,检测装备的附加属性总和[!],,,,,,?,待逐页核对正文,待核对,待核对,0,,,未分配,,游戏引擎反外挂系统/兼容其它引擎的命令/脚本检测命令,游戏引擎反外挂系统/兼容HeroM2/脚本检测命令/检测装备的附加属性总和[!].htm,LFM2-2026-08-15-snapshot
LF-TOPIC-0475,检测,检测装备名字颜色,,,,,,?,待逐页核对正文,待核对,待核对,0,,,未分配,,游戏引擎反外挂系统/兼容其它引擎的命令/脚本检测命令,游戏引擎反外挂系统/兼容HeroM2/脚本检测命令/检测装备名字颜色.htm,LFM2-2026-08-15-snapshot
LF-TOPIC-0476,检测,检测字符串长度命令,,,,,,?,待逐页核对正文,待核对,待核对,0,,,未分配,,游戏引擎反外挂系统/兼容其它引擎的命令/脚本检测命令,游戏引擎反外挂系统/兼容HeroM2/脚本检测命令/检测字符串长度命令.htm,LFM2-2026-08-15-snapshot
LF-TOPIC-0477,检测,检查宝宝数量,,,,,,?,待逐页核对正文,待核对,待核对,0,,,未分配,,游戏引擎反外挂系统/兼容其它引擎的命令/脚本检测命令,游戏引擎反外挂系统/兼容HeroM2/脚本检测命令/检查宝宝数量.htm,LFM2-2026-08-15-snapshot
LF-TOPIC-0478,检测,检查宝宝最高等级,,,,,,?,待逐页核对正文,待核对,待核对,0,,,未分配,,游戏引擎反外挂系统/兼容其它引擎的命令/脚本检测命令,游戏引擎反外挂系统/兼容HeroM2/脚本检测命令/检查宝宝最高等级.htm,LFM2-2026-08-15-snapshot
LF-TOPIC-0479,检测,检查地图中的人物是否属于同一个行会,,,,,,?,待逐页核对正文,待核对,待核对,0,,,未分配,,游戏引擎反外挂系统/兼容其它引擎的命令/脚本检测命令,游戏引擎反外挂系统/兼容HeroM2/脚本检测命令/检查地图中的人物是否属于同一个行会.htm,LFM2-2026-08-15-snapshot
LF-TOPIC-0480,检测,检查人物被踢次数,,,,,,?,待逐页核对正文,待核对,待核对,0,,,未分配,,游戏引擎反外挂系统/兼容其它引擎的命令/脚本检测命令,游戏引擎反外挂系统/兼容HeroM2/脚本检测命令/检查人物被踢次数.htm,LFM2-2026-08-15-snapshot
LF-TOPIC-0481,检测,检查人物杀死怪物的名字,,,,,,?,待逐页核对正文,待核对,待核对,0,,,未分配,,游戏引擎反外挂系统/兼容其它引擎的命令/脚本检测命令,游戏引擎反外挂系统/兼容HeroM2/脚本检测命令/检查人物杀死怪物的名字.htm,LFM2-2026-08-15-snapshot
LF-TOPIC-0482,检测,检查人物是否学习了某项魔法,,,,,,?,待逐页核对正文,待核对,待核对,0,,,未分配,,游戏引擎反外挂系统/兼容其它引擎的命令/脚本检测命令,游戏引擎反外挂系统/兼容HeroM2/脚本检测命令/检查人物是否学习了某项魔法.htm,LFM2-2026-08-15-snapshot
LF-TOPIC-0483,检测,检查人物是否在指定范围内,,,,,,?,待逐页核对正文,待核对,待核对,0,,,未分配,,游戏引擎反外挂系统/兼容其它引擎的命令/脚本检测命令,游戏引擎反外挂系统/兼容HeroM2/脚本检测命令/检查人物是否在指定范围内.htm,LFM2-2026-08-15-snapshot
LF-TOPIC-0484,检测,"检查人物所在地图是否允许使用记忆,夫妻,师徒传送",,,,,,?,待逐页核对正文,待核对,待核对,0,,,未分配,,游戏引擎反外挂系统/兼容其它引擎的命令/脚本检测命令,"游戏引擎反外挂系统/兼容HeroM2/脚本检测命令/检查人物所在地图是否允许使用记忆,夫妻,师徒传送.htm",LFM2-2026-08-15-snapshot
LF-TOPIC-0485,检测,检查是被人物还是怪物杀死的,,,,,,?,待逐页核对正文,待核对,待核对,0,,,未分配,,游戏引擎反外挂系统/兼容其它引擎的命令/脚本检测命令,游戏引擎反外挂系统/兼容HeroM2/脚本检测命令/检查是被人物还是怪物杀死的.htm,LFM2-2026-08-15-snapshot
LF-TOPIC-0486,检测,检查是否有英雄,,,,,,?,待逐页核对正文,待核对,待核对,0,,,未分配,,游戏引擎反外挂系统/兼容其它引擎的命令/脚本检测命令,游戏引擎反外挂系统/兼容HeroM2/脚本检测命令/检查是否有英雄.htm,LFM2-2026-08-15-snapshot
LF-TOPIC-0487,检测,检查一个范围内怪物数,,,,,,?,待逐页核对正文,待核对,待核对,0,,,未分配,,游戏引擎反外挂系统/兼容其它引擎的命令/脚本检测命令,游戏引擎反外挂系统/兼容HeroM2/脚本检测命令/检查一个范围内怪物数.htm,LFM2-2026-08-15-snapshot
LF-TOPIC-0488,检测,检查英雄等级,,,,,,?,待逐页核对正文,待核对,待核对,0,,,未分配,,游戏引擎反外挂系统/兼容其它引擎的命令/脚本检测命令,游戏引擎反外挂系统/兼容HeroM2/脚本检测命令/检查英雄等级.htm,LFM2-2026-08-15-snapshot
LF-TOPIC-0489,检测,检查正在穿身上装备的名字名字,,,,,,?,待逐页核对正文,待核对,待核对,0,,,未分配,,游戏引擎反外挂系统/兼容其它引擎的命令/脚本检测命令,游戏引擎反外挂系统/兼容HeroM2/脚本检测命令/检查正在穿身上装备的名字.html,LFM2-2026-08-15-snapshot
LF-TOPIC-0490,检测,检查正在攻击中的怪物名字,,,,,,?,待逐页核对正文,待核对,待核对,0,,,未分配,,游戏引擎反外挂系统/兼容其它引擎的命令/脚本检测命令,游戏引擎反外挂系统/兼容HeroM2/脚本检测命令/检查正在攻击中的怪物名字.htm,LFM2-2026-08-15-snapshot
LF-TOPIC-0491,检测,检查正在取下身上装备的名字,,,,,,?,待逐页核对正文,待核对,待核对,0,,,未分配,,游戏引擎反外挂系统/兼容其它引擎的命令/脚本检测命令,游戏引擎反外挂系统/兼容HeroM2/脚本检测命令/检查正在取下身上装备的名字.htm,LFM2-2026-08-15-snapshot
LF-TOPIC-0492,检测,检查指定范围内人物数量,,,,,,?,待逐页核对正文,待核对,待核对,0,,,未分配,,游戏引擎反外挂系统/兼容其它引擎的命令/脚本检测命令,游戏引擎反外挂系统/兼容HeroM2/脚本检测命令/检查指定范围内人物数量.htm,LFM2-2026-08-15-snapshot
LF-TOPIC-0493,检测,检查指定人物背包空格数量,,,,,,?,待逐页核对正文,待核对,待核对,0,,,未分配,,游戏引擎反外挂系统/兼容其它引擎的命令/脚本检测命令,游戏引擎反外挂系统/兼容HeroM2/脚本检测命令/检查指定人物背包空格数量.htm,LFM2-2026-08-15-snapshot
LF-TOPIC-0494,检测,检查装备升级次数,,,,,,?,待逐页核对正文,待核对,待核对,0,,,未分配,,游戏引擎反外挂系统/兼容其它引擎的命令/脚本检测命令,游戏引擎反外挂系统/兼容HeroM2/脚本检测命令/检查装备升级次数.htm,LFM2-2026-08-15-snapshot
LF-TOPIC-0495,检测,检查自己和宝宝之间的距离[!],,,,,,?,待逐页核对正文,待核对,待核对,0,,,未分配,,游戏引擎反外挂系统/兼容其它引擎的命令/脚本检测命令,游戏引擎反外挂系统/兼容HeroM2/脚本检测命令/检查自己和宝宝之间的距离[!].htm,LFM2-2026-08-15-snapshot
LF-TOPIC-0496,触发,摆摊触发脚本,,,,,,?,待逐页核对正文,待核对,待核对,0,,,未分配,,游戏引擎反外挂系统/兼容其它引擎的命令/特殊触发功能,游戏引擎反外挂系统/兼容HeroM2/特殊触发功能/摆摊触发脚本.htm,LFM2-2026-08-15-snapshot
LF-TOPIC-0497,触发,购买商铺物品时触发,,,,,,?,待逐页核对正文,待核对,待核对,0,,,未分配,,游戏引擎反外挂系统/兼容其它引擎的命令/特殊触发功能,游戏引擎反外挂系统/兼容HeroM2/特殊触发功能/购买商铺物品时触发.htm,LFM2-2026-08-15-snapshot
LF-TOPIC-0498,触发,技能触发脚本功能,,,,,,?,待逐页核对正文,待核对,待核对,0,,,未分配,,游戏引擎反外挂系统/兼容其它引擎的命令/特殊触发功能,游戏引擎反外挂系统/兼容HeroM2/特殊触发功能/技能触发脚本功能.htm,LFM2-2026-08-15-snapshot
LF-TOPIC-0499,系统功能,宝石升级系统[!],,,,,,?,待逐页核对正文,待核对,待核对,0,,,未分配,,游戏引擎反外挂系统/兼容其它引擎的命令/游戏功能详解,游戏引擎反外挂系统/兼容HeroM2/游戏功能详解/宝石升级系统[!].htm,LFM2-2026-08-15-snapshot
LF-TOPIC-0500,系统功能,毒素武器[!],,,,,,?,待逐页核对正文,待核对,待核对,0,,,未分配,,游戏引擎反外挂系统/兼容其它引擎的命令/游戏功能详解,游戏引擎反外挂系统/兼容HeroM2/游戏功能详解/毒素武器[!].htm,LFM2-2026-08-15-snapshot
LF-TOPIC-0501,检测,获取当前镖车名称和坐标,,,,,,?,待逐页核对正文,待核对,待核对,0,,,未分配,,游戏引擎反外挂系统/脚本检测命令,游戏引擎反外挂系统/脚本检测命令/获取当前镖车名称和坐标.htm,LFM2-2026-08-15-snapshot
LF-TOPIC-0502,检测,获取地图怪物坐标,,,,,,?,待逐页核对正文,待核对,待核对,0,,,未分配,,游戏引擎反外挂系统/脚本检测命令,游戏引擎反外挂系统/脚本检测命令/获取地图怪物坐标.htm,LFM2-2026-08-15-snapshot
LF-TOPIC-0503,检测,获取行会人数脚本命令,,,,,,?,待逐页核对正文,待核对,待核对,0,,,未分配,,游戏引擎反外挂系统/脚本检测命令,游戏引擎反外挂系统/脚本检测命令/获取行会人数脚本命令.htm,LFM2-2026-08-15-snapshot
LF-TOPIC-0504,检测,获取自定义怪物攻击类型,,,,,,?,待逐页核对正文,待核对,待核对,0,,,未分配,,游戏引擎反外挂系统/脚本检测命令,游戏引擎反外挂系统/脚本检测命令/获取自定义怪物攻击类型.htm,LFM2-2026-08-15-snapshot
LF-TOPIC-0505,检测,获取NPC坐标,,,,,,?,待逐页核对正文,待核对,待核对,0,,,未分配,,游戏引擎反外挂系统/脚本检测命令,游戏引擎反外挂系统/脚本检测命令/获取NPC坐标.htm,LFM2-2026-08-15-snapshot
LF-TOPIC-0506,检测,检测包裹中满经验聚灵珠数量,,,,,,?,待逐页核对正文,待核对,待核对,0,,,未分配,,游戏引擎反外挂系统/脚本检测命令,游戏引擎反外挂系统/脚本检测命令/检测包裹中满经验聚灵珠数量.htm,LFM2-2026-08-15-snapshot
LF-TOPIC-0507,检测,检测背包是否包含文件中的物品,,,,,,?,待逐页核对正文,待核对,待核对,0,,,未分配,,游戏引擎反外挂系统/脚本检测命令,游戏引擎反外挂系统/脚本检测命令/检测背包是否包含文件中的物品.htm,LFM2-2026-08-15-snapshot
LF-TOPIC-0508,检测,检测背包是否有指定物品[!],,,,,,?,待逐页核对正文,待核对,待核对,0,,,未分配,,游戏引擎反外挂系统/脚本检测命令,游戏引擎反外挂系统/脚本检测命令/检测背包是否有指定物品.htm,LFM2-2026-08-15-snapshot
LF-TOPIC-0509,检测,检测被自己杀死宝宝的名字,,,,,,?,待逐页核对正文,待核对,待核对,0,,,未分配,,游戏引擎反外挂系统/脚本检测命令,游戏引擎反外挂系统/脚本检测命令/检测被自己杀死宝宝的名字[!].htm,LFM2-2026-08-15-snapshot
LF-TOPIC-0510,检测,检测当前目标类型,,,,,,?,待逐页核对正文,待核对,待核对,0,,,未分配,,游戏引擎反外挂系统/脚本检测命令,游戏引擎反外挂系统/脚本检测命令/检测当前目标类型.html,LFM2-2026-08-15-snapshot
LF-TOPIC-0511,检测,检测地图范围怪物数量,,,,,,?,待逐页核对正文,待核对,待核对,0,,,未分配,,游戏引擎反外挂系统/脚本检测命令,游戏引擎反外挂系统/脚本检测命令/检测地图范围怪物数量.html,LFM2-2026-08-15-snapshot
LF-TOPIC-0512,检测,检测地图相同怪物数,,,,,,?,待逐页核对正文,待核对,待核对,0,,,未分配,,游戏引擎反外挂系统/脚本检测命令,游戏引擎反外挂系统/脚本检测命令/检测地图相同怪物数.html,LFM2-2026-08-15-snapshot
LF-TOPIC-0513,检测,检测地图坐标是否可以到达,,,,,,?,待逐页核对正文,待核对,待核对,0,,,未分配,,游戏引擎反外挂系统/脚本检测命令,游戏引擎反外挂系统/脚本检测命令/检测地图坐标是否可以到达.html,LFM2-2026-08-15-snapshot
LF-TOPIC-0514,检测,检测对象状态,,,,,,?,待逐页核对正文,待核对,待核对,0,,,未分配,,游戏引擎反外挂系统/脚本检测命令,游戏引擎反外挂系统/脚本检测命令/检测对象状态.htm,LFM2-2026-08-15-snapshot
LF-TOPIC-0515,检测,检测会员剩余时间,,,,,,?,待逐页核对正文,待核对,待核对,0,,,未分配,,游戏引擎反外挂系统/脚本检测命令,游戏引擎反外挂系统/脚本检测命令/检测会员剩余时间.html,LFM2-2026-08-15-snapshot
LF-TOPIC-0516,检测,检测技能修炼点数,,,,,,?,待逐页核对正文,待核对,待核对,0,,,未分配,,游戏引擎反外挂系统/脚本检测命令,游戏引擎反外挂系统/脚本检测命令/检测技能修炼点.htm,LFM2-2026-08-15-snapshot
LF-TOPIC-0517,检测,检测魔法盾是否启用,,,,,,?,待逐页核对正文,待核对,待核对,0,,,未分配,,游戏引擎反外挂系统/脚本检测命令,游戏引擎反外挂系统/脚本检测命令/检测魔法盾是否开启.htm,LFM2-2026-08-15-snapshot
LF-TOPIC-0518,检测,检测骑马状态,,,,,,?,待逐页核对正文,待核对,待核对,0,,,未分配,,游戏引擎反外挂系统/脚本检测命令,游戏引擎反外挂系统/脚本检测命令/检测是否在骑马状态.htm,LFM2-2026-08-15-snapshot
LF-TOPIC-0519,检测,检测人物宝宝名字[!],,,,,,?,待逐页核对正文,待核对,待核对,0,,,未分配,,游戏引擎反外挂系统/脚本检测命令,游戏引擎反外挂系统/脚本检测命令/检测人物宝宝名字[!].htm,LFM2-2026-08-15-snapshot
LF-TOPIC-0520,检测,检测人物荣誉,,,,,,?,待逐页核对正文,待核对,待核对,0,,,未分配,,游戏引擎反外挂系统/脚本检测命令,游戏引擎反外挂系统/脚本检测命令/检测人物荣誉.html,LFM2-2026-08-15-snapshot
LF-TOPIC-0521,检测,检测人物是否挂机,,,,,,?,待逐页核对正文,待核对,待核对,0,,,未分配,,游戏引擎反外挂系统/脚本检测命令,游戏引擎反外挂系统/脚本检测命令/检测人物是否挂机.htm,LFM2-2026-08-15-snapshot
LF-TOPIC-0522,检测,检测人物是否佩带指定物品,,,,,,?,待逐页核对正文,待核对,待核对,0,,,未分配,,游戏引擎反外挂系统/脚本检测命令,游戏引擎反外挂系统/脚本检测命令/检测人物是否佩带指定物品.htm,LFM2-2026-08-15-snapshot
LF-TOPIC-0523,检测,检测人物新增属性,,,,,,?,待逐页核对正文,待核对,待核对,0,,,未分配,,游戏引擎反外挂系统/脚本检测命令,游戏引擎反外挂系统/脚本检测命令/检测人物新增属性.html,LFM2-2026-08-15-snapshot
LF-TOPIC-0524,检测,检测人物幸运值,,,,,,?,待逐页核对正文,待核对,待核对,0,,,未分配,,游戏引擎反外挂系统/脚本检测命令,游戏引擎反外挂系统/脚本检测命令/检测人物幸运值.htm,LFM2-2026-08-15-snapshot
LF-TOPIC-0525,检测,检测人物在线时长[!],,,,,,?,待逐页核对正文,待核对,待核对,0,,,未分配,,游戏引擎反外挂系统/脚本检测命令,游戏引擎反外挂系统/脚本检测命令/检测人物在线时长[!].htm,LFM2-2026-08-15-snapshot
LF-TOPIC-0526,检测,检测人物PK值,,,,,,?,待逐页核对正文,待核对,待核对,0,,,未分配,,游戏引擎反外挂系统/脚本检测命令,游戏引擎反外挂系统/脚本检测命令/检测人物PK值.htm,LFM2-2026-08-15-snapshot
LF-TOPIC-0527,检测,检测杀人者是人物还是怪物,,,,,,?,待逐页核对正文,待核对,待核对,0,,,未分配,,游戏引擎反外挂系统/脚本检测命令,游戏引擎反外挂系统/脚本检测命令/检测杀人者是人物还是怪物.htm,LFM2-2026-08-15-snapshot
LF-TOPIC-0528,检测,检测是不是在摆摊,,,,,,?,待逐页核对正文,待核对,待核对,0,,,未分配,,游戏引擎反外挂系统/脚本检测命令,游戏引擎反外挂系统/脚本检测命令/检测是不是在摆摊.html,LFM2-2026-08-15-snapshot
LF-TOPIC-0529,检测,检测是否进入攻城的范围,,,,,,?,待逐页核对正文,待核对,待核对,0,,,未分配,,游戏引擎反外挂系统/脚本检测命令,游戏引擎反外挂系统/脚本检测命令/检测是否进入攻城的范围.html,LFM2-2026-08-15-snapshot
LF-TOPIC-0530,检测,检测是否正在攻城,,,,,,?,待逐页核对正文,待核对,待核对,0,,,未分配,,游戏引擎反外挂系统/脚本检测命令,游戏引擎反外挂系统/脚本检测命令/检测是否正在攻城.html,LFM2-2026-08-15-snapshot
LF-TOPIC-0531,检测,检测玩家是否在线,,,,,,?,待逐页核对正文,待核对,待核对,0,,,未分配,,游戏引擎反外挂系统/脚本检测命令,游戏引擎反外挂系统/脚本检测命令/检测玩家是否在线.htm,LFM2-2026-08-15-snapshot
LF-TOPIC-0532,检测,检测物品的附加属性值,,,,,,?,待逐页核对正文,待核对,待核对,0,,,未分配,,游戏引擎反外挂系统/脚本检测命令,游戏引擎反外挂系统/脚本检测命令/检测物品的附加属性值[!].htm,LFM2-2026-08-15-snapshot
LF-TOPIC-0533,检测,检测行会可以容纳多少成员,,,,,,?,待逐页核对正文,待核对,待核对,0,,,未分配,,游戏引擎反外挂系统/脚本检测命令,游戏引擎反外挂系统/脚本检测命令/检测行会可以容纳多少成员.html,LFM2-2026-08-15-snapshot
LF-TOPIC-0534,检测,检测在安全区,,,,,,?,待逐页核对正文,待核对,待核对,0,,,未分配,,游戏引擎反外挂系统/脚本检测命令,游戏引擎反外挂系统/脚本检测命令/检测在安全区.htm,LFM2-2026-08-15-snapshot
LF-TOPIC-0535,检测,检测指定范围内的人物数量,,,,,,?,待逐页核对正文,待核对,待核对,0,,,未分配,,游戏引擎反外挂系统/脚本检测命令,游戏引擎反外挂系统/脚本检测命令/检测指定范围内的人物数量.htm,LFM2-2026-08-15-snapshot
LF-TOPIC-0536,检测,检测装备名字颜色,,,,,,?,待逐页核对正文,待核对,待核对,0,,,未分配,,游戏引擎反外挂系统/脚本检测命令,游戏引擎反外挂系统/脚本检测命令/检测装备名字颜色.htm,LFM2-2026-08-15-snapshot
LF-TOPIC-0537,检测,检测装备星星数量,,,,,,?,待逐页核对正文,待核对,待核对,0,,,未分配,,游戏引擎反外挂系统/脚本检测命令,游戏引擎反外挂系统/脚本检测命令/检测装备星星数量.htm,LFM2-2026-08-15-snapshot
LF-TOPIC-0538,检测,检测组队人数[!],,,,,,?,待逐页核对正文,待核对,待核对,0,,,未分配,,游戏引擎反外挂系统/脚本检测命令,游戏引擎反外挂系统/脚本检测命令/检测组队人数[!].htm,LFM2-2026-08-15-snapshot
LF-TOPIC-0539,检测,检查宝宝数量,,,,,,?,待逐页核对正文,待核对,待核对,0,,,未分配,,游戏引擎反外挂系统/脚本检测命令,游戏引擎反外挂系统/脚本检测命令/检查宝宝的数量.htm,LFM2-2026-08-15-snapshot
LF-TOPIC-0540,检测,检查宝宝最高等级,,,,,,?,待逐页核对正文,待核对,待核对,0,,,未分配,,游戏引擎反外挂系统/脚本检测命令,游戏引擎反外挂系统/脚本检测命令/检查宝宝的等级.htm,LFM2-2026-08-15-snapshot
LF-TOPIC-0541,检测,检查城堡占领天数,,,,,,?,待逐页核对正文,待核对,待核对,0,,,未分配,,游戏引擎反外挂系统/脚本检测命令,游戏引擎反外挂系统/脚本检测命令/检查沙巴克占领天数.htm,LFM2-2026-08-15-snapshot
LF-TOPIC-0542,检测,检查城堡战争天数,,,,,,?,待逐页核对正文,待核对,待核对,0,,,未分配,,游戏引擎反外挂系统/脚本检测命令,游戏引擎反外挂系统/脚本检测命令/检查城堡战争天数.htm,LFM2-2026-08-15-snapshot
LF-TOPIC-0543,检测,检查城门状态,,,,,,?,待逐页核对正文,待核对,待核对,0,,,未分配,,游戏引擎反外挂系统/脚本检测命令,游戏引擎反外挂系统/脚本检测命令/检查沙城门状态.htm,LFM2-2026-08-15-snapshot
LF-TOPIC-0544,检测,检查当前所在地图的名字,,,,,,?,待逐页核对正文,待核对,待核对,0,,,未分配,,游戏引擎反外挂系统/脚本检测命令,游戏引擎反外挂系统/脚本检测命令/检查当前所在地图的名字.htm,LFM2-2026-08-15-snapshot
LF-TOPIC-0545,检测,检查地图怪物数量,,,,,,?,待逐页核对正文,待核对,待核对,0,,,未分配,,游戏引擎反外挂系统/脚本检测命令,游戏引擎反外挂系统/脚本检测命令/检查地图内的怪物数量%20.htm,LFM2-2026-08-15-snapshot
LF-TOPIC-0546,检测,检查地图怪物数量,,,,,,?,待逐页核对正文,待核对,待核对,0,,,未分配,,游戏引擎反外挂系统/脚本检测命令,游戏引擎反外挂系统/脚本检测命令/检查一个地图内的怪物数量.htm,LFM2-2026-08-15-snapshot
LF-TOPIC-0547,检测,检查登录帐号与IP是否匹配,,,,,,?,待逐页核对正文,待核对,待核对,0,,,未分配,,游戏引擎反外挂系统/脚本检测命令,游戏引擎反外挂系统/脚本检测命令/可以检查登录帐号与IP是否匹配.htm,LFM2-2026-08-15-snapshot
LF-TOPIC-0548,检测,检查对面人物的等级,,,,,,?,待逐页核对正文,待核对,待核对,0,,,未分配,,游戏引擎反外挂系统/脚本检测命令,游戏引擎反外挂系统/脚本检测命令/检查对面人物的等级.htm,LFM2-2026-08-15-snapshot
LF-TOPIC-0549,检测,检查对面人物的性别,,,,,,?,待逐页核对正文,待核对,待核对,0,,,未分配,,游戏引擎反外挂系统/脚本检测命令,游戏引擎反外挂系统/脚本检测命令/检查对面人物的性别.htm,LFM2-2026-08-15-snapshot
LF-TOPIC-0550,检测,检查对面人物站的位置,,,,,,?,待逐页核对正文,待核对,待核对,0,,,未分配,,游戏引擎反外挂系统/脚本检测命令,游戏引擎反外挂系统/脚本检测命令/检查对面人物站的位置性别.htm,LFM2-2026-08-15-snapshot
LF-TOPIC-0551,检测,检查会员时间,,,,,,?,待逐页核对正文,待核对,待核对,0,,,未分配,,游戏引擎反外挂系统/脚本检测命令,游戏引擎反外挂系统/脚本检测命令/检查会员时间.htm,LFM2-2026-08-15-snapshot
LF-TOPIC-0552,检测,检查金刚石数量,,,,,,?,待逐页核对正文,待核对,待核对,0,,,未分配,,游戏引擎反外挂系统/脚本检测命令,游戏引擎反外挂系统/脚本检测命令/检测金刚石数量.htm,LFM2-2026-08-15-snapshot
LF-TOPIC-0553,检测,检查人物背包空格数,,,,,,?,待逐页核对正文,待核对,待核对,0,,,未分配,,游戏引擎反外挂系统/脚本检测命令,游戏引擎反外挂系统/脚本检测命令/检查人物背包空格数.htm,LFM2-2026-08-15-snapshot
LF-TOPIC-0554,检测,检查人物当前经验值,,,,,,?,待逐页核对正文,待核对,待核对,0,,,未分配,,游戏引擎反外挂系统/脚本检测命令,游戏引擎反外挂系统/脚本检测命令/检查玩家当前经验值.htm,LFM2-2026-08-15-snapshot
LF-TOPIC-0555,检测,检查人物道术,,,,,,?,待逐页核对正文,待核对,待核对,0,,,未分配,,游戏引擎反外挂系统/脚本检测命令,游戏引擎反外挂系统/脚本检测命令/检查人物道术.htm,LFM2-2026-08-15-snapshot
LF-TOPIC-0556,检测,检查人物的会员等级,,,,,,?,待逐页核对正文,待核对,待核对,0,,,未分配,,游戏引擎反外挂系统/脚本检测命令,游戏引擎反外挂系统/脚本检测命令/检查人物的会员等级.htm,LFM2-2026-08-15-snapshot
LF-TOPIC-0557,检测,检查人物的会员类型,,,,,,?,待逐页核对正文,待核对,待核对,0,,,未分配,,游戏引擎反外挂系统/脚本检测命令,游戏引擎反外挂系统/脚本检测命令/检查人物的会员类型.htm,LFM2-2026-08-15-snapshot
LF-TOPIC-0558,检测,检查人物的游戏点数,,,,,,?,待逐页核对正文,待核对,待核对,0,,,未分配,,游戏引擎反外挂系统/脚本检测命令,游戏引擎反外挂系统/脚本检测命令/检查当前人物身上有多少点数.htm,LFM2-2026-08-15-snapshot
LF-TOPIC-0559,检测,检查人物的游戏点数,,,,,,?,待逐页核对正文,待核对,待核对,0,,,未分配,,游戏引擎反外挂系统/脚本检测命令,游戏引擎反外挂系统/脚本检测命令/检查人物的游戏点数.htm,LFM2-2026-08-15-snapshot
LF-TOPIC-0560,检测,检查人物的转生等级,,,,,,?,待逐页核对正文,待核对,待核对,0,,,未分配,,游戏引擎反外挂系统/脚本检测命令,游戏引擎反外挂系统/脚本检测命令/检查人物的转生等级.htm,LFM2-2026-08-15-snapshot
LF-TOPIC-0561,检测,检查人物登录帐号,,,,,,?,待逐页核对正文,待核对,待核对,0,,,未分配,,游戏引擎反外挂系统/脚本检测命令,游戏引擎反外挂系统/脚本检测命令/检查人物登录帐号.htm,LFM2-2026-08-15-snapshot
LF-TOPIC-0562,检测,检查人物登录IP,,,,,,?,待逐页核对正文,待核对,待核对,0,,,未分配,,游戏引擎反外挂系统/脚本检测命令,游戏引擎反外挂系统/脚本检测命令/检查人物登录IP.htm,LFM2-2026-08-15-snapshot
LF-TOPIC-0563,检测,检查人物等级（改进）,,,,,,?,待逐页核对正文,待核对,待核对,0,,,未分配,,游戏引擎反外挂系统/脚本检测命令,游戏引擎反外挂系统/脚本检测命令/检查玩家等级.htm,LFM2-2026-08-15-snapshot
LF-TOPIC-0564,检测,检查人物附加属性点数,,,,,,?,待逐页核对正文,待核对,待核对,0,,,未分配,,游戏引擎反外挂系统/脚本检测命令,游戏引擎反外挂系统/脚本检测命令/检查人物附加属性点数.htm,LFM2-2026-08-15-snapshot
LF-TOPIC-0565,检测,检查人物攻击力,,,,,,?,待逐页核对正文,待核对,待核对,0,,,未分配,,游戏引擎反外挂系统/脚本检测命令,游戏引擎反外挂系统/脚本检测命令/检查人物攻击力.htm,LFM2-2026-08-15-snapshot
LF-TOPIC-0566,检测,检查人物技能(扩展),,,,,,?,待逐页核对正文,待核对,待核对,0,,,未分配,,游戏引擎反外挂系统/脚本检测命令,游戏引擎反外挂系统/脚本检测命令/检查人物技能.htm,LFM2-2026-08-15-snapshot
LF-TOPIC-0567,检测,检查人物名称是否与IP匹配,,,,,,?,待逐页核对正文,待核对,待核对,0,,,未分配,,游戏引擎反外挂系统/脚本检测命令,游戏引擎反外挂系统/脚本检测命令/检查人物名称与IP是否匹配.htm,LFM2-2026-08-15-snapshot
LF-TOPIC-0568,检测,检查人物魔法力,,,,,,?,待逐页核对正文,待核对,待核对,0,,,未分配,,游戏引擎反外挂系统/脚本检测命令,游戏引擎反外挂系统/脚本检测命令/检查人物魔法力.htm,LFM2-2026-08-15-snapshot
LF-TOPIC-0569,检测,检查人物身上指定位置是否戴物品,,,,,,?,待逐页核对正文,待核对,待核对,0,,,未分配,,游戏引擎反外挂系统/脚本检测命令,游戏引擎反外挂系统/脚本检测命令/检查人物身上指定位置是否戴物品.htm,LFM2-2026-08-15-snapshot
LF-TOPIC-0570,检测,检查人物身上装备类型,,,,,,?,待逐页核对正文,待核对,待核对,0,,,未分配,,游戏引擎反外挂系统/脚本检测命令,游戏引擎反外挂系统/脚本检测命令/检查人物身上戴物品类型.htm,LFM2-2026-08-15-snapshot
LF-TOPIC-0571,检测,检查人物声望点,,,,,,?,待逐页核对正文,待核对,待核对,0,,,未分配,,游戏引擎反外挂系统/脚本检测命令,游戏引擎反外挂系统/脚本检测命令/检查人物声望点.htm,LFM2-2026-08-15-snapshot
LF-TOPIC-0572,检测,检查人物是否付费,,,,,,?,待逐页核对正文,待核对,待核对,0,,,未分配,,游戏引擎反外挂系统/脚本检测命令,游戏引擎反外挂系统/脚本检测命令/检查人物是否付费.htm,LFM2-2026-08-15-snapshot
LF-TOPIC-0573,检测,检查人物是否加入行会,,,,,,?,待逐页核对正文,待核对,待核对,0,,,未分配,,游戏引擎反外挂系统/脚本检测命令,游戏引擎反外挂系统/脚本检测命令/检查玩家是否加入行会.htm,LFM2-2026-08-15-snapshot
LF-TOPIC-0574,检测,检查人物是否为管理员,,,,,,?,待逐页核对正文,待核对,待核对,0,,,未分配,,游戏引擎反外挂系统/脚本检测命令,游戏引擎反外挂系统/脚本检测命令/检查人物是否为管理员.htm,LFM2-2026-08-15-snapshot
LF-TOPIC-0575,检测,检查人物是否为沙城成员,,,,,,?,待逐页核对正文,待核对,待核对,0,,,未分配,,游戏引擎反外挂系统/脚本检测命令,游戏引擎反外挂系统/脚本检测命令/检查玩家是否为沙城成员.htm,LFM2-2026-08-15-snapshot
LF-TOPIC-0576,检测,检查人物是否为沙城城主,,,,,,?,待逐页核对正文,待核对,待核对,0,,,未分配,,游戏引擎反外挂系统/脚本检测命令,游戏引擎反外挂系统/脚本检测命令/检查玩家是否为沙城老大.htm,LFM2-2026-08-15-snapshot
LF-TOPIC-0577,检测,检查人物是否为新人,,,,,,?,待逐页核对正文,待核对,待核对,0,,,未分配,,游戏引擎反外挂系统/脚本检测命令,游戏引擎反外挂系统/脚本检测命令/检查玩家是否为新人.htm,LFM2-2026-08-15-snapshot
LF-TOPIC-0578,检测,检查人物是否为行会掌门人,,,,,,?,待逐页核对正文,待核对,待核对,0,,,未分配,,游戏引擎反外挂系统/脚本检测命令,游戏引擎反外挂系统/脚本检测命令/检查玩家是否为行会老大.htm,LFM2-2026-08-15-snapshot
LF-TOPIC-0579,检测,检查人物是否在攻城区域[!],,,,,,?,待逐页核对正文,待核对,待核对,0,,,未分配,,游戏引擎反外挂系统/脚本检测命令,游戏引擎反外挂系统/脚本检测命令/检查人物是否在攻城区域[!].htm,LFM2-2026-08-15-snapshot
LF-TOPIC-0580,检测,检查人物在列表中的位置,,,,,,?,待逐页核对正文,待核对,待核对,0,,,未分配,,游戏引擎反外挂系统/脚本检测命令,游戏引擎反外挂系统/脚本检测命令/检查人物在列表中的位置.htm,LFM2-2026-08-15-snapshot
LF-TOPIC-0581,检测,检查人物HP值,,,,,,?,待逐页核对正文,待核对,待核对,0,,,未分配,,游戏引擎反外挂系统/脚本检测命令,游戏引擎反外挂系统/脚本检测命令/检查人物HP值.htm,LFM2-2026-08-15-snapshot
LF-TOPIC-0582,检测,检查人物MP值,,,,,,?,待逐页核对正文,待核对,待核对,0,,,未分配,,游戏引擎反外挂系统/脚本检测命令,游戏引擎反外挂系统/脚本检测命令/检查人物MP值.htm,LFM2-2026-08-15-snapshot
LF-TOPIC-0583,检测,检查是否为组长,,,,,,?,待逐页核对正文,待核对,待核对,0,,,未分配,,游戏引擎反外挂系统/脚本检测命令,游戏引擎反外挂系统/脚本检测命令/检查是否为组长.htm,LFM2-2026-08-15-snapshot
LF-TOPIC-0584,检测,检查是否在某地图,,,,,,?,待逐页核对正文,待核对,待核对,0,,,未分配,,游戏引擎反外挂系统/脚本检测命令,游戏引擎反外挂系统/脚本检测命令/检查是否在某地图.htm,LFM2-2026-08-15-snapshot
LF-TOPIC-0585,检测,检查行会名称,,,,,,?,待逐页核对正文,待核对,待核对,0,,,未分配,,游戏引擎反外挂系统/脚本检测命令,游戏引擎反外挂系统/脚本检测命令/检查行会名称.htm,LFM2-2026-08-15-snapshot
LF-TOPIC-0586,检测,检查行会是否在列表中,,,,,,?,待逐页核对正文,待核对,待核对,0,,,未分配,,游戏引擎反外挂系统/脚本检测命令,游戏引擎反外挂系统/脚本检测命令/检查行会是否在列表中.htm,LFM2-2026-08-15-snapshot
LF-TOPIC-0587,检测,检查一个地图内人数,,,,,,?,待逐页核对正文,待核对,待核对,0,,,未分配,,游戏引擎反外挂系统/脚本检测命令,游戏引擎反外挂系统/脚本检测命令/检查一个地图内的人物数量.htm,LFM2-2026-08-15-snapshot
LF-TOPIC-0588,检测,检查一个范围内怪物数,,,,,,?,待逐页核对正文,待核对,待核对,0,,,未分配,,游戏引擎反外挂系统/脚本检测命令,游戏引擎反外挂系统/脚本检测命令/检查一个坐标范围内怪物数量.htm,LFM2-2026-08-15-snapshot
LF-TOPIC-0589,检测,检查字符串是否在指定文件中[!],,,,,,?,待逐页核对正文,待核对,待核对,0,,,未分配,,游戏引擎反外挂系统/脚本检测命令,游戏引擎反外挂系统/脚本检测命令/检查字符串是否在指定文件中[!].htm,LFM2-2026-08-15-snapshot
LF-TOPIC-0590,检测,脚本检测命令取反NOT[!],,,,,,?,待逐页核对正文,待核对,待核对,0,,,未分配,,游戏引擎反外挂系统/脚本检测命令,游戏引擎反外挂系统/脚本检测命令/脚本检测命令取反NOT[!].htm,LFM2-2026-08-15-snapshot
LF-TOPIC-0591,检测,脚本性能原子钟，检测脚本运行时间,,,,,,?,待逐页核对正文,待核对,待核对,0,,,未分配,,游戏引擎反外挂系统/脚本检测命令,游戏引擎反外挂系统/脚本检测命令/脚本性能检测.htm,LFM2-2026-08-15-snapshot
LF-TOPIC-0592,检测,扩展check支持批量检测,,,,,,?,待逐页核对正文,待核对,待核对,0,,,未分配,,游戏引擎反外挂系统/脚本检测命令,游戏引擎反外挂系统/脚本检测命令/扩展check支持批量检测.htm,LFM2-2026-08-15-snapshot
LF-TOPIC-0593,检测,判断对面对象的类型,,,,,,?,待逐页核对正文,待核对,待核对,0,,,未分配,,游戏引擎反外挂系统/脚本检测命令,游戏引擎反外挂系统/脚本检测命令/判断对面对象的类型.htm,LFM2-2026-08-15-snapshot
LF-TOPIC-0594,检测,行会成员人数,,,,,,?,待逐页核对正文,待核对,待核对,0,,,未分配,,游戏引擎反外挂系统/脚本检测命令,游戏引擎反外挂系统/脚本检测命令/行会成员人数.htm,LFM2-2026-08-15-snapshot
LF-TOPIC-0595,检测,战斗状态禁止退出,,,,,,?,待逐页核对正文,待核对,待核对,0,,,未分配,,游戏引擎反外挂系统/脚本检测命令,游戏引擎反外挂系统/脚本检测命令/战斗状态禁止退出游戏.HTML,LFM2-2026-08-15-snapshot
LF-TOPIC-0596,检测,字符串比较处理,,,,,,?,待逐页核对正文,待核对,待核对,0,,,未分配,,游戏引擎反外挂系统/脚本检测命令,游戏引擎反外挂系统/脚本检测命令/检查字符串是否包涵在另外一个字符串中.htm,LFM2-2026-08-15-snapshot
LF-TOPIC-0597,检测,坐标范围检测.html,,,,,,?,待逐页核对正文,待核对,待核对,0,,,未分配,,游戏引擎反外挂系统/脚本检测命令,游戏引擎反外挂系统/脚本检测命令/坐标范围检测.html,LFM2-2026-08-15-snapshot
LF-TOPIC-0598,检测,or检测命令,,,,,,?,待逐页核对正文,待核对,待核对,0,,,未分配,,游戏引擎反外挂系统/脚本检测命令,游戏引擎反外挂系统/脚本检测命令/or检测命令.html,LFM2-2026-08-15-snapshot
LF-TOPIC-0599,资料,按比例恢复的太阳水类药品[!],,,,,,?,待逐页核对正文,待核对,待核对,0,,,未分配,,游戏引擎反外挂系统/其他相关资料,游戏引擎反外挂系统/其他相关资料/新的太阳水药品（按自身HP和MP比例恢复).html,LFM2-2026-08-15-snapshot
LF-TOPIC-0600,资料,本地登陆器集成列表[!],,,,,,?,待逐页核对正文,待核对,待核对,0,,,未分配,,游戏引擎反外挂系统/其他相关资料,游戏引擎反外挂系统/其他相关资料/集成列表.html,LFM2-2026-08-15-snapshot
LF-TOPIC-0601,资料,查看人物私聊信息,,,,,,?,待逐页核对正文,待核对,待核对,0,,,未分配,,游戏引擎反外挂系统/其他相关资料,游戏引擎反外挂系统/其他相关资料/查看人物私聊信息.htm,LFM2-2026-08-15-snapshot
LF-TOPIC-0602,资料,程序变量说明[!],,,,,,?,待逐页核对正文,待核对,待核对,0,,,未分配,,游戏引擎反外挂系统/其他相关资料,游戏引擎反外挂系统/其他相关资料/程序变量说明[!].htm,LFM2-2026-08-15-snapshot
LF-TOPIC-0603,资料,传奇脚本命令详解[!],,,,,,?,待逐页核对正文,待核对,待核对,0,,,未分配,,游戏引擎反外挂系统/其他相关资料,游戏引擎反外挂系统/其他相关资料/传奇基础脚本命令详解[!].htm,LFM2-2026-08-15-snapshot
LF-TOPIC-0604,资料,登录二级密码功能,,,,,,?,待逐页核对正文,待核对,待核对,0,,,未分配,,游戏引擎反外挂系统/其他相关资料,游戏引擎反外挂系统/其他相关资料/二级密码功能.htm,LFM2-2026-08-15-snapshot
LF-TOPIC-0605,资料,登录器标识变量,,,,,,?,待逐页核对正文,待核对,待核对,0,,,未分配,,游戏引擎反外挂系统/其他相关资料,游戏引擎反外挂系统/其他相关资料/登录器推广标识.HTM,LFM2-2026-08-15-snapshot
LF-TOPIC-0606,资料,第三方骑马.html,,,,,,?,待逐页核对正文,待核对,待核对,0,,,未分配,,游戏引擎反外挂系统/其他相关资料,游戏引擎反外挂系统/其他相关资料/第三方骑马.html,LFM2-2026-08-15-snapshot
LF-TOPIC-0607,资料,掉落身上装备命令,,,,,,?,待逐页核对正文,待核对,待核对,0,,,未分配,,游戏引擎反外挂系统/其他相关资料,游戏引擎反外挂系统/其他相关资料/掉落身上装备命令.html,LFM2-2026-08-15-snapshot
LF-TOPIC-0608,资料,掉落提示增加支持物品属性信息查看,,,,,,?,待逐页核对正文,待核对,待核对,0,,,未分配,,游戏引擎反外挂系统/其他相关资料,游戏引擎反外挂系统/其他相关资料/掉落提示增加支持物品属性信息查看.html,LFM2-2026-08-15-snapshot
LF-TOPIC-0609,资料,动态创建镜像地图,,,,,,?,待逐页核对正文,待核对,待核对,0,,,未分配,,游戏引擎反外挂系统/其他相关资料,游戏引擎反外挂系统/其他相关资料/动态创建镜像地图.htm,LFM2-2026-08-15-snapshot
LF-TOPIC-0610,资料,仿官方马牌说明.html,,,,,,?,待逐页核对正文,待核对,待核对,0,,,未分配,,游戏引擎反外挂系统/其他相关资料,游戏引擎反外挂系统/其他相关资料/仿官方马牌说明.html,LFM2-2026-08-15-snapshot
LF-TOPIC-0611,资料,国战系统脚本实例,,,,,,?,待逐页核对正文,待核对,待核对,0,,,未分配,,游戏引擎反外挂系统/其他相关资料,游戏引擎反外挂系统/其他相关资料/国家脚本实例.html,LFM2-2026-08-15-snapshot
LF-TOPIC-0612,资料,国战系统命令汇总,,,,,,?,待逐页核对正文,待核对,待核对,0,,,未分配,,游戏引擎反外挂系统/其他相关资料,游戏引擎反外挂系统/其他相关资料/国家命令汇总.html,LFM2-2026-08-15-snapshot
LF-TOPIC-0613,资料,货币实时刷新常量,,,,,,?,待逐页核对正文,待核对,待核对,0,,,未分配,,游戏引擎反外挂系统/其他相关资料,游戏引擎反外挂系统/其他相关资料/货币实时刷新常量.htm,LFM2-2026-08-15-snapshot
LF-TOPIC-0614,资料,获取当前NPC名称,,,,,,?,待逐页核对正文,待核对,待核对,0,,,未分配,,游戏引擎反外挂系统/其他相关资料,游戏引擎反外挂系统/其他相关资料/获取当前NPC名称.html,LFM2-2026-08-15-snapshot
LF-TOPIC-0615,资料,获取装备镶嵌宝石数量,,,,,,?,待逐页核对正文,待核对,待核对,0,,,未分配,,游戏引擎反外挂系统/其他相关资料,游戏引擎反外挂系统/其他相关资料/获取装备宝石数量.html,LFM2-2026-08-15-snapshot
LF-TOPIC-0616,资料,集成补丁说明.html,,,,,,?,待逐页核对正文,待核对,待核对,0,,,未分配,,游戏引擎反外挂系统/其他相关资料,游戏引擎反外挂系统/其他相关资料/集成补丁说明.html,LFM2-2026-08-15-snapshot
LF-TOPIC-0617,资料,脚本变量大全[!],,,,,,?,待逐页核对正文,待核对,待核对,0,,,未分配,,游戏引擎反外挂系统/其他相关资料,游戏引擎反外挂系统/其他相关资料/脚本变量大全[!].htm,LFM2-2026-08-15-snapshot
LF-TOPIC-0618,资料,扩展GIVE命令,,,,,,?,待逐页核对正文,待核对,待核对,0,,,未分配,,游戏引擎反外挂系统/其他相关资料,游戏引擎反外挂系统/其他相关资料/扩展GIVE命令.htm,LFM2-2026-08-15-snapshot
LF-TOPIC-0619,资料,魔血石、气血石、幻魔石说明[!],,,,,,?,待逐页核对正文,待核对,待核对,0,,,未分配,,游戏引擎反外挂系统/其他相关资料,游戏引擎反外挂系统/其他相关资料/魔血石、气血石、幻魔石.htm,LFM2-2026-08-15-snapshot
LF-TOPIC-0620,资料,内力恢复药物,,,,,,?,待逐页核对正文,待核对,待核对,0,,,未分配,,游戏引擎反外挂系统/其他相关资料,游戏引擎反外挂系统/其他相关资料/内力恢复药物.html,LFM2-2026-08-15-snapshot
LF-TOPIC-0621,资料,设置显示名称格式,,,,,,?,待逐页核对正文,待核对,待核对,0,,,未分配,,游戏引擎反外挂系统/其他相关资料,游戏引擎反外挂系统/其他相关资料/显示名称控制.htm,LFM2-2026-08-15-snapshot
LF-TOPIC-0622,资料,神秘人地图设置,,,,,,?,待逐页核对正文,待核对,待核对,0,,,未分配,,游戏引擎反外挂系统/其他相关资料,游戏引擎反外挂系统/其他相关资料/浑水摸鱼.HTM,LFM2-2026-08-15-snapshot
LF-TOPIC-0623,资料,盛大称号系统介绍,,,,,,?,待逐页核对正文,待核对,待核对,0,,,未分配,,游戏引擎反外挂系统/其他相关资料,游戏引擎反外挂系统/其他相关资料/称号系统.htm,LFM2-2026-08-15-snapshot
LF-TOPIC-0624,资料,时间戳,,,,,,?,待逐页核对正文,待核对,待核对,0,,,未分配,,游戏引擎反外挂系统/其他相关资料,游戏引擎反外挂系统/其他相关资料/时间戳.htm,LFM2-2026-08-15-snapshot
LF-TOPIC-0625,资料,时装.html,,,,,,?,待逐页核对正文,待核对,待核对,0,,,未分配,,游戏引擎反外挂系统/其他相关资料,游戏引擎反外挂系统/其他相关资料/时装.html,LFM2-2026-08-15-snapshot
LF-TOPIC-0626,资料,时装.html,,,,,,?,待逐页核对正文,待核对,待核对,0,,,未分配,,游戏引擎反外挂系统/其他相关资料,游戏引擎反外挂系统/其他相关资料/时装.html,LFM2-2026-08-15-snapshot
LF-TOPIC-0627,资料,首饰盒,,,,,,?,待逐页核对正文,待核对,待核对,0,,,未分配,,游戏引擎反外挂系统/其他相关资料,游戏引擎反外挂系统/其他相关资料/首饰盒.html,LFM2-2026-08-15-snapshot
LF-TOPIC-0628,资料,首饰盒.html,,,,,,?,待逐页核对正文,待核对,待核对,0,,,未分配,,游戏引擎反外挂系统/其他相关资料,游戏引擎反外挂系统/其他相关资料/首饰盒.html,LFM2-2026-08-15-snapshot
LF-TOPIC-0629,资料,数据库变量说明[!],,,,,,?,待逐页核对正文,待核对,待核对,0,,,未分配,,游戏引擎反外挂系统/其他相关资料,游戏引擎反外挂系统/其他相关资料/数据库变量说明.htm,LFM2-2026-08-15-snapshot
LF-TOPIC-0630,资料,添加自动排列按钮，自定义按钮自动排列,,,,,,?,待逐页核对正文,待核对,待核对,0,,,未分配,,游戏引擎反外挂系统/其他相关资料,游戏引擎反外挂系统/其他相关资料/添加自动排列按钮.html,LFM2-2026-08-15-snapshot
LF-TOPIC-0631,资料,为什么提示禁止点击该NPC触发字段？,,,,,,?,待逐页核对正文,待核对,待核对,0,,,未分配,,游戏引擎反外挂系统/其他相关资料,游戏引擎反外挂系统/其他相关资料/为什么提示禁止点击该NPC触发字段.HTML,LFM2-2026-08-15-snapshot
LF-TOPIC-0632,资料,物品绑定人物,,,,,,?,待逐页核对正文,待核对,待核对,0,,,未分配,,游戏引擎反外挂系统/其他相关资料,游戏引擎反外挂系统/其他相关资料/物品绑定人物.htm,LFM2-2026-08-15-snapshot
LF-TOPIC-0633,资料,物品来源相关,,,,,,?,待逐页核对正文,待核对,待核对,0,,,未分配,,游戏引擎反外挂系统/其他相关资料,游戏引擎反外挂系统/其他相关资料/物品来源相关文档.htm,LFM2-2026-08-15-snapshot
LF-TOPIC-0634,资料,物品位置[!],,,,,,?,待逐页核对正文,待核对,待核对,0,,,未分配,,游戏引擎反外挂系统/其他相关资料,游戏引擎反外挂系统/其他相关资料/物品位置[!].htm,LFM2-2026-08-15-snapshot
LF-TOPIC-0635,资料,新增GM命令[!],,,,,,?,待逐页核对正文,待核对,待核对,0,,,未分配,,游戏引擎反外挂系统/其他相关资料,游戏引擎反外挂系统/其他相关资料/GM管理命令[!].htm,LFM2-2026-08-15-snapshot
LF-TOPIC-0636,资料,修改内力值,,,,,,?,待逐页核对正文,待核对,待核对,0,,,未分配,,游戏引擎反外挂系统/其他相关资料,游戏引擎反外挂系统/其他相关资料/修改内力值.html,LFM2-2026-08-15-snapshot
LF-TOPIC-0637,资料,页游天关系统,,,,,,?,待逐页核对正文,待核对,待核对,0,,,未分配,,游戏引擎反外挂系统/其他相关资料,游戏引擎反外挂系统/其他相关资料/页游天关系统.html,LFM2-2026-08-15-snapshot
LF-TOPIC-0638,资料,用户游戏命令详解,,,,,,?,待逐页核对正文,待核对,待核对,0,,,未分配,,游戏引擎反外挂系统/其他相关资料,游戏引擎反外挂系统/其他相关资料/用户游戏相关命令.htm,LFM2-2026-08-15-snapshot
LF-TOPIC-0639,资料,自定义安全区光柱类型,,,,,,?,待逐页核对正文,待核对,待核对,0,,,未分配,,游戏引擎反外挂系统/其他相关资料,游戏引擎反外挂系统/其他相关资料/自定义安全区光柱.htm,LFM2-2026-08-15-snapshot
LF-TOPIC-0640,资料,自定义装备框,,,,,,?,待逐页核对正文,待核对,待核对,0,,,未分配,,游戏引擎反外挂系统/其他相关资料,游戏引擎反外挂系统/其他相关资料/自定义装备框.html,LFM2-2026-08-15-snapshot
LF-TOPIC-0641,资料,ClientMerchantDlgSelect接收到非法请求？,,,,,,?,待逐页核对正文,待核对,待核对,0,,,未分配,,游戏引擎反外挂系统/其他相关资料,游戏引擎反外挂系统/其他相关资料/特殊字段应用.HTML,LFM2-2026-08-15-snapshot
LF-TOPIC-0642,资料,DEC对字符型变量操作命令[!],,,,,,?,待逐页核对正文,待核对,待核对,0,,,未分配,,游戏引擎反外挂系统/其他相关资料,游戏引擎反外挂系统/其他相关资料/DEC对字符型变量操作命令[!].htm,LFM2-2026-08-15-snapshot
LF-TOPIC-0643,资料,DEFINE,,,,,,?,待逐页核对正文,待核对,待核对,0,,,未分配,,游戏引擎反外挂系统/其他相关资料,游戏引擎反外挂系统/其他相关资料/DEFINE.htm,LFM2-2026-08-15-snapshot
LF-TOPIC-0644,资料,MagicShieldItemList,,,,,,?,待逐页核对正文,待核对,待核对,0,,,未分配,,游戏引擎反外挂系统/其他相关资料,游戏引擎反外挂系统/其他相关资料/MagicShieldItemList护身.htm,LFM2-2026-08-15-snapshot
LF-TOPIC-0645,资料,MapQuest.txt说明,,,,,,?,待逐页核对正文,待核对,待核对,0,,,未分配,,游戏引擎反外挂系统/其他相关资料,游戏引擎反外挂系统/其他相关资料/MapQuest.txt扩展.htm,LFM2-2026-08-15-snapshot
LF-TOPIC-0646,资料,NPC对话框点击复制文字,,,,,,?,待逐页核对正文,待核对,待核对,0,,,未分配,,游戏引擎反外挂系统/其他相关资料,游戏引擎反外挂系统/其他相关资料/NPC对话框点击复制文字.htm,LFM2-2026-08-15-snapshot
LF-TOPIC-0647,资料,NPC对话框内默认输入框,,,,,,?,待逐页核对正文,待核对,待核对,0,,,未分配,,游戏引擎反外挂系统/其他相关资料,游戏引擎反外挂系统/其他相关资料/NPC对话框内默认输入框.htm,LFM2-2026-08-15-snapshot
LF-TOPIC-0648,触发,摆摊物品购买前触发,,,,,,?,待逐页核对正文,待核对,待核对,0,,,未分配,,游戏引擎反外挂系统/特殊触发功能,游戏引擎反外挂系统/特殊触发功能/摆摊物品购买前触发.htm,LFM2-2026-08-15-snapshot
LF-TOPIC-0649,触发,仓库存取物品前触发,,,,,,?,待逐页核对正文,待核对,待核对,0,,,未分配,,游戏引擎反外挂系统/特殊触发功能,游戏引擎反外挂系统/特殊触发功能/仓库存取物品前触发.htm,LFM2-2026-08-15-snapshot
LF-TOPIC-0650,触发,查看他人装备触发、查看装备触发[!],,,,,,?,待逐页核对正文,待核对,待核对,0,,,未分配,,游戏引擎反外挂系统/特殊触发功能,游戏引擎反外挂系统/特殊触发功能/查看他人装备触发.htm,LFM2-2026-08-15-snapshot
LF-TOPIC-0651,触发,传送戒指传送触发、坐标传送触发[!],,,,,,?,待逐页核对正文,待核对,待核对,0,,,未分配,,游戏引擎反外挂系统/特殊触发功能,游戏引擎反外挂系统/特殊触发功能/传送戒指、坐标传送触发.htm,LFM2-2026-08-15-snapshot
LF-TOPIC-0652,触发,带上物品时触发[!],,,,,,?,待逐页核对正文,待核对,待核对,0,,,未分配,,游戏引擎反外挂系统/特殊触发功能,游戏引擎反外挂系统/特殊触发功能/带上物品时触发[!].htm,LFM2-2026-08-15-snapshot
LF-TOPIC-0653,触发,地图魔法系统.htm,,,,,,?,待逐页核对正文,待核对,待核对,0,,,未分配,,游戏引擎反外挂系统/特殊触发功能,游戏引擎反外挂系统/特殊触发功能/地图魔法系统.htm,LFM2-2026-08-15-snapshot
LF-TOPIC-0654,触发,地图事件触发,,,,,,?,待逐页核对正文,待核对,待核对,0,,,未分配,,游戏引擎反外挂系统/特殊触发功能,游戏引擎反外挂系统/特殊触发功能/地图事件触发.html,LFM2-2026-08-15-snapshot
LF-TOPIC-0655,触发,定时触发[!],,,,,,?,待逐页核对正文,待核对,待核对,0,,,未分配,,游戏引擎反外挂系统/特殊触发功能,游戏引擎反外挂系统/特殊触发功能/定时触发[!].htm,LFM2-2026-08-15-snapshot
LF-TOPIC-0656,触发,个人商店购买物品前触发,,,,,,?,待逐页核对正文,待核对,待核对,0,,,未分配,,游戏引擎反外挂系统/特殊触发功能,游戏引擎反外挂系统/特殊触发功能/个人商店购买前触发.htm,LFM2-2026-08-15-snapshot
LF-TOPIC-0657,触发,个人商店和人物摆摊,,,,,,?,待逐页核对正文,待核对,待核对,0,,,未分配,,游戏引擎反外挂系统/特殊触发功能,游戏引擎反外挂系统/特殊触发功能/个人商店和人物摆摊[!].htm,LFM2-2026-08-15-snapshot
LF-TOPIC-0658,触发,个人商店名称过滤触发,,,,,,?,待逐页核对正文,待核对,待核对,0,,,未分配,,游戏引擎反外挂系统/特殊触发功能,游戏引擎反外挂系统/特殊触发功能/个人商店名字过滤触发.htm,LFM2-2026-08-15-snapshot
LF-TOPIC-0659,触发,个人商店物品上架触发、下架触发、停止个人商店物品上架、停止个人商店物品下架,,,,,,?,待逐页核对正文,待核对,待核对,0,,,未分配,,游戏引擎反外挂系统/特殊触发功能,游戏引擎反外挂系统/特殊触发功能/个人商店物品上架触发、下架触发.html,LFM2-2026-08-15-snapshot
LF-TOPIC-0660,触发,攻击触发,,,,,,?,待逐页核对正文,待核对,待核对,0,,,未分配,,游戏引擎反外挂系统/特殊触发功能,游戏引擎反外挂系统/特殊触发功能/攻击触发.html,LFM2-2026-08-15-snapshot
LF-TOPIC-0661,触发,购买个人商店物品触发,,,,,,?,待逐页核对正文,待核对,待核对,0,,,未分配,,游戏引擎反外挂系统/特殊触发功能,游戏引擎反外挂系统/特殊触发功能/购买个人商店物品触发.html,LFM2-2026-08-15-snapshot
LF-TOPIC-0662,触发,货币改变触发,,,,,,?,待逐页核对正文,待核对,待核对,0,,,未分配,,游戏引擎反外挂系统/特殊触发功能,游戏引擎反外挂系统/特殊触发功能/货币改变触发.htm,LFM2-2026-08-15-snapshot
LF-TOPIC-0663,触发,"加入行会成员前触发,中止行会成员添加",,,,,,?,待逐页核对正文,待核对,待核对,0,,,未分配,,游戏引擎反外挂系统/特殊触发功能,"游戏引擎反外挂系统/特殊触发功能/加入行会成员前触发,中止行会成员添加.html",LFM2-2026-08-15-snapshot
LF-TOPIC-0664,触发,界面帮助按钮触发,,,,,,?,待逐页核对正文,待核对,待核对,0,,,未分配,,游戏引擎反外挂系统/特殊触发功能,游戏引擎反外挂系统/特殊触发功能/界面帮助按钮触发[!].htm,LFM2-2026-08-15-snapshot
LF-TOPIC-0665,触发,聚灵珠使用前触发,,,,,,?,待逐页核对正文,待核对,待核对,0,,,未分配,,游戏引擎反外挂系统/特殊触发功能,游戏引擎反外挂系统/特殊触发功能/聚灵珠使用前触发.htm,LFM2-2026-08-15-snapshot
LF-TOPIC-0666,触发,连击完成触发，连击释放触发,,,,,,?,待逐页核对正文,待核对,待核对,0,,,未分配,,游戏引擎反外挂系统/特殊触发功能,游戏引擎反外挂系统/特殊触发功能/连击完成触发.htm,LFM2-2026-08-15-snapshot
LF-TOPIC-0667,触发,切换地图触发[!],,,,,,?,待逐页核对正文,待核对,待核对,0,,,未分配,,游戏引擎反外挂系统/特殊触发功能,游戏引擎反外挂系统/特殊触发功能/切换地图触发.HTM,LFM2-2026-08-15-snapshot
LF-TOPIC-0668,触发,切换攻击模式触发,,,,,,?,待逐页核对正文,待核对,待核对,0,,,未分配,,游戏引擎反外挂系统/特殊触发功能,游戏引擎反外挂系统/特殊触发功能/切换攻击模式触发.html,LFM2-2026-08-15-snapshot
LF-TOPIC-0669,触发,取下身上物品时触发[!],,,,,,?,待逐页核对正文,待核对,待核对,0,,,未分配,,游戏引擎反外挂系统/特殊触发功能,游戏引擎反外挂系统/特殊触发功能/取下身上物品时触发.htm,LFM2-2026-08-15-snapshot
LF-TOPIC-0670,触发,人物大退触发,,,,,,?,待逐页核对正文,待核对,待核对,0,,,未分配,,游戏引擎反外挂系统/特殊触发功能,游戏引擎反外挂系统/特殊触发功能/人物大退触发.htm,LFM2-2026-08-15-snapshot
LF-TOPIC-0671,触发,人物当前获得经验触发,,,,,,?,待逐页核对正文,待核对,待核对,0,,,未分配,,游戏引擎反外挂系统/特殊触发功能,游戏引擎反外挂系统/特殊触发功能/人物当前获得经验触发.htm,LFM2-2026-08-15-snapshot
LF-TOPIC-0672,触发,人物和英雄属性发生变更时触发QF脚本[!],,,,,,?,待逐页核对正文,待核对,待核对,0,,,未分配,,游戏引擎反外挂系统/特殊触发功能,游戏引擎反外挂系统/特殊触发功能/人物和英雄属性发生变更时触发QF脚本.html,LFM2-2026-08-15-snapshot
LF-TOPIC-0673,触发,人物取下装备前触发、英雄取下装备前触发,,,,,,?,待逐页核对正文,待核对,待核对,0,,,未分配,,游戏引擎反外挂系统/特殊触发功能,游戏引擎反外挂系统/特殊触发功能/取下装备前触发.html,LFM2-2026-08-15-snapshot
LF-TOPIC-0674,触发,人物身上物品掉落触发,,,,,,?,待逐页核对正文,待核对,待核对,0,,,未分配,,游戏引擎反外挂系统/特殊触发功能,游戏引擎反外挂系统/特殊触发功能/人物身上物品掉落触发.html,LFM2-2026-08-15-snapshot
LF-TOPIC-0675,触发,人物升级触发,,,,,,?,待逐页核对正文,待核对,待核对,0,,,未分配,,游戏引擎反外挂系统/特殊触发功能,游戏引擎反外挂系统/特殊触发功能/人物升级触发.htm,LFM2-2026-08-15-snapshot
LF-TOPIC-0676,触发,人物死亡,,,,,,?,待逐页核对正文,待核对,待核对,0,,,未分配,,游戏引擎反外挂系统/特殊触发功能,游戏引擎反外挂系统/特殊触发功能/人物死亡.htm,LFM2-2026-08-15-snapshot
LF-TOPIC-0677,触发,人物死亡时触发,,,,,,?,待逐页核对正文,待核对,待核对,0,,,未分配,,游戏引擎反外挂系统/特殊触发功能,游戏引擎反外挂系统/特殊触发功能/人物死亡时触发.htm,LFM2-2026-08-15-snapshot
LF-TOPIC-0678,触发,人物小退触发,,,,,,?,待逐页核对正文,待核对,待核对,0,,,未分配,,游戏引擎反外挂系统/特殊触发功能,游戏引擎反外挂系统/特殊触发功能/人物小退触发.htm,LFM2-2026-08-15-snapshot
LF-TOPIC-0679,触发,"杀死怪物时触发,杀怪触发",,,,,,?,待逐页核对正文,待核对,待核对,0,,,未分配,,游戏引擎反外挂系统/特殊触发功能,游戏引擎反外挂系统/特殊触发功能/杀死怪物触发[!].htm,LFM2-2026-08-15-snapshot
LF-TOPIC-0680,触发,杀死人物宝宝时触发[!],,,,,,?,待逐页核对正文,待核对,待核对,0,,,未分配,,游戏引擎反外挂系统/特殊触发功能,游戏引擎反外挂系统/特殊触发功能/杀死人物宝宝时触发[!].htm,LFM2-2026-08-15-snapshot
LF-TOPIC-0681,触发,杀死人物触发,,,,,,?,待逐页核对正文,待核对,待核对,0,,,未分配,,游戏引擎反外挂系统/特殊触发功能,游戏引擎反外挂系统/特殊触发功能/杀死人物触发.htm,LFM2-2026-08-15-snapshot
LF-TOPIC-0682,触发,沙巴克行会触发[!],,,,,,?,待逐页核对正文,待核对,待核对,0,,,未分配,,游戏引擎反外挂系统/特殊触发功能,游戏引擎反外挂系统/特殊触发功能/沙巴克行会触发.htm,LFM2-2026-08-15-snapshot
LF-TOPIC-0683,触发,套装触发,,,,,,?,待逐页核对正文,待核对,待核对,0,,,未分配,,游戏引擎反外挂系统/特殊触发功能,游戏引擎反外挂系统/特殊触发功能/套装触发.htm,LFM2-2026-08-15-snapshot
LF-TOPIC-0684,触发,退出行会触发[!],,,,,,?,待逐页核对正文,待核对,待核对,0,,,未分配,,游戏引擎反外挂系统/特殊触发功能,游戏引擎反外挂系统/特殊触发功能/退出行会触发.htm,LFM2-2026-08-15-snapshot
LF-TOPIC-0685,触发,外挂触发[!],,,,,,?,待逐页核对正文,待核对,待核对,0,,,未分配,,游戏引擎反外挂系统/特殊触发功能,游戏引擎反外挂系统/特殊触发功能/外挂触发[!].htm,LFM2-2026-08-15-snapshot
LF-TOPIC-0686,触发,武器被诅咒前触发,,,,,,?,待逐页核对正文,待核对,待核对,0,,,未分配,,游戏引擎反外挂系统/特殊触发功能,游戏引擎反外挂系统/特殊触发功能/武器诅咒前触发.htm,LFM2-2026-08-15-snapshot
LF-TOPIC-0687,触发,物品触发脚本功能,,,,,,?,待逐页核对正文,待核对,待核对,0,,,未分配,,游戏引擎反外挂系统/特殊触发功能,游戏引擎反外挂系统/特殊触发功能/物品触发功能脚本.htm,LFM2-2026-08-15-snapshot
LF-TOPIC-0688,触发,物品掉落触发,,,,,,?,待逐页核对正文,待核对,待核对,0,,,未分配,,游戏引擎反外挂系统/特殊触发功能,游戏引擎反外挂系统/特殊触发功能/物品掉落触发.html,LFM2-2026-08-15-snapshot
LF-TOPIC-0689,触发,物品捡取和丢弃触发,,,,,,?,待逐页核对正文,待核对,待核对,0,,,未分配,,游戏引擎反外挂系统/特殊触发功能,游戏引擎反外挂系统/特殊触发功能/物品捡取.htm,LFM2-2026-08-15-snapshot
LF-TOPIC-0690,触发,物品捡取和丢弃触发,,,,,,?,待逐页核对正文,待核对,待核对,0,,,未分配,,游戏引擎反外挂系统/特殊触发功能,游戏引擎反外挂系统/特殊触发功能/新物品捡取.htm,LFM2-2026-08-15-snapshot
LF-TOPIC-0691,触发,物品进入背包触发,,,,,,?,待逐页核对正文,待核对,待核对,0,,,未分配,,游戏引擎反外挂系统/特殊触发功能,游戏引擎反外挂系统/特殊触发功能/物品进入背包触发.htm,LFM2-2026-08-15-snapshot
LF-TOPIC-0692,触发,系统商铺赠送物品前触发,,,,,,?,待逐页核对正文,待核对,待核对,0,,,未分配,,游戏引擎反外挂系统/特殊触发功能,游戏引擎反外挂系统/特殊触发功能/商铺赠送物品前触发.htm,LFM2-2026-08-15-snapshot
LF-TOPIC-0693,触发,限时装备到期(到时间)触发,,,,,,?,待逐页核对正文,待核对,待核对,0,,,未分配,,游戏引擎反外挂系统/特殊触发功能,游戏引擎反外挂系统/特殊触发功能/限时装备到期(到时间)触发.html,LFM2-2026-08-15-snapshot
LF-TOPIC-0694,触发,英雄当前获得经验触发,,,,,,?,待逐页核对正文,待核对,待核对,0,,,未分配,,游戏引擎反外挂系统/特殊触发功能,游戏引擎反外挂系统/特殊触发功能/英雄当前获得经验触发.htm,LFM2-2026-08-15-snapshot
LF-TOPIC-0695,触发,英雄上线触发,,,,,,?,待逐页核对正文,待核对,待核对,0,,,未分配,,游戏引擎反外挂系统/特殊触发功能,游戏引擎反外挂系统/特殊触发功能/英雄上线触发.htm,LFM2-2026-08-15-snapshot
LF-TOPIC-0696,触发,英雄升级触发,,,,,,?,待逐页核对正文,待核对,待核对,0,,,未分配,,游戏引擎反外挂系统/特殊触发功能,游戏引擎反外挂系统/特殊触发功能/英雄升级触发.htm,LFM2-2026-08-15-snapshot
LF-TOPIC-0697,触发,英雄死亡,,,,,,?,待逐页核对正文,待核对,待核对,0,,,未分配,,游戏引擎反外挂系统/特殊触发功能,游戏引擎反外挂系统/特殊触发功能/英雄死亡触发.htm,LFM2-2026-08-15-snapshot
LF-TOPIC-0698,触发,英雄学习技能触发,,,,,,?,待逐页核对正文,待核对,待核对,0,,,未分配,,游戏引擎反外挂系统/特殊触发功能,游戏引擎反外挂系统/特殊触发功能/英雄学习技能触发.html,LFM2-2026-08-15-snapshot
LF-TOPIC-0699,触发,战斗状态触发,,,,,,?,待逐页核对正文,待核对,待核对,0,,,未分配,,游戏引擎反外挂系统/特殊触发功能,游戏引擎反外挂系统/特殊触发功能/战斗状态触发.htm,LFM2-2026-08-15-snapshot
LF-TOPIC-0700,触发,指定人物触发字段.htm,,,,,,?,待逐页核对正文,待核对,待核对,0,,,未分配,,游戏引擎反外挂系统/特殊触发功能,游戏引擎反外挂系统/特殊触发功能/指定人物触发字段.htm,LFM2-2026-08-15-snapshot
LF-TOPIC-0701,触发,指定人物触发字段[!],,,,,,?,待逐页核对正文,待核对,待核对,0,,,未分配,,游戏引擎反外挂系统/特殊触发功能,游戏引擎反外挂系统/特殊触发功能/指定人物触发字段[!].htm,LFM2-2026-08-15-snapshot
LF-TOPIC-0702,触发,装备持久消失时触发,,,,,,?,待逐页核对正文,待核对,待核对,0,,,未分配,,游戏引擎反外挂系统/特殊触发功能,游戏引擎反外挂系统/特殊触发功能/装备持久消失时触发[!].htm,LFM2-2026-08-15-snapshot
LF-TOPIC-0703,触发,装备升级触发[!],,,,,,?,待逐页核对正文,待核对,待核对,0,,,未分配,,游戏引擎反外挂系统/特殊触发功能,游戏引擎反外挂系统/特殊触发功能/装备升级触发[!].htm,LFM2-2026-08-15-snapshot
LF-TOPIC-0704,触发,走路触发和跑步触发,,,,,,?,待逐页核对正文,待核对,待核对,0,,,未分配,,游戏引擎反外挂系统/特殊触发功能,游戏引擎反外挂系统/特殊触发功能/走路或跑步触发.htm,LFM2-2026-08-15-snapshot
LF-TOPIC-0705,触发,组队时触发,,,,,,?,待逐页核对正文,待核对,待核对,0,,,未分配,,游戏引擎反外挂系统/特殊触发功能,游戏引擎反外挂系统/特殊触发功能/组队时触发[!].htm,LFM2-2026-08-15-snapshot
LF-TOPIC-0706,触发,GOTOLABEL触发[!],,,,,,?,待逐页核对正文,待核对,待核对,0,,,未分配,,游戏引擎反外挂系统/特殊触发功能,游戏引擎反外挂系统/特殊触发功能/GOTOLABEL触发[!].htm,LFM2-2026-08-15-snapshot
LF-TOPIC-0707,系统功能,47类右键准星物品说明,,,,,,?,待逐页核对正文,待核对,待核对,0,,,未分配,,游戏引擎反外挂系统/游戏功能详解,游戏引擎反外挂系统/游戏功能详解/47类物品说明.html,LFM2-2026-08-15-snapshot
LF-TOPIC-0708,系统功能,宝箱获取物品触发、宝箱触发,,,,,,?,待逐页核对正文,待核对,待核对,0,,,未分配,,游戏引擎反外挂系统/游戏功能详解,游戏引擎反外挂系统/游戏功能详解/宝箱获取物品触发.html,LFM2-2026-08-15-snapshot
LF-TOPIC-0709,系统功能,宝箱自定义UI相关说明,,,,,,?,待逐页核对正文,待核对,待核对,0,,,未分配,,游戏引擎反外挂系统/游戏功能详解,游戏引擎反外挂系统/游戏功能详解/宝箱自定义UI相关说明.html,LFM2-2026-08-15-snapshot
LF-TOPIC-0710,系统功能,爆率透视,,,,,,?,待逐页核对正文,待核对,待核对,0,,,未分配,,游戏引擎反外挂系统/游戏功能详解,游戏引擎反外挂系统/游戏功能详解/透视命令.html,LFM2-2026-08-15-snapshot
LF-TOPIC-0711,系统功能,背包扩展、包裹扩展,,,,,,?,待逐页核对正文,待核对,待核对,0,,,未分配,,游戏引擎反外挂系统/游戏功能详解,游戏引擎反外挂系统/游戏功能详解/背包扩展.html,LFM2-2026-08-15-snapshot
LF-TOPIC-0712,系统功能,采集类型怪物设置,,,,,,?,待逐页核对正文,待核对,待核对,0,,,未分配,,游戏引擎反外挂系统/游戏功能详解,游戏引擎反外挂系统/游戏功能详解/采集类型怪物.htm,LFM2-2026-08-15-snapshot
LF-TOPIC-0713,系统功能,"嘲讽命令,吸怪",,,,,,?,待逐页核对正文,待核对,待核对,0,,,未分配,,游戏引擎反外挂系统/游戏功能详解,游戏引擎反外挂系统/游戏功能详解/嘲讽命令.html,LFM2-2026-08-15-snapshot
LF-TOPIC-0714,系统功能,宠物说明,,,,,,?,待逐页核对正文,待核对,待核对,0,,,未分配,,游戏引擎反外挂系统/游戏功能详解,游戏引擎反外挂系统/游戏功能详解/宠物说明整理.htm,LFM2-2026-08-15-snapshot
LF-TOPIC-0715,系统功能,穿戴和脱装备统一触发,,,,,,?,待逐页核对正文,待核对,待核对,0,,,未分配,,游戏引擎反外挂系统/游戏功能详解,游戏引擎反外挂系统/游戏功能详解/穿戴和脱装备统一触发.html,LFM2-2026-08-15-snapshot
LF-TOPIC-0716,系统功能,从文本里随机获取一组不相同的字符,,,,,,?,待逐页核对正文,待核对,待核对,0,,,未分配,,游戏引擎反外挂系统/游戏功能详解,游戏引擎反外挂系统/游戏功能详解/从文本里随机获取一组不相同的字符.html,LFM2-2026-08-15-snapshot
LF-TOPIC-0717,系统功能,打开客户端界面功能,,,,,,?,待逐页核对正文,待核对,待核对,0,,,未分配,,游戏引擎反外挂系统/游戏功能详解,游戏引擎反外挂系统/游戏功能详解/打开客户端界面功能.html,LFM2-2026-08-15-snapshot
LF-TOPIC-0718,系统功能,地图参数限制人物在地图的时间（TimeMap）,,,,,,?,待逐页核对正文,待核对,待核对,0,,,未分配,,游戏引擎反外挂系统/游戏功能详解,游戏引擎反外挂系统/游戏功能详解/限制地图时间.html,LFM2-2026-08-15-snapshot
LF-TOPIC-0719,系统功能,地图参数详解[!],,,,,,?,待逐页核对正文,待核对,待核对,0,,,未分配,,游戏引擎反外挂系统/游戏功能详解,游戏引擎反外挂系统/游戏功能详解/地图参数详解[!].htm,LFM2-2026-08-15-snapshot
LF-TOPIC-0720,系统功能,登录点安全区[!],,,,,,?,待逐页核对正文,待核对,待核对,0,,,未分配,,游戏引擎反外挂系统/游戏功能详解,游戏引擎反外挂系统/游戏功能详解/登录点安全区[!].htm,LFM2-2026-08-15-snapshot
LF-TOPIC-0721,系统功能,点击小地图自动寻路[!],,,,,,?,待逐页核对正文,待核对,待核对,0,,,未分配,,游戏引擎反外挂系统/游戏功能详解,游戏引擎反外挂系统/游戏功能详解/点击小地图自动寻路[!].htm,LFM2-2026-08-15-snapshot
LF-TOPIC-0722,系统功能,调整宝宝攻击人物的威力倍率,,,,,,?,待逐页核对正文,待核对,待核对,0,,,未分配,,游戏引擎反外挂系统/游戏功能详解,游戏引擎反外挂系统/游戏功能详解/调整宝宝攻击人物的威力倍率.htm,LFM2-2026-08-15-snapshot
LF-TOPIC-0723,系统功能,调整分身攻击人物的威力倍率,,,,,,?,待逐页核对正文,待核对,待核对,0,,,未分配,,游戏引擎反外挂系统/游戏功能详解,游戏引擎反外挂系统/游戏功能详解/调整分身攻击人物的威力倍率.html,LFM2-2026-08-15-snapshot
LF-TOPIC-0724,系统功能,调整人物、英雄、宝宝、怪物体型大小命令,,,,,,?,待逐页核对正文,待核对,待核对,0,,,未分配,,游戏引擎反外挂系统/游戏功能详解,游戏引擎反外挂系统/游戏功能详解/调整体型大小命令.htm,LFM2-2026-08-15-snapshot
LF-TOPIC-0725,系统功能,掉血的地图参数,,,,,,?,待逐页核对正文,待核对,待核对,0,,,未分配,,游戏引擎反外挂系统/游戏功能详解,游戏引擎反外挂系统/游戏功能详解/掉血的地图参数.htm,LFM2-2026-08-15-snapshot
LF-TOPIC-0726,系统功能,叠加功能[!],,,,,,?,待逐页核对正文,待核对,待核对,0,,,未分配,,游戏引擎反外挂系统/游戏功能详解,游戏引擎反外挂系统/游戏功能详解/叠加功能[!].htm,LFM2-2026-08-15-snapshot
LF-TOPIC-0727,系统功能,顶戴花翎功能[!],,,,,,?,待逐页核对正文,待核对,待核对,0,,,未分配,,游戏引擎反外挂系统/游戏功能详解,游戏引擎反外挂系统/游戏功能详解/顶戴花翎功能[!].htm,LFM2-2026-08-15-snapshot
LF-TOPIC-0728,系统功能,斗笠功能设置[!],,,,,,?,待逐页核对正文,待核对,待核对,0,,,未分配,,游戏引擎反外挂系统/游戏功能详解,游戏引擎反外挂系统/游戏功能详解/斗笠功能设置[!].htm,LFM2-2026-08-15-snapshot
LF-TOPIC-0729,系统功能,对捡取的物品进行关联,,,,,,?,待逐页核对正文,待核对,待核对,0,,,未分配,,游戏引擎反外挂系统/游戏功能详解,游戏引擎反外挂系统/游戏功能详解/对捡取的物品进行关联.htm,LFM2-2026-08-15-snapshot
LF-TOPIC-0730,系统功能,多级脚本使用[!],,,,,,?,待逐页核对正文,待核对,待核对,0,,,未分配,,游戏引擎反外挂系统/游戏功能详解,游戏引擎反外挂系统/游戏功能详解/多级脚本使用[!].htm,LFM2-2026-08-15-snapshot
LF-TOPIC-0731,系统功能,分身攻击触发,,,,,,?,待逐页核对正文,待核对,待核对,0,,,未分配,,游戏引擎反外挂系统/游戏功能详解,游戏引擎反外挂系统/游戏功能详解/分身攻击触发.html,LFM2-2026-08-15-snapshot
LF-TOPIC-0732,系统功能,改变怪物脸型、改变怪物外观、改变怪物appr、修改怪物脸型、修改怪物外观、修改怪物appr,,,,,,?,待逐页核对正文,待核对,待核对,0,,,未分配,,游戏引擎反外挂系统/游戏功能详解,游戏引擎反外挂系统/游戏功能详解/改变怪物脸型命令.html,LFM2-2026-08-15-snapshot
LF-TOPIC-0733,系统功能,"改变用户模式 改变人物模式 石化或冰冻 中毒效果 蛛网效果,人物状态，禁锢，吸血,ChangeState",,,,,,?,待逐页核对正文,待核对,待核对,0,,,未分配,,游戏引擎反外挂系统/游戏功能详解,游戏引擎反外挂系统/游戏功能详解/NPC蜘蛛网.htm,LFM2-2026-08-15-snapshot
LF-TOPIC-0734,系统功能,根据物品数据库idx直接得到物品,,,,,,?,待逐页核对正文,待核对,待核对,0,,,未分配,,游戏引擎反外挂系统/游戏功能详解,游戏引擎反外挂系统/游戏功能详解/根据物品数据库idx直接得到物品.html,LFM2-2026-08-15-snapshot
LF-TOPIC-0735,系统功能,购买摆摊物品后触发、摆摊触发,,,,,,?,待逐页核对正文,待核对,待核对,0,,,未分配,,游戏引擎反外挂系统/游戏功能详解,游戏引擎反外挂系统/游戏功能详解/购买摆摊物品后触发.html,LFM2-2026-08-15-snapshot
LF-TOPIC-0736,系统功能,怪物爆率支持变量,,,,,,?,待逐页核对正文,待核对,待核对,0,,,未分配,,游戏引擎反外挂系统/游戏功能详解,游戏引擎反外挂系统/游戏功能详解/怪物爆率支持变量.html,LFM2-2026-08-15-snapshot
LF-TOPIC-0737,系统功能,怪物大血条,,,,,,?,待逐页核对正文,待核对,待核对,0,,,未分配,,游戏引擎反外挂系统/游戏功能详解,游戏引擎反外挂系统/游戏功能详解/怪物大血条.HTML,LFM2-2026-08-15-snapshot
LF-TOPIC-0738,系统功能,怪物名称颜色自定义功能[!],,,,,,?,待逐页核对正文,待核对,待核对,0,,,未分配,,游戏引擎反外挂系统/游戏功能详解,游戏引擎反外挂系统/游戏功能详解/怪物名称颜色自定义功能[!].htm,LFM2-2026-08-15-snapshot
LF-TOPIC-0739,系统功能,怪物伤害封顶[!],,,,,,?,待逐页核对正文,待核对,待核对,0,,,未分配,,游戏引擎反外挂系统/游戏功能详解,游戏引擎反外挂系统/游戏功能详解/怪物伤害封顶[!].htm,LFM2-2026-08-15-snapshot
LF-TOPIC-0740,系统功能,怪物属性扩展[!],,,,,,?,待逐页核对正文,待核对,待核对,0,,,未分配,,游戏引擎反外挂系统/游戏功能详解,游戏引擎反外挂系统/游戏功能详解/怪物属性扩展[!].htm,LFM2-2026-08-15-snapshot
LF-TOPIC-0741,系统功能,怪物说话配置[!],,,,,,?,待逐页核对正文,待核对,待核对,0,,,未分配,,游戏引擎反外挂系统/游戏功能详解,游戏引擎反外挂系统/游戏功能详解/怪物说话配置[!].htm,LFM2-2026-08-15-snapshot
LF-TOPIC-0742,系统功能,怪物探索设置说明[!],,,,,,?,待逐页核对正文,待核对,待核对,0,,,未分配,,游戏引擎反外挂系统/游戏功能详解,游戏引擎反外挂系统/游戏功能详解/怪物探索设置说明[!].htm,LFM2-2026-08-15-snapshot
LF-TOPIC-0743,系统功能,"韩国地图,韩国传奇2",,,,,,?,待逐页核对正文,待核对,待核对,0,,,未分配,,游戏引擎反外挂系统/游戏功能详解,游戏引擎反外挂系统/游戏功能详解/韩国传奇3地图支持说明.htm,LFM2-2026-08-15-snapshot
LF-TOPIC-0744,系统功能,"韩国地图,韩国传奇3",,,,,,?,待逐页核对正文,待核对,待核对,0,,,未分配,,游戏引擎反外挂系统/游戏功能详解,游戏引擎反外挂系统/游戏功能详解/韩国传奇2地图支持说明.htm,LFM2-2026-08-15-snapshot
LF-TOPIC-0745,系统功能,火龙神殿[!],,,,,,?,待逐页核对正文,待核对,待核对,0,,,未分配,,游戏引擎反外挂系统/游戏功能详解,游戏引擎反外挂系统/游戏功能详解/火龙神殿[!].htm,LFM2-2026-08-15-snapshot
LF-TOPIC-0746,系统功能,获取地图人数命令,,,,,,?,待逐页核对正文,待核对,待核对,0,,,未分配,,游戏引擎反外挂系统/游戏功能详解,游戏引擎反外挂系统/游戏功能详解/获取地图人数命令.html,LFM2-2026-08-15-snapshot
LF-TOPIC-0747,系统功能,获取地图上分身数量,,,,,,?,待逐页核对正文,待核对,待核对,0,,,未分配,,游戏引擎反外挂系统/游戏功能详解,游戏引擎反外挂系统/游戏功能详解/获取地图上分身数量.html,LFM2-2026-08-15-snapshot
LF-TOPIC-0748,系统功能,获取对象的属性、获取属性,,,,,,?,待逐页核对正文,待核对,待核对,0,,,未分配,,游戏引擎反外挂系统/游戏功能详解,游戏引擎反外挂系统/游戏功能详解/获取对象的全体属性.html,LFM2-2026-08-15-snapshot
LF-TOPIC-0749,系统功能,获取角色背包信息,,,,,,?,待逐页核对正文,待核对,待核对,0,,,未分配,,游戏引擎反外挂系统/游戏功能详解,游戏引擎反外挂系统/游戏功能详解/获取角色背包信息.htm,LFM2-2026-08-15-snapshot
LF-TOPIC-0750,系统功能,获取物品属性值,,,,,,?,待逐页核对正文,待核对,待核对,0,,,未分配,,游戏引擎反外挂系统/游戏功能详解,游戏引擎反外挂系统/游戏功能详解/获取物品属性值.html,LFM2-2026-08-15-snapshot
LF-TOPIC-0751,系统功能,获取一组不相同的随机数,,,,,,?,待逐页核对正文,待核对,待核对,0,,,未分配,,游戏引擎反外挂系统/游戏功能详解,游戏引擎反外挂系统/游戏功能详解/获取一组不相同的随机数.html,LFM2-2026-08-15-snapshot
LF-TOPIC-0752,系统功能,机器码使用说明[!],,,,,,?,待逐页核对正文,待核对,待核对,0,,,未分配,,游戏引擎反外挂系统/游戏功能详解,游戏引擎反外挂系统/游戏功能详解/机器码使用说明[!].htm,LFM2-2026-08-15-snapshot
LF-TOPIC-0753,系统功能,假人配置[!],,,,,,?,待逐页核对正文,待核对,待核对,0,,,未分配,,游戏引擎反外挂系统/游戏功能详解,游戏引擎反外挂系统/游戏功能详解/配置假人[!].htm,LFM2-2026-08-15-snapshot
LF-TOPIC-0754,系统功能,捡起丢弃物品ID序列号,,,,,,?,待逐页核对正文,待核对,待核对,0,,,未分配,,游戏引擎反外挂系统/游戏功能详解,游戏引擎反外挂系统/游戏功能详解/获取捡起丢弃物品ID序列号.html,LFM2-2026-08-15-snapshot
LF-TOPIC-0755,系统功能,检测使用的物品来源于哪个背包,,,,,,?,待逐页核对正文,待核对,待核对,0,,,未分配,,游戏引擎反外挂系统/游戏功能详解,游戏引擎反外挂系统/游戏功能详解/检测使用的物品来源于哪个背包.html,LFM2-2026-08-15-snapshot
LF-TOPIC-0756,系统功能,角色打怪爆出物品直接入包，角色打怪爆出物品直接入包[!],,,,,,?,待逐页核对正文,待核对,待核对,0,,,未分配,,游戏引擎反外挂系统/游戏功能详解,游戏引擎反外挂系统/游戏功能详解/杀怪爆出物品自动入包.htm,LFM2-2026-08-15-snapshot
LF-TOPIC-0757,系统功能,"角色交易系统,账号交易买卖，角色出售[!]",,,,,,?,待逐页核对正文,待核对,待核对,0,,,未分配,,游戏引擎反外挂系统/游戏功能详解,游戏引擎反外挂系统/游戏功能详解/角色交易系统.htm,LFM2-2026-08-15-snapshot
LF-TOPIC-0758,系统功能,脚本命令将数字转换为图片显示,,,,,,?,待逐页核对正文,待核对,待核对,0,,,未分配,,游戏引擎反外挂系统/游戏功能详解,游戏引擎反外挂系统/游戏功能详解/脚本命令将数字转换为图片显示.htm,LFM2-2026-08-15-snapshot
LF-TOPIC-0759,系统功能,脚本中使用图标功能[!],,,,,,?,待逐页核对正文,待核对,待核对,0,,,未分配,,游戏引擎反外挂系统/游戏功能详解,游戏引擎反外挂系统/游戏功能详解/脚本中使用图标功能[!].htm,LFM2-2026-08-15-snapshot
LF-TOPIC-0760,系统功能,禁止物品掉落、停止物品掉落、禁止爆出物品、爆出物品检测，脚本回收爆出物品,,,,,,?,待逐页核对正文,待核对,待核对,0,,,未分配,,游戏引擎反外挂系统/游戏功能详解,游戏引擎反外挂系统/游戏功能详解/禁止物品掉落.html,LFM2-2026-08-15-snapshot
LF-TOPIC-0761,系统功能,经络连击[!],,,,,,?,待逐页核对正文,待核对,待核对,0,,,未分配,,游戏引擎反外挂系统/游戏功能详解,游戏引擎反外挂系统/游戏功能详解/经络连击[!].htm,LFM2-2026-08-15-snapshot
LF-TOPIC-0762,系统功能,可视仓库,,,,,,?,待逐页核对正文,待核对,待核对,0,,,未分配,,游戏引擎反外挂系统/游戏功能详解,游戏引擎反外挂系统/游戏功能详解/可视仓库.HTML,LFM2-2026-08-15-snapshot
LF-TOPIC-0763,系统功能,可视化商店(交易市场),,,,,,?,待逐页核对正文,待核对,待核对,0,,,未分配,,游戏引擎反外挂系统/游戏功能详解,游戏引擎反外挂系统/游戏功能详解/可视化商店.htm,LFM2-2026-08-15-snapshot
LF-TOPIC-0764,系统功能,跨区跨服功能设置,,,,,,?,待逐页核对正文,待核对,待核对,0,,,未分配,,游戏引擎反外挂系统/游戏功能详解,游戏引擎反外挂系统/游戏功能详解/跨区跨服设置.htm,LFM2-2026-08-15-snapshot
LF-TOPIC-0765,系统功能,扩展字符变量S和数字变量N[!],,,,,,?,待逐页核对正文,待核对,待核对,0,,,未分配,,游戏引擎反外挂系统/游戏功能详解,游戏引擎反外挂系统/游戏功能详解/扩展字符变量S和数字变量N[!].htm,LFM2-2026-08-15-snapshot
LF-TOPIC-0766,系统功能,"扩展NPC脚本点击触发带参数,NPC标签带参数",,,,,,?,待逐页核对正文,待核对,待核对,0,,,未分配,,游戏引擎反外挂系统/游戏功能详解,游戏引擎反外挂系统/游戏功能详解/扩展NPC脚本点击触发带参数.html,LFM2-2026-08-15-snapshot
LF-TOPIC-0767,系统功能,聊天框脚本功能,,,,,,?,待逐页核对正文,待核对,待核对,0,,,未分配,,游戏引擎反外挂系统/游戏功能详解,游戏引擎反外挂系统/游戏功能详解/聊天框脚本.htm,LFM2-2026-08-15-snapshot
LF-TOPIC-0768,系统功能,魔王岭相关,,,,,,?,待逐页核对正文,待核对,待核对,0,,,未分配,,游戏引擎反外挂系统/游戏功能详解,游戏引擎反外挂系统/游戏功能详解/魔王岭相关.html,LFM2-2026-08-15-snapshot
LF-TOPIC-0769,系统功能,内功系统[!],,,,,,?,待逐页核对正文,待核对,待核对,0,,,未分配,,游戏引擎反外挂系统/游戏功能详解,游戏引擎反外挂系统/游戏功能详解/内功系统[!].htm,LFM2-2026-08-15-snapshot
LF-TOPIC-0770,系统功能,内挂挂机设置,,,,,,?,待逐页核对正文,待核对,待核对,0,,,未分配,,游戏引擎反外挂系统/游戏功能详解,游戏引擎反外挂系统/游戏功能详解/内挂挂机设置.htm,LFM2-2026-08-15-snapshot
LF-TOPIC-0771,系统功能,拍卖行,,,,,,?,待逐页核对正文,待核对,待核对,0,,,未分配,,游戏引擎反外挂系统/游戏功能详解,游戏引擎反外挂系统/游戏功能详解/拍卖行.htm,LFM2-2026-08-15-snapshot
LF-TOPIC-0772,系统功能,佩戴装备触发指定技能[!],,,,,,?,待逐页核对正文,待核对,待核对,0,,,未分配,,游戏引擎反外挂系统/游戏功能详解,游戏引擎反外挂系统/游戏功能详解/佩戴装备触发指定技能.htm,LFM2-2026-08-15-snapshot
LF-TOPIC-0773,系统功能,强制怪物爆出物品、怪物掉落/爆出物品,,,,,,?,待逐页核对正文,待核对,待核对,0,,,未分配,,游戏引擎反外挂系统/游戏功能详解,游戏引擎反外挂系统/游戏功能详解/强制怪物爆出物品.html,LFM2-2026-08-15-snapshot
LF-TOPIC-0774,系统功能,人物攻击和被攻击掉血前触发、修改当前伤害血量,,,,,,?,待逐页核对正文,待核对,待核对,0,,,未分配,,游戏引擎反外挂系统/游戏功能详解,游戏引擎反外挂系统/游戏功能详解/人物攻击和被攻击掉血前触发.html,LFM2-2026-08-15-snapshot
LF-TOPIC-0775,系统功能,人物释放技能前自身触发,,,,,,?,待逐页核对正文,待核对,待核对,0,,,未分配,,游戏引擎反外挂系统/游戏功能详解,游戏引擎反外挂系统/游戏功能详解/人物释放技能前自身触发.html,LFM2-2026-08-15-snapshot
LF-TOPIC-0776,系统功能,人物在线改名系统,,,,,,?,待逐页核对正文,待核对,待核对,0,,,未分配,,游戏引擎反外挂系统/游戏功能详解,游戏引擎反外挂系统/游戏功能详解/人物在线改名.html,LFM2-2026-08-15-snapshot
LF-TOPIC-0777,系统功能,人物注册资料变量显示,,,,,,?,待逐页核对正文,待核对,待核对,0,,,未分配,,游戏引擎反外挂系统/游戏功能详解,游戏引擎反外挂系统/游戏功能详解/注册资料变量.htm,LFM2-2026-08-15-snapshot
LF-TOPIC-0778,系统功能,人型怪物设置方法[!],,,,,,?,待逐页核对正文,待核对,待核对,0,,,未分配,,游戏引擎反外挂系统/游戏功能详解,游戏引擎反外挂系统/游戏功能详解/人型怪物设置方法[!].htm,LFM2-2026-08-15-snapshot
LF-TOPIC-0779,系统功能,容器,,,,,,?,待逐页核对正文,待核对,待核对,0,,,未分配,,游戏引擎反外挂系统/游戏功能详解,游戏引擎反外挂系统/游戏功能详解/容器.htm,LFM2-2026-08-15-snapshot
LF-TOPIC-0780,系统功能,伤害吸收装备设置,,,,,,?,待逐页核对正文,待核对,待核对,0,,,未分配,,游戏引擎反外挂系统/游戏功能详解,游戏引擎反外挂系统/游戏功能详解/伤害吸收装备设置[!].htm,LFM2-2026-08-15-snapshot
LF-TOPIC-0781,系统功能,设置怪物爆率倍数[!],,,,,,?,待逐页核对正文,待核对,待核对,0,,,未分配,,游戏引擎反外挂系统/游戏功能详解,游戏引擎反外挂系统/游戏功能详解/脚本设置怪物爆率倍数[!].htm,LFM2-2026-08-15-snapshot
LF-TOPIC-0782,系统功能,设置货币关联,,,,,,?,待逐页核对正文,待核对,待核对,0,,,未分配,,游戏引擎反外挂系统/游戏功能详解,游戏引擎反外挂系统/游戏功能详解/设置关联货币.htm,LFM2-2026-08-15-snapshot
LF-TOPIC-0783,系统功能,实名认证（身份认证二要素）,,,,,,?,待逐页核对正文,待核对,待核对,0,,,未分配,,游戏引擎反外挂系统/游戏功能详解,游戏引擎反外挂系统/实名认证/实名认证.htm,LFM2-2026-08-15-snapshot
LF-TOPIC-0784,系统功能,数字转换为图片显示标签,,,,,,?,待逐页核对正文,待核对,待核对,0,,,未分配,,游戏引擎反外挂系统/游戏功能详解,游戏引擎反外挂系统/游戏功能详解/数字转换为图片显示标签.htm,LFM2-2026-08-15-snapshot
LF-TOPIC-0785,系统功能,天气效果[!],,,,,,?,待逐页核对正文,待核对,待核对,0,,,未分配,,游戏引擎反外挂系统/游戏功能详解,游戏引擎反外挂系统/游戏功能详解/天气效果[!].htm,LFM2-2026-08-15-snapshot
LF-TOPIC-0786,系统功能,天使翼翅膀,,,,,,?,待逐页核对正文,待核对,待核对,0,,,未分配,,游戏引擎反外挂系统/游戏功能详解,游戏引擎反外挂系统/游戏功能详解/天使翼翅膀.html,LFM2-2026-08-15-snapshot
LF-TOPIC-0787,系统功能,天下第一雕像相关说明,,,,,,?,待逐页核对正文,待核对,待核对,0,,,未分配,,游戏引擎反外挂系统/游戏功能详解,游戏引擎反外挂系统/游戏功能详解/天下第一.HTML,LFM2-2026-08-15-snapshot
LF-TOPIC-0788,系统功能,添加对话框(可用于主界面任务引导),,,,,,?,待逐页核对正文,待核对,待核对,0,,,未分配,,游戏引擎反外挂系统/游戏功能详解,游戏引擎反外挂系统/游戏功能详解/添加对话框AddDlg%20(可用于主界面任务引导).html,LFM2-2026-08-15-snapshot
LF-TOPIC-0789,系统功能,文本读取、写入支持绝对路径,,,,,,?,待逐页核对正文,待核对,待核对,0,,,未分配,,游戏引擎反外挂系统/游戏功能详解,游戏引擎反外挂系统/游戏功能详解/绝对路径.HTM,LFM2-2026-08-15-snapshot
LF-TOPIC-0790,系统功能,无限仓库,,,,,,?,待逐页核对正文,待核对,待核对,0,,,未分配,,游戏引擎反外挂系统/游戏功能详解,游戏引擎反外挂系统/游戏功能详解/无限仓库.HTML,LFM2-2026-08-15-snapshot
LF-TOPIC-0791,系统功能,武器声音、武器音效,,,,,,?,待逐页核对正文,待核对,待核对,0,,,未分配,,游戏引擎反外挂系统/游戏功能详解,游戏引擎反外挂系统/游戏功能详解/武器声音.htm,LFM2-2026-08-15-snapshot
LF-TOPIC-0792,系统功能,物品合成系统[!],,,,,,?,待逐页核对正文,待核对,待核对,0,,,未分配,,游戏引擎反外挂系统/游戏功能详解,游戏引擎反外挂系统/游戏功能详解/物品合成系统[!].htm,LFM2-2026-08-15-snapshot
LF-TOPIC-0793,系统功能,物品和武器的扩展算法[!],,,,,,?,待逐页核对正文,待核对,待核对,0,,,未分配,,游戏引擎反外挂系统/游戏功能详解,游戏引擎反外挂系统/游戏功能详解/物品和武器的扩展算法[!].htm,LFM2-2026-08-15-snapshot
LF-TOPIC-0794,系统功能,显示改名后的装备名字变量,,,,,,?,待逐页核对正文,待核对,待核对,0,,,未分配,,游戏引擎反外挂系统/游戏功能详解,游戏引擎反外挂系统/游戏功能详解/改名后装备名字变量.htm,LFM2-2026-08-15-snapshot
LF-TOPIC-0795,系统功能,限制摆摊物品最低售价,,,,,,?,待逐页核对正文,待核对,待核对,0,,,未分配,,游戏引擎反外挂系统/游戏功能详解,游戏引擎反外挂系统/游戏功能详解/限制摆摊物品最低售价.htm,LFM2-2026-08-15-snapshot
LF-TOPIC-0796,系统功能,镶嵌宝石设置说明,,,,,,?,待逐页核对正文,待核对,待核对,0,,,未分配,,游戏引擎反外挂系统/游戏功能详解,游戏引擎反外挂系统/游戏功能详解/宝石镶嵌说明.HTML,LFM2-2026-08-15-snapshot
LF-TOPIC-0797,系统功能,小地图边框,,,,,,?,待逐页核对正文,待核对,待核对,0,,,未分配,,游戏引擎反外挂系统/游戏功能详解,游戏引擎反外挂系统/游戏功能详解/小地图边框.html,LFM2-2026-08-15-snapshot
LF-TOPIC-0798,系统功能,新爆率格式 .html,,,,,,?,待逐页核对正文,待核对,待核对,0,,,未分配,,游戏引擎反外挂系统/游戏功能详解,游戏引擎反外挂系统/游戏功能详解/新爆率格式%20.html,LFM2-2026-08-15-snapshot
LF-TOPIC-0799,系统功能,新小地图计算方法[!],,,,,,?,待逐页核对正文,待核对,待核对,0,,,未分配,,游戏引擎反外挂系统/游戏功能详解,游戏引擎反外挂系统/游戏功能详解/新小地图计算方法[!].htm,LFM2-2026-08-15-snapshot
LF-TOPIC-0800,系统功能,"修改宝宝身体颜色,修改分身身体颜色",,,,,,?,待逐页核对正文,待核对,待核对,0,,,未分配,,游戏引擎反外挂系统/游戏功能详解,游戏引擎反外挂系统/游戏功能详解/修改宝宝身体颜色.html,LFM2-2026-08-15-snapshot
LF-TOPIC-0801,系统功能,"修改地图怪物名称,修改地图怪物名字",,,,,,?,待逐页核对正文,待核对,待核对,0,,,未分配,,游戏引擎反外挂系统/游戏功能详解,游戏引擎反外挂系统/游戏功能详解/修改地图怪物名称.html,LFM2-2026-08-15-snapshot
LF-TOPIC-0802,系统功能,修改指定账号的注册信息,,,,,,?,待逐页核对正文,待核对,待核对,0,,,未分配,,游戏引擎反外挂系统/游戏功能详解,游戏引擎反外挂系统/游戏功能详解/修改指定账号的注册信息.html,LFM2-2026-08-15-snapshot
LF-TOPIC-0803,系统功能,悬浮框自定义进度条使用说明,,,,,,?,待逐页核对正文,待核对,待核对,0,,,未分配,,游戏引擎反外挂系统/游戏功能详解,游戏引擎反外挂系统/游戏功能详解/自定义进度条说明书.htm,LFM2-2026-08-15-snapshot
LF-TOPIC-0804,系统功能,血球界面的魔法球效果[!,,,,,,?,待逐页核对正文,待核对,待核对,0,,,未分配,,游戏引擎反外挂系统/游戏功能详解,游戏引擎反外挂系统/游戏功能详解/界面播放魔法球.htm,LFM2-2026-08-15-snapshot
LF-TOPIC-0805,系统功能,巡逻怪物,,,,,,?,待逐页核对正文,待核对,待核对,0,,,未分配,,游戏引擎反外挂系统/游戏功能详解,游戏引擎反外挂系统/游戏功能详解/巡逻怪物.htm,LFM2-2026-08-15-snapshot
LF-TOPIC-0806,系统功能,巡逻卫士,,,,,,?,待逐页核对正文,待核对,待核对,0,,,未分配,,游戏引擎反外挂系统/游戏功能详解,游戏引擎反外挂系统/游戏功能详解/巡逻卫士.html,LFM2-2026-08-15-snapshot
LF-TOPIC-0807,系统功能,押镖车,,,,,,?,待逐页核对正文,待核对,待核对,0,,,未分配,,游戏引擎反外挂系统/游戏功能详解,游戏引擎反外挂系统/游戏功能详解/押镖车.htm,LFM2-2026-08-15-snapshot
LF-TOPIC-0808,系统功能,移动指定地图坐标的怪物到新的地图位置.、移动地图怪物,,,,,,?,待逐页核对正文,待核对,待核对,0,,,未分配,,游戏引擎反外挂系统/游戏功能详解,游戏引擎反外挂系统/游戏功能详解/移动指定地图坐标的怪物到新的地图位置.html,LFM2-2026-08-15-snapshot
LF-TOPIC-0809,系统功能,英雄连击配置[!],,,,,,?,待逐页核对正文,待核对,待核对,0,,,未分配,,游戏引擎反外挂系统/游戏功能详解,游戏引擎反外挂系统/游戏功能详解/英雄连击配置[!].htm,LFM2-2026-08-15-snapshot
LF-TOPIC-0810,系统功能,英雄魔法触发功能,,,,,,?,待逐页核对正文,待核对,待核对,0,,,未分配,,游戏引擎反外挂系统/游戏功能详解,游戏引擎反外挂系统/游戏功能详解/英雄魔法触发功能.html,LFM2-2026-08-15-snapshot
LF-TOPIC-0811,系统功能,英雄在线改名系统,,,,,,?,待逐页核对正文,待核对,待核对,0,,,未分配,,游戏引擎反外挂系统/游戏功能详解,游戏引擎反外挂系统/游戏功能详解/英雄在线改名.html,LFM2-2026-08-15-snapshot
LF-TOPIC-0812,系统功能,游戏开宝箱功能[!],,,,,,?,待逐页核对正文,待核对,待核对,0,,,未分配,,游戏引擎反外挂系统/游戏功能详解,游戏引擎反外挂系统/游戏功能详解/游戏开宝箱功能[!].htm,LFM2-2026-08-15-snapshot
LF-TOPIC-0813,系统功能,游戏内活动按钮[!],,,,,,?,待逐页核对正文,待核对,待核对,0,,,未分配,,游戏引擎反外挂系统/游戏功能详解,游戏引擎反外挂系统/游戏功能详解/活动按钮.htm,LFM2-2026-08-15-snapshot
LF-TOPIC-0814,系统功能,原子钟示范脚本.html,,,,,,?,待逐页核对正文,待核对,待核对,0,,,未分配,,游戏引擎反外挂系统/游戏功能详解,游戏引擎反外挂系统/游戏功能详解/原子钟示范脚本.html,LFM2-2026-08-15-snapshot
LF-TOPIC-0815,系统功能,增加怪物爆物品（直接调用怪物爆率免去杀怪过程直接触发爆率文件）,,,,,,?,待逐页核对正文,待核对,待核对,0,,,未分配,,游戏引擎反外挂系统/游戏功能详解,游戏引擎反外挂系统/游戏功能详解/增加爆怪物物品（免去杀怪过程直接触发爆率文件）.html,LFM2-2026-08-15-snapshot
LF-TOPIC-0816,系统功能,增加取随机值RANDOMEX非伪随机[!],,,,,,?,待逐页核对正文,待核对,待核对,0,,,未分配,,游戏引擎反外挂系统/游戏功能详解,游戏引擎反外挂系统/游戏功能详解/增加取随机值RANDOMEX非伪随机.html,LFM2-2026-08-15-snapshot
LF-TOPIC-0817,系统功能,装备套装备注[!],,,,,,?,待逐页核对正文,待核对,待核对,0,,,未分配,,游戏引擎反外挂系统/游戏功能详解,游戏引擎反外挂系统/游戏功能详解/装备套装备注[!].htm,LFM2-2026-08-15-snapshot
LF-TOPIC-0818,系统功能,自定义安全区形状,,,,,,?,待逐页核对正文,待核对,待核对,0,,,未分配,,游戏引擎反外挂系统/游戏功能详解,游戏引擎反外挂系统/游戏功能详解/自定义安全区形状.html,LFM2-2026-08-15-snapshot
LF-TOPIC-0819,系统功能,自定义采集功能,,,,,,?,待逐页核对正文,待核对,待核对,0,,,未分配,,游戏引擎反外挂系统/游戏功能详解,游戏引擎反外挂系统/游戏功能详解/自定义采集.htm,LFM2-2026-08-15-snapshot
LF-TOPIC-0820,系统功能,自定义进度条和自定义属性演示脚本,,,,,,?,待逐页核对正文,待核对,待核对,0,,,未分配,,游戏引擎反外挂系统/游戏功能详解,游戏引擎反外挂系统/游戏功能详解/自定义进度条和自定义属性演示脚本.htm,LFM2-2026-08-15-snapshot
LF-TOPIC-0821,系统功能,自定义属性说明书,,,,,,?,待逐页核对正文,待核对,待核对,0,,,未分配,,游戏引擎反外挂系统/游戏功能详解,游戏引擎反外挂系统/游戏功能详解/自定义属性说明书.htm,LFM2-2026-08-15-snapshot
LF-TOPIC-0822,系统功能,自动登录离线挂机人物[!],,,,,,?,待逐页核对正文,待核对,待核对,0,,,未分配,,游戏引擎反外挂系统/游戏功能详解,游戏引擎反外挂系统/游戏功能详解/自动登录离线挂机人物[!].htm,LFM2-2026-08-15-snapshot
LF-TOPIC-0823,系统功能,CSV表格读取,,,,,,?,待逐页核对正文,待核对,待核对,0,,,未分配,,游戏引擎反外挂系统/游戏功能详解,游戏引擎反外挂系统/游戏功能详解/CSV表格读取.htm,LFM2-2026-08-15-snapshot
LF-TOPIC-0824,系统功能,"DB控制不显示人物发型,悬浮框装备背景图片",,,,,,?,待逐页核对正文,待核对,待核对,0,,,未分配,,游戏引擎反外挂系统/游戏功能详解,游戏引擎反外挂系统/游戏功能详解/不显示发型.htm,LFM2-2026-08-15-snapshot
LF-TOPIC-0825,系统功能,HTTP请求与JSON处理功能说明,,,,,,?,待逐页核对正文,待核对,待核对,0,,,未分配,,游戏引擎反外挂系统/游戏功能详解,游戏引擎反外挂系统/游戏功能详解/向指定网络地址提交数据.html,LFM2-2026-08-15-snapshot
LF-TOPIC-0826,系统功能,NPC彩色字体设置[!],,,,,,?,待逐页核对正文,待核对,待核对,0,,,未分配,,游戏引擎反外挂系统/游戏功能详解,游戏引擎反外挂系统/游戏功能详解/NPC彩色字体[!].htm,LFM2-2026-08-15-snapshot
LF-TOPIC-0827,系统功能,Npc对话框动态进度条功能[!],,,,,,?,待逐页核对正文,待核对,待核对,0,,,未分配,,游戏引擎反外挂系统/游戏功能详解,游戏引擎反外挂系统/游戏功能详解/Npc对话框动态进度条功能.htm,LFM2-2026-08-15-snapshot
LF-TOPIC-0828,系统功能,NPC对话框提示文字命令，NPC界面上向上滚动提示信息,,,,,,?,待逐页核对正文,待核对,待核对,0,,,未分配,,游戏引擎反外挂系统/游戏功能详解,游戏引擎反外挂系统/游戏功能详解/NPC对话框提示文字命令.htm,LFM2-2026-08-15-snapshot
LF-TOPIC-0829,系统功能,NPC界面调用怪物外观,,,,,,?,待逐页核对正文,待核对,待核对,0,,,未分配,,游戏引擎反外挂系统/游戏功能详解,游戏引擎反外挂系统/游戏功能详解/NPC界面调用怪物外观.htm,LFM2-2026-08-15-snapshot
LF-TOPIC-0830,系统功能,NPC自动变色[!],,,,,,?,待逐页核对正文,待核对,待核对,0,,,未分配,,游戏引擎反外挂系统/游戏功能详解,游戏引擎反外挂系统/游戏功能详解/NPC自动变色[!].htm,LFM2-2026-08-15-snapshot
LF-TOPIC-0831,数据,31类物品扩展设置,,,,,,?,待逐页核对正文,待核对,待核对,0,,,未分配,,游戏引擎反外挂系统/DB数据库资料,游戏引擎反外挂系统/DB数据库资料/31类物品扩展设置.htm,LFM2-2026-08-15-snapshot
LF-TOPIC-0832,数据,盾牌相关资料,,,,,,?,待逐页核对正文,待核对,待核对,0,,,未分配,,游戏引擎反外挂系统/DB数据库资料,游戏引擎反外挂系统/DB数据库资料/盾牌.htm,LFM2-2026-08-15-snapshot
LF-TOPIC-0833,数据,可探索怪设置,,,,,,?,待逐页核对正文,待核对,待核对,0,,,未分配,,游戏引擎反外挂系统/DB数据库资料,游戏引擎反外挂系统/DB数据库资料/可探索怪物设置.htm,LFM2-2026-08-15-snapshot
LF-TOPIC-0834,数据,特殊物品设置[!],,,,,,?,待逐页核对正文,待核对,待核对,0,,,未分配,,游戏引擎反外挂系统/DB数据库资料,游戏引擎反外挂系统/DB数据库资料/特殊物品设置[!].htm,LFM2-2026-08-15-snapshot
LF-TOPIC-0835,数据,特效计算.htm,,,,,,?,待逐页核对正文,待核对,待核对,0,,,未分配,,游戏引擎反外挂系统/DB数据库资料,游戏引擎反外挂系统/DB数据库资料/特效计算.htm,LFM2-2026-08-15-snapshot
LF-TOPIC-0836,数据,天生元素字段说明,,,,,,?,待逐页核对正文,待核对,待核对,0,,,未分配,,游戏引擎反外挂系统/DB数据库资料,游戏引擎反外挂系统/DB数据库资料/天生元素设置.htm,LFM2-2026-08-15-snapshot
LF-TOPIC-0837,数据,物品代码表,,,,,,?,待逐页核对正文,待核对,待核对,0,,,未分配,,游戏引擎反外挂系统/DB数据库资料,游戏引擎反外挂系统/DB数据库资料/物品代码表[!].htm,LFM2-2026-08-15-snapshot
LF-TOPIC-0838,数据,物品极口属性详解,,,,,,?,待逐页核对正文,待核对,待核对,0,,,未分配,,游戏引擎反外挂系统/DB数据库资料,游戏引擎反外挂系统/DB数据库资料/物品极品属性详解.htm,LFM2-2026-08-15-snapshot
LF-TOPIC-0839,数据,物品所需条件设置,,,,,,?,待逐页核对正文,待核对,待核对,0,,,未分配,,游戏引擎反外挂系统/DB数据库资料,游戏引擎反外挂系统/DB数据库资料/物品所需条件设置.htm,LFM2-2026-08-15-snapshot
LF-TOPIC-0840,数据,新怪物数据[!],,,,,,?,待逐页核对正文,待核对,待核对,0,,,未分配,,游戏引擎反外挂系统/DB数据库资料,游戏引擎反外挂系统/DB数据库资料/新怪物数据[!].htm,LFM2-2026-08-15-snapshot
LF-TOPIC-0841,数据,英雄合击技能[!],,,,,,?,待逐页核对正文,待核对,待核对,0,,,未分配,,游戏引擎反外挂系统/DB数据库资料,游戏引擎反外挂系统/游戏魔法技能/合击技能[!].htm,LFM2-2026-08-15-snapshot
LF-TOPIC-0842,数据,祝福罐、魔族指令设置,,,,,,?,待逐页核对正文,待核对,待核对,0,,,未分配,,游戏引擎反外挂系统/DB数据库资料,游戏引擎反外挂系统/DB数据库资料/祝福罐、魔族指令.html,LFM2-2026-08-15-snapshot
LF-TOPIC-0843,数据,自定义回城石,,,,,,?,待逐页核对正文,待核对,待核对,0,,,未分配,,游戏引擎反外挂系统/DB数据库资料,游戏引擎反外挂系统/DB数据库资料/自定义回城石.html,LFM2-2026-08-15-snapshot
LF-TOPIC-0844,数据,自定义连击素材,,,,,,?,待逐页核对正文,待核对,待核对,0,,,未分配,,游戏引擎反外挂系统/DB数据库资料,游戏引擎反外挂系统/DB数据库资料/自定义(DIY)连击素材.htm,LFM2-2026-08-15-snapshot
LF-TOPIC-0845,数据,Magic详解,,,,,,?,待逐页核对正文,待核对,待核对,0,,,未分配,,游戏引擎反外挂系统/DB数据库资料,游戏引擎反外挂系统/DB数据库资料/Magic详解[!].htm,LFM2-2026-08-15-snapshot
LF-TOPIC-0846,数据,Monster详解,,,,,,?,待逐页核对正文,待核对,待核对,0,,,未分配,,游戏引擎反外挂系统/DB数据库资料,游戏引擎反外挂系统/DB数据库资料/Monster详解.html,LFM2-2026-08-15-snapshot
LF-TOPIC-0847,数据,Stditem详解,,,,,,?,待逐页核对正文,待核对,待核对,0,,,未分配,,游戏引擎反外挂系统/DB数据库资料,游戏引擎反外挂系统/DB数据库资料/Stditem详解.html,LFM2-2026-08-15-snapshot
LF-TOPIC-0848,NPC代码,0.jpg,,,,,,?,待逐页核对正文,待核对,待核对,0,,,未分配,,NPC代码,NPC代码/0.jpg,LFM2-2026-08-15-snapshot
LF-TOPIC-0849,NPC代码,1.jpg,,,,,,?,待逐页核对正文,待核对,待核对,0,,,未分配,,NPC代码,NPC代码/1.jpg,LFM2-2026-08-15-snapshot
LF-TOPIC-0850,NPC代码,10.jpg,,,,,,?,待逐页核对正文,待核对,待核对,0,,,未分配,,NPC代码,NPC代码/10.jpg,LFM2-2026-08-15-snapshot
LF-TOPIC-0851,NPC代码,100.jpg,,,,,,?,待逐页核对正文,待核对,待核对,0,,,未分配,,NPC代码,NPC代码/100.jpg,LFM2-2026-08-15-snapshot
LF-TOPIC-0852,NPC代码,101.jpg,,,,,,?,待逐页核对正文,待核对,待核对,0,,,未分配,,NPC代码,NPC代码/101.jpg,LFM2-2026-08-15-snapshot
LF-TOPIC-0853,NPC代码,102.jpg,,,,,,?,待逐页核对正文,待核对,待核对,0,,,未分配,,NPC代码,NPC代码/102.jpg,LFM2-2026-08-15-snapshot
LF-TOPIC-0854,NPC代码,103.jpg,,,,,,?,待逐页核对正文,待核对,待核对,0,,,未分配,,NPC代码,NPC代码/103.jpg,LFM2-2026-08-15-snapshot
LF-TOPIC-0855,NPC代码,104.jpg,,,,,,?,待逐页核对正文,待核对,待核对,0,,,未分配,,NPC代码,NPC代码/104.jpg,LFM2-2026-08-15-snapshot
LF-TOPIC-0856,NPC代码,105.jpg,,,,,,?,待逐页核对正文,待核对,待核对,0,,,未分配,,NPC代码,NPC代码/105.jpg,LFM2-2026-08-15-snapshot
LF-TOPIC-0857,NPC代码,106.jpg,,,,,,?,待逐页核对正文,待核对,待核对,0,,,未分配,,NPC代码,NPC代码/106.jpg,LFM2-2026-08-15-snapshot
LF-TOPIC-0858,NPC代码,107.jpg,,,,,,?,待逐页核对正文,待核对,待核对,0,,,未分配,,NPC代码,NPC代码/107.jpg,LFM2-2026-08-15-snapshot
LF-TOPIC-0859,NPC代码,109.jpg,,,,,,?,待逐页核对正文,待核对,待核对,0,,,未分配,,NPC代码,NPC代码/109.jpg,LFM2-2026-08-15-snapshot
LF-TOPIC-0860,NPC代码,11.jpg,,,,,,?,待逐页核对正文,待核对,待核对,0,,,未分配,,NPC代码,NPC代码/11.jpg,LFM2-2026-08-15-snapshot
LF-TOPIC-0861,NPC代码,12.jpg,,,,,,?,待逐页核对正文,待核对,待核对,0,,,未分配,,NPC代码,NPC代码/12.jpg,LFM2-2026-08-15-snapshot
LF-TOPIC-0862,NPC代码,13.jpg,,,,,,?,待逐页核对正文,待核对,待核对,0,,,未分配,,NPC代码,NPC代码/13.jpg,LFM2-2026-08-15-snapshot
LF-TOPIC-0863,NPC代码,130.jpg,,,,,,?,待逐页核对正文,待核对,待核对,0,,,未分配,,NPC代码,NPC代码/130.jpg,LFM2-2026-08-15-snapshot
LF-TOPIC-0864,NPC代码,131.jpg,,,,,,?,待逐页核对正文,待核对,待核对,0,,,未分配,,NPC代码,NPC代码/131.jpg,LFM2-2026-08-15-snapshot
LF-TOPIC-0865,NPC代码,132.jpg,,,,,,?,待逐页核对正文,待核对,待核对,0,,,未分配,,NPC代码,NPC代码/132.jpg,LFM2-2026-08-15-snapshot
LF-TOPIC-0866,NPC代码,133.jpg,,,,,,?,待逐页核对正文,待核对,待核对,0,,,未分配,,NPC代码,NPC代码/133.jpg,LFM2-2026-08-15-snapshot
LF-TOPIC-0867,NPC代码,14.jpg,,,,,,?,待逐页核对正文,待核对,待核对,0,,,未分配,,NPC代码,NPC代码/14.jpg,LFM2-2026-08-15-snapshot
LF-TOPIC-0868,NPC代码,15.jpg,,,,,,?,待逐页核对正文,待核对,待核对,0,,,未分配,,NPC代码,NPC代码/15.jpg,LFM2-2026-08-15-snapshot
LF-TOPIC-0869,NPC代码,16.jpg,,,,,,?,待逐页核对正文,待核对,待核对,0,,,未分配,,NPC代码,NPC代码/16.jpg,LFM2-2026-08-15-snapshot
LF-TOPIC-0870,NPC代码,17.jpg,,,,,,?,待逐页核对正文,待核对,待核对,0,,,未分配,,NPC代码,NPC代码/17.jpg,LFM2-2026-08-15-snapshot
LF-TOPIC-0871,NPC代码,18.jpg,,,,,,?,待逐页核对正文,待核对,待核对,0,,,未分配,,NPC代码,NPC代码/18.jpg,LFM2-2026-08-15-snapshot
LF-TOPIC-0872,NPC代码,19.jpg,,,,,,?,待逐页核对正文,待核对,待核对,0,,,未分配,,NPC代码,NPC代码/19.jpg,LFM2-2026-08-15-snapshot
LF-TOPIC-0873,NPC代码,2.jpg,,,,,,?,待逐页核对正文,待核对,待核对,0,,,未分配,,NPC代码,NPC代码/2.jpg,LFM2-2026-08-15-snapshot
LF-TOPIC-0874,NPC代码,20.jpg,,,,,,?,待逐页核对正文,待核对,待核对,0,,,未分配,,NPC代码,NPC代码/20.jpg,LFM2-2026-08-15-snapshot
LF-TOPIC-0875,NPC代码,209.jpg,,,,,,?,待逐页核对正文,待核对,待核对,0,,,未分配,,NPC代码,NPC代码/209.jpg,LFM2-2026-08-15-snapshot
LF-TOPIC-0876,NPC代码,21.jpg,,,,,,?,待逐页核对正文,待核对,待核对,0,,,未分配,,NPC代码,NPC代码/21.jpg,LFM2-2026-08-15-snapshot
LF-TOPIC-0877,NPC代码,210.jpg,,,,,,?,待逐页核对正文,待核对,待核对,0,,,未分配,,NPC代码,NPC代码/210.jpg,LFM2-2026-08-15-snapshot
LF-TOPIC-0878,NPC代码,211.jpg,,,,,,?,待逐页核对正文,待核对,待核对,0,,,未分配,,NPC代码,NPC代码/211.jpg,LFM2-2026-08-15-snapshot
LF-TOPIC-0879,NPC代码,212.jpg,,,,,,?,待逐页核对正文,待核对,待核对,0,,,未分配,,NPC代码,NPC代码/212.jpg,LFM2-2026-08-15-snapshot
LF-TOPIC-0880,NPC代码,213.jpg,,,,,,?,待逐页核对正文,待核对,待核对,0,,,未分配,,NPC代码,NPC代码/213.jpg,LFM2-2026-08-15-snapshot
LF-TOPIC-0881,NPC代码,214.jpg,,,,,,?,待逐页核对正文,待核对,待核对,0,,,未分配,,NPC代码,NPC代码/214.jpg,LFM2-2026-08-15-snapshot
LF-TOPIC-0882,NPC代码,215.jpg,,,,,,?,待逐页核对正文,待核对,待核对,0,,,未分配,,NPC代码,NPC代码/215.jpg,LFM2-2026-08-15-snapshot
LF-TOPIC-0883,NPC代码,216.jpg,,,,,,?,待逐页核对正文,待核对,待核对,0,,,未分配,,NPC代码,NPC代码/216.jpg,LFM2-2026-08-15-snapshot
LF-TOPIC-0884,NPC代码,217.jpg,,,,,,?,待逐页核对正文,待核对,待核对,0,,,未分配,,NPC代码,NPC代码/217.jpg,LFM2-2026-08-15-snapshot
LF-TOPIC-0885,NPC代码,218.jpg,,,,,,?,待逐页核对正文,待核对,待核对,0,,,未分配,,NPC代码,NPC代码/218.jpg,LFM2-2026-08-15-snapshot
LF-TOPIC-0886,NPC代码,219.jpg,,,,,,?,待逐页核对正文,待核对,待核对,0,,,未分配,,NPC代码,NPC代码/219.jpg,LFM2-2026-08-15-snapshot
LF-TOPIC-0887,NPC代码,22.jpg,,,,,,?,待逐页核对正文,待核对,待核对,0,,,未分配,,NPC代码,NPC代码/22.jpg,LFM2-2026-08-15-snapshot
LF-TOPIC-0888,NPC代码,220.jpg,,,,,,?,待逐页核对正文,待核对,待核对,0,,,未分配,,NPC代码,NPC代码/220.jpg,LFM2-2026-08-15-snapshot
LF-TOPIC-0889,NPC代码,221.jpg,,,,,,?,待逐页核对正文,待核对,待核对,0,,,未分配,,NPC代码,NPC代码/221.jpg,LFM2-2026-08-15-snapshot
LF-TOPIC-0890,NPC代码,222.jpg,,,,,,?,待逐页核对正文,待核对,待核对,0,,,未分配,,NPC代码,NPC代码/222.jpg,LFM2-2026-08-15-snapshot
LF-TOPIC-0891,NPC代码,223.jpg,,,,,,?,待逐页核对正文,待核对,待核对,0,,,未分配,,NPC代码,NPC代码/223.jpg,LFM2-2026-08-15-snapshot
LF-TOPIC-0892,NPC代码,224.jpg,,,,,,?,待逐页核对正文,待核对,待核对,0,,,未分配,,NPC代码,NPC代码/224.jpg,LFM2-2026-08-15-snapshot
LF-TOPIC-0893,NPC代码,225.jpg,,,,,,?,待逐页核对正文,待核对,待核对,0,,,未分配,,NPC代码,NPC代码/225.jpg,LFM2-2026-08-15-snapshot
LF-TOPIC-0894,NPC代码,226.jpg,,,,,,?,待逐页核对正文,待核对,待核对,0,,,未分配,,NPC代码,NPC代码/226.jpg,LFM2-2026-08-15-snapshot
LF-TOPIC-0895,NPC代码,227.jpg,,,,,,?,待逐页核对正文,待核对,待核对,0,,,未分配,,NPC代码,NPC代码/227.jpg,LFM2-2026-08-15-snapshot
LF-TOPIC-0896,NPC代码,228.jpg,,,,,,?,待逐页核对正文,待核对,待核对,0,,,未分配,,NPC代码,NPC代码/228.jpg,LFM2-2026-08-15-snapshot
LF-TOPIC-0897,NPC代码,229.jpg,,,,,,?,待逐页核对正文,待核对,待核对,0,,,未分配,,NPC代码,NPC代码/229.jpg,LFM2-2026-08-15-snapshot
LF-TOPIC-0898,NPC代码,23.jpg,,,,,,?,待逐页核对正文,待核对,待核对,0,,,未分配,,NPC代码,NPC代码/23.jpg,LFM2-2026-08-15-snapshot
LF-TOPIC-0899,NPC代码,230.jpg,,,,,,?,待逐页核对正文,待核对,待核对,0,,,未分配,,NPC代码,NPC代码/230.jpg,LFM2-2026-08-15-snapshot
LF-TOPIC-0900,NPC代码,231.jpg,,,,,,?,待逐页核对正文,待核对,待核对,0,,,未分配,,NPC代码,NPC代码/231.jpg,LFM2-2026-08-15-snapshot
LF-TOPIC-0901,NPC代码,232.jpg,,,,,,?,待逐页核对正文,待核对,待核对,0,,,未分配,,NPC代码,NPC代码/232.jpg,LFM2-2026-08-15-snapshot
LF-TOPIC-0902,NPC代码,233.jpg,,,,,,?,待逐页核对正文,待核对,待核对,0,,,未分配,,NPC代码,NPC代码/233.jpg,LFM2-2026-08-15-snapshot
LF-TOPIC-0903,NPC代码,234.jpg,,,,,,?,待逐页核对正文,待核对,待核对,0,,,未分配,,NPC代码,NPC代码/234.jpg,LFM2-2026-08-15-snapshot
LF-TOPIC-0904,NPC代码,235.jpg,,,,,,?,待逐页核对正文,待核对,待核对,0,,,未分配,,NPC代码,NPC代码/235.jpg,LFM2-2026-08-15-snapshot
LF-TOPIC-0905,NPC代码,236.jpg,,,,,,?,待逐页核对正文,待核对,待核对,0,,,未分配,,NPC代码,NPC代码/236.jpg,LFM2-2026-08-15-snapshot
LF-TOPIC-0906,NPC代码,237.jpg,,,,,,?,待逐页核对正文,待核对,待核对,0,,,未分配,,NPC代码,NPC代码/237.jpg,LFM2-2026-08-15-snapshot
LF-TOPIC-0907,NPC代码,238.jpg,,,,,,?,待逐页核对正文,待核对,待核对,0,,,未分配,,NPC代码,NPC代码/238.jpg,LFM2-2026-08-15-snapshot
LF-TOPIC-0908,NPC代码,239.jpg,,,,,,?,待逐页核对正文,待核对,待核对,0,,,未分配,,NPC代码,NPC代码/239.jpg,LFM2-2026-08-15-snapshot
LF-TOPIC-0909,NPC代码,24.jpg,,,,,,?,待逐页核对正文,待核对,待核对,0,,,未分配,,NPC代码,NPC代码/24.jpg,LFM2-2026-08-15-snapshot
LF-TOPIC-0910,NPC代码,240.jpg,,,,,,?,待逐页核对正文,待核对,待核对,0,,,未分配,,NPC代码,NPC代码/240.jpg,LFM2-2026-08-15-snapshot
LF-TOPIC-0911,NPC代码,241.jpg,,,,,,?,待逐页核对正文,待核对,待核对,0,,,未分配,,NPC代码,NPC代码/241.jpg,LFM2-2026-08-15-snapshot
LF-TOPIC-0912,NPC代码,242.jpg,,,,,,?,待逐页核对正文,待核对,待核对,0,,,未分配,,NPC代码,NPC代码/242.jpg,LFM2-2026-08-15-snapshot
LF-TOPIC-0913,NPC代码,243.jpg,,,,,,?,待逐页核对正文,待核对,待核对,0,,,未分配,,NPC代码,NPC代码/243.jpg,LFM2-2026-08-15-snapshot
LF-TOPIC-0914,NPC代码,244.jpg,,,,,,?,待逐页核对正文,待核对,待核对,0,,,未分配,,NPC代码,NPC代码/244.jpg,LFM2-2026-08-15-snapshot
LF-TOPIC-0915,NPC代码,245.jpg,,,,,,?,待逐页核对正文,待核对,待核对,0,,,未分配,,NPC代码,NPC代码/245.jpg,LFM2-2026-08-15-snapshot
LF-TOPIC-0916,NPC代码,246.jpg,,,,,,?,待逐页核对正文,待核对,待核对,0,,,未分配,,NPC代码,NPC代码/246.jpg,LFM2-2026-08-15-snapshot
LF-TOPIC-0917,NPC代码,247.jpg,,,,,,?,待逐页核对正文,待核对,待核对,0,,,未分配,,NPC代码,NPC代码/247.jpg,LFM2-2026-08-15-snapshot
LF-TOPIC-0918,NPC代码,248.jpg,,,,,,?,待逐页核对正文,待核对,待核对,0,,,未分配,,NPC代码,NPC代码/248.jpg,LFM2-2026-08-15-snapshot
LF-TOPIC-0919,NPC代码,249.jpg,,,,,,?,待逐页核对正文,待核对,待核对,0,,,未分配,,NPC代码,NPC代码/249.jpg,LFM2-2026-08-15-snapshot
LF-TOPIC-0920,NPC代码,25.jpg,,,,,,?,待逐页核对正文,待核对,待核对,0,,,未分配,,NPC代码,NPC代码/25.jpg,LFM2-2026-08-15-snapshot
LF-TOPIC-0921,NPC代码,250.jpg,,,,,,?,待逐页核对正文,待核对,待核对,0,,,未分配,,NPC代码,NPC代码/250.jpg,LFM2-2026-08-15-snapshot
LF-TOPIC-0922,NPC代码,251.jpg,,,,,,?,待逐页核对正文,待核对,待核对,0,,,未分配,,NPC代码,NPC代码/251.jpg,LFM2-2026-08-15-snapshot
LF-TOPIC-0923,NPC代码,252.jpg,,,,,,?,待逐页核对正文,待核对,待核对,0,,,未分配,,NPC代码,NPC代码/252.jpg,LFM2-2026-08-15-snapshot
LF-TOPIC-0924,NPC代码,253.jpg,,,,,,?,待逐页核对正文,待核对,待核对,0,,,未分配,,NPC代码,NPC代码/253.jpg,LFM2-2026-08-15-snapshot
LF-TOPIC-0925,NPC代码,254.jpg,,,,,,?,待逐页核对正文,待核对,待核对,0,,,未分配,,NPC代码,NPC代码/254.jpg,LFM2-2026-08-15-snapshot
LF-TOPIC-0926,NPC代码,255.jpg,,,,,,?,待逐页核对正文,待核对,待核对,0,,,未分配,,NPC代码,NPC代码/255.jpg,LFM2-2026-08-15-snapshot
LF-TOPIC-0927,NPC代码,256.jpg,,,,,,?,待逐页核对正文,待核对,待核对,0,,,未分配,,NPC代码,NPC代码/256.jpg,LFM2-2026-08-15-snapshot
LF-TOPIC-0928,NPC代码,257.jpg,,,,,,?,待逐页核对正文,待核对,待核对,0,,,未分配,,NPC代码,NPC代码/257.jpg,LFM2-2026-08-15-snapshot
LF-TOPIC-0929,NPC代码,258.jpg,,,,,,?,待逐页核对正文,待核对,待核对,0,,,未分配,,NPC代码,NPC代码/258.jpg,LFM2-2026-08-15-snapshot
LF-TOPIC-0930,NPC代码,259.jpg,,,,,,?,待逐页核对正文,待核对,待核对,0,,,未分配,,NPC代码,NPC代码/259.jpg,LFM2-2026-08-15-snapshot
LF-TOPIC-0931,NPC代码,26.jpg,,,,,,?,待逐页核对正文,待核对,待核对,0,,,未分配,,NPC代码,NPC代码/26.jpg,LFM2-2026-08-15-snapshot
LF-TOPIC-0932,NPC代码,260.jpg,,,,,,?,待逐页核对正文,待核对,待核对,0,,,未分配,,NPC代码,NPC代码/260.jpg,LFM2-2026-08-15-snapshot
LF-TOPIC-0933,NPC代码,261.jpg,,,,,,?,待逐页核对正文,待核对,待核对,0,,,未分配,,NPC代码,NPC代码/261.jpg,LFM2-2026-08-15-snapshot
LF-TOPIC-0934,NPC代码,262.jpg,,,,,,?,待逐页核对正文,待核对,待核对,0,,,未分配,,NPC代码,NPC代码/262.jpg,LFM2-2026-08-15-snapshot
LF-TOPIC-0935,NPC代码,263.jpg,,,,,,?,待逐页核对正文,待核对,待核对,0,,,未分配,,NPC代码,NPC代码/263.jpg,LFM2-2026-08-15-snapshot
LF-TOPIC-0936,NPC代码,264.jpg,,,,,,?,待逐页核对正文,待核对,待核对,0,,,未分配,,NPC代码,NPC代码/264.jpg,LFM2-2026-08-15-snapshot
LF-TOPIC-0937,NPC代码,265.jpg,,,,,,?,待逐页核对正文,待核对,待核对,0,,,未分配,,NPC代码,NPC代码/265.jpg,LFM2-2026-08-15-snapshot
LF-TOPIC-0938,NPC代码,266.jpg,,,,,,?,待逐页核对正文,待核对,待核对,0,,,未分配,,NPC代码,NPC代码/266.jpg,LFM2-2026-08-15-snapshot
LF-TOPIC-0939,NPC代码,267.jpg,,,,,,?,待逐页核对正文,待核对,待核对,0,,,未分配,,NPC代码,NPC代码/267.jpg,LFM2-2026-08-15-snapshot
LF-TOPIC-0940,NPC代码,268.jpg,,,,,,?,待逐页核对正文,待核对,待核对,0,,,未分配,,NPC代码,NPC代码/268.jpg,LFM2-2026-08-15-snapshot
LF-TOPIC-0941,NPC代码,269.jpg,,,,,,?,待逐页核对正文,待核对,待核对,0,,,未分配,,NPC代码,NPC代码/269.jpg,LFM2-2026-08-15-snapshot
LF-TOPIC-0942,NPC代码,27.jpg,,,,,,?,待逐页核对正文,待核对,待核对,0,,,未分配,,NPC代码,NPC代码/27.jpg,LFM2-2026-08-15-snapshot
LF-TOPIC-0943,NPC代码,270.jpg,,,,,,?,待逐页核对正文,待核对,待核对,0,,,未分配,,NPC代码,NPC代码/270.jpg,LFM2-2026-08-15-snapshot
LF-TOPIC-0944,NPC代码,271.jpg,,,,,,?,待逐页核对正文,待核对,待核对,0,,,未分配,,NPC代码,NPC代码/271.jpg,LFM2-2026-08-15-snapshot
LF-TOPIC-0945,NPC代码,272.jpg,,,,,,?,待逐页核对正文,待核对,待核对,0,,,未分配,,NPC代码,NPC代码/272.jpg,LFM2-2026-08-15-snapshot
LF-TOPIC-0946,NPC代码,273.jpg,,,,,,?,待逐页核对正文,待核对,待核对,0,,,未分配,,NPC代码,NPC代码/273.jpg,LFM2-2026-08-15-snapshot
LF-TOPIC-0947,NPC代码,28.jpg,,,,,,?,待逐页核对正文,待核对,待核对,0,,,未分配,,NPC代码,NPC代码/28.jpg,LFM2-2026-08-15-snapshot
LF-TOPIC-0948,NPC代码,29.jpg,,,,,,?,待逐页核对正文,待核对,待核对,0,,,未分配,,NPC代码,NPC代码/29.jpg,LFM2-2026-08-15-snapshot
LF-TOPIC-0949,NPC代码,3.jpg,,,,,,?,待逐页核对正文,待核对,待核对,0,,,未分配,,NPC代码,NPC代码/3.jpg,LFM2-2026-08-15-snapshot
LF-TOPIC-0950,NPC代码,30.jpg,,,,,,?,待逐页核对正文,待核对,待核对,0,,,未分配,,NPC代码,NPC代码/30.jpg,LFM2-2026-08-15-snapshot
LF-TOPIC-0951,NPC代码,31.jpg,,,,,,?,待逐页核对正文,待核对,待核对,0,,,未分配,,NPC代码,NPC代码/31.jpg,LFM2-2026-08-15-snapshot
LF-TOPIC-0952,NPC代码,32.jpg,,,,,,?,待逐页核对正文,待核对,待核对,0,,,未分配,,NPC代码,NPC代码/32.jpg,LFM2-2026-08-15-snapshot
LF-TOPIC-0953,NPC代码,33.jpg,,,,,,?,待逐页核对正文,待核对,待核对,0,,,未分配,,NPC代码,NPC代码/33.jpg,LFM2-2026-08-15-snapshot
LF-TOPIC-0954,NPC代码,34.jpg,,,,,,?,待逐页核对正文,待核对,待核对,0,,,未分配,,NPC代码,NPC代码/34.jpg,LFM2-2026-08-15-snapshot
LF-TOPIC-0955,NPC代码,35.jpg,,,,,,?,待逐页核对正文,待核对,待核对,0,,,未分配,,NPC代码,NPC代码/35.jpg,LFM2-2026-08-15-snapshot
LF-TOPIC-0956,NPC代码,36.jpg,,,,,,?,待逐页核对正文,待核对,待核对,0,,,未分配,,NPC代码,NPC代码/36.jpg,LFM2-2026-08-15-snapshot
LF-TOPIC-0957,NPC代码,37.jpg,,,,,,?,待逐页核对正文,待核对,待核对,0,,,未分配,,NPC代码,NPC代码/37.jpg,LFM2-2026-08-15-snapshot
LF-TOPIC-0958,NPC代码,38.jpg,,,,,,?,待逐页核对正文,待核对,待核对,0,,,未分配,,NPC代码,NPC代码/38.jpg,LFM2-2026-08-15-snapshot
LF-TOPIC-0959,NPC代码,39.jpg,,,,,,?,待逐页核对正文,待核对,待核对,0,,,未分配,,NPC代码,NPC代码/39.jpg,LFM2-2026-08-15-snapshot
LF-TOPIC-0960,NPC代码,4.jpg,,,,,,?,待逐页核对正文,待核对,待核对,0,,,未分配,,NPC代码,NPC代码/4.jpg,LFM2-2026-08-15-snapshot
LF-TOPIC-0961,NPC代码,40.jpg,,,,,,?,待逐页核对正文,待核对,待核对,0,,,未分配,,NPC代码,NPC代码/40.jpg,LFM2-2026-08-15-snapshot
LF-TOPIC-0962,NPC代码,41.jpg,,,,,,?,待逐页核对正文,待核对,待核对,0,,,未分配,,NPC代码,NPC代码/41.jpg,LFM2-2026-08-15-snapshot
LF-TOPIC-0963,NPC代码,42.jpg,,,,,,?,待逐页核对正文,待核对,待核对,0,,,未分配,,NPC代码,NPC代码/42.jpg,LFM2-2026-08-15-snapshot
LF-TOPIC-0964,NPC代码,43.jpg,,,,,,?,待逐页核对正文,待核对,待核对,0,,,未分配,,NPC代码,NPC代码/43.jpg,LFM2-2026-08-15-snapshot
LF-TOPIC-0965,NPC代码,48.jpg,,,,,,?,待逐页核对正文,待核对,待核对,0,,,未分配,,NPC代码,NPC代码/48.jpg,LFM2-2026-08-15-snapshot
LF-TOPIC-0966,NPC代码,49.jpg,,,,,,?,待逐页核对正文,待核对,待核对,0,,,未分配,,NPC代码,NPC代码/49.jpg,LFM2-2026-08-15-snapshot
LF-TOPIC-0967,NPC代码,5.jpg,,,,,,?,待逐页核对正文,待核对,待核对,0,,,未分配,,NPC代码,NPC代码/5.jpg,LFM2-2026-08-15-snapshot
LF-TOPIC-0968,NPC代码,50.jpg,,,,,,?,待逐页核对正文,待核对,待核对,0,,,未分配,,NPC代码,NPC代码/50.jpg,LFM2-2026-08-15-snapshot
LF-TOPIC-0969,NPC代码,51.jpg,,,,,,?,待逐页核对正文,待核对,待核对,0,,,未分配,,NPC代码,NPC代码/51.jpg,LFM2-2026-08-15-snapshot
LF-TOPIC-0970,NPC代码,52.jpg,,,,,,?,待逐页核对正文,待核对,待核对,0,,,未分配,,NPC代码,NPC代码/52.jpg,LFM2-2026-08-15-snapshot
LF-TOPIC-0971,NPC代码,54.jpg,,,,,,?,待逐页核对正文,待核对,待核对,0,,,未分配,,NPC代码,NPC代码/54.jpg,LFM2-2026-08-15-snapshot
LF-TOPIC-0972,NPC代码,55.jpg,,,,,,?,待逐页核对正文,待核对,待核对,0,,,未分配,,NPC代码,NPC代码/55.jpg,LFM2-2026-08-15-snapshot
LF-TOPIC-0973,NPC代码,56.jpg,,,,,,?,待逐页核对正文,待核对,待核对,0,,,未分配,,NPC代码,NPC代码/56.jpg,LFM2-2026-08-15-snapshot
LF-TOPIC-0974,NPC代码,57.jpg,,,,,,?,待逐页核对正文,待核对,待核对,0,,,未分配,,NPC代码,NPC代码/57.jpg,LFM2-2026-08-15-snapshot
LF-TOPIC-0975,NPC代码,58.jpg,,,,,,?,待逐页核对正文,待核对,待核对,0,,,未分配,,NPC代码,NPC代码/58.jpg,LFM2-2026-08-15-snapshot
LF-TOPIC-0976,NPC代码,59.jpg,,,,,,?,待逐页核对正文,待核对,待核对,0,,,未分配,,NPC代码,NPC代码/59.jpg,LFM2-2026-08-15-snapshot
LF-TOPIC-0977,NPC代码,6.jpg,,,,,,?,待逐页核对正文,待核对,待核对,0,,,未分配,,NPC代码,NPC代码/6.jpg,LFM2-2026-08-15-snapshot
LF-TOPIC-0978,NPC代码,60.jpg,,,,,,?,待逐页核对正文,待核对,待核对,0,,,未分配,,NPC代码,NPC代码/60.jpg,LFM2-2026-08-15-snapshot
LF-TOPIC-0979,NPC代码,61.jpg,,,,,,?,待逐页核对正文,待核对,待核对,0,,,未分配,,NPC代码,NPC代码/61.jpg,LFM2-2026-08-15-snapshot
LF-TOPIC-0980,NPC代码,62.jpg,,,,,,?,待逐页核对正文,待核对,待核对,0,,,未分配,,NPC代码,NPC代码/62.jpg,LFM2-2026-08-15-snapshot
LF-TOPIC-0981,NPC代码,63.jpg,,,,,,?,待逐页核对正文,待核对,待核对,0,,,未分配,,NPC代码,NPC代码/63.jpg,LFM2-2026-08-15-snapshot
LF-TOPIC-0982,NPC代码,64.jpg,,,,,,?,待逐页核对正文,待核对,待核对,0,,,未分配,,NPC代码,NPC代码/64.jpg,LFM2-2026-08-15-snapshot
LF-TOPIC-0983,NPC代码,65.jpg,,,,,,?,待逐页核对正文,待核对,待核对,0,,,未分配,,NPC代码,NPC代码/65.jpg,LFM2-2026-08-15-snapshot
LF-TOPIC-0984,NPC代码,66.jpg,,,,,,?,待逐页核对正文,待核对,待核对,0,,,未分配,,NPC代码,NPC代码/66.jpg,LFM2-2026-08-15-snapshot
LF-TOPIC-0985,NPC代码,67.jpg,,,,,,?,待逐页核对正文,待核对,待核对,0,,,未分配,,NPC代码,NPC代码/67.jpg,LFM2-2026-08-15-snapshot
LF-TOPIC-0986,NPC代码,68.jpg,,,,,,?,待逐页核对正文,待核对,待核对,0,,,未分配,,NPC代码,NPC代码/68.jpg,LFM2-2026-08-15-snapshot
LF-TOPIC-0987,NPC代码,7.jpg,,,,,,?,待逐页核对正文,待核对,待核对,0,,,未分配,,NPC代码,NPC代码/7.jpg,LFM2-2026-08-15-snapshot
LF-TOPIC-0988,NPC代码,70.jpg,,,,,,?,待逐页核对正文,待核对,待核对,0,,,未分配,,NPC代码,NPC代码/70.jpg,LFM2-2026-08-15-snapshot
LF-TOPIC-0989,NPC代码,71.jpg,,,,,,?,待逐页核对正文,待核对,待核对,0,,,未分配,,NPC代码,NPC代码/71.jpg,LFM2-2026-08-15-snapshot
LF-TOPIC-0990,NPC代码,72.jpg,,,,,,?,待逐页核对正文,待核对,待核对,0,,,未分配,,NPC代码,NPC代码/72.jpg,LFM2-2026-08-15-snapshot
LF-TOPIC-0991,NPC代码,73.jpg,,,,,,?,待逐页核对正文,待核对,待核对,0,,,未分配,,NPC代码,NPC代码/73.jpg,LFM2-2026-08-15-snapshot
LF-TOPIC-0992,NPC代码,74.jpg,,,,,,?,待逐页核对正文,待核对,待核对,0,,,未分配,,NPC代码,NPC代码/74.jpg,LFM2-2026-08-15-snapshot
LF-TOPIC-0993,NPC代码,75.jpg,,,,,,?,待逐页核对正文,待核对,待核对,0,,,未分配,,NPC代码,NPC代码/75.jpg,LFM2-2026-08-15-snapshot
LF-TOPIC-0994,NPC代码,76.jpg,,,,,,?,待逐页核对正文,待核对,待核对,0,,,未分配,,NPC代码,NPC代码/76.jpg,LFM2-2026-08-15-snapshot
LF-TOPIC-0995,NPC代码,77.jpg,,,,,,?,待逐页核对正文,待核对,待核对,0,,,未分配,,NPC代码,NPC代码/77.jpg,LFM2-2026-08-15-snapshot
LF-TOPIC-0996,NPC代码,78.jpg,,,,,,?,待逐页核对正文,待核对,待核对,0,,,未分配,,NPC代码,NPC代码/78.jpg,LFM2-2026-08-15-snapshot
LF-TOPIC-0997,NPC代码,79.jpg,,,,,,?,待逐页核对正文,待核对,待核对,0,,,未分配,,NPC代码,NPC代码/79.jpg,LFM2-2026-08-15-snapshot
LF-TOPIC-0998,NPC代码,8.jpg,,,,,,?,待逐页核对正文,待核对,待核对,0,,,未分配,,NPC代码,NPC代码/8.jpg,LFM2-2026-08-15-snapshot
LF-TOPIC-0999,NPC代码,80.jpg,,,,,,?,待逐页核对正文,待核对,待核对,0,,,未分配,,NPC代码,NPC代码/80.jpg,LFM2-2026-08-15-snapshot
LF-TOPIC-1000,NPC代码,81.jpg,,,,,,?,待逐页核对正文,待核对,待核对,0,,,未分配,,NPC代码,NPC代码/81.jpg,LFM2-2026-08-15-snapshot
LF-TOPIC-1001,NPC代码,82.jpg,,,,,,?,待逐页核对正文,待核对,待核对,0,,,未分配,,NPC代码,NPC代码/82.jpg,LFM2-2026-08-15-snapshot
LF-TOPIC-1002,NPC代码,83.jpg,,,,,,?,待逐页核对正文,待核对,待核对,0,,,未分配,,NPC代码,NPC代码/83.jpg,LFM2-2026-08-15-snapshot
LF-TOPIC-1003,NPC代码,84.jpg,,,,,,?,待逐页核对正文,待核对,待核对,0,,,未分配,,NPC代码,NPC代码/84.jpg,LFM2-2026-08-15-snapshot
LF-TOPIC-1004,NPC代码,9.jpg,,,,,,?,待逐页核对正文,待核对,待核对,0,,,未分配,,NPC代码,NPC代码/9.jpg,LFM2-2026-08-15-snapshot
LF-TOPIC-1005,NPC代码,90.jpg,,,,,,?,待逐页核对正文,待核对,待核对,0,,,未分配,,NPC代码,NPC代码/90.jpg,LFM2-2026-08-15-snapshot
LF-TOPIC-1006,NPC代码,91.jpg,,,,,,?,待逐页核对正文,待核对,待核对,0,,,未分配,,NPC代码,NPC代码/91.jpg,LFM2-2026-08-15-snapshot
LF-TOPIC-1007,NPC代码,92.jpg,,,,,,?,待逐页核对正文,待核对,待核对,0,,,未分配,,NPC代码,NPC代码/92.jpg,LFM2-2026-08-15-snapshot
LF-TOPIC-1008,NPC代码,94.jpg,,,,,,?,待逐页核对正文,待核对,待核对,0,,,未分配,,NPC代码,NPC代码/94.jpg,LFM2-2026-08-15-snapshot
LF-TOPIC-1009,NPC代码,95.jpg,,,,,,?,待逐页核对正文,待核对,待核对,0,,,未分配,,NPC代码,NPC代码/95.jpg,LFM2-2026-08-15-snapshot
LF-TOPIC-1010,NPC代码,96.jpg,,,,,,?,待逐页核对正文,待核对,待核对,0,,,未分配,,NPC代码,NPC代码/96.jpg,LFM2-2026-08-15-snapshot
LF-TOPIC-1011,NPC代码,97.jpg,,,,,,?,待逐页核对正文,待核对,待核对,0,,,未分配,,NPC代码,NPC代码/97.jpg,LFM2-2026-08-15-snapshot
LF-TOPIC-1012,NPC代码,98.jpg,,,,,,?,待逐页核对正文,待核对,待核对,0,,,未分配,,NPC代码,NPC代码/98.jpg,LFM2-2026-08-15-snapshot
