ID,类别,翎风名称,别名,语法签名,脚本入口,对象上下文,当前实现位置,兼容状态,已知差异,客户端依赖,数据依赖,真实语料使用次数,结构化等价使用次数,测试编号,说明书页面,负责人,最后复核日期,来源主题ID,来源相对页,说明书版本
LF-CMD-0001,触发,@ADDBAG,,[@ADDBAG],QFunction-0,物品进入背包后的玩家与当前物品,未提供物品入包脚本 Hook,D,正文要求入包后触发并暴露当前物品上下文且警告不得在触发内回收物品,无新增客户端依赖,玩家背包与物品实例,0,0,,Docs/design/scripting/翎风TXT脚本兼容差异说明.md,脚本运行时,2026-08-15,LF-TOPIC-0691,游戏引擎反外挂系统/特殊触发功能/物品进入背包触发.htm,LFM2-2026-08-15-snapshot
LF-CMD-0002,触发,@ATTACK,,[@ATTACK],QFunction-0,物理伤害结算后的攻击玩家,src/Server/Server/Scripting/LingFengTxtSystemHookAdapter.cs与ScriptManager.cs,C,仅桥接物理伤害后置结果且结果对象只读；暂不冒充魔法攻击标签和完整当前目标变量,现有战斗客户端消息,伤害结果与物理TXT快照,0,0,LF-TXT11-BATTLE,Manual/Engine/docs/scripting/txt-system-hooks.md,战斗与脚本运行时,2026-08-15,LF-TOPIC-0660,游戏引擎反外挂系统/特殊触发功能/攻击触发.html,LFM2-2026-08-15-snapshot
LF-CMD-0003,触发,@ATTATCKMODECHANGE,,[@ATTATCKMODECHANGE],QFunction-0,按Ctrl+H切换攻击模式的玩家,未提供攻击模式切换脚本 Hook,D,正文仅对客户端快捷键切换触发且不含脚本命令切换,现有攻击模式切换消息,玩家攻击模式,0,0,,Docs/design/scripting/翎风TXT脚本兼容差异说明.md,脚本运行时,2026-08-15,LF-TOPIC-0668,游戏引擎反外挂系统/特殊触发功能/切换攻击模式触发.html,LFM2-2026-08-15-snapshot
LF-CMD-0004,触发,@BEFOREJOINGUILD,,[@BEFOREJOINGUILD],QFunction-0,行会管理者与待加入成员,未提供行会加入前脚本 Hook,D,正文要求在加入提交前触发并允许StopHumanJoinGuild中止成员添加,现有行会客户端流程,行会成员事务与待加入角色,0,0,,Docs/design/scripting/翎风TXT脚本兼容差异说明.md,脚本运行时,2026-08-15,LF-TOPIC-0663,"游戏引擎反外挂系统/特殊触发功能/加入行会成员前触发,中止行会成员添加.html",LFM2-2026-08-15-snapshot
LF-CMD-0005,触发,@BEGINADDSTORAGE,,[@BEGINADDSTORAGE],QFunction-0,存入普通仓库前的玩家与当前物品,未提供仓库存入前脚本 Hook,D,正文区分普通仓和无限仓并允许StopStorageItem中止事务,现有仓库客户端流程,仓库事务与物品实例,0,0,,Docs/design/scripting/翎风TXT脚本兼容差异说明.md,脚本运行时,2026-08-15,LF-TOPIC-0649,游戏引擎反外挂系统/特殊触发功能/仓库存取物品前触发.htm,LFM2-2026-08-15-snapshot
LF-CMD-0006,触发,@BEGINBUYUSERITEM,,[@BEGINBUYUSERITEM],QFunction-0,个人商店购买者卖家与当前商品,缺少个人商店购买事务脚本接缝,E,正文要求购买提交前触发且可StopBuyUserItem并暴露卖家商品价格货币上下文,缺少已验证的个人商店客户端闭环,个人商店商品与结算事务,0,0,,Docs/design/scripting/翎风TXT脚本兼容差异说明.md,脚本运行时,2026-08-15,LF-TOPIC-0656,游戏引擎反外挂系统/特殊触发功能/个人商店购买前触发.htm,LFM2-2026-08-15-snapshot
LF-CMD-0007,触发,@BEGINDELSTORAGE,,[@BEGINDELSTORAGE],QFunction-0,从普通仓库取回前的玩家与当前物品,未提供仓库取回前脚本 Hook,D,正文区分普通仓和无限仓并允许StopStorageItem中止事务,现有仓库客户端流程,仓库事务与物品实例,0,0,,Docs/design/scripting/翎风TXT脚本兼容差异说明.md,脚本运行时,2026-08-15,LF-TOPIC-0649,游戏引擎反外挂系统/特殊触发功能/仓库存取物品前触发.htm,LFM2-2026-08-15-snapshot
LF-CMD-0008,触发,@BEGINGIVESHOPITEM,,[@BEGINGIVESHOPITEM],QFunction-0,系统商铺赠送提交前的赠送双方与商品,缺少商铺赠送事务脚本接缝,E,正文要求赠送前触发并允许StopShopItem拒绝赠送,缺少已验证的商铺赠送客户端闭环,商铺商品与赠送事务,0,0,,Docs/design/scripting/翎风TXT脚本兼容差异说明.md,脚本运行时,2026-08-15,LF-TOPIC-0692,游戏引擎反外挂系统/特殊触发功能/商铺赠送物品前触发.htm,LFM2-2026-08-15-snapshot
LF-CMD-0009,触发,@BEGINHEROM2BUYUSERITEM,,[@BEGINHEROM2BUYUSERITEM],QFunction-0,HERO摆摊购买者卖家与当前商品,缺少摆摊购买事务和脚本接缝,E,正文要求购买提交前触发且可StopBuyUserItem并暴露商品结算上下文,缺少已验证的HERO摆摊客户端闭环,摆摊商品与结算事务,0,0,,Docs/design/scripting/翎风TXT脚本兼容差异说明.md,脚本运行时,2026-08-15,LF-TOPIC-0648,游戏引擎反外挂系统/特殊触发功能/摆摊物品购买前触发.htm,LFM2-2026-08-15-snapshot
LF-CMD-0010,触发,@BEGINHEROM2ITEMUP,,[@BEGINHEROM2ITEMUP],QFunction-0,HERO摆摊商品上架前的玩家与当前商品,缺少摆摊上架事务和脚本接缝,E,正文要求上架前触发且可StopShopItem并暴露商品价格货币上下文,缺少已验证的HERO摆摊客户端闭环,摆摊商品与上架事务,0,0,,Docs/design/scripting/翎风TXT脚本兼容差异说明.md,脚本运行时,2026-08-15,LF-TOPIC-0659,游戏引擎反外挂系统/特殊触发功能/个人商店物品上架触发、下架触发.html,LFM2-2026-08-15-snapshot
LF-CMD-0011,触发,@BEGINSHOPITEMDOWN,,[@BEGINSHOPITEMDOWN],QFunction-0,个人商店商品下架前的玩家与当前商品,缺少个人商店下架事务和脚本接缝,E,正文要求下架前触发且可StopShopItem并暴露商店商品价格货币上下文,缺少已验证的个人商店客户端闭环,个人商店商品与下架事务,0,0,,Docs/design/scripting/翎风TXT脚本兼容差异说明.md,脚本运行时,2026-08-15,LF-TOPIC-0659,游戏引擎反外挂系统/特殊触发功能/个人商店物品上架触发、下架触发.html,LFM2-2026-08-15-snapshot
LF-CMD-0012,触发,@BEGINSHOPITEMUP,,[@BEGINSHOPITEMUP],QFunction-0,个人商店商品上架前的玩家与当前商品,缺少个人商店上架事务和脚本接缝,E,正文要求上架前触发且可StopShopItem并暴露商店商品价格货币上下文,缺少已验证的个人商店客户端闭环,个人商店商品与上架事务,0,0,,Docs/design/scripting/翎风TXT脚本兼容差异说明.md,脚本运行时,2026-08-15,LF-TOPIC-0659,游戏引擎反外挂系统/特殊触发功能/个人商店物品上架触发、下架触发.html,LFM2-2026-08-15-snapshot
LF-CMD-0013,触发,@BEGINTAKEOFF,,[@BEGINTAKEOFF],QFunction-0,人物取下装备前的玩家与当前装备,未提供装备取下前 TXT Hook,D,正文要求取下提交前触发且可StopTakeOff并警告不得回收当前物品,现有装备操作客户端流程,装备槽与物品实例,0,0,,Docs/design/scripting/翎风TXT脚本兼容差异说明.md,脚本运行时,2026-08-15,LF-TOPIC-0673,游戏引擎反外挂系统/特殊触发功能/取下装备前触发.html,LFM2-2026-08-15-snapshot
LF-CMD-0014,触发,@BEGINTELEPORT,,[@BEGINTELEPORT],QFunction-0,传送戒指或坐标传送前的玩家,未提供特殊传送前 TXT Hook,D,正文要求传送提交前触发且可StopTeleport中止,现有坐标传送客户端流程,地图坐标与传送事务,0,0,,Docs/design/scripting/翎风TXT脚本兼容差异说明.md,脚本运行时,2026-08-15,LF-TOPIC-0651,游戏引擎反外挂系统/特殊触发功能/传送戒指、坐标传送触发.htm,LFM2-2026-08-15-snapshot
LF-CMD-0015,触发,@BEGINUSEEXPSPIRITBEADS,,[@BEGINUSEEXPSPIRITBEADS],QFunction-0,人物使用聚灵珠前的玩家与道具,缺少聚灵珠领域模型和使用前脚本接缝,E,正文还定义英雄与宠物入口并用统一命令中止使用,缺少已验证的聚灵珠客户端闭环,聚灵珠经验容器与使用事务,0,0,,Docs/design/scripting/翎风TXT脚本兼容差异说明.md,脚本运行时,2026-08-15,LF-TOPIC-0665,游戏引擎反外挂系统/特殊触发功能/聚灵珠使用前触发.htm,LFM2-2026-08-15-snapshot
LF-CMD-0016,触发,@BEGINWEAPONCURSE,,[@BEGINWEAPONCURSE],QFunction-0,武器被诅咒前的玩家与武器,现有诅咒状态未提供 TXT 前置 Hook,D,正文要求诅咒提交前触发且可StopWeaponCurse中止并区分人物英雄,现有装备与诅咒客户端表现,武器实例与诅咒状态,0,0,,Docs/design/scripting/翎风TXT脚本兼容差异说明.md,脚本运行时,2026-08-15,LF-TOPIC-0686,游戏引擎反外挂系统/特殊触发功能/武器诅咒前触发.htm,LFM2-2026-08-15-snapshot
LF-CMD-0017,触发,@BUYSHOPITEM,,[@BUYSHOPITEM],QFunction-0,HERO商铺购买成功后的玩家与商品结算,缺少翎风商铺购买结果脚本接缝,E,正文通过S0和M0至M3暴露商品货币总价和批量数量,缺少已验证的HERO商铺客户端闭环,商铺商品与货币结算,0,0,,Docs/design/scripting/翎风TXT脚本兼容差异说明.md,脚本运行时,2026-08-15,LF-TOPIC-0497,游戏引擎反外挂系统/兼容HeroM2/特殊触发功能/购买商铺物品时触发.htm,LFM2-2026-08-15-snapshot
LF-CMD-0018,触发,@BUYUSERITEM,,[@BUYUSERITEM],QFunction-0,个人商店购买成功后的买卖双方与商品,缺少个人商店购买结算脚本接缝,E,正文关联提款和在线卖家结算并要求SetUserItemSettled防止重复提款,缺少已验证的个人商店客户端闭环,个人商店商品与结算幂等性,0,0,,Docs/design/scripting/翎风TXT脚本兼容差异说明.md,脚本运行时,2026-08-15,LF-TOPIC-0661,游戏引擎反外挂系统/特殊触发功能/购买个人商店物品触发.html,LFM2-2026-08-15-snapshot
LF-CMD-0019,触发,@CONTINUEMAGICFINISHED,,[@CONTINUEMAGICFINISHED],QFunction-0,连击施展完成的玩家,缺少翎风连击状态与完成脚本接缝,E,正文定义连击完成和释放阶段触发但未提供可对应的现有状态模型,缺少已验证的连击客户端闭环,连击状态与技能执行时序,0,0,,Docs/design/scripting/翎风TXT脚本兼容差异说明.md,脚本运行时,2026-08-15,LF-TOPIC-0666,游戏引擎反外挂系统/特殊触发功能/连击完成触发.htm,LFM2-2026-08-15-snapshot
LF-CMD-0020,触发,@CREATEMYSHOPFAIL,,[@CREATEMYSHOPFAIL],当前NPC脚本,个人商店创建失败的申请玩家,缺少个人商店创建领域和脚本接缝,E,正文由客户端我的商店流程发起并在当前NPC脚本回调失败标签,缺少已验证的个人商店客户端闭环,个人商店名称与创建事务,0,0,,Docs/design/scripting/翎风TXT脚本兼容差异说明.md,脚本运行时,2026-08-15,LF-TOPIC-0657,游戏引擎反外挂系统/特殊触发功能/个人商店和人物摆摊[!].htm,LFM2-2026-08-15-snapshot
LF-CMD-0021,触发,@CREATEMYSHOPOK,,[@CREATEMYSHOPOK],当前NPC脚本,个人商店创建成功的申请玩家,缺少个人商店创建领域和脚本接缝,E,正文由客户端我的商店流程发起并在当前NPC脚本回调成功标签,缺少已验证的个人商店客户端闭环,个人商店名称与创建事务,0,0,,Docs/design/scripting/翎风TXT脚本兼容差异说明.md,脚本运行时,2026-08-15,LF-TOPIC-0657,游戏引擎反外挂系统/特殊触发功能/个人商店和人物摆摊[!].htm,LFM2-2026-08-15-snapshot
LF-CMD-0022,触发,@DROPITEM,,[@DROPITEM],QFunction-0,丢弃指定规则物品后的玩家与物品,现有物品丢弃流程未提供 TXT Hook,D,正文依赖列表信息二的物品规则并暴露物品名和地图坐标,现有背包与地面物品客户端流程,物品实例与地图坐标,0,0,,Docs/design/scripting/翎风TXT脚本兼容差异说明.md,脚本运行时,2026-08-15,LF-TOPIC-0689,游戏引擎反外挂系统/特殊触发功能/物品捡取.htm,LFM2-2026-08-15-snapshot
LF-CMD-0023,触发,@DROPITEMS10,,[@DROPITEMS10],QFunction-0,按物品数据库IDX丢弃后的玩家与物品,现有物品丢弃流程未提供按IDX的 TXT Hook,D,正文以标签后缀表示物品IDX并依赖触发ID规则,现有背包与地面物品客户端流程,物品数据库IDX与物品实例,0,0,,Docs/design/scripting/翎风TXT脚本兼容差异说明.md,脚本运行时,2026-08-15,LF-TOPIC-0690,游戏引擎反外挂系统/特殊触发功能/新物品捡取.htm,LFM2-2026-08-15-snapshot
LF-CMD-0024,触发,@ENDCOMBATMODE,,[@ENDCOMBATMODE],QFunction-0,退出战斗状态的玩家,未提供战斗状态切换 TXT Hook,D,正文只在开启禁止战斗状态退出的地图定义进入和退出触发,现有战斗客户端状态,玩家战斗状态与地图规则,0,0,,Docs/design/scripting/翎风TXT脚本兼容差异说明.md,脚本运行时,2026-08-15,LF-TOPIC-0699,游戏引擎反外挂系统/特殊触发功能/战斗状态触发.htm,LFM2-2026-08-15-snapshot
LF-CMD-0025,触发,@ENTERMAP,,[@ENTERMAP],QFunction-0,切换地图完成后的玩家,ScriptHooks.OnPlayerMapEnter仅为C# Hook且未桥接TXT,D,正文定义人物与英雄切图完成触发而当前物理QFunction未绑定现有地图Hook,现有地图切换客户端流程,地图与玩家位置,0,0,,Docs/design/scripting/翎风TXT脚本兼容差异说明.md,脚本运行时,2026-08-15,LF-TOPIC-0667,游戏引擎反外挂系统/特殊触发功能/切换地图触发.HTM,LFM2-2026-08-15-snapshot
LF-CMD-0026,触发,@EXITGUILD,,[@EXITGUILD],QFunction-0,主动退出或被移除行会的成员,现有行会退出流程未提供 TXT Hook,D,正文要求在被掌门删除和主动退出两种路径触发被移除玩家脚本,现有行会客户端流程,行会成员关系,0,0,,Docs/design/scripting/翎风TXT脚本兼容差异说明.md,脚本运行时,2026-08-15,LF-TOPIC-0684,游戏引擎反外挂系统/特殊触发功能/退出行会触发.htm,LFM2-2026-08-15-snapshot
LF-CMD-0027,触发,@GETEXP,,[@GETEXP],QFunction-0,每次获得经验的玩家与本次经验值,现有经验结算未提供通用 TXT 结果 Hook,D,正文还区分杀怪经验的人物与英雄触发并暴露本次经验值,无新增客户端依赖,经验结算来源与数值,0,0,,Docs/design/scripting/翎风TXT脚本兼容差异说明.md,脚本运行时,2026-08-15,LF-TOPIC-0671,游戏引擎反外挂系统/特殊触发功能/人物当前获得经验触发.htm,LFM2-2026-08-15-snapshot
LF-CMD-0028,触发,@GOLDCHANGE,,[@GOLDCHANGE],QFunction-0,金币因脚本命令改变后的玩家,现有货币写入未提供 TXT 变更 Hook,D,正文区分多种货币并暴露OldMoney和NewMoney且提示可能仅脚本命令触发,无新增客户端依赖,货币余额与变更来源,0,0,,Docs/design/scripting/翎风TXT脚本兼容差异说明.md,脚本运行时,2026-08-15,LF-TOPIC-0662,游戏引擎反外挂系统/特殊触发功能/货币改变触发.htm,LFM2-2026-08-15-snapshot
LF-CMD-0029,触发,@GROUPADDMEMBER,,[@GROUPADDMEMBER],QFunction-0,队长与新加入队员,现有组队成员变更未提供 TXT Hook,D,正文通过队长S0暴露队员名并在加入完成后触发,现有组队客户端流程,队伍成员关系,0,0,,Docs/design/scripting/翎风TXT脚本兼容差异说明.md,脚本运行时,2026-08-15,LF-TOPIC-0705,游戏引擎反外挂系统/特殊触发功能/组队时触发[!].htm,LFM2-2026-08-15-snapshot
LF-CMD-0030,触发,@GROUPCREATE,,[@GROUPCREATE],QFunction-0,创建队伍的队长与首名队员,现有组队创建流程未提供 TXT Hook,D,正文通过队长S0暴露队员名并另定义创建前可失败检查,现有组队客户端流程,队伍创建事务,0,0,,Docs/design/scripting/翎风TXT脚本兼容差异说明.md,脚本运行时,2026-08-15,LF-TOPIC-0705,游戏引擎反外挂系统/特殊触发功能/组队时触发[!].htm,LFM2-2026-08-15-snapshot
LF-CMD-0031,触发,@GROUPDELMEMBER,,[@GROUPDELMEMBER],QFunction-0,队长与被移除队员,现有组队成员变更未提供 TXT Hook,D,正文通过队长S0暴露被删除队员名并在移除后触发,现有组队客户端流程,队伍成员关系,0,0,,Docs/design/scripting/翎风TXT脚本兼容差异说明.md,脚本运行时,2026-08-15,LF-TOPIC-0705,游戏引擎反外挂系统/特殊触发功能/组队时触发[!].htm,LFM2-2026-08-15-snapshot
LF-CMD-0032,触发,@GROUPITEMOFF0,,[@GROUPITEMOFF0],QFunction-0,0号套装失效的玩家,缺少翎风编号套装激活模型和脚本接缝,E,正文以配置套装序号驱动失效标签并区分人物英雄,现有装备客户端表现不足以证明套装协议,套装定义与激活状态,0,0,,Docs/design/scripting/翎风TXT脚本兼容差异说明.md,脚本运行时,2026-08-15,LF-TOPIC-0683,游戏引擎反外挂系统/特殊触发功能/套装触发.htm,LFM2-2026-08-15-snapshot
LF-CMD-0033,触发,@GROUPITEMOFF1,,[@GROUPITEMOFF1],QFunction-0,1号套装失效的玩家,缺少翎风编号套装激活模型和脚本接缝,E,正文以配置套装序号驱动失效标签并区分人物英雄,现有装备客户端表现不足以证明套装协议,套装定义与激活状态,0,0,,Docs/design/scripting/翎风TXT脚本兼容差异说明.md,脚本运行时,2026-08-15,LF-TOPIC-0683,游戏引擎反外挂系统/特殊触发功能/套装触发.htm,LFM2-2026-08-15-snapshot
LF-CMD-0034,触发,@GROUPITEMOFF2,,[@GROUPITEMOFF2],QFunction-0,2号套装失效的玩家,缺少翎风编号套装激活模型和脚本接缝,E,正文以配置套装序号驱动失效标签并区分人物英雄,现有装备客户端表现不足以证明套装协议,套装定义与激活状态,0,0,,Docs/design/scripting/翎风TXT脚本兼容差异说明.md,脚本运行时,2026-08-15,LF-TOPIC-0683,游戏引擎反外挂系统/特殊触发功能/套装触发.htm,LFM2-2026-08-15-snapshot
LF-CMD-0035,触发,@GROUPITEMOFFEX,,[@GROUPITEMOFFEX],QFunction-0,任意套装失效的玩家,缺少翎风编号套装激活模型和脚本接缝,E,正文定义全局失效触发并需配合CheckGroupItem检查编号状态,现有装备客户端表现不足以证明套装协议,套装定义与激活状态,0,0,,Docs/design/scripting/翎风TXT脚本兼容差异说明.md,脚本运行时,2026-08-15,LF-TOPIC-0683,游戏引擎反外挂系统/特殊触发功能/套装触发.htm,LFM2-2026-08-15-snapshot
LF-CMD-0036,触发,@GROUPITEMOFFX,,[@GROUPITEMOFFX],QFunction-0,指定编号套装失效的玩家,缺少翎风编号套装激活模型和脚本接缝,E,正文以标签后缀X表示套装序号并区分人物英雄,现有装备客户端表现不足以证明套装协议,套装定义与激活状态,0,0,,Docs/design/scripting/翎风TXT脚本兼容差异说明.md,脚本运行时,2026-08-15,LF-TOPIC-0683,游戏引擎反外挂系统/特殊触发功能/套装触发.htm,LFM2-2026-08-15-snapshot
LF-CMD-0037,触发,@GROUPITEMON0,,[@GROUPITEMON0],QFunction-0,0号套装生效的玩家,缺少翎风编号套装激活模型和脚本接缝,E,正文以配置套装序号驱动生效标签并区分人物英雄,现有装备客户端表现不足以证明套装协议,套装定义与激活状态,0,0,,Docs/design/scripting/翎风TXT脚本兼容差异说明.md,脚本运行时,2026-08-15,LF-TOPIC-0683,游戏引擎反外挂系统/特殊触发功能/套装触发.htm,LFM2-2026-08-15-snapshot
LF-CMD-0038,触发,@GROUPITEMON1,,[@GROUPITEMON1],QFunction-0,1号套装生效的玩家,缺少翎风编号套装激活模型和脚本接缝,E,正文以配置套装序号驱动生效标签并区分人物英雄,现有装备客户端表现不足以证明套装协议,套装定义与激活状态,0,0,,Docs/design/scripting/翎风TXT脚本兼容差异说明.md,脚本运行时,2026-08-15,LF-TOPIC-0683,游戏引擎反外挂系统/特殊触发功能/套装触发.htm,LFM2-2026-08-15-snapshot
LF-CMD-0039,触发,@GROUPITEMON2,,[@GROUPITEMON2],QFunction-0,2号套装生效的玩家,缺少翎风编号套装激活模型和脚本接缝,E,正文以配置套装序号驱动生效标签并区分人物英雄,现有装备客户端表现不足以证明套装协议,套装定义与激活状态,0,0,,Docs/design/scripting/翎风TXT脚本兼容差异说明.md,脚本运行时,2026-08-15,LF-TOPIC-0683,游戏引擎反外挂系统/特殊触发功能/套装触发.htm,LFM2-2026-08-15-snapshot
LF-CMD-0040,触发,@GROUPITEMONEX,,[@GROUPITEMONEX],QFunction-0,任意套装生效的玩家,缺少翎风编号套装激活模型和脚本接缝,E,正文定义全局生效触发并需配合CheckGroupItem检查编号状态,现有装备客户端表现不足以证明套装协议,套装定义与激活状态,0,0,,Docs/design/scripting/翎风TXT脚本兼容差异说明.md,脚本运行时,2026-08-15,LF-TOPIC-0683,游戏引擎反外挂系统/特殊触发功能/套装触发.htm,LFM2-2026-08-15-snapshot
LF-CMD-0041,触发,@GROUPITEMONX,,[@GROUPITEMONX],QFunction-0,指定编号套装生效的玩家,缺少翎风编号套装激活模型和脚本接缝,E,标签后缀X表示套装序号并区分人物英雄,现有装备客户端表现不足以证明套装协议,套装定义与激活状态,0,0,,Docs/design/scripting/翎风TXT脚本兼容差异说明.md,脚本运行时,2026-08-15,LF-TOPIC-0683,游戏引擎反外挂系统/特殊触发功能/套装触发.htm,LFM2-2026-08-15-snapshot
LF-CMD-0042,触发,@GROUPKILLMON,,[@GROUPKILLMON],QFunction-0,组队击杀怪物后的队伍成员,现有怪物死亡 Hook 未桥接组队 TXT 触发,D,正文定义组队杀怪完成触发但未明确成员执行顺序,无新增客户端依赖,队伍与击杀归属,0,0,,Docs/design/scripting/翎风TXT脚本兼容差异说明.md,脚本运行时,2026-08-15,LF-TOPIC-0705,游戏引擎反外挂系统/特殊触发功能/组队时触发[!].htm,LFM2-2026-08-15-snapshot
LF-CMD-0043,触发,@HELP,,[@HELP],QFunction-0,点击界面帮助按钮的玩家,缺少帮助按钮客户端事件桥,E,正文要求客户端帮助按钮直接触发QFunction标签,缺少已验证的帮助按钮事件协议,玩家会话,0,0,,Docs/design/scripting/翎风TXT脚本兼容差异说明.md,脚本运行时,2026-08-15,LF-TOPIC-0664,游戏引擎反外挂系统/特殊触发功能/界面帮助按钮触发[!].htm,LFM2-2026-08-15-snapshot
LF-CMD-0044,触发,@HEROBEGINTAKEOFF,,[@HEROBEGINTAKEOFF],QFunction-0,英雄取下装备前的主人英雄与当前装备,未提供英雄装备取下前 TXT Hook,D,正文要求可用H.StopTakeOff中止且警告不得回收当前物品,现有英雄装备客户端流程,英雄装备槽与物品实例,0,0,,Docs/design/scripting/翎风TXT脚本兼容差异说明.md,脚本运行时,2026-08-15,LF-TOPIC-0673,游戏引擎反外挂系统/特殊触发功能/取下装备前触发.html,LFM2-2026-08-15-snapshot
LF-CMD-0045,触发,@HEROBEGINWEAPONCURSE,,[@HEROBEGINWEAPONCURSE],QFunction-0,英雄武器被诅咒前的主人英雄与武器,现有英雄诅咒状态未提供 TXT 前置 Hook,D,正文要求诅咒提交前触发且可StopWeaponCurse中止,现有英雄装备客户端表现,英雄武器实例与诅咒状态,0,0,,Docs/design/scripting/翎风TXT脚本兼容差异说明.md,脚本运行时,2026-08-15,LF-TOPIC-0686,游戏引擎反外挂系统/特殊触发功能/武器诅咒前触发.htm,LFM2-2026-08-15-snapshot
LF-CMD-0046,触发,@HERODIE,,[@HERODIE],QFunction-0,英雄死亡后的主人英雄与击杀者,现有英雄死亡流程未提供 TXT Hook,D,正文由主人执行并暴露英雄当前目标和击杀者上下文,现有英雄战斗客户端流程,英雄死亡与击杀归属,0,0,,Docs/design/scripting/翎风TXT脚本兼容差异说明.md,脚本运行时,2026-08-15,LF-TOPIC-0697,游戏引擎反外挂系统/特殊触发功能/英雄死亡触发.htm,LFM2-2026-08-15-snapshot
LF-CMD-0047,触发,@HERODROPITEM,,[@HERODROPITEM],QFunction-0,英雄身上装备掉落后的主人英雄与物品,现有英雄物品掉落流程未提供 TXT Hook,D,正文仅对物品规则启用项触发并暴露装备位置序列号和落点,现有英雄装备客户端流程,英雄装备与地图落点,0,0,,Docs/design/scripting/翎风TXT脚本兼容差异说明.md,脚本运行时,2026-08-15,LF-TOPIC-0674,游戏引擎反外挂系统/特殊触发功能/人物身上物品掉落触发.html,LFM2-2026-08-15-snapshot
LF-CMD-0048,触发,@HEROENTERMAP,,[@HEROENTERMAP],QFunction-0,英雄切换地图完成后的主人与英雄,现有地图 Hook 未桥接英雄 TXT 触发,D,正文定义英雄切图完成触发而当前物理QFunction未绑定,现有英雄地图同步客户端流程,英雄地图与位置,0,0,,Docs/design/scripting/翎风TXT脚本兼容差异说明.md,脚本运行时,2026-08-15,LF-TOPIC-0667,游戏引擎反外挂系统/特殊触发功能/切换地图触发.HTM,LFM2-2026-08-15-snapshot
LF-CMD-0049,触发,@HEROGETEXP,,[@HEROGETEXP],QFunction-0,英雄每次获得经验的主人英雄与经验值,现有英雄经验结算未提供 TXT Hook,D,正文由主人执行并通过H.GetExp暴露本次经验值,无新增客户端依赖,英雄经验结算,0,0,,Docs/design/scripting/翎风TXT脚本兼容差异说明.md,脚本运行时,2026-08-15,LF-TOPIC-0694,游戏引擎反外挂系统/特殊触发功能/英雄当前获得经验触发.htm,LFM2-2026-08-15-snapshot
LF-CMD-0050,触发,@HEROGROUPITEMOFFX,,[@HEROGROUPITEMOFFX],QFunction-0,指定编号套装失效的英雄,缺少翎风英雄编号套装模型和脚本接缝,E,标签后缀X表示英雄套装序号,现有英雄装备客户端表现不足以证明套装协议,英雄套装定义与激活状态,0,0,,Docs/design/scripting/翎风TXT脚本兼容差异说明.md,脚本运行时,2026-08-15,LF-TOPIC-0683,游戏引擎反外挂系统/特殊触发功能/套装触发.htm,LFM2-2026-08-15-snapshot
LF-CMD-0051,触发,@HEROGROUPITEMONX,,[@HEROGROUPITEMONX],QFunction-0,指定编号套装生效的英雄,缺少翎风英雄编号套装模型和脚本接缝,E,标签后缀X表示英雄套装序号,现有英雄装备客户端表现不足以证明套装协议,英雄套装定义与激活状态,0,0,,Docs/design/scripting/翎风TXT脚本兼容差异说明.md,脚本运行时,2026-08-15,LF-TOPIC-0683,游戏引擎反外挂系统/特殊触发功能/套装触发.htm,LFM2-2026-08-15-snapshot
LF-CMD-0052,触发,@HEROITEMEXPIRED,,[@HEROITEMEXPIRED],QFunction-0,限时英雄装备到期的主人英雄与物品,现有限时物品处理未提供英雄 TXT Hook,D,正文通过H.ExpiredItemName暴露到期装备名,现有英雄装备客户端刷新,英雄限时装备与到期时间,0,0,,Docs/design/scripting/翎风TXT脚本兼容差异说明.md,脚本运行时,2026-08-15,LF-TOPIC-0693,游戏引擎反外挂系统/特殊触发功能/限时装备到期(到时间)触发.html,LFM2-2026-08-15-snapshot
LF-CMD-0053,触发,@HEROKILLMON,,[@HEROKILLMON],QFunction-0,英雄及其宝宝或分身击杀怪物后的主人英雄,现有怪物死亡 Hook 未桥接英雄 TXT 触发,D,正文可配置英雄独立触发并暴露带或不带数字的怪物名,无新增客户端依赖,英雄击杀归属与怪物实例,0,0,,Docs/design/scripting/翎风TXT脚本兼容差异说明.md,脚本运行时,2026-08-15,LF-TOPIC-0679,游戏引擎反外挂系统/特殊触发功能/杀死怪物触发[!].htm,LFM2-2026-08-15-snapshot
LF-CMD-0054,触发,@HEROLEARNMAGIC,,[@HEROLEARNMAGIC],QFunction-0,英雄学习技能后的主人英雄与技能ID,现有英雄技能学习未提供 TXT Hook,D,正文通过H.LearnMagicID暴露新技能ID,现有英雄技能客户端同步,英雄技能表,0,0,,Docs/design/scripting/翎风TXT脚本兼容差异说明.md,脚本运行时,2026-08-15,LF-TOPIC-0698,游戏引擎反外挂系统/特殊触发功能/英雄学习技能触发.html,LFM2-2026-08-15-snapshot
LF-CMD-0055,触发,@HEROLEVELUP,,[@HEROLEVELUP],QFunction-0,英雄升级后的主人与英雄,现有英雄升级流程未提供 TXT Hook,D,正文由主人执行且英雄操作需H前缀,现有英雄属性客户端同步,英雄等级与经验,0,0,,Docs/design/scripting/翎风TXT脚本兼容差异说明.md,脚本运行时,2026-08-15,LF-TOPIC-0696,游戏引擎反外挂系统/特殊触发功能/英雄升级触发.htm,LFM2-2026-08-15-snapshot
LF-CMD-0056,触发,@HEROLOGIN,,[@HEROLOGIN],QManage,英雄上线后的主人与英雄,现有英雄上线流程未提供 TXT Hook,D,正文由主人执行且英雄操作需H前缀,现有英雄登录客户端同步,英雄会话与首次状态,0,0,,Docs/design/scripting/翎风TXT脚本兼容差异说明.md,脚本运行时,2026-08-15,LF-TOPIC-0695,游戏引擎反外挂系统/特殊触发功能/英雄上线触发.htm,LFM2-2026-08-15-snapshot
LF-CMD-0057,触发,@HERORECALCABILITYS,,[@HERORECALCABILITYS],QFunction-0,英雄属性重算后的主人与英雄,现有属性重算未提供英雄 TXT Hook,D,正文警告触发内修改属性会递归并导致崩溃,现有英雄属性客户端同步,英雄派生属性与重入保护,0,0,,Docs/design/scripting/翎风TXT脚本兼容差异说明.md,脚本运行时,2026-08-15,LF-TOPIC-0672,游戏引擎反外挂系统/特殊触发功能/人物和英雄属性发生变更时触发QF脚本.html,LFM2-2026-08-15-snapshot
LF-CMD-0058,触发,@HUMDROPITEM,,[@HUMDROPITEM],QFunction-0,人物身上装备掉落后的玩家与物品,现有装备掉落流程未提供 TXT Hook,D,正文仅对物品规则启用项触发并暴露装备位置序列号和落点,现有装备客户端流程,玩家装备与地图落点,0,0,,Docs/design/scripting/翎风TXT脚本兼容差异说明.md,脚本运行时,2026-08-15,LF-TOPIC-0674,游戏引擎反外挂系统/特殊触发功能/人物身上物品掉落触发.html,LFM2-2026-08-15-snapshot
LF-CMD-0059,触发,@INPUTSTRING1,,[@INPUTSTRING1],当前NPC脚本,输入框提交后的玩家与S1文本,NPC输入存在但该翎风标签语法尚无黄金测试,D,该标签来自个人商店示例而非独立系统事件且需验证双@输入入口映射,现有NPC输入客户端流程,玩家输入与当前NPC页面,0,0,,Docs/design/scripting/翎风TXT脚本兼容差异说明.md,脚本运行时,2026-08-15,LF-TOPIC-0657,游戏引擎反外挂系统/特殊触发功能/个人商店和人物摆摊[!].htm,LFM2-2026-08-15-snapshot
LF-CMD-0060,触发,@ITEMDAMAGE1,,[@ITEMDAMAGE1],QFunction-0,1号装备槽持久耗尽的玩家与装备,现有持久损坏流程未提供按槽位 TXT Hook,D,正文以标签数字表示0至12装备位置,现有装备持久客户端刷新,装备槽与持久值,0,0,,Docs/design/scripting/翎风TXT脚本兼容差异说明.md,脚本运行时,2026-08-15,LF-TOPIC-0702,游戏引擎反外挂系统/特殊触发功能/装备持久消失时触发[!].htm,LFM2-2026-08-15-snapshot
LF-CMD-0061,触发,@ITEMEXPIRED,,[@ITEMEXPIRED],QFunction-0,人物限时装备到期的玩家与物品,现有限时物品处理未提供 TXT Hook,D,正文通过ExpiredItemName暴露到期装备名,现有装备客户端刷新,限时装备与到期时间,0,0,,Docs/design/scripting/翎风TXT脚本兼容差异说明.md,脚本运行时,2026-08-15,LF-TOPIC-0693,游戏引擎反外挂系统/特殊触发功能/限时装备到期(到时间)触发.html,LFM2-2026-08-15-snapshot
LF-CMD-0062,触发,@KILLMON,,[@KILLMON],QFunction-0,人物或英雄归属击杀怪物后的玩家与怪物,src/Server/Server/Scripting/LingFengTxtSystemHookAdapter.cs与ScriptManager.cs,C,按EXPOwner解析玩家并单次派发；暂未提供翎风带数字怪物名变量,无新增客户端依赖,击杀归属与怪物实例及物理TXT快照,0,0,LF-TXT11-MONSTER,Manual/Engine/docs/scripting/txt-system-hooks.md,怪物与脚本运行时,2026-08-15,LF-TOPIC-0679,游戏引擎反外挂系统/特殊触发功能/杀死怪物触发[!].htm,LFM2-2026-08-15-snapshot
LF-CMD-0063,触发,@KILLPLAY,,[@KILLPLAY],QFunction-0,击杀人物后的玩家与被击杀者,src/Server/Server/Scripting/LingFengTxtSystemHookAdapter.cs与ScriptManager.cs,C,人物或英雄及其宝宝归属到实际主人；无人物归属时不派发,无新增客户端依赖,玩家击杀归属,0,0,LFENV14-DEATH,Docs/design/scripting/翎风TXT脚本兼容差异说明.md,脚本运行时,2026-08-16,LF-TOPIC-0681,游戏引擎反外挂系统/特殊触发功能/杀死人物触发.htm,LFM2-2026-08-15-snapshot
LF-CMD-0064,触发,@KILLSLAVE,,[@KILLSLAVE],QFunction-0,击杀其他玩家宝宝后的玩家与宝宝,现有宝宝死亡流程未提供击杀方 TXT Hook,D,正文支持按宝宝名称检测后执行,无新增客户端依赖,宝宝实例与击杀归属,0,0,,Docs/design/scripting/翎风TXT脚本兼容差异说明.md,脚本运行时,2026-08-15,LF-TOPIC-0680,游戏引擎反外挂系统/特殊触发功能/杀死人物宝宝时触发[!].htm,LFM2-2026-08-15-snapshot
LF-CMD-0065,触发,@LEAVEGROUP,,[@LEAVEGROUP],QFunction-0,主动离开队伍的玩家与原队伍,现有组队成员变更未提供 TXT Hook,D,正文定义离队完成触发且队长侧另有删除成员触发,现有组队客户端流程,队伍成员关系,0,0,,Docs/design/scripting/翎风TXT脚本兼容差异说明.md,脚本运行时,2026-08-15,LF-TOPIC-0705,游戏引擎反外挂系统/特殊触发功能/组队时触发[!].htm,LFM2-2026-08-15-snapshot
LF-CMD-0066,触发,@M2DROPITEM,,[@M2DROPITEM],QFunction-0,怪物掉落批次至少产出一项后的归属玩家与只读结果,src/Server/Server/Scripting/LingFengTxtSystemHookAdapter.cs与ScriptManager.cs,C,每个非空掉落批次单次派发且结果只读；不支持逐物品改名改色,无新增客户端依赖,怪物掉落结果与归属及物理TXT快照,0,0,LF-TXT11-MONSTER,Manual/Engine/docs/scripting/txt-system-hooks.md,怪物与脚本运行时,2026-08-15,LF-TOPIC-0688,游戏引擎反外挂系统/特殊触发功能/物品掉落触发.html,LFM2-2026-08-15-snapshot
LF-CMD-0067,触发,@MAGICATTACK,,[@MAGICATTACK],QFunction-0,魔法攻击发起者与当前目标,src/Server/Server/Scripting/LingFengTxtSystemHookAdapter.cs与HumanObject.cs,C,仅在实际生效且技能ID非零的伤害后置时点执行,现有战斗客户端流程,目标与技能上下文,0,0,LFENV14-MAGIC,Docs/design/scripting/翎风TXT脚本兼容差异说明.md,脚本运行时,2026-08-16,LF-TOPIC-0660,游戏引擎反外挂系统/特殊触发功能/攻击触发.html,LFM2-2026-08-15-snapshot
LF-CMD-0068,触发,@MAGICSTRUCK,,[@MAGICSTRUCK],QFunction-0,受到魔法攻击的玩家与攻击者,src/Server/Server/Scripting/LingFengTxtSystemHookAdapter.cs与HumanObject.cs,C,仅在实际生效且技能ID非零的伤害后置时点执行,现有战斗客户端流程,攻击来源与技能上下文,0,0,LFENV14-MAGIC,Docs/design/scripting/翎风TXT脚本兼容差异说明.md,脚本运行时,2026-08-16,LF-TOPIC-0660,游戏引擎反外挂系统/特殊触发功能/攻击触发.html,LFM2-2026-08-15-snapshot
LF-CMD-0069,触发,@MAGMONFUNC2,,[@MAGMONFUNC2],QFunction-0,技能ID为2且目标为怪物时的施法者与目标,现有按Spell施法 Hook 未桥接标签后缀 TXT 触发,D,正文要求显式开启并按技能ID和目标类型选择标签,现有技能客户端流程,技能ID与目标类型,0,0,,Docs/design/scripting/翎风TXT脚本兼容差异说明.md,脚本运行时,2026-08-15,LF-TOPIC-0498,游戏引擎反外挂系统/兼容HeroM2/特殊触发功能/技能触发脚本功能.htm,LFM2-2026-08-15-snapshot
LF-CMD-0070,触发,@MAGMONFUNCX,,[@MAGMONFUNCX],QFunction-0,指定技能ID且目标为怪物时的施法者与目标,现有按Spell施法 Hook 未桥接标签后缀 TXT 触发,D,正文以X表示技能ID并要求显式开启魔法触发功能,现有技能客户端流程,技能ID与目标类型,0,0,,Docs/design/scripting/翎风TXT脚本兼容差异说明.md,脚本运行时,2026-08-15,LF-TOPIC-0498,游戏引擎反外挂系统/兼容HeroM2/特殊触发功能/技能触发脚本功能.htm,LFM2-2026-08-15-snapshot
LF-CMD-0071,触发,@MAGSELFFUNC2,,[@MAGSELFFUNC2],QFunction-0,技能ID为2的自身施法者,现有按Spell施法 Hook 未桥接标签后缀 TXT 触发,D,正文要求显式开启并按技能ID和目标类型选择标签,现有技能客户端流程,技能ID与目标类型,0,0,,Docs/design/scripting/翎风TXT脚本兼容差异说明.md,脚本运行时,2026-08-15,LF-TOPIC-0498,游戏引擎反外挂系统/兼容HeroM2/特殊触发功能/技能触发脚本功能.htm,LFM2-2026-08-15-snapshot
LF-CMD-0072,触发,@MAGSELFFUNCX,,[@MAGSELFFUNCX],QFunction-0,指定技能ID的自身施法者,现有按Spell施法 Hook 未桥接标签后缀 TXT 触发,D,正文以X表示技能ID并要求显式开启,现有技能客户端流程,技能ID与目标类型,0,0,,Docs/design/scripting/翎风TXT脚本兼容差异说明.md,脚本运行时,2026-08-15,LF-TOPIC-0498,游戏引擎反外挂系统/兼容HeroM2/特殊触发功能/技能触发脚本功能.htm,LFM2-2026-08-15-snapshot
LF-CMD-0073,触发,@MAGTAGFUNC2,,[@MAGTAGFUNC2],QFunction-0,技能ID为2且目标为人物的施法者,现有按Spell施法 Hook 未桥接标签后缀 TXT 触发,D,正文按目标人物和技能ID选择标签,现有技能客户端流程,技能ID与目标人物,0,0,,Docs/design/scripting/翎风TXT脚本兼容差异说明.md,脚本运行时,2026-08-15,LF-TOPIC-0498,游戏引擎反外挂系统/兼容HeroM2/特殊触发功能/技能触发脚本功能.htm,LFM2-2026-08-15-snapshot
LF-CMD-0074,触发,@MAGTAGFUNCEXX,,[@MAGTAGFUNCEXX],QFunction-0,成为指定技能目标的人物,现有按Spell施法 Hook 未桥接目标方 TXT 触发,D,正文以X表示技能ID并在目标人物侧执行,现有技能客户端流程,技能ID与目标人物,0,0,,Docs/design/scripting/翎风TXT脚本兼容差异说明.md,脚本运行时,2026-08-15,LF-TOPIC-0498,游戏引擎反外挂系统/兼容HeroM2/特殊触发功能/技能触发脚本功能.htm,LFM2-2026-08-15-snapshot
LF-CMD-0075,触发,@MAGTAGFUNCX,,[@MAGTAGFUNCX],QFunction-0,指定技能作用于人物时的施法者,现有按Spell施法 Hook 未桥接标签后缀 TXT 触发,D,正文以X表示技能ID并在施法者侧执行,现有技能客户端流程,技能ID与目标人物,0,0,,Docs/design/scripting/翎风TXT脚本兼容差异说明.md,脚本运行时,2026-08-15,LF-TOPIC-0498,游戏引擎反外挂系统/兼容HeroM2/特殊触发功能/技能触发脚本功能.htm,LFM2-2026-08-15-snapshot
LF-CMD-0076,触发,@MAIN,,[@MAIN],普通脚本页,普通主页面标签,NPCScript已有普通页面解析但该候选来自GOTOLABEL示例,X,自动抽取把示例入口标签误识别为独立特殊触发,无,无,0,0,,Docs/guides/原生TXT脚本快速开始.md,脚本运行时,2026-08-15,LF-TOPIC-0706,游戏引擎反外挂系统/特殊触发功能/GOTOLABEL触发[!].htm,LFM2-2026-08-15-snapshot
LF-CMD-0077,触发,@ONKILLMOB,,[@ONKILLMOB],QFunction-0,启用地图ONKILLMON参数后的击杀者与怪物,现有怪物死亡 Hook 未桥接地图参数 TXT 触发,D,正文要求地图参数开启并可用CheckKillMonName过滤,无新增客户端依赖,地图参数与击杀归属,0,0,,Docs/design/scripting/翎风TXT脚本兼容差异说明.md,脚本运行时,2026-08-15,LF-TOPIC-0679,游戏引擎反外挂系统/特殊触发功能/杀死怪物触发[!].htm,LFM2-2026-08-15-snapshot
LF-CMD-0078,触发,@ONTIMER12,,[@ONTIMER12],QManage,12号个人计时器到期的当前玩家,个人定时器通过系统页主线程派发,B,可配合CheckInMapRange与SetOffTimer形成周期地图事件,无新增客户端依赖,个人定时器与玩家位置,0,0,LingFengPlayerCommandTests.翎风个人定时器按间隔派发QManage且关闭后不再执行,Manual/Engine/docs/scripting/player-commands.md,脚本运行时,2026-08-17,LF-TOPIC-0654,游戏引擎反外挂系统/特殊触发功能/地图事件触发.html,LFM2-2026-08-15-snapshot
LF-CMD-0079,触发,@PICKUPITEM,,[@PICKUPITEM],QFunction-0,拾取指定规则物品后的玩家与物品,现有拾取检查 Hook 未桥接结果 TXT 触发,D,正文依赖物品规则并暴露物品名和地图坐标,现有拾取客户端流程,物品实例与地图坐标,0,0,,Docs/design/scripting/翎风TXT脚本兼容差异说明.md,脚本运行时,2026-08-15,LF-TOPIC-0689,游戏引擎反外挂系统/特殊触发功能/物品捡取.htm,LFM2-2026-08-15-snapshot
LF-CMD-0080,触发,@PICKUPITEMEX,,[@PICKUPITEMEX],QFunction-0,玩家成功拾取任意物品或金币后的只读结果,src/Server/Server/Scripting/LingFengTxtSystemHookAdapter.cs与PlayerObject.cs,C,仅玩家自身成功拾取后派发；暂不覆盖灵物代拾和翎风物品位置变量,现有拾取客户端流程,拾取结果与物理TXT快照,0,0,LF-TXT11-ITEM,Manual/Engine/docs/scripting/txt-system-hooks.md,物品与脚本运行时,2026-08-15,LF-TOPIC-0689,游戏引擎反外挂系统/特殊触发功能/物品捡取.htm,LFM2-2026-08-15-snapshot
LF-CMD-0081,触发,@PICKUPITEMS10,,[@PICKUPITEMS10],QFunction-0,拾取数据库IDX为10的物品后的玩家与物品,现有拾取检查 Hook 未桥接标签后缀结果触发,D,正文以标签后缀表示物品IDX并依赖触发ID规则,现有拾取客户端流程,物品数据库IDX与实例,0,0,,Docs/design/scripting/翎风TXT脚本兼容差异说明.md,脚本运行时,2026-08-15,LF-TOPIC-0690,游戏引擎反外挂系统/特殊触发功能/新物品捡取.htm,LFM2-2026-08-15-snapshot
LF-CMD-0082,触发,@PLAYDIE,,[@PLAYDIE],QFunction-0,死亡玩家与击杀来源,src/Server/Server/Scripting/LingFengTxtSystemHookAdapter.cs与PlayerObject.cs,C,死亡者视角携带最终LastHitter快照；普通怪物来源保留名称但不伪造人物归属,无新增客户端依赖,死亡与击杀归属,0,0,LFENV14-DEATH,Docs/design/scripting/翎风TXT脚本兼容差异说明.md,脚本运行时,2026-08-16,LF-TOPIC-0676；LF-TOPIC-0677,游戏引擎反外挂系统/特殊触发功能/人物死亡.htm；游戏引擎反外挂系统/特殊触发功能/人物死亡时触发.htm,LFM2-2026-08-15-snapshot
LF-CMD-0083,触发,@PLAYLEVELUP,,[@PLAYLEVELUP],QFunction-0,升级后的玩家,src/Server/Server/Scripting/LingFengTxtSystemHookAdapter.cs与NPCScript.cs,B,OnPlayerLevelUp在CSharp未处理时精确派发到SystemScripts/QFunction-0；同一事件最多执行一个来源,无新增客户端依赖,玩家等级与经验及物理TXT快照,0,0,LF-TXT-HOOK-LEVELUP,Manual/Engine/docs/scripting/txt-system-hooks.md,玩家生命周期与脚本运行时,2026-08-15,LF-TOPIC-0675,游戏引擎反外挂系统/特殊触发功能/人物升级触发.htm,LFM2-2026-08-15-snapshot
LF-CMD-0084,触发,@PLAYOFFLINE,,[@PLAYOFFLINE],QFunction-0,完成大退的玩家会话,现有连接关闭流程未提供 TXT Hook,D,正文仅明确人物大退触发标签,无新增客户端依赖,玩家会话与下线原因,0,0,,Docs/design/scripting/翎风TXT脚本兼容差异说明.md,脚本运行时,2026-08-15,LF-TOPIC-0670,游戏引擎反外挂系统/特殊触发功能/人物大退触发.htm,LFM2-2026-08-15-snapshot
LF-CMD-0085,触发,@PLAYRECONNECTION,,[@PLAYRECONNECTION],QFunction-0,完成小退或重连的玩家会话,现有重连流程未提供 TXT Hook,D,正文仅明确人物小退触发标签,现有重连客户端流程,玩家会话与重连原因,0,0,,Docs/design/scripting/翎风TXT脚本兼容差异说明.md,脚本运行时,2026-08-15,LF-TOPIC-0678,游戏引擎反外挂系统/特殊触发功能/人物小退触发.htm,LFM2-2026-08-15-snapshot
LF-CMD-0086,触发,@QUERYMYSHOPFAIL,,[@QUERYMYSHOPFAIL],当前NPC脚本,尚未创建个人商店的查询玩家,缺少个人商店查询领域和脚本接缝,E,正文由客户端我的商店入口触发并引导创建商店,缺少已验证的个人商店客户端闭环,个人商店状态,0,0,,Docs/design/scripting/翎风TXT脚本兼容差异说明.md,脚本运行时,2026-08-15,LF-TOPIC-0657,游戏引擎反外挂系统/特殊触发功能/个人商店和人物摆摊[!].htm,LFM2-2026-08-15-snapshot
LF-CMD-0087,触发,@QUERYPLAYMONSTERSTATE,,[@QUERYPLAYMONSTERSTATE],QFunction-0,查看人形怪装备前的玩家与目标,现有查看装备流程未提供人形怪 TXT Hook,D,正文允许stopQueryUserState中止并暴露目标名,现有查看装备客户端流程,人形怪装备与查看请求,0,0,,Docs/design/scripting/翎风TXT脚本兼容差异说明.md,脚本运行时,2026-08-15,LF-TOPIC-0650,游戏引擎反外挂系统/特殊触发功能/查看他人装备触发.htm,LFM2-2026-08-15-snapshot
LF-CMD-0088,触发,@QUERYUSERHEROSTATE,,[@QUERYUSERHEROSTATE],QFunction-0,查看他人英雄装备前的玩家与目标英雄,现有查看英雄装备流程未提供 TXT Hook,D,正文允许stopQueryUserState中止并暴露目标名,现有查看英雄装备客户端流程,英雄装备与查看请求,0,0,,Docs/design/scripting/翎风TXT脚本兼容差异说明.md,脚本运行时,2026-08-15,LF-TOPIC-0650,游戏引擎反外挂系统/特殊触发功能/查看他人装备触发.htm,LFM2-2026-08-15-snapshot
LF-CMD-0089,触发,@QUERYUSERSTATE,,[@QUERYUSERSTATE],QFunction-0,查看他人装备前的查看者与目标玩家,现有查看装备流程未提供 TXT Hook,D,正文允许中止查看并可把被查看者设为当前对象,现有查看装备客户端流程,玩家装备与查看请求,0,0,,Docs/design/scripting/翎风TXT脚本兼容差异说明.md,脚本运行时,2026-08-15,LF-TOPIC-0650,游戏引擎反外挂系统/特殊触发功能/查看他人装备触发.htm,LFM2-2026-08-15-snapshot
LF-CMD-0090,触发,@RECALCABILITYS,,[@RECALCABILITYS],QFunction-0,人物属性重算后的玩家,现有属性重算未提供人物 TXT Hook,D,正文警告触发内修改属性会递归并导致崩溃,现有属性客户端同步,玩家派生属性与重入保护,0,0,,Docs/design/scripting/翎风TXT脚本兼容差异说明.md,脚本运行时,2026-08-15,LF-TOPIC-0672,游戏引擎反外挂系统/特殊触发功能/人物和英雄属性发生变更时触发QF脚本.html,LFM2-2026-08-15-snapshot
LF-CMD-0091,触发,@RUN,,[@RUN],QFunction-0,每次跑步的玩家与位置,现有移动流程未提供高频 TXT Hook,D,正文对每次跑步触发且存在高频执行预算风险,现有移动客户端流程,玩家位置与移动类型,0,0,,Docs/design/scripting/翎风TXT脚本兼容差异说明.md,脚本运行时,2026-08-15,LF-TOPIC-0704,游戏引擎反外挂系统/特殊触发功能/走路或跑步触发.htm,LFM2-2026-08-15-snapshot
LF-CMD-0092,触发,@SELLEDUSERITEM,,[@SELLEDUSERITEM],QFunction-0,在线卖家商品售出后的卖家与结算,缺少个人商店在线卖家结算脚本接缝,E,正文要求脚本结算后调用SetUserItemSettled防止重复提款,缺少已验证的个人商店客户端闭环,个人商店结算幂等性,0,0,,Docs/design/scripting/翎风TXT脚本兼容差异说明.md,脚本运行时,2026-08-15,LF-TOPIC-0661,游戏引擎反外挂系统/特殊触发功能/购买个人商店物品触发.html,LFM2-2026-08-15-snapshot
LF-CMD-0093,触发,@SELLUSERITEMWITHDRAWALS,,[@SELLUSERITEMWITHDRAWALS],QFunction-0,卖家提款成功后的卖家与商品结算,缺少个人商店提款脚本接缝,E,正文在个人商店售出款提款成功后触发,缺少已验证的个人商店客户端闭环,个人商店提款事务,0,0,,Docs/design/scripting/翎风TXT脚本兼容差异说明.md,脚本运行时,2026-08-15,LF-TOPIC-0661,游戏引擎反外挂系统/特殊触发功能/购买个人商店物品触发.html,LFM2-2026-08-15-snapshot
LF-CMD-0094,触发,@SHOPNAMEFILTER,,[@SHOPNAMEFILTER],当前NPC脚本,个人商店名称命中过滤词的申请玩家,缺少个人商店名称过滤领域和脚本接缝,E,正文依赖列表信息1过滤字符并回调当前NPC标签,缺少已验证的个人商店客户端闭环,商店名称与过滤规则,0,0,,Docs/design/scripting/翎风TXT脚本兼容差异说明.md,脚本运行时,2026-08-15,LF-TOPIC-0657；LF-TOPIC-0658,游戏引擎反外挂系统/特殊触发功能/个人商店和人物摆摊[!].htm；游戏引擎反外挂系统/特殊触发功能/个人商店名字过滤触发.htm,LFM2-2026-08-15-snapshot
LF-CMD-0095,触发,@SHOPSTALL,,[@SHOPSTALL],QFunction-0,点击开始或停止摆摊的玩家,缺少个人摆摊领域和脚本接缝,E,正文在客户端切换摆摊前触发并配合SHOPSTALL命令,缺少已验证的摆摊客户端闭环,摆摊状态与地图规则,0,0,,Docs/design/scripting/翎风TXT脚本兼容差异说明.md,脚本运行时,2026-08-15,LF-TOPIC-0657,游戏引擎反外挂系统/特殊触发功能/个人商店和人物摆摊[!].htm,LFM2-2026-08-15-snapshot
LF-CMD-0096,触发,@STARTCOMBATMODE,,[@STARTCOMBATMODE],QFunction-0,进入战斗状态的玩家,未提供战斗状态切换 TXT Hook,D,正文只在开启禁止战斗状态退出的地图定义进入和退出触发,现有战斗客户端状态,玩家战斗状态与地图规则,0,0,,Docs/design/scripting/翎风TXT脚本兼容差异说明.md,脚本运行时,2026-08-15,LF-TOPIC-0699,游戏引擎反外挂系统/特殊触发功能/战斗状态触发.htm,LFM2-2026-08-15-snapshot
LF-CMD-0097,触发,@STARTGROUP,,[@STARTGROUP],QFunction-0,创建队伍提交前的队长与候选队员,现有组队创建流程未提供前置 TXT Hook,D,正文允许CreateGroupFail中止并示例按等级检查,现有组队客户端流程,队伍创建事务,0,0,,Docs/design/scripting/翎风TXT脚本兼容差异说明.md,脚本运行时,2026-08-15,LF-TOPIC-0705,游戏引擎反外挂系统/特殊触发功能/组队时触发[!].htm,LFM2-2026-08-15-snapshot
LF-CMD-0098,触发,@STARTMYSHOP,,[@STARTMYSHOP],QFunction-0,打开摆摊窗口前的玩家,缺少HERO摆摊领域和脚本接缝,E,正文要求地图MyShop参数并允许ForbidMyShop中止,缺少已验证的HERO摆摊客户端闭环,摆摊状态与地图规则,0,0,,Docs/design/scripting/翎风TXT脚本兼容差异说明.md,脚本运行时,2026-08-15,LF-TOPIC-0496,游戏引擎反外挂系统/兼容HeroM2/特殊触发功能/摆摊触发脚本.htm,LFM2-2026-08-15-snapshot
LF-CMD-0099,触发,@STDMODEFUNCX,,[@STDMODEFUNCX],QFunction-0,双击StdMode31物品的玩家与物品,现有按物品Shape使用 Hook 未桥接AniCount标签 TXT 触发,D,正文以AniCount的1至999值选择标签后缀,现有物品使用客户端流程,物品StdMode与AniCount,0,0,,Docs/design/scripting/翎风TXT脚本兼容差异说明.md,脚本运行时,2026-08-15,LF-TOPIC-0687,游戏引擎反外挂系统/特殊触发功能/物品触发功能脚本.htm,LFM2-2026-08-15-snapshot
LF-CMD-0100,触发,@STRUCK,,[@STRUCK],QFunction-0,物理伤害结算后的受击玩家,src/Server/Server/Scripting/LingFengTxtSystemHookAdapter.cs与ScriptManager.cs,C,仅桥接玩家受击物理伤害后置结果且结果对象只读；暂不暴露完整攻击来源分类变量,现有战斗客户端流程,伤害结果与物理TXT快照,0,0,LF-TXT11-BATTLE,Manual/Engine/docs/scripting/txt-system-hooks.md,战斗与脚本运行时,2026-08-15,LF-TOPIC-0660,游戏引擎反外挂系统/特殊触发功能/攻击触发.html,LFM2-2026-08-15-snapshot
LF-CMD-0101,触发,@TAKEOFF,,[@TAKEOFF],QFunction-0,任意装备取下完成后的玩家与装备,现有装备取下流程未提供结果 TXT Hook,D,正文另提供按0至12槽位的标签并支持关联当前物品,现有装备客户端流程,装备槽与物品实例,0,0,,Docs/design/scripting/翎风TXT脚本兼容差异说明.md,脚本运行时,2026-08-15,LF-TOPIC-0669,游戏引擎反外挂系统/特殊触发功能/取下身上物品时触发.htm,LFM2-2026-08-15-snapshot
LF-CMD-0102,触发,@TAKEOFF0,,[@TAKEOFF0],QFunction-0,0号装备槽取下完成后的玩家与装备,现有装备取下流程未提供按槽位 TXT Hook,D,正文以标签后缀表示0至12装备位置,现有装备客户端流程,装备槽与物品实例,0,0,,Docs/design/scripting/翎风TXT脚本兼容差异说明.md,脚本运行时,2026-08-15,LF-TOPIC-0669,游戏引擎反外挂系统/特殊触发功能/取下身上物品时触发.htm,LFM2-2026-08-15-snapshot
LF-CMD-0103,触发,@TAKEOFF1,,[@TAKEOFF1],QFunction-0,1号装备槽取下完成后的玩家与装备,现有装备取下流程未提供按槽位 TXT Hook,D,正文示例关联取下装备并允许改名改色和读取字段,现有装备客户端流程,装备槽与物品实例,0,0,,Docs/design/scripting/翎风TXT脚本兼容差异说明.md,脚本运行时,2026-08-15,LF-TOPIC-0669,游戏引擎反外挂系统/特殊触发功能/取下身上物品时触发.htm,LFM2-2026-08-15-snapshot
LF-CMD-0104,触发,@TAKEON,,[@TAKEON],QFunction-0,任意装备穿戴完成后的玩家与装备,现有装备穿戴流程未提供结果 TXT Hook,D,正文另提供按0至12槽位的标签并区分英雄前缀,现有装备客户端流程,装备槽与物品实例,0,0,,Docs/design/scripting/翎风TXT脚本兼容差异说明.md,脚本运行时,2026-08-15,LF-TOPIC-0652,游戏引擎反外挂系统/特殊触发功能/带上物品时触发[!].htm,LFM2-2026-08-15-snapshot
LF-CMD-0105,触发,@TAKEON0,,[@TAKEON0],QFunction-0,0号装备槽穿戴完成后的玩家与装备,现有装备穿戴流程未提供按槽位 TXT Hook,D,正文以标签后缀表示0至12装备位置,现有装备客户端流程,装备槽与物品实例,0,0,,Docs/design/scripting/翎风TXT脚本兼容差异说明.md,脚本运行时,2026-08-15,LF-TOPIC-0652,游戏引擎反外挂系统/特殊触发功能/带上物品时触发[!].htm,LFM2-2026-08-15-snapshot
LF-CMD-0106,触发,@USEPLUGIN,,[@USEPLUGIN],QFunction-0,被反外挂判定使用插件的玩家,缺少可信反外挂插件事件通道,E,正文仅给出触发标签而未定义可移植的检测协议和证据,缺少受信任的反外挂客户端与协议,安全审计与玩家会话,0,0,,Docs/design/scripting/翎风TXT脚本兼容差异说明.md,安全与脚本运行时,2026-08-15,LF-TOPIC-0685,游戏引擎反外挂系统/特殊触发功能/外挂触发[!].htm,LFM2-2026-08-15-snapshot
LF-CMD-0107,触发,@USERQUERYHEROSTATE,,[@USERQUERYHEROSTATE],QFunction-0,他人查看自己英雄装备时的被查看者与查看者,现有查看英雄装备流程未提供被查看方 TXT Hook,D,正文通过CurUserName暴露查看者,现有查看英雄装备客户端流程,英雄装备与查看请求,0,0,,Docs/design/scripting/翎风TXT脚本兼容差异说明.md,脚本运行时,2026-08-15,LF-TOPIC-0650,游戏引擎反外挂系统/特殊触发功能/查看他人装备触发.htm,LFM2-2026-08-15-snapshot
LF-CMD-0108,触发,@USERQUERYSTATE,,[@USERQUERYSTATE],QFunction-0,他人查看自己装备时的被查看者与查看者,现有查看装备流程未提供被查看方 TXT Hook,D,正文通过CurUserName暴露查看者,现有查看装备客户端流程,玩家装备与查看请求,0,0,,Docs/design/scripting/翎风TXT脚本兼容差异说明.md,脚本运行时,2026-08-15,LF-TOPIC-0650,游戏引擎反外挂系统/特殊触发功能/查看他人装备触发.htm,LFM2-2026-08-15-snapshot
LF-CMD-0109,触发,@WALK,,[@WALK],QFunction-0,每次走路的玩家与位置,现有移动流程未提供高频 TXT Hook,D,正文对每次走路触发且存在高频执行预算风险,现有移动客户端流程,玩家位置与移动类型,0,0,,Docs/design/scripting/翎风TXT脚本兼容差异说明.md,脚本运行时,2026-08-15,LF-TOPIC-0704,游戏引擎反外挂系统/特殊触发功能/走路或跑步触发.htm,LFM2-2026-08-15-snapshot
LF-CMD-0110,动作,ADDGUILDMEMBER,,AddGuildMember 行会名称 人物名称,QFunction/NPC ACT,当前玩家和目标行会,现有 TXT 解释器未注册该动作,D,正文允许省略人物名以加入当前玩家且未定义重复成员失败反馈,无新增客户端依赖,行会成员与玩家身份,0,0,,Docs/design/scripting/翎风TXT脚本兼容差异说明.md,社会系统与脚本运行时,2026-08-15,LF-TOPIC-0118；LF-TOPIC-0320,游戏引擎反外挂系统/功能操作命令/把人物加入行会.html；游戏引擎反外挂系统/功能操作命令/添加行会成员.htm,LFM2-2026-08-15-snapshot
LF-CMD-0111,动作,ADDGUILDMEMBERCOUNT,,"AddGuildMemberCount 操作符(+|-|=) 数量",NPC ACT,当前玩家所在行会及会长权限,现有 TXT 解释器未注册该动作,D,正文限定会长且数量范围为0至1000,无新增客户端依赖,行会成员上限与会长权限,0,0,,Docs/design/scripting/翎风TXT脚本兼容差异说明.md,社会系统与脚本运行时,2026-08-15,LF-TOPIC-0166,游戏引擎反外挂系统/功能操作命令/调整行会人数上限[!].htm,LFM2-2026-08-15-snapshot
LF-CMD-0112,动作,ADDHUMNEWVALUE,,"AddHumNewValue 属性 操作符(+|-|=) 值 [时间秒] [酷明扩展0]",NPC ACT,当前玩家按脚本来源隔离的隐藏元素属性,HumanObject隐藏属性来源层与真实属性刷新及伤害链,C,酷明主要实用编号已接入且独立计时；杀人爆率与防止复活等领域入口仍待完整映射,现有状态与伤害同步,来源槽聚合与到期清理,32,32,LingFengPlayerCommandTests.命格隐藏属性三十秒与十秒来源独立到期且不覆盖长期属性;LingFengPlayerCommandTests.命格隐藏攻击增伤经过真实人物攻击怪物伤害链,Manual/Engine/docs/scripting/player-commands.md,战斗模型与脚本运行时,2026-08-17,LF-TOPIC-0362,游戏引擎反外挂系统/功能操作命令/给人物增加隐藏元素属性.html,LFM2-2026-08-15-snapshot
LF-CMD-0113,动作,ADDMAXWEIGHT,,"AddMaxWeight 操作符(+|-|=) 值",NPC ACT,当前玩家的扩展背包负重,现有 TXT 解释器未注册该动作,D,正文同时要求通过AddMaxBW变量读取扩展值,负重刷新依赖现有客户端状态同步,玩家扩展背包负重,0,0,,Docs/design/scripting/翎风TXT脚本兼容差异说明.md,人物系统与脚本运行时,2026-08-15,LF-TOPIC-0147,游戏引擎反外挂系统/功能操作命令/调整背包负重.html,LFM2-2026-08-15-snapshot
LF-CMD-0114,动作,ADDSKILL,,ADDSKILL 技能名称,NPC ACT,当前玩家技能表,现有 TXT 解释器未注册该翎风命令名,D,正文要求增加技能并与删除和英雄技能命令区分,技能列表刷新依赖现有客户端同步,玩家技能数据与技能定义,0,0,,Docs/design/scripting/翎风TXT脚本兼容差异说明.md,技能系统与脚本运行时,2026-08-15,LF-TOPIC-0256,游戏引擎反外挂系统/功能操作命令/练习技能.htm,LFM2-2026-08-15-snapshot
LF-CMD-0115,动作,ADDTEXTLIST,,AddTextList 文件位置 字符串 [附加字符串] [是否绝对路径],NPC ACT,安全逻辑路径运行期文本名单,LingFengRuntimeTextListStore与NPCSegment,B,酷明锦囊系统七处账号周印写入隔离JSON并由CHECKTEXTLIST合并读取；重复内容幂等且写入成功后才继续动作段,宿主绝对路径模式失败关闭且不修改只读原始QuestDiary,运行期文本名单与配置目录,7,7,LingFengPlayerCommandTests.酷明账号周印通过AddTextList持久化增量并被CheckTextList读取,Manual/Engine/docs/scripting/player-commands.md,文本名单与脚本运行时,2026-08-17,LF-TOPIC-0136,游戏引擎反外挂系统/功能操作命令/从指定文件中删除字符串[!].htm,LFM2-2026-08-15-snapshot
LF-CMD-0116,动作,ADDTEXTLISTEX,,AddTextListEx 路径 字符串 行 [是否绝对路径],NPC ACT,脚本请求按行写入的文本文件,不采纳允许绝对路径和任意文件写入的原始语义,X,正文允许指定0至65535行和绝对路径；替代方案必须使用受限数据存储接口,无客户端依赖,受限脚本数据目录与写入审计,0,0,,Docs/design/scripting/翎风TXT脚本兼容差异说明.md,安全与脚本运行时,2026-08-15,LF-TOPIC-0446,游戏引擎反外挂系统/兼容HeroM2/功能操作命令/写入指定文本文件[!].htm,LFM2-2026-08-15-snapshot
LF-CMD-0117,动作,ADDTOCASTLEWARLIST,,ADDTOCASTLEWARLIST 城堡名称 [行会名称] [天数],NPC ACT,目标城堡和待加入的行会,现有 TXT 解释器未注册该动作,D,正文允许省略行会名称表示所有行会并允许省略天数采用引擎配置,无新增客户端依赖,城堡攻城队列与行会数据,0,0,,Docs/design/scripting/翎风TXT脚本兼容差异说明.md,攻城系统与脚本运行时,2026-08-15,LF-TOPIC-0119,游戏引擎反外挂系统/功能操作命令/把行会加入攻城列表.html,LFM2-2026-08-15-snapshot
LF-CMD-0118,动作,ADDTOLIST,,AddToList 数组变量 值,NPC ACT,当前脚本变量上下文,NPCSegment通过VariableComposite路由到列表INC操作,D,正文定义为向数组尾部追加且等价于INC；现有实现存在但尚缺该命令的完整黄金行为测试,无客户端依赖,脚本列表变量存储,0,0,,Docs/design/scripting/翎风TXT脚本兼容差异说明.md,变量模块与脚本运行时,2026-08-15,LF-TOPIC-0172,游戏引擎反外挂系统/功能操作命令/元素变量.html,LFM2-2026-08-15-snapshot
LF-CMD-0119,动作,AUTOADDGAMEGOLD,,AUTOADDGAMEGOLD START|STOP,NPC ACT,当前玩家的自动货币计时任务,现有 TXT 解释器未注册该动作,D,正文依赖PARAM1数量和PARAM2秒数并需要可停止的周期任务,无新增客户端依赖,玩家游戏币与持久化计时任务,0,0,,Docs/design/scripting/翎风TXT脚本兼容差异说明.md,经济系统与脚本运行时,2026-08-15,LF-TOPIC-0345,游戏引擎反外挂系统/功能操作命令/调整游戏币.htm,LFM2-2026-08-15-snapshot
LF-CMD-0120,动作,AUTOTAKEONITEMEX,,AutoTakeOnItemEx 物品唯一ID 穿戴位置,NPC ACT,当前玩家背包物品与目标装备槽,现有 TXT 解释器未注册该动作,D,正文要求校验物品佩戴类型并覆盖扩展装备槽,穿戴结果依赖现有客户端装备同步,物品唯一ID与装备槽模型,0,0,,Docs/design/scripting/翎风TXT脚本兼容差异说明.md,物品系统与脚本运行时,2026-08-15,LF-TOPIC-0379,游戏引擎反外挂系统/功能操作命令/通过物品唯一ID穿戴装备.htm,LFM2-2026-08-15-snapshot
LF-CMD-0121,动作,AUTOUSEMAGIC,,AutoUseMagic 技能名称 间隔秒,NPC ACT,当前假人玩家与已学习技能,现有 TXT 解释器未注册自动练功动作,D,正文限定假人且仅在非挂机和无攻击目标时周期施法并由StopAutoUseMagic停止,技能施放依赖现有客户端和战斗状态,假人调度与玩家技能数据,0,0,,Docs/design/scripting/翎风TXT脚本兼容差异说明.md,假人系统与脚本运行时,2026-08-15,LF-TOPIC-0218,游戏引擎反外挂系统/功能操作命令/假人自动练功[!].htm,LFM2-2026-08-15-snapshot
LF-CMD-0122,动作,BAGITEMTOSTORAGE,,BagItemToStorage 物品名称 [仓库类型] [结果变量],NPC ACT,当前玩家背包与指定仓库,现有 TXT 解释器未注册该动作,D,正文按名称批量转移并把实际数量写入变量且另有Idx和唯一ID变体,仓库刷新依赖现有客户端同步,背包物品与普通或无限仓库,0,0,,Docs/design/scripting/翎风TXT脚本兼容差异说明.md,物品系统与脚本运行时,2026-08-15,LF-TOPIC-0236,游戏引擎反外挂系统/功能操作命令/将背包物品放入仓库.html,LFM2-2026-08-15-snapshot
LF-CMD-0123,动作,BONUSPOINT,,"BONUSPOINT 操作符(=|+) 点数",NPC ACT,当前玩家可分配属性点,现有 TXT 解释器未注册该动作,D,正文只定义赋值和增加且点数范围为0至1000,属性点显示依赖现有客户端同步,玩家可分配属性点,0,0,,Docs/design/scripting/翎风TXT脚本兼容差异说明.md,人物系统与脚本运行时,2026-08-15,LF-TOPIC-0161,游戏引擎反外挂系统/功能操作命令/调整人物属性点.htm,LFM2-2026-08-15-snapshot
LF-CMD-0124,动作,BREAKTIMERECALL,,BREAKTIMERECALL,NPC ACT,当前玩家的NPC延时动作列表,NPCSegment已删除DelayedType.NPC动作,D,正文要求清除延时移动；现有执行路径存在但尚缺从脚本到副作用的黄金测试,无客户端依赖,玩家延时动作队列,0,0,,Docs/design/scripting/翎风TXT脚本兼容差异说明.md,脚本运行时,2026-08-15,LF-TOPIC-0266,游戏引擎反外挂系统/功能操作命令/清除延时移动.htm,LFM2-2026-08-15-snapshot
LF-CMD-0125,动作,CALCPERCENT,,CalcPercent 值 百分比 结果变量,NPC ACT,当前脚本数值与目标变量,现有 TXT 解释器未注册该命令名,D,正文示例使用整数值乘百分比并写回变量；舍入规则未明示,无客户端依赖,脚本数值变量,0,0,,Docs/design/scripting/翎风TXT脚本兼容差异说明.md,变量模块与脚本运行时,2026-08-15,LF-TOPIC-0120,游戏引擎反外挂系统/功能操作命令/百分比计算命令.html,LFM2-2026-08-15-snapshot
LF-CMD-0126,动作,CHANGEAPPR,,changeAppr 外观编号 时间秒,NPC ACT,当前玩家的临时怪物外观,现有 TXT 解释器未注册该动作,D,正文支持数据库外观和加100000的自定义怪物外观并按秒恢复,外观变化需要现有客户端对象刷新,玩家外观与到期恢复任务,0,0,,Docs/design/scripting/翎风TXT脚本兼容差异说明.md,人物系统与脚本运行时,2026-08-15,LF-TOPIC-0240,游戏引擎反外挂系统/功能操作命令/角色变身怪物.html,LFM2-2026-08-15-snapshot
LF-CMD-0127,动作,CHANGEBMZ,,ChangeBmz 新名字 [原有名字],NPC ACT,当前玩家的宝宝集合,现有 TXT 解释器未注册该动作,D,正文省略原名时修改全部宝宝否则仅修改同名宝宝,宝宝名字刷新依赖现有客户端对象同步,玩家宝宝集合与名称,0,0,,Docs/design/scripting/翎风TXT脚本兼容差异说明.md,宝宝系统与脚本运行时,2026-08-15,LF-TOPIC-0355,游戏引擎反外挂系统/功能操作命令/在线修改宝宝名字.html,LFM2-2026-08-15-snapshot
LF-CMD-0128,动作,CHANGEEXP,,"CHANGEEXP 操作符(=|+|-) 经验 [英雄分配] [聚灵珠]",NPC ACT,当前玩家及可选英雄经验,现有 TXT 解释器未注册该翎风命令名,D,正文定义不低于零并可控制英雄分配和聚灵珠获取,经验与升级结果依赖现有客户端同步,玩家英雄经验和升级流程,0,0,,Docs/design/scripting/翎风TXT脚本兼容差异说明.md,人物系统与脚本运行时,2026-08-15,LF-TOPIC-0243,游戏引擎反外挂系统/功能操作命令/调整人物经验.htm,LFM2-2026-08-15-snapshot
LF-CMD-0129,动作,CHANGEGENDER,,CHANGEGENDER 性别0|1,NPC ACT,当前玩家性别,NPCSegment当前实现为无参切换性别,D,翎风正文要求参数0明确设为男且1明确设为女；重复设置不应反向切换,性别与外观刷新依赖现有客户端同步,玩家角色性别,0,0,,Docs/design/scripting/翎风TXT脚本兼容差异说明.md,人物系统与脚本运行时,2026-08-15,LF-TOPIC-0190,游戏引擎反外挂系统/功能操作命令/更换性别.htm,LFM2-2026-08-15-snapshot
LF-CMD-0130,动作,CHANGEGUILDMEMBERMAXLIMITCOUNT,,"CHANGEGUILDMEMBERMAXLIMITCOUNT 行会名称|SELF 操作符(+|-|=) 数量",NPC ACT,指定行会或当前玩家所在行会,现有 TXT 解释器未注册该动作,D,正文允许SELF目标；示例省略行会名存在文档歧义需以完整签名拒绝模糊输入,无新增客户端依赖,行会成员上限,0,0,,Docs/design/scripting/翎风TXT脚本兼容差异说明.md,社会系统与脚本运行时,2026-08-15,LF-TOPIC-0165,游戏引擎反外挂系统/功能操作命令/调整行会可以容纳最多成员.html,LFM2-2026-08-15-snapshot
LF-CMD-0131,动作,CHANGEHEARMSGCOLOR,,ChangeHearMsgColor 时间分钟 颜色0至255,NPC ACT,当前玩家的临时公聊颜色,现有 TXT 解释器未注册该动作,D,正文要求仅影响公聊并在分钟到期后恢复,聊天显示依赖现有客户端颜色协议,玩家聊天状态与到期计时,0,0,,Docs/design/scripting/翎风TXT脚本兼容差异说明.md,聊天系统与脚本运行时,2026-08-15,LF-TOPIC-0430,游戏引擎反外挂系统/兼容HeroM2/功能操作命令/人物聊天文字变色.htm,LFM2-2026-08-15-snapshot
LF-CMD-0132,动作,CHANGEHEROJOB,,ChangeHeroJob 职业0|1|2,NPC ACT,当前玩家在线英雄,现有 TXT 解释器未注册该动作,D,正文要求英雄在线且0至2映射战法道职业,英雄职业刷新依赖现有客户端同步,英雄角色职业与技能约束,0,0,,Docs/design/scripting/翎风TXT脚本兼容差异说明.md,英雄系统与脚本运行时,2026-08-15,LF-TOPIC-0168；LF-TOPIC-0404,游戏引擎反外挂系统/功能操作命令/调整英雄职业[!].htm；游戏引擎反外挂系统/兼容HeroM2/功能操作命令/调整英雄职业.htm,LFM2-2026-08-15-snapshot
LF-CMD-0133,动作,CHANGEHEROLOYAL,,"ChangeHeroLoyal 操作符(+|-|=) 百分点百分之一值",NPC ACT,当前玩家在线英雄忠诚度,现有 TXT 解释器未注册该动作,D,正文以0至10000整数表示0至100点忠诚并要求边界限制,英雄状态显示依赖现有客户端同步,英雄忠诚度,0,0,,Docs/design/scripting/翎风TXT脚本兼容差异说明.md,英雄系统与脚本运行时,2026-08-15,LF-TOPIC-0401,游戏引擎反外挂系统/兼容HeroM2/功能操作命令/调整英雄的忠诚度.htm,LFM2-2026-08-15-snapshot
LF-CMD-0134,动作,CHANGEHUMABILITY,M.CHANGEHUMABILITY,"ChangeHumAbility 属性1至29 操作符(+|=|-) 效果 [时间秒] [是否百分比]",NPC ACT,当前人物或事件怪物目标的临时属性,HumanObject临时属性来源层与NPCSegment,C,酷明121处人物及4处M目标命令按脚本动作来源独立累计和到期；当前接入属性编号1至21,编号22至29仍需对应领域字段；属性变化复用现有能力刷新,对象临时属性与计时恢复,125,125,LingFengPlayerCommandTests.命格M前缀怪物百分比减益按来源独立到期,Manual/Engine/docs/scripting/player-commands.md,战斗模型与脚本运行时,2026-08-17,LF-TOPIC-0157,游戏引擎反外挂系统/功能操作命令/调整人物属性.html,LFM2-2026-08-15-snapshot
LF-CMD-0135,动作,CHANGEHUMABILITYEX,,"ChangeHumAbilityEX 属性1至29 操作符(+|=|-) 效果",NPC ACT,当前玩家或英雄的永久基础属性,现有 TXT 解释器和持久化模型未注册该动作,D,正文要求永久累计且负值坑在后续装备变化后仍保留；清零恢复原始属性,属性变化依赖现有客户端能力刷新,玩家永久属性扩展与数据库持久化,0,0,,Docs/design/scripting/翎风TXT脚本兼容差异说明.md,战斗模型与数据层,2026-08-15,LF-TOPIC-0343,游戏引擎反外挂系统/功能操作命令/调整人物永久属性.html,LFM2-2026-08-15-snapshot
LF-CMD-0136,动作,CHANGEHUMABILITYPERCENTAGE,,"ChangeHumAbilityPercentage 属性1至29 操作符(+|=|-) 数值 [时间秒]",NPC ACT,当前玩家或目标对象的临时百分比属性,现有 TXT 解释器未注册该动作,D,正文允许多级脚本和M目标前缀并要求累计及到期恢复,属性变化依赖现有客户端能力刷新,玩家临时百分比属性与计时恢复,0,0,,Docs/design/scripting/翎风TXT脚本兼容差异说明.md,战斗模型与脚本运行时,2026-08-15,LF-TOPIC-0158,游戏引擎反外挂系统/功能操作命令/调整人物属性百分比.htm,LFM2-2026-08-15-snapshot
LF-CMD-0137,动作,CHANGEHUMCREDITEX,,"ChangeHumCreditEx 操作符(+|-|=) 数值",NPC ACT,当前玩家的登录器荣誉,缺少与翎风英雄登录器专用荣誉一致的数据与协议,E,正文仅定义1至65535数值调整且依赖特定登录器荣誉体系,缺少对应登录器显示和协议,玩家登录器荣誉字段,0,0,,Docs/design/scripting/翎风TXT脚本兼容差异说明.md,客户端协议与人物模型,2026-08-15,LF-TOPIC-0451,游戏引擎反外挂系统/兼容HeroM2/功能操作命令/英雄登录器荣誉.htm,LFM2-2026-08-15-snapshot
LF-CMD-0138,动作,CHANGEITEMADDVALUE,,"CHANGEITEMADDVALUE 装备位置 属性位置0至18 操作符(+|-|=) 值",NPC ACT,玩家或英雄指定装备及升级框物品,现有 TXT 解释器未注册该动作且扩展槽和属性编号模型不完整,E,正文覆盖升级框自定义框和0至51装备槽并按物品类型重载0至18属性含义,缺少部分扩展装备框和客户端显示协议,物品附加属性数组与持久化,0,0,,Docs/design/scripting/翎风TXT脚本兼容差异说明.md,物品模型与客户端协议,2026-08-15,LF-TOPIC-0334,游戏引擎反外挂系统/功能操作命令/修改物品的附加属性值.html,LFM2-2026-08-15-snapshot
LF-CMD-0139,动作,CHANGEITEMDURA,,"ChangeItemDura 装备位置0至12 操作符(+|-|=) 持久 [修改最大持久]",NPC ACT,当前玩家指定装备槽物品,现有 TXT 解释器未注册该动作,D,正文使用千分之一持久单位并区分当前持久和最大持久且范围0至65000,持久变化依赖现有客户端物品刷新,装备当前及最大持久与持久化,0,0,,Docs/design/scripting/翎风TXT脚本兼容差异说明.md,物品系统与脚本运行时,2026-08-15,LF-TOPIC-0409,游戏引擎反外挂系统/兼容HeroM2/功能操作命令/改变物品的持久.htm,LFM2-2026-08-15-snapshot
LF-CMD-0140,动作,CHANGEITEMINDEX,,ChangeItemIndex 装备位置 数据库物品Idx,NPC ACT,指定装备槽或交互框物品,现有 TXT 解释器未注册该动作,D,正文要求替换物品定义同时完整平移附加和自定义属性,装备刷新依赖现有客户端同步,物品定义与实例属性持久化,0,0,,Docs/design/scripting/翎风TXT脚本兼容差异说明.md,物品系统与脚本运行时,2026-08-15,LF-TOPIC-0238,游戏引擎反外挂系统/功能操作命令/将指定位置物品转换为数据库对应的IDX物品.htm,LFM2-2026-08-15-snapshot
LF-CMD-0141,动作,CHANGEITEMNAME,,CHANGEITEMNAME 位置 名字,NPC ACT,当前人物指定装备或触发关联物品,NPCSegment名称保留与LingFengExternalDependencyManifest,C,E1保留最多60字符实例名称且不修改共享ItemInfo；实例字段、持久化和富文本显示等待领域接入,部分富文本标记与实例名称协议在E2失败关闭,LingFeng/ItemInstanceName领域适配器,5,5,LingFengPlayerCommandTests.首饰盒状态保留参数且自定义框物品操作在无托管会话时阻止后续奖励,Manual/Engine/docs/scripting/player-commands.md,物品系统与客户端协议,2026-08-17,LF-TOPIC-0447,游戏引擎反外挂系统/兼容HeroM2/功能操作命令/新的装备改名.htm,LFM2-2026-08-15-snapshot
LF-CMD-0142,动作,CHANGEITEMNAMECOLOR,,ChangeItemNameColor 位置0至13 颜色0至255,NPC ACT,玩家或英雄指定装备槽物品,现有 TXT 解释器未注册该动作,D,正文以颜色0恢复默认并支持英雄前缀,物品名颜色依赖现有客户端显示协议,物品自定义颜色与持久化,0,0,,Docs/design/scripting/翎风TXT脚本兼容差异说明.md,物品系统与客户端协议,2026-08-15,LF-TOPIC-0162,游戏引擎反外挂系统/功能操作命令/调整物品名字颜色.htm,LFM2-2026-08-15-snapshot
LF-CMD-0143,动作,CHANGEITEMTRAININGCOUNT,,"ChangeItemTrainingCount 装备位置 操作符(+|-|=) 修炼次数",NPC ACT,指定装备及修炼计数,现有 TXT 解释器未注册该动作,D,正文覆盖升级框自定义框和扩展装备槽且依赖引擎启用按次数升级,无新增客户端依赖,物品修炼计数与功能开关,0,0,,Docs/design/scripting/翎风TXT脚本兼容差异说明.md,物品系统与脚本运行时,2026-08-15,LF-TOPIC-0213,游戏引擎反外挂系统/功能操作命令/修改武器修炼次数.htm,LFM2-2026-08-15-snapshot
LF-CMD-0144,动作,CHANGEITEMUPGRADECOUNT,H.CHANGEITEMUPGRADECOUNT,"ChangeItemUpgradeCount 位置 操作符(+|-|=) 次数0至255",NPC ACT,人物或英雄指定装备及升级星数,NPCSegment与UserItem翎风升级次数,B,酷明使用的项链位置及动态U变量已接入；人物-1关联物品可用，升级框、首饰盒和神佑袋等其余容器位置失败关闭,沿用RefreshItem同步人物与英雄装备实例,物品升级计数与持久化,12,12,LingFengPlayerCommandTests.人物与英雄装备星数按独立实例检测并完成新旧版本持久化往返,Manual/Engine/docs/scripting/player-commands.md,物品系统与脚本运行时,2026-08-17,LF-TOPIC-0170,游戏引擎反外挂系统/功能操作命令/调整装备升级次数[!].htm,LFM2-2026-08-15-snapshot
LF-CMD-0145,动作,CHANGEJOB,,CHANGEJOB Warrior|Wizard|Taoist,NPC ACT,当前玩家职业,NPCSegment复用ChangeClass领域动作,B,酷明3处英文职业名均写入真实人物职业字段；清技能和新职业技能仍由原脚本相邻命令负责,职业和技能刷新复用现有同步,玩家职业及关联技能规则,3,3,LingFengPlayerCommandTests.酷明会员转职三个职业复用真实人物职业字段,Manual/Engine/docs/scripting/player-commands.md,人物系统与脚本运行时,2026-08-17,LF-TOPIC-0368,游戏引擎反外挂系统/功能操作命令/更换职业.htm,LFM2-2026-08-15-snapshot
LF-CMD-0146,动作,CHANGELEVEL,,"CHANGELEVEL 操作符(=|+|-) 等级数",NPC ACT,当前玩家等级与经验,NPCSegment当前只接受单个绝对等级参数,D,翎风正文要求赋值增减三种操作且范围1至500；当前参数签名和边界不一致,等级结果依赖现有客户端同步,玩家等级经验及升级副作用,0,0,,Docs/design/scripting/翎风TXT脚本兼容差异说明.md,人物系统与脚本运行时,2026-08-15,LF-TOPIC-0244,游戏引擎反外挂系统/功能操作命令/调整人物等级.htm,LFM2-2026-08-15-snapshot
LF-CMD-0147,动作,CHANGEMAPDESC,,CHANGEMAPDESC 新显示名 是否保存,NPC ACT,当前地图及同图在线人物,MapInfo运行时标题覆盖与MapInformation刷新,C,酷明四处保存参数0已闭环且不污染持久Title；保存参数1在修改前失败关闭,沿用MapInformation协议,当前地图实例与同图在线人物,4,4,LingFengPlayerCommandTests.酷明脱战触发临时修改当前地图显示名并刷新同图人物,Manual/Engine/docs/scripting/player-commands.md,地图运行时与客户端地图信息,2026-08-17,LF-TOPIC-0405,游戏引擎反外挂系统/兼容HeroM2/功能操作命令/动态修改地图名字.htm,LFM2-2026-08-15-snapshot
LF-CMD-0148,动作,CHANGEMODE,,CHANGEMODE 模式类型 开关,NPC ACT,当前玩家管理无敌或隐身模式,现有 TXT 解释器未注册该动作,D,正文定义1管理2无敌3隐身及0关1开,模式变化依赖现有客户端对象状态同步,玩家权限与可见战斗状态,0,0,,Docs/design/scripting/翎风TXT脚本兼容差异说明.md,人物系统与脚本运行时,2026-08-15,LF-TOPIC-0302,游戏引擎反外挂系统/功能操作命令/设置人物当前模式.htm,LFM2-2026-08-15-snapshot
LF-CMD-0149,动作,CHANGEMODEEX,,ChangeModeEx 模式1至15 时间秒 [附加值],NPC ACT,当前玩家临时模式,HumanObject临时无敌层与MapObject隐藏来源层,C,酷明6处模式1或2完整支持最后时长覆盖和0秒解除；模式3至14尚未映射并失败关闭,隐身显示复用现有ObjectHidden协议,临时模式来源与主线程时钟,6,6,LingFengPlayerCommandTests.命格ChangeModeEx隐身按本模式重计时且临时无敌不覆盖管理状态,Manual/Engine/docs/scripting/player-commands.md,战斗模型与脚本运行时,2026-08-17,LF-TOPIC-0408；LF-TOPIC-0411,游戏引擎反外挂系统/兼容HeroM2/功能操作命令/改变人物的模式.htm；游戏引擎反外挂系统/兼容HeroM2/功能操作命令/改变用户模式.htm,LFM2-2026-08-15-snapshot
LF-CMD-0150,动作,CHANGENAMECOLOR,,CHANGENAMECOLOR 颜色0至255,NPC ACT,当前玩家名称颜色,src/Server/Server/MirObjects/NPC/NPCSegment.cs与PlayerObject.cs,B,使用旧调色板并持久化人物选择；红名褐名及战争颜色优先,名称色使用现有ColourChanged与ObjectColourChanged,人物私有变量与名称颜色状态,21,21,LFENV16-PLAYER-NAME-COLOUR,Manual/Engine/docs/scripting/player-commands.md,人物系统与客户端协议,2026-08-17,LF-TOPIC-0188,游戏引擎反外挂系统/功能操作命令/更新名称颜色.htm,LFM2-2026-08-15-snapshot
LF-CMD-0151,动作,CHANGEPKPOINT,,"CHANGEPKPOINT 操作符(=|+|-) PK点数",NPC ACT,当前玩家PK点,src/Server/Server/Scripting/LingFengNumericCommandExecutor.cs与NPCSegment.cs,B,三操作合一且减少结果不低于零；非法参数或上溢保持旧值并记录诊断,PK点显示依赖现有客户端状态同步,玩家PK点与持久化,0,0,LF-TXT-PLAYER-NUMERIC,Manual/Engine/docs/scripting/player-commands.md,人物系统与脚本运行时,2026-08-15,LF-TOPIC-0242,游戏引擎反外挂系统/功能操作命令/调整人物PK点数.htm,LFM2-2026-08-15-snapshot
LF-CMD-0152,动作,CHANGESLAVELEVEL,,"ChangeSlaveLevel 名字|* 操作符(+|=|-) 等级 [全部标志]",NPC ACT,当前玩家匹配的宝宝集合,现有 TXT 解释器未注册该动作,D,正文区分单个和全部同名宝宝且星号表示所有宝宝并限定1至7级,宝宝等级依赖现有客户端对象同步,玩家宝宝等级集合,0,0,,Docs/design/scripting/翎风TXT脚本兼容差异说明.md,宝宝系统与脚本运行时,2026-08-15,LF-TOPIC-0144,游戏引擎反外挂系统/功能操作命令/调整宝宝等级.htm,LFM2-2026-08-15-snapshot
LF-CMD-0153,动作,CHANGESLAVENAMECOLOR,,ChangeSlaveNameColor 宝宝名字 颜色0至255,NPC ACT,当前玩家指定名称宝宝,现有 TXT 解释器未注册该动作,D,正文未说明重名时单个或全部及持久性需差分验证,宝宝名称色依赖现有客户端对象显示,宝宝名称颜色状态,0,0,,Docs/design/scripting/翎风TXT脚本兼容差异说明.md,宝宝系统与客户端协议,2026-08-15,LF-TOPIC-0181；LF-TOPIC-0407,游戏引擎反外挂系统/功能操作命令/改变宝宝名字颜色.htm；游戏引擎反外挂系统/兼容HeroM2/功能操作命令/改变宝宝名字颜色.htm,LFM2-2026-08-15-snapshot
LF-CMD-0154,动作,CHANGESPEED,,ChangeSpeed 类型1至3 值负100至100 [时间秒],NPC ACT,当前玩家英雄或分身速度修正,现有 TXT 解释器未注册该动作,D,正文分别控制移动攻击魔法速度且无时间时小退失效,速度变化依赖现有客户端反作弊和战斗同步,玩家速度修正与到期调度,0,0,,Docs/design/scripting/翎风TXT脚本兼容差异说明.md,战斗模型与客户端协议,2026-08-15,LF-TOPIC-0169,游戏引擎反外挂系统/功能操作命令/调整游戏速度.html,LFM2-2026-08-15-snapshot
LF-CMD-0155,动作,CHANGETRANPOINT,,"CHANGETRANPOINT 技能名称 操作符(+|-|=) 点数",NPC ACT,当前玩家或英雄指定技能熟练度,现有 TXT 解释器未注册该动作,D,正文标题签名遗漏技能名但示例明确包含技能名并支持英雄前缀,技能熟练度显示依赖现有客户端同步,玩家技能熟练度,0,0,,Docs/design/scripting/翎风TXT脚本兼容差异说明.md,技能系统与脚本运行时,2026-08-15,LF-TOPIC-0150,游戏引擎反外挂系统/功能操作命令/调整技能点数.htm,LFM2-2026-08-15-snapshot
LF-CMD-0156,动作,CHECKANGRYVALUE,,"CheckAngryValue 操作符(>|<|=) 值 类型",NPC IF,当前玩家英雄怒气,缺少与翎风英雄怒气点数及百分比一致的数据模型,E,正文还要求H.AngryValue变量读取,英雄怒气显示依赖对应客户端协议,英雄怒气当前值与上限,0,0,,Docs/design/scripting/翎风TXT脚本兼容差异说明.md,英雄战斗模型与客户端协议,2026-08-15,LF-TOPIC-0229,游戏引擎反外挂系统/功能操作命令/检测怒气值.htm,LFM2-2026-08-15-snapshot
LF-CMD-0157,动作,CHECKCONTAINSTEXTLIST,,CheckContainsTextList 文件名 字符串,NPC IF,脚本请求读取的文本文件,不采纳允许任意绝对路径读取的原始语义,X,替代方案限定只读白名单根目录并区分实时和缓存快照,无客户端依赖,受限脚本数据目录与读取审计,0,0,,Docs/design/scripting/翎风TXT脚本兼容差异说明.md,安全与脚本运行时,2026-08-15,LF-TOPIC-0228,游戏引擎反外挂系统/功能操作命令/检测文件中是否包含字符串.htm,LFM2-2026-08-15-snapshot
LF-CMD-0158,动作,CHECKDEARONLINE,,CheckDearOnline [人物名称],NPC IF,当前或指定玩家的配偶在线状态,现有 TXT 解释器未注册该检测,D,正文省略人物时检查自己的配偶并另定义同页地图检测,无新增客户端依赖,婚姻关系与在线玩家索引,0,0,,Docs/design/scripting/翎风TXT脚本兼容差异说明.md,社会系统与脚本运行时,2026-08-15,LF-TOPIC-0221,游戏引擎反外挂系统/功能操作命令/检测夫妻伴侣是否在线.html,LFM2-2026-08-15-snapshot
LF-CMD-0159,动作,CHECKGUILDAURAEPOINT,,CHECKGUILDAURAEPOINT 比较符 数字,NPC IF,当前玩家行会人气度,缺少翎风行会建设四项点数的数据模型,E,正文要求变量GUILDAURAEPOINT同步暴露,无新增客户端依赖,行会人气度持久字段,0,0,,Docs/design/scripting/翎风TXT脚本兼容差异说明.md,行会模型与脚本运行时,2026-08-15,LF-TOPIC-0330,游戏引擎反外挂系统/功能操作命令/行会建设相关.htm,LFM2-2026-08-15-snapshot
LF-CMD-0160,动作,CHECKGUILDBUILDPOINT,,CHECKGUILDBUILDPOINT 比较符 数字,NPC IF,当前玩家行会建筑度,缺少翎风行会建设四项点数的数据模型,E,正文要求变量GUILDBUILDPOINT同步暴露,无新增客户端依赖,行会建筑度持久字段,0,0,,Docs/design/scripting/翎风TXT脚本兼容差异说明.md,行会模型与脚本运行时,2026-08-15,LF-TOPIC-0330,游戏引擎反外挂系统/功能操作命令/行会建设相关.htm,LFM2-2026-08-15-snapshot
LF-CMD-0161,动作,CHECKGUILDFLOURISHPOINT,,CHECKGUILDFLOURISHPOINT 比较符 数字,NPC IF,当前玩家行会繁荣度,缺少翎风行会建设四项点数的数据模型,E,正文要求变量GUILDFLOURISHPOINT同步暴露,无新增客户端依赖,行会繁荣度持久字段,0,0,,Docs/design/scripting/翎风TXT脚本兼容差异说明.md,行会模型与脚本运行时,2026-08-15,LF-TOPIC-0330,游戏引擎反外挂系统/功能操作命令/行会建设相关.htm,LFM2-2026-08-15-snapshot
LF-CMD-0162,动作,CHECKGUILDSTABILITYPOINT,,CHECKGUILDSTABILITYPOINT 比较符 数字,NPC IF,当前玩家行会安定度,缺少翎风行会建设四项点数的数据模型,E,正文要求变量GUILDSTABILITYPOINT同步暴露,无新增客户端依赖,行会安定度持久字段,0,0,,Docs/design/scripting/翎风TXT脚本兼容差异说明.md,行会模型与脚本运行时,2026-08-15,LF-TOPIC-0330,游戏引擎反外挂系统/功能操作命令/行会建设相关.htm,LFM2-2026-08-15-snapshot
LF-CMD-0163,动作,CHECKHEROLOYAL,,CheckHeroLoyal 比较符 数值0至100,NPC IF,当前玩家在线英雄忠诚度,现有 TXT 解释器未注册该检测,D,正文检测值使用0至100而调整命令使用0至10000需固定换算规则,无新增客户端依赖,英雄忠诚度,0,0,,Docs/design/scripting/翎风TXT脚本兼容差异说明.md,英雄系统与脚本运行时,2026-08-15,LF-TOPIC-0401,游戏引擎反外挂系统/兼容HeroM2/功能操作命令/调整英雄的忠诚度.htm,LFM2-2026-08-15-snapshot
LF-CMD-0164,动作,CHECKISMASTER,,CHECKISMASTER,NPC IF,当前玩家师徒身份,NPCSegment读取CharacterInfo.IsMentor,C,只读检测现有持久师傅身份；不修改师徒关系,无新增客户端依赖,CharacterInfo师徒持久字段,1,1,LingFengPlayerCommandTests.酷明月老武馆与地图数量检测读取真实领域状态,Manual/Engine/docs/scripting/player-commands.md,社会模型与脚本运行时,2026-08-17,LF-TOPIC-0231,游戏引擎反外挂系统/功能操作命令/检测自己是否是师傅.html,LFM2-2026-08-15-snapshot
LF-CMD-0165,动作,CHECKISPRENTICE,,CHECKISPRENTICE,NPC IF,当前玩家师徒身份,缺少可验证的师徒关系数据模型,E,正文仅检测当前玩家是否有徒弟身份,无新增客户端依赖,师徒关系持久数据,0,0,,Docs/design/scripting/翎风TXT脚本兼容差异说明.md,社会模型与脚本运行时,2026-08-15,LF-TOPIC-0232,游戏引擎反外挂系统/功能操作命令/检测自己是否是徒弟.html,LFM2-2026-08-15-snapshot
LF-CMD-0166,动作,CHECKITEMTRAININGCOUNT,,CheckItemTrainingCount 物品位置 比较符 修炼次数,NPC IF,指定装备的修炼计数,现有 TXT 解释器未注册该检测,D,正文支持英雄前缀和扩展装备位置且依赖按次数升级开关,无新增客户端依赖,物品修炼计数,0,0,,Docs/design/scripting/翎风TXT脚本兼容差异说明.md,物品系统与脚本运行时,2026-08-15,LF-TOPIC-0213,游戏引擎反外挂系统/功能操作命令/修改武器修炼次数.htm,LFM2-2026-08-15-snapshot
LF-CMD-0167,动作,CHECKITEMWLOOKS,,CheckItemwLooks 装备名称 [变量名],NPC IF,当前玩家已穿戴物品,现有 TXT 解释器未注册该检测,D,正文命中时返回真并可选把物品Looks写入变量,无新增客户端依赖,玩家装备与物品外观编号,0,0,,Docs/design/scripting/翎风TXT脚本兼容差异说明.md,物品系统与变量模块,2026-08-15,LF-TOPIC-0225,游戏引擎反外挂系统/功能操作命令/检测身上指定装备名字 获取looks保存到变量.html,LFM2-2026-08-15-snapshot
LF-CMD-0168,动作,CHECKLISTALLDIGIT,,CheckListAllDigit 数组变量,NPC IF,当前脚本列表变量,NPCSegment已路由到ScriptCompositeVariableCommands.AllNumeric,D,正文要求所有子元素均为数字；实现存在但尚缺该命令从解析到结果的黄金测试,无客户端依赖,脚本列表变量,0,0,,Docs/design/scripting/翎风TXT脚本兼容差异说明.md,变量模块与脚本运行时,2026-08-15,LF-TOPIC-0172,游戏引擎反外挂系统/功能操作命令/元素变量.html,LFM2-2026-08-15-snapshot
LF-CMD-0169,动作,CHECKMAPMONINFO,,CheckMapMonInfo 地图 怪物 X变量 Y变量 [允许改名],NPC IF,指定地图中的匹配怪物,现有 TXT 解释器未注册该检测,D,正文命中时返回真并写坐标且可选包含已改名怪物；多目标选择顺序未说明,无新增客户端依赖,地图怪物索引与脚本变量,0,0,,Docs/design/scripting/翎风TXT脚本兼容差异说明.md,地图怪物系统与变量模块,2026-08-15,LF-TOPIC-0202,游戏引擎反外挂系统/功能操作命令/获取地图中某怪物的坐标.html,LFM2-2026-08-15-snapshot
LF-CMD-0170,动作,CHECKMASTERONLINE,,CHECKMASTERONLINE [徒弟序号],NPC IF,当前玩家的师傅或指定徒弟,缺少可验证的师徒关系数据模型,E,正文省略序号时表示大徒弟且同一命令也用于检查师傅,无新增客户端依赖,师徒关系与在线玩家索引,0,0,,Docs/design/scripting/翎风TXT脚本兼容差异说明.md,社会模型与脚本运行时,2026-08-15,LF-TOPIC-0226,游戏引擎反外挂系统/功能操作命令/检测师傅（或徒弟）是否在线上.html,LFM2-2026-08-15-snapshot
LF-CMD-0171,动作,CHECKMASTERONMAP,,CHECKMASTERONMAP 地图号|SELF [徒弟序号],NPC IF,当前玩家师傅或指定徒弟所在地图,缺少可验证的师徒关系数据模型,E,正文支持SELF表示同地图且徒弟序号可省略为大徒弟,无新增客户端依赖,师徒关系与在线位置,0,0,,Docs/design/scripting/翎风TXT脚本兼容差异说明.md,社会模型与脚本运行时,2026-08-15,LF-TOPIC-0227,游戏引擎反外挂系统/功能操作命令/检测师傅（或徒弟）是否在XXX地图.html,LFM2-2026-08-15-snapshot
LF-CMD-0172,动作,CHECKNEWITEMVALUE,,CHECKNEWITEMVALUE 位置 属性0至10 比较符 值,NPC IF,指定装备或升级框物品的元素属性,当前物品模型缺少与正文编号完全一致的元素属性集合,E,正文明确不计数据库天生元素且值范围1至100,无新增客户端依赖,物品实例元素属性,0,0,,Docs/design/scripting/翎风TXT脚本兼容差异说明.md,物品模型与脚本运行时,2026-08-15,LF-TOPIC-0230,游戏引擎反外挂系统/功能操作命令/检测装备元素属性.html,LFM2-2026-08-15-snapshot
LF-CMD-0173,动作,CHECKPOSEISMASTER,,CHECKPOSEISMASTER,NPC IF,当前玩家与对面交互玩家,缺少师徒关系模型及稳定的对面玩家上下文,E,正文检测对面人物是否为自己的师傅,无新增客户端依赖,师徒关系与交互目标,0,0,,Docs/design/scripting/翎风TXT脚本兼容差异说明.md,社会模型与脚本运行时,2026-08-15,LF-TOPIC-0233,游戏引擎反外挂系统/功能操作命令/检测对面的人物是不是自己的师傅..html,LFM2-2026-08-15-snapshot
LF-CMD-0174,动作,CHECKPOSEISPRENTICE,,CHECKPOSEISPRENTICE,NPC IF,当前玩家与对面交互玩家,缺少师徒关系模型及稳定的对面玩家上下文,E,正文检测对面人物是否为自己的徒弟,无新增客户端依赖,师徒关系与交互目标,0,0,,Docs/design/scripting/翎风TXT脚本兼容差异说明.md,社会模型与脚本运行时,2026-08-15,LF-TOPIC-0224,游戏引擎反外挂系统/功能操作命令/检测对面是否为自己的徒弟.html,LFM2-2026-08-15-snapshot
LF-CMD-0175,动作,CHECKVARINLIST,,CheckVarInList 数组变量 值,NPC IF,当前脚本列表变量,NPCSegment已路由到列表Contains操作,D,正文要求按元素值检查存在；实现存在但缺少完整黄金行为测试,无客户端依赖,脚本列表变量,0,0,,Docs/design/scripting/翎风TXT脚本兼容差异说明.md,变量模块与脚本运行时,2026-08-15,LF-TOPIC-0172,游戏引擎反外挂系统/功能操作命令/元素变量.html,LFM2-2026-08-15-snapshot
LF-CMD-0176,动作,CLEARITEMMAP,,CLEARITEMMAP 地图 [X Y 范围 [物品名称]],NPC ACT,指定地图与可选范围内的真实地面物品,NPCSegment复用Map.RemoveObject与MapObject.Despawn,B,省略坐标清理全图；名称省略或为星号清理全部，指定名称只清理匹配物品；酷明四个动态副本地图写法完整覆盖,沿用ObjectRemove对象移除协议,地图物品对象与全局对象链表,4,4,LingFengPlayerCommandTests.酷明副本进入触发按动态地图清理全部真实地面物品,Manual/Engine/docs/scripting/player-commands.md,地图物品与脚本运行时,2026-08-17,LF-TOPIC-0260,游戏引擎反外挂系统/功能操作命令/清除地图物品.htm,LFM2-2026-08-15-snapshot
LF-CMD-0177,动作,CLEARMAPMON,,CLEARMAPMON 地图,NPC ACT,指定地图第一实例的存活野怪,NPCSegment复用MonClear与MonsterObject.Die,C,酷明神秘战场与魔龙献宝两处进入真实死亡链并排除人物及英雄拥有的宝宝；翎风禁止清除怪物名单在当前项目无对应配置模型,沿用怪物死亡与ObjectRemove协议,地图怪物对象与可选保护名单,2,2,LingFengPlayerCommandTests.酷明战场清图让野怪进入真实死亡链且保留人物宝宝,Manual/Engine/docs/scripting/player-commands.md,地图怪物与脚本运行时,2026-08-17,LF-TOPIC-0261,游戏引擎反外挂系统/功能操作命令/清除指定地图里的怪物.htm,LFM2-2026-08-15-snapshot
LF-CMD-0178,动作,CLEARNAMELIST,,CLEARNAMELIST 文件名 [是否绝对路径],NPC ACT,脚本请求清空的名称列表,不采纳允许绝对路径清空任意文件的原始语义,X,现实现可写文件但未封闭根路径；替代方案必须限定NameList根目录并审计,无客户端依赖,受限名称列表存储,0,0,,Docs/design/scripting/翎风TXT脚本兼容差异说明.md,安全与脚本运行时,2026-08-15,LF-TOPIC-0263,游戏引擎反外挂系统/功能操作命令/清除列表内容.htm,LFM2-2026-08-15-snapshot
LF-CMD-0179,动作,CLEARPASSWORD,,CLEARPASSWORD,NPC ACT,当前玩家仓库密码,现有 TXT 解释器未注册该动作,D,正文要求清除仓库密码但未说明二次确认或安全审计,无新增客户端依赖,玩家仓库密码与安全日志,0,0,,Docs/design/scripting/翎风TXT脚本兼容差异说明.md,仓库系统与安全,2026-08-15,LF-TOPIC-0264,游戏引擎反外挂系统/功能操作命令/清除人物的仓库密码.htm,LFM2-2026-08-15-snapshot
LF-CMD-0180,动作,CLEARSKILL,,CLEARSKILL,NPC ACT,当前玩家技能表,NPCSegment与RemoveMagic同步,C,酷明3处人物技能整表清理已接入并按倒序发送移除同步；H前缀英雄整表清理尚未接入,技能列表变化复用现有客户端同步,玩家或英雄技能数据,3,3,LingFengPlayerCommandTests.酷明会员转职三个职业复用真实人物职业字段,Manual/Engine/docs/scripting/player-commands.md,技能系统与脚本运行时,2026-08-17,LF-TOPIC-0291,游戏引擎反外挂系统/功能操作命令/删除所有技能.htm,LFM2-2026-08-15-snapshot
LF-CMD-0181,动作,CLEARSTONEUPGRADE,,ClearStoneUpgrade 位置0至14,NPC ACT,指定装备的宝石升级属性,缺少区分宝石升级与其他极品属性的等价物品模型,E,正文警告清除时所有相关属性消失且不区分极品和普通装备,物品变化依赖现有客户端刷新,物品升级来源属性与持久化,0,0,,Docs/design/scripting/翎风TXT脚本兼容差异说明.md,物品模型与脚本运行时,2026-08-15,LF-TOPIC-0425,游戏引擎反外挂系统/兼容HeroM2/功能操作命令/清除宝石升级属性.htm,LFM2-2026-08-15-snapshot
LF-CMD-0182,动作,CLEARVAR,,ClearVar 起始变量 数量,NPC ACT,当前脚本变量作用域,变量模块具备逐变量写入但未注册该连续清空命令,D,正文示例ClearVar S0 5清空S0至S4且需定义越界和类型行为,无客户端依赖,脚本变量声明与存储,0,0,,Docs/design/scripting/翎风TXT脚本兼容差异说明.md,变量模块与脚本运行时,2026-08-15,LF-TOPIC-0270,游戏引擎反外挂系统/功能操作命令/清空变量.html,LFM2-2026-08-15-snapshot
LF-CMD-0183,动作,CLEARVARP,,CLEARVARP,NPC ACT,当前玩家P作用域变量,变量模块未注册清空整个P作用域命令,D,正文要求全部P变量重置为0并覆盖关闭对话框后残留值,无客户端依赖,玩家P变量作用域,0,0,,Docs/design/scripting/翎风TXT脚本兼容差异说明.md,变量模块与脚本运行时,2026-08-15,LF-TOPIC-0271,游戏引擎反外挂系统/功能操作命令/清空角色P变量.html,LFM2-2026-08-15-snapshot
LF-CMD-0184,动作,CLOSEBIGDIALOGBOX,,CloseBigDialogBox,NPC ACT,当前玩家专用登录器大对话框,src/Server/Server/MirObjects/NPC/NPCSegment.cs,C,映射为结束当前NPC会话并清理翎风大对话框样式；不保留原专用登录器窗口分类,客户端收到样式移除包并由NPC空页关闭,玩家NPC界面状态,0,0,LF-TXT-NPC-BIG-DIALOG,Manual/Engine/docs/scripting/npc-dialog-ui.md,客户端协议与脚本运行时,2026-08-17,LF-TOPIC-0415,游戏引擎反外挂系统/兼容HeroM2/功能操作命令/关闭大对话框模式.htm,LFM2-2026-08-15-snapshot
LF-CMD-0185,动作,CLOSEMERCHANTBIGDLG,,CLOSEMERCHANTBIGDLG,NPC ACT,当前玩家NPC大对话框,src/Server/Server/MirObjects/NPC/NPCSegment.cs,B,结束当前NPC会话并发送样式移除包；PC恢复标准背景且移动端关闭兜底窗口,PC与移动端共享样式状态协议,玩家NPC对话状态,0,0,LF-TXT-NPC-BIG-DIALOG,Manual/Engine/docs/scripting/npc-dialog-ui.md,NPC界面与脚本运行时,2026-08-17,LF-TOPIC-0194,游戏引擎反外挂系统/功能操作命令/关闭NPC大对话框.html,LFM2-2026-08-15-snapshot
LF-CMD-0186,动作,CONVERTSKILL,,ConvertSkill 原技能 目标技能,NPC ACT,当前玩家或英雄技能表,现有 TXT 解释器未注册该动作,D,正文要求原技能替换为目标技能并支持英雄前缀；等级熟练度迁移未说明,技能变化依赖现有客户端同步,技能定义与玩家技能数据,0,0,,Docs/design/scripting/翎风TXT脚本兼容差异说明.md,技能系统与脚本运行时,2026-08-15,LF-TOPIC-0216,游戏引擎反外挂系统/功能操作命令/技能转换.html,LFM2-2026-08-15-snapshot
LF-CMD-0187,动作,COPYFILE,,CopyFile 源文件 目标文件 覆盖策略,NPC ACT,脚本请求复制的任意文件,不采纳任意源目标路径和覆盖文件的原始语义,X,替代方案必须限定受控数据根目录并采用原子写入和审计,无客户端依赖,受限脚本文件存储,0,0,,Docs/design/scripting/翎风TXT脚本兼容差异说明.md,安全与脚本运行时,2026-08-15,LF-TOPIC-0180,游戏引擎反外挂系统/功能操作命令/复制文件.html,LFM2-2026-08-15-snapshot
LF-CMD-0188,动作,CREATEFILE,,CREATEFILE 文件名称,NPC ACT,脚本请求创建的文件,不采纳任意路径创建文件的原始语义,X,替代方案必须限定受控数据根目录并配置配额与审计,无客户端依赖,受限脚本文件存储,0,0,,Docs/design/scripting/翎风TXT脚本兼容差异说明.md,安全与脚本运行时,2026-08-15,LF-TOPIC-0134,游戏引擎反外挂系统/功能操作命令/创建文件.html,LFM2-2026-08-15-snapshot
LF-CMD-0189,动作,CREATENPC,,CreateNPC 名字 地图 X Y 外观 脚本文件 文件命名模式,NPC ACT,目标地图和动态NPC实例,现有 TXT 解释器未注册该动作,D,正文支持随机坐标和巡逻外观扩展且重启后消失；脚本必须来自Market_Def,动态NPC显示依赖现有客户端对象同步,地图NPC集合与物理TXT逻辑键,0,0,,Docs/design/scripting/翎风TXT脚本兼容差异说明.md,NPC系统与脚本运行时,2026-08-15,LF-TOPIC-0322,游戏引擎反外挂系统/功能操作命令/通过脚本建立一个NPC.htm,LFM2-2026-08-15-snapshot
LF-CMD-0190,动作,CREDITPOINT,,"CREDITPOINT 操作符(=|+|-) 点数",NPC ACT,当前玩家声望点,src/Server/Server/Scripting/LingFengNumericCommandExecutor.cs与NPCSegment.cs,B,复用账户持久声望及增减同步包；减少超过余额按零处理,声望显示使用现有客户端状态同步,账户声望点与持久化,14,14,LFENV16-PLAYER-CREDIT,Manual/Engine/docs/scripting/player-commands.md,人物系统与脚本运行时,2026-08-17,LF-TOPIC-0160,游戏引擎反外挂系统/功能操作命令/调整人物声望点.htm,LFM2-2026-08-15-snapshot
LF-CMD-0191,动作,DELGUILDMEMBER,,DelGuildMember 行会名称 人物名称,NPC ACT,指定行会成员,现有 TXT 解释器未注册该动作,D,正文规定不能删除掌门且未定义离线成员和失败反馈,无新增客户端依赖,行会成员与掌门身份,0,0,,Docs/design/scripting/翎风TXT脚本兼容差异说明.md,社会系统与脚本运行时,2026-08-15,LF-TOPIC-0293,游戏引擎反外挂系统/功能操作命令/删除行会成员.htm,LFM2-2026-08-15-snapshot
LF-CMD-0192,动作,DELMAPROUTE,,DelMapRoute 动态链接标识1至65535,NPC ACT,运行时地图动态链接,现有 TXT 解释器未注册该动作,D,正文按AddMapRoute生成的标识删除链接点,地图链接变化依赖现有客户端移动规则,动态地图链接注册表,0,0,,Docs/design/scripting/翎风TXT脚本兼容差异说明.md,地图系统与脚本运行时,2026-08-15,LF-TOPIC-0433,游戏引擎反外挂系统/兼容HeroM2/功能操作命令/删除地图动态链接点.htm,LFM2-2026-08-15-snapshot
LF-CMD-0193,动作,DELNOJOBSKILL,,DELNOJOBSKILL,NPC ACT,当前玩家或英雄技能表,现有 TXT 解释器未注册该动作,D,正文删除全部非当前职业技能并支持英雄前缀,技能变化依赖现有客户端同步,职业技能归属与玩家技能数据,0,0,,Docs/design/scripting/翎风TXT脚本兼容差异说明.md,技能系统与脚本运行时,2026-08-15,LF-TOPIC-0285,游戏引擎反外挂系统/功能操作命令/删除非本职业的所有技能.htm,LFM2-2026-08-15-snapshot
LF-CMD-0194,动作,DELNPC,,DELNPC NPC名字 [地图代码],NPC ACT,匹配名称及可选地图的NPC集合,现有 TXT 解释器未注册该动作,D,正文省略地图时删除所有地图同名NPC且未区分静态和动态NPC,对象消失依赖现有客户端同步,地图NPC集合与来源类型,0,0,,Docs/design/scripting/翎风TXT脚本兼容差异说明.md,NPC系统与脚本运行时,2026-08-15,LF-TOPIC-0294,游戏引擎反外挂系统/功能操作命令/删除一个NPC.htm,LFM2-2026-08-15-snapshot
LF-CMD-0195,动作,DELSKILL,,DELSKILL 技能名称,NPC ACT,当前玩家或英雄指定技能,现有 TXT 解释器未注册该动作,D,正文要求删除指定技能并支持英雄前缀,技能变化依赖现有客户端同步,玩家或英雄技能数据,0,0,,Docs/design/scripting/翎风TXT脚本兼容差异说明.md,技能系统与脚本运行时,2026-08-15,LF-TOPIC-0295,游戏引擎反外挂系统/功能操作命令/删除指定技能.htm,LFM2-2026-08-15-snapshot
LF-CMD-0196,动作,DELSTORAGEITEM,,DelStorageItem 仓库类型 依据类型 值,NPC ACT,当前玩家普通或无限仓库物品,现有 TXT 解释器未注册该动作,D,正文支持唯一ID数据库Idx名称及星号清空全部；必须提供事务和审计,仓库刷新依赖现有客户端同步,仓库物品与事务持久化,0,0,,Docs/design/scripting/翎风TXT脚本兼容差异说明.md,仓库系统与脚本运行时,2026-08-15,LF-TOPIC-0284,游戏引擎反外挂系统/功能操作命令/删除仓库物品.htm,LFM2-2026-08-15-snapshot
LF-CMD-0197,动作,DELTEXTLISTLINE,,DelTextListLine 文件名 行号 [是否绝对路径],NPC ACT,脚本请求修改的文本文件,不采纳允许绝对路径删除任意文件行的原始语义,X,替代方案必须限定数据根目录并原子写入且行号从0开始,无客户端依赖,受限脚本文件存储,0,0,,Docs/design/scripting/翎风TXT脚本兼容差异说明.md,安全与脚本运行时,2026-08-15,LF-TOPIC-0292,游戏引擎反外挂系统/功能操作命令/删除文本指定行.html,LFM2-2026-08-15-snapshot
LF-CMD-0198,动作,EXCHANGELINETEXT,,ExchangeLineText 文件名 行1 变量1 行2 变量2,NPC ACT,脚本请求交换行的文本文件,不采纳任意绝对路径修改文件的原始语义,X,替代方案限定数据根目录并保留负数倒序行与缓存版本的受控语义,无客户端依赖,受限脚本文件存储与变量,0,0,,Docs/design/scripting/翎风TXT脚本兼容差异说明.md,安全与变量模块,2026-08-15,LF-TOPIC-0324,游戏引擎反外挂系统/功能操作命令/文本字符交替命令.htm,LFM2-2026-08-15-snapshot
LF-CMD-0199,动作,EXTRACTLIST,,ExtractList 数组变量 保存变量 起点 终点 [步长],NPC ACT,当前脚本列表及目标变量,NPCSegment已路由到SliceList并默认步长1,D,正文支持正负索引且终点包含；现实现存在但缺少该命令完整黄金行为测试,无客户端依赖,脚本列表与目标变量,0,0,,Docs/design/scripting/翎风TXT脚本兼容差异说明.md,变量模块与脚本运行时,2026-08-15,LF-TOPIC-0172,游戏引擎反外挂系统/功能操作命令/元素变量.html,LFM2-2026-08-15-snapshot
LF-CMD-0200,动作,FILTERGLOBALMSG,,FILTERGLOBALMSG 类型1至4 开关0|1,NPC ACT,当前玩家的全服消息过滤状态,src/Server/Server/MirObjects/NPC/NPCSegment.cs与LingFengCharacterProgress.cs,C,类型1全服中心消息与类型3全服SENDMSG按人物独立过滤；类型2掉落提示及类型4滚动消息仍待专用来源通道,现有聊天客户端协议,人物持久消息过滤位,4,0,LFENV-FILTERGLOBALMSG,Manual/Engine/docs/scripting/player-commands.md,消息系统与脚本运行时,2026-08-17,LF-TOPIC-0195,游戏引擎反外挂系统/功能操作命令/过滤全服提示信息.html,LFM2-2026-08-15-snapshot
LF-CMD-0201,动作,FORCEDIRECTORIES,,ForceDirectories 目录,NPC ACT,脚本请求创建的目录,不采纳任意路径创建目录的原始语义,X,替代方案必须限定脚本数据根目录并拒绝重解析点和逃逸,无客户端依赖,受限脚本文件存储,0,0,,Docs/design/scripting/翎风TXT脚本兼容差异说明.md,安全与脚本运行时,2026-08-15,LF-TOPIC-0397,游戏引擎反外挂系统/兼容HeroM2/功能操作命令/创建目录.htm,LFM2-2026-08-15-snapshot
LF-CMD-0202,动作,FORCEPICKITEM,,ForcePickItem,NPC ACT,当前玩家脚下受归属保护物品,现有 TXT 解释器未注册该动作,D,正文有意绕过他人掉落冷却归属；实现必须限定可信触发并记录审计,拾取结果依赖现有客户端物品同步,地面物品归属与背包事务,0,0,,Docs/design/scripting/翎风TXT脚本兼容差异说明.md,物品系统与安全,2026-08-15,LF-TOPIC-0259,游戏引擎反外挂系统/功能操作命令/强行捡起他人打怪爆出未到冷却时间的物品.htm,LFM2-2026-08-15-snapshot
LF-CMD-0203,动作,GAMEDIAMOND,,"GAMEDIAMOND 操作符(=|+|-) 数量",NPC ACT,当前玩家金刚石货币,NPCSegment与LingFengCharacterProgress,B,独立人物级持久账本并在下溢或越界时原子拒绝,未新增翎风原生金刚石UI,人物金刚石余额与变量持久化,2577,2577,LingFengPlayerCommandTests.迦楼金刚石检测调整常量显示与人物变量持久化形成闭环,Manual/Engine/docs/scripting/player-commands.md,经济系统与脚本运行时,2026-08-17,LF-TOPIC-0151,游戏引擎反外挂系统/功能操作命令/调整金刚石数量.htm,LFM2-2026-08-15-snapshot
LF-CMD-0204,动作,GAMEGLORY,,"GAMEGLORY 操作符(+|-|=) 值",NPC ACT,当前玩家荣誉值,现有 TXT 解释器未注册该动作,D,正文未说明上下限且同页混有NationCredit示例需独立区分,荣誉显示依赖现有客户端同步,玩家荣誉值与持久化,0,0,,Docs/design/scripting/翎风TXT脚本兼容差异说明.md,人物经济系统与脚本运行时,2026-08-15,LF-TOPIC-0153,游戏引擎反外挂系统/功能操作命令/调整人物的荣誉值[!].htm,LFM2-2026-08-15-snapshot
LF-CMD-0205,动作,GAMEGOLD,,"GAMEGOLD 操作符(=|+|-) 数量",NPC ACT,当前人物元宝余额,NPCSegment与CharacterInfo.PearlCount,B,三种操作使用现有元宝账本并检查上下溢；酷明13处由Define命令宏展开后进入同一链,沿用现有货币同步；写入失败不产生部分扣款,人物元宝余额与货币边界,0,13,PhysicalTextFileProviderTests.LingFengDefine展开命令名并通过真实元宝检测扣除链,Manual/Engine/docs/scripting/player-commands.md,经济系统与脚本运行时,2026-08-17,LF-TOPIC-0345,游戏引擎反外挂系统/功能操作命令/调整游戏币.htm,LFM2-2026-08-15-snapshot
LF-CMD-0206,动作,GAMEPOINT,,"GAMEPOINT 操作符(=|+|-) 点数",NPC ACT,当前玩家游戏点余额,LingFengCharacterProgress与NPCSegment,B,使用独立人物持久账本且结果限制为0至int上限；下溢或非法参数不动账,脚本常量可显示余额；未新增原生货币UI,人物游戏点余额与变量持久化,0,0,LingFengPlayerCommandTests.酷明游戏点检测调整常量显示与人物变量持久化形成闭环,Manual/Engine/docs/scripting/player-commands.md,经济系统与脚本运行时,2026-08-17,LF-TOPIC-0159,游戏引擎反外挂系统/功能操作命令/调整人物游戏点.htm,LFM2-2026-08-15-snapshot
LF-CMD-0207,动作,GETALLDBITEMFIELDVALUE,,GetAllDBItemFieldValue 字段名 保存变量,NPC ACT,当前玩家全身装备定义字段,现有 TXT 解释器未注册该动作,D,正文按任意数据库字段名求和；实现需字段白名单和数值类型校验,无新增客户端依赖,装备定义字段与脚本变量,0,0,,Docs/design/scripting/翎风TXT脚本兼容差异说明.md,物品系统与变量模块,2026-08-15,LF-TOPIC-0209,游戏引擎反外挂系统/功能操作命令/获取全身装备的原始数据字段合计值.htm,LFM2-2026-08-15-snapshot
LF-CMD-0208,动作,GETBAGITEMCOUNT,,GetBagItemCount 物品名称 变量 [排除OK框] [仅满持久],NPC ACT,当前玩家背包及可选交互框物品,现有 TXT 解释器未注册该动作,D,正文按名称计数并可排除OK框及非满持久物品,无新增客户端依赖,背包物品持久与脚本变量,0,0,,Docs/design/scripting/翎风TXT脚本兼容差异说明.md,物品系统与变量模块,2026-08-15,LF-TOPIC-0200,游戏引擎反外挂系统/功能操作命令/获取背包中某物品的数量.html,LFM2-2026-08-15-snapshot
LF-CMD-0209,动作,GETCACHERANDOMTEXT,,GetCacheRandomText 文件路径 变量 [指定行],NPC ACT,受限脚本文本快照,现有 TXT 解释器未注册缓存命令,D,正文无指定行时随机一行并支持S或A变量；需复用安全Provider快照而非直接文件访问,无客户端依赖,文本快照与脚本变量,0,0,,Docs/design/scripting/翎风TXT脚本兼容差异说明.md,脚本来源与变量模块,2026-08-15,LF-TOPIC-0272,游戏引擎反外挂系统/功能操作命令/随机字符串.htm,LFM2-2026-08-15-snapshot
LF-CMD-0210,动作,GETCALLMOB,,GetCallMob [宝宝名字 [数量 [保留分身]]],NPC ACT,当前玩家匹配的宝宝与分身,现有 TXT 解释器未注册该动作,D,正文无参使全部宝宝叛变并收回分身；数量0表示全部同名宝宝,对象归属变化依赖现有客户端同步,玩家宝宝集合与分身类型,0,0,,Docs/design/scripting/翎风TXT脚本兼容差异说明.md,宝宝系统与脚本运行时,2026-08-15,LF-TOPIC-0392,游戏引擎反外挂系统/兼容HeroM2/功能操作命令/宝宝立即叛变.htm,LFM2-2026-08-15-snapshot
LF-CMD-0211,动作,GETDBMAGICIDFIELDVALUE,,GetDBMagicIDFieldValue 技能ID 字段名 保存变量,NPC ACT,指定技能定义字段,现有 TXT 解释器未注册该动作,D,正文按字段名读取技能数据库；实现需只读字段白名单及类型化转换,无新增客户端依赖,技能定义与脚本变量,0,0,,Docs/design/scripting/翎风TXT脚本兼容差异说明.md,技能系统与变量模块,2026-08-15,LF-TOPIC-0321,游戏引擎反外挂系统/功能操作命令/通过技能ID获取技能数据库字段.htm,LFM2-2026-08-15-snapshot
LF-CMD-0212,动作,GETFENGHAOREMAININGTIME,,GetFengHaoRemainingTime 称号名称 保存变量,NPC ACT,当前玩家指定称号时限,缺少与翎风称号时限一致的数据模型,E,正文以分钟返回剩余时间且非限时为负1,称号显示依赖对应客户端协议,玩家称号授予和到期时间,0,0,,Docs/design/scripting/翎风TXT脚本兼容差异说明.md,称号模型与变量模块,2026-08-15,LF-TOPIC-0211,游戏引擎反外挂系统/功能操作命令/获取身上物品限时剩余时间.htm,LFM2-2026-08-15-snapshot
LF-CMD-0213,动作,GETINTERVAL,,GETINTERVAL 时间1 时间2 单位0至6 保存变量,NPC ACT,两个脚本时间值及目标变量,现有 TXT 解释器未注册该动作,D,正文计算时间2减时间1并要求服务器yyyy-M-d格式；年月差边界需明确定义,无客户端依赖,时间解析与脚本变量,0,0,,Docs/design/scripting/翎风TXT脚本兼容差异说明.md,变量模块与脚本运行时,2026-08-15,LF-TOPIC-0274,游戏引擎反外挂系统/功能操作命令/取两个时间之间的相差.htm,LFM2-2026-08-15-snapshot
LF-CMD-0214,动作,GETITEMADDVALUE,,GetItemAddValue 装备位置 属性0至18 变量,NPC ACT,玩家或英雄指定装备及交互框物品,现有 TXT 解释器未注册该动作且扩展槽属性模型不完整,E,正文按物品类型重载属性编号并覆盖0至51槽及自定义框,无新增客户端依赖,物品附加属性与脚本变量,0,0,,Docs/design/scripting/翎风TXT脚本兼容差异说明.md,物品模型与变量模块,2026-08-15,LF-TOPIC-0334,游戏引擎反外挂系统/功能操作命令/修改物品的附加属性值.html,LFM2-2026-08-15-snapshot
LF-CMD-0215,动作,GETITEMREMAININGTIME,,GetItemRemainingTime 物品位置 保存变量,NPC ACT,当前玩家指定装备的限时信息,现有 TXT 解释器未注册该动作,D,正文以分钟返回剩余时间且非限时物品为负1,无新增客户端依赖,物品到期时间与脚本变量,0,0,,Docs/design/scripting/翎风TXT脚本兼容差异说明.md,物品系统与变量模块,2026-08-15,LF-TOPIC-0211,游戏引擎反外挂系统/功能操作命令/获取身上物品限时剩余时间.htm,LFM2-2026-08-15-snapshot
LF-CMD-0216,动作,GETITEMTRAININGCOUNT,,GetItemTrainingCount 装备位置 保存变量,NPC ACT,指定装备的修炼计数,现有 TXT 解释器未注册该动作,D,正文覆盖升级框自定义框与扩展装备槽且依赖按次数升级开关,无新增客户端依赖,物品修炼计数与脚本变量,0,0,,Docs/design/scripting/翎风TXT脚本兼容差异说明.md,物品系统与变量模块,2026-08-15,LF-TOPIC-0213,游戏引擎反外挂系统/功能操作命令/修改武器修炼次数.htm,LFM2-2026-08-15-snapshot
LF-CMD-0217,动作,GETLISTMAXVAR,,GetListMaxVar 数组变量 接收变量,NPC ACT,当前脚本列表及目标变量,NPCSegment已路由到NumericExtremum最大值,D,正文要求全部元素为数字否则结果error；缺少完整黄金行为测试,无客户端依赖,脚本列表与目标变量,0,0,,Docs/design/scripting/翎风TXT脚本兼容差异说明.md,变量模块与脚本运行时,2026-08-15,LF-TOPIC-0172,游戏引擎反外挂系统/功能操作命令/元素变量.html,LFM2-2026-08-15-snapshot
LF-CMD-0218,动作,GETLISTMINVAR,,GetListMinVar 数组变量 接收变量,NPC ACT,当前脚本列表及目标变量,NPCSegment已路由到NumericExtremum最小值,D,正文要求全部元素为数字否则结果error；缺少完整黄金行为测试,无客户端依赖,脚本列表与目标变量,0,0,,Docs/design/scripting/翎风TXT脚本兼容差异说明.md,变量模块与脚本运行时,2026-08-15,LF-TOPIC-0172,游戏引擎反外挂系统/功能操作命令/元素变量.html,LFM2-2026-08-15-snapshot
LF-CMD-0219,动作,GETLISTSTRING,,GetListString 文件路径 行号 变量1 [变量2] [绝对路径],NPC ACT,脚本请求读取的文本行,不采纳允许绝对路径读取任意文件的原始语义,X,替代方案通过安全Provider读取受限逻辑键；双变量模式按冒号拆分,无客户端依赖,文本快照与脚本变量,0,0,,Docs/design/scripting/翎风TXT脚本兼容差异说明.md,安全与变量模块,2026-08-15,LF-TOPIC-0406,游戏引擎反外挂系统/兼容HeroM2/功能操作命令/读取文本内容到变量.htm,LFM2-2026-08-15-snapshot
LF-CMD-0220,动作,GETLISTVARCOUNT,,GetListVarCount 数组变量 接收变量,NPC ACT,当前脚本列表及目标变量,NPCSegment已路由到列表Count操作,D,正文要求返回子元素数量；缺少从解析到变量写回的黄金测试,无客户端依赖,脚本列表与目标变量,0,0,,Docs/design/scripting/翎风TXT脚本兼容差异说明.md,变量模块与脚本运行时,2026-08-15,LF-TOPIC-0172,游戏引擎反外挂系统/功能操作命令/元素变量.html,LFM2-2026-08-15-snapshot
LF-CMD-0221,动作,GETLISTVARINDEX,,GetListVarIndex 数组变量 值 接收变量,NPC ACT,当前脚本列表及目标变量,NPCSegment已路由到FindListIndex操作,D,正文返回首个匹配元素位置；未命中值和大小写行为尚缺黄金测试,无客户端依赖,脚本列表与目标变量,0,0,,Docs/design/scripting/翎风TXT脚本兼容差异说明.md,变量模块与脚本运行时,2026-08-15,LF-TOPIC-0172,游戏引擎反外挂系统/功能操作命令/元素变量.html,LFM2-2026-08-15-snapshot
LF-CMD-0222,动作,GETMAPHUMANCOUNT,,GetMapHumanCount 地图 排除假人 保存变量,NPC ACT,指定地图在线人物集合,现有 TXT 解释器未注册该动作,D,正文按标志包含或排除假人且地图名可能来自CONST变量,无新增客户端依赖,地图玩家集合与假人类型,0,0,,Docs/design/scripting/翎风TXT脚本兼容差异说明.md,地图系统与变量模块,2026-08-15,LF-TOPIC-0208,游戏引擎反外挂系统/功能操作命令/获取某地图人物数量 .html,LFM2-2026-08-15-snapshot
LF-CMD-0223,动作,GETMAPMONCOUNT,,GetMapMonCount 地图 排除宝宝 保存变量,NPC ACT,指定地图怪物集合,NPCSegment与CHECKMAPMONCOUNT共用计数接缝,B,按标志0包含或1排除人物及英雄宝宝，只计存活怪物并写入类型化脚本变量；酷明轮回之地1处,无新增客户端依赖,地图怪物集合与宝宝归属,1,1,LingFengPlayerCommandTests.翎风地图范围与同名怪物数量检查使用真实存活对象,Manual/Engine/docs/scripting/player-commands.md,地图怪物系统与变量模块,2026-08-17,LF-TOPIC-0207,游戏引擎反外挂系统/功能操作命令/获取某地图怪物数量 .html,LFM2-2026-08-15-snapshot
LF-CMD-0224,动作,GETMAPROUTEINFO,,GetMapRouteInfo 标识 查看方式 地图变量 X变量 Y变量,NPC ACT,指定动态地图链接端点,现有 TXT 解释器未注册该动作,D,正文查看方式0为源端且1为目标端并写回地图与坐标,无新增客户端依赖,动态地图链接与脚本变量,0,0,,Docs/design/scripting/翎风TXT脚本兼容差异说明.md,地图系统与变量模块,2026-08-15,LF-TOPIC-0394,游戏引擎反外挂系统/兼容HeroM2/功能操作命令/查看动态地图链接点.htm,LFM2-2026-08-15-snapshot
LF-CMD-0225,动作,GETOPPOSITEHUMNAME,,GetOppositeHumName 变量,NPC ACT,当前玩家对面人物,现有 TXT 解释器未注册该动作,D,正文写入对面人物名但未定义距离方向和无目标结果,无新增客户端依赖,玩家位置方向与目标变量,0,0,,Docs/design/scripting/翎风TXT脚本兼容差异说明.md,人物系统与变量模块,2026-08-15,LF-TOPIC-0203；LF-TOPIC-0416,游戏引擎反外挂系统/功能操作命令/获取对面人物的名字.htm；游戏引擎反外挂系统/兼容HeroM2/功能操作命令/获取对面人物的名字.htm,LFM2-2026-08-15-snapshot
LF-CMD-0226,动作,GETPOSENAME,,GETPOSENAME 变量,NPC ACT,当前玩家对面人物,现有 TXT 解释器未注册该动作,D,正文与GetOppositeHumName同义候选；需以同一处理器验证别名行为,无新增客户端依赖,玩家位置方向与目标变量,0,0,,Docs/design/scripting/翎风TXT脚本兼容差异说明.md,人物系统与变量模块,2026-08-15,LF-TOPIC-0273,游戏引擎反外挂系统/功能操作命令/取对面角色人物名.html,LFM2-2026-08-15-snapshot
LF-CMD-0227,动作,GETRANDOMLINETEXT,,GETRANDOMLINETEXT 文件 变量 [指定行] [绝对路径],NPC ACT,脚本请求读取的文本快照,不采纳允许绝对路径读取任意文件的原始语义,X,替代方案通过安全Provider逻辑键读取并保留正负指定行语义,无客户端依赖,文本快照与脚本变量,0,0,,Docs/design/scripting/翎风TXT脚本兼容差异说明.md,安全与变量模块,2026-08-15,LF-TOPIC-0135,游戏引擎反外挂系统/功能操作命令/从文件中随机取文本.htm,LFM2-2026-08-15-snapshot
LF-CMD-0228,动作,GETRANDOMTEXT,,GetRandomText 文件路径 变量 [指定行],NPC ACT,安全Provider中的文本定义,NPCSegment已能按NPC逻辑键随机读取但忽略指定行,D,正文支持S或A变量及1至10000指定行；当前签名和路径映射不完整,无新增客户端依赖,文本定义与脚本变量,0,0,,Docs/design/scripting/翎风TXT脚本兼容差异说明.md,脚本来源与变量模块,2026-08-15,LF-TOPIC-0426,游戏引擎反外挂系统/兼容HeroM2/功能操作命令/取得随机字符串.htm,LFM2-2026-08-15-snapshot
LF-CMD-0229,动作,GETSLAVEPOSITION,,GetSlavePosition 名字 地图变量 X变量 Y变量 [仅显示名],NPC ACT,当前玩家匹配名称的宝宝,现有 TXT 解释器未注册该动作,D,正文可选择是否忽略名称数字后缀并写回地图和坐标；多目标选择未说明,无新增客户端依赖,玩家宝宝集合与脚本变量,0,0,,Docs/design/scripting/翎风TXT脚本兼容差异说明.md,宝宝系统与变量模块,2026-08-15,LF-TOPIC-0199,游戏引擎反外挂系统/功能操作命令/获取宝宝所在位置.html,LFM2-2026-08-15-snapshot
LF-CMD-0230,动作,GETSTORAGEITEMCOUNT,,GetStorageItemCount 仓库类型 依据类型 值 变量,NPC ACT,当前玩家普通或无限仓库,现有 TXT 解释器未注册该动作,D,正文按物品实例计数而不累计叠加数且星号表示全部,无新增客户端依赖,仓库物品与脚本变量,0,0,,Docs/design/scripting/翎风TXT脚本兼容差异说明.md,仓库系统与变量模块,2026-08-15,LF-TOPIC-0201,游戏引擎反外挂系统/功能操作命令/获取仓库物品数量.htm,LFM2-2026-08-15-snapshot
LF-CMD-0231,动作,GETSTRINGPOS,,GetStringPos 路径 字符串 [绝对路径],NPC ACT,脚本请求读取的文本列表,src/Server/Server/MirObjects/NPC/NPCSegment.cs,C,只允许安全Provider逻辑路径并按零基精确查找；未命中或绝对路径模式写N0为9999999,无客户端依赖,文本快照与N0变量,0,0,LF-TXT-PLAYER-GETSTRINGPOS,Manual/Engine/docs/scripting/player-commands.md,安全与变量模块,2026-08-17,LF-TOPIC-0429,游戏引擎反外挂系统/兼容HeroM2/功能操作命令/取字符串在列表中的位置.htm,LFM2-2026-08-15-snapshot
LF-CMD-0232,动作,GETSTRINGPOSEX,,GetStringPosEX 文件 字符 行变量 文本变量 绝对路径 匹配模式,NPC IF,脚本请求检索的文本文件,不采纳允许绝对路径读取任意文件的原始语义,X,替代方案通过安全Provider并保留包含或完全匹配及行内容写回,无客户端依赖,文本快照与脚本变量,0,0,,Docs/design/scripting/翎风TXT脚本兼容差异说明.md,安全与变量模块,2026-08-15,LF-TOPIC-0374,游戏引擎反外挂系统/功能操作命令/字符检测命令.htm,LFM2-2026-08-15-snapshot
LF-CMD-0233,动作,GETUPGRADECOUNT,,GetUpgradeCount 位置|ALL|* 变量,NPC ACT,玩家或英雄装备升级星数,现有 TXT 解释器未注册该动作,D,正文覆盖OK框装备首饰神佑且ALL或星号汇总全身,无新增客户端依赖,物品升级次数与脚本变量,0,0,,Docs/design/scripting/翎风TXT脚本兼容差异说明.md,物品系统与变量模块,2026-08-15,LF-TOPIC-0210,游戏引擎反外挂系统/功能操作命令/获取人物全身星星数量.html,LFM2-2026-08-15-snapshot
LF-CMD-0234,动作,GETUSERITEMNAME,,GetUserItemName 位置 S变量 [仅数据库名],NPC ACT,当前玩家指定装备,现有 TXT 解释器未注册该动作,D,正文可选择自定义名优先或只取数据库名且S参数写数字索引,无新增客户端依赖,装备名称与脚本变量,0,0,,Docs/design/scripting/翎风TXT脚本兼容差异说明.md,物品系统与变量模块,2026-08-15,LF-TOPIC-0428,游戏引擎反外挂系统/兼容HeroM2/功能操作命令/取装备名字.htm,LFM2-2026-08-15-snapshot
LF-CMD-0235,动作,GETUSERNAME,,GetUserName S变量索引,NPC ACT,当前玩家名称,现有 TXT 解释器未注册该动作,D,正文接受0至99数字或同范围数值变量并写对应S变量,无新增客户端依赖,玩家名称与脚本变量,0,0,,Docs/design/scripting/翎风TXT脚本兼容差异说明.md,人物系统与变量模块,2026-08-15,LF-TOPIC-0417,游戏引擎反外挂系统/兼容HeroM2/功能操作命令/获取玩家名字.htm,LFM2-2026-08-15-snapshot
LF-CMD-0236,动作,GIVEBOXITEMEX,,GIVEBOXITEMEX OK框编号 物品唯一ID,NPC ACT,当前玩家背包物品与自定义OK框,缺少与翎风0至31自定义OK框一致的客户端协议,E,正文要求NPC与QFunction框号不可冲突并有ItemOutBox触发,缺少对应OK框和事件协议,物品唯一ID与交互框状态,0,0,,Docs/design/scripting/翎风TXT脚本兼容差异说明.md,客户端协议与物品系统,2026-08-15,LF-TOPIC-0377,游戏引擎反外挂系统/功能操作命令/自定义OK框.htm,LFM2-2026-08-15-snapshot
LF-CMD-0237,动作,GOLDCOUNT,,"GOLDCOUNT 操作符(=|+|-) 金币0至2100000000",NPC ACT,当前玩家金币余额,src/Server/Server/Scripting/LingFengNumericCommandExecutor.cs与NPCSegment.cs,B,赋值增减共用有界执行器；上下溢或非法参数失败且余额不变,金币显示依赖现有客户端同步,玩家金币余额与现有客户端同步,0,0,LF-TXT-PLAYER-NUMERIC,Manual/Engine/docs/scripting/player-commands.md,经济系统与脚本运行时,2026-08-15,LF-TOPIC-0156,游戏引擎反外挂系统/功能操作命令/调整人物金币数量.htm,LFM2-2026-08-15-snapshot
LF-CMD-0238,动作,GOTONOW,,GotoNow X Y,NPC ACT,当前玩家到本地图目标坐标,缺少翎风专用登录器自动寻路协议,E,正文要求客户端自动移动而非服务端瞬移,缺少专用自动寻路协议与客户端实现,玩家当前位置和目标坐标,0,0,,Docs/design/scripting/翎风TXT脚本兼容差异说明.md,客户端协议与地图系统,2026-08-15,LF-TOPIC-0457,游戏引擎反外挂系统/兼容HeroM2/功能操作命令/自动寻路.htm,LFM2-2026-08-15-snapshot
LF-CMD-0239,动作,GUILDAURAEPOINT,,"GUILDAURAEPOINT 操作符(+|-) 数字",NPC ACT,当前玩家行会人气度,缺少翎风行会建设四项点数模型,E,正文要求同步变量GUILDAURAEPOINT,无新增客户端依赖,行会人气度持久字段,0,0,,Docs/design/scripting/翎风TXT脚本兼容差异说明.md,行会模型与脚本运行时,2026-08-15,LF-TOPIC-0330,游戏引擎反外挂系统/功能操作命令/行会建设相关.htm,LFM2-2026-08-15-snapshot
LF-CMD-0240,动作,GUILDBUILDPOINT,,"GUILDBUILDPOINT 操作符(+|-) 数字",NPC ACT,当前玩家行会建筑度,缺少翎风行会建设四项点数模型,E,正文要求同步变量GUILDBUILDPOINT,无新增客户端依赖,行会建筑度持久字段,0,0,,Docs/design/scripting/翎风TXT脚本兼容差异说明.md,行会模型与脚本运行时,2026-08-15,LF-TOPIC-0330,游戏引擎反外挂系统/功能操作命令/行会建设相关.htm,LFM2-2026-08-15-snapshot
LF-CMD-0241,动作,GUILDFLOURISHPOINT,,"GUILDFLOURISHPOINT 操作符(+|-) 数字",NPC ACT,当前玩家行会繁荣度,缺少翎风行会建设四项点数模型,E,正文要求同步变量GUILDFLOURISHPOINT,无新增客户端依赖,行会繁荣度持久字段,0,0,,Docs/design/scripting/翎风TXT脚本兼容差异说明.md,行会模型与脚本运行时,2026-08-15,LF-TOPIC-0330,游戏引擎反外挂系统/功能操作命令/行会建设相关.htm,LFM2-2026-08-15-snapshot
LF-CMD-0242,动作,GUILDNOTICEMSG,,GuildNoticeMsg 前景色 背景色 文本 [范围],NPC ACT,当前玩家及指定消息受众,现有 TXT 解释器未注册该动作,D,正文范围含Self Group Guild National Map或全服并支持事件占位符,颜色与范围依赖现有客户端聊天协议,消息受众与颜色字段,0,0,,Docs/design/scripting/翎风TXT脚本兼容差异说明.md,消息系统与客户端协议,2026-08-15,LF-TOPIC-0455,游戏引擎反外挂系统/兼容HeroM2/功能操作命令/自定义颜色文字发送.htm,LFM2-2026-08-15-snapshot
LF-CMD-0243,动作,GUILDSTABILITYPOINT,,"GUILDSTABILITYPOINT 操作符(+|-) 数字",NPC ACT,当前玩家行会安定度,缺少翎风行会建设四项点数模型,E,正文要求同步变量GUILDSTABILITYPOINT,无新增客户端依赖,行会安定度持久字段,0,0,,Docs/design/scripting/翎风TXT脚本兼容差异说明.md,行会模型与脚本运行时,2026-08-15,LF-TOPIC-0330,游戏引擎反外挂系统/功能操作命令/行会建设相关.htm,LFM2-2026-08-15-snapshot
LF-CMD-0244,动作,HEROLOGINOUT,,HeroLoginOut,NPC ACT,当前玩家在线英雄,现有 TXT 解释器未注册该动作,D,正文要求收回英雄且建议先检查在线状态,英雄消失依赖现有客户端对象同步,玩家英雄会话状态,0,0,,Docs/design/scripting/翎风TXT脚本兼容差异说明.md,英雄系统与脚本运行时,2026-08-15,LF-TOPIC-0440,游戏引擎反外挂系统/兼容HeroM2/功能操作命令/收回人物的英雄.htm,LFM2-2026-08-15-snapshot
LF-CMD-0245,动作,HIGHLEVELKILLMONFIXEXP,,HighLevelKillMonFixExp 时间 [保存],NPC ACT,当前玩家高等级杀怪经验规则,现有 TXT 解释器未注册该动作,D,正文临时取消高等级经验衰减并可保存剩余时间,无新增客户端依赖,玩家经验修正与到期持久化,0,0,,Docs/design/scripting/翎风TXT脚本兼容差异说明.md,经验系统与脚本运行时,2026-08-15,LF-TOPIC-0184,游戏引擎反外挂系统/功能操作命令/高等级杀怪经验不变.html,LFM2-2026-08-15-snapshot
LF-CMD-0246,动作,HUMANHP,,HumanHP 操作符 数值 [延时 次数 漂血 自定义图 单位 护身],NPC ACT,当前人物或目标生命值,现有 TXT 解释器未注册该八参数动作,D,正文支持固定值及百分千分万分延时多次扣血和自定义漂血,自定义漂血依赖对应客户端素材协议,对象生命战斗规则与延时任务,0,0,,Docs/design/scripting/翎风TXT脚本兼容差异说明.md,战斗系统与客户端协议,2026-08-15,LF-TOPIC-0387,游戏引擎反外挂系统/功能操作命令/HumanHP调整血量.html,LFM2-2026-08-15-snapshot
LF-CMD-0247,动作,INSERTLINE,,InsertLine 文件 行号 内容 [绝对路径],NPC ACT,脚本请求修改的文本文件,不采纳允许绝对路径插入任意文件内容的原始语义,X,替代方案限定数据根目录并原子写入且文件不存在时失败,无客户端依赖,受限脚本文件存储,0,0,,Docs/design/scripting/翎风TXT脚本兼容差异说明.md,安全与脚本运行时,2026-08-15,LF-TOPIC-0352,游戏引擎反外挂系统/功能操作命令/在文件的指定行插入一行内容.html,LFM2-2026-08-15-snapshot
LF-CMD-0248,动作,INSERTTOLIST,,InsertToList 数组变量 值 插入位置,NPC ACT,当前脚本列表变量,NPCSegment已路由到InsertList操作,D,正文位置负1表示数组最后一位；实现存在但缺少完整黄金行为测试,无客户端依赖,脚本列表变量,0,0,,Docs/design/scripting/翎风TXT脚本兼容差异说明.md,变量模块与脚本运行时,2026-08-15,LF-TOPIC-0172,游戏引擎反外挂系统/功能操作命令/元素变量.html,LFM2-2026-08-15-snapshot
LF-CMD-0249,动作,ISDUPMODE,,ISDUPMODE [仅人物],NPC IF,当前脚本对象的挂机状态,现有 TXT 解释器未注册该检测,D,正文参数0检查所有对象且1只检查人物；挂机对象分类需明确,无新增客户端依赖,玩家假人及怪物挂机状态,0,0,,Docs/design/scripting/翎风TXT脚本兼容差异说明.md,挂机系统与脚本运行时,2026-08-15,LF-TOPIC-0191,游戏引擎反外挂系统/功能操作命令/挂机命令[!].htm,LFM2-2026-08-15-snapshot
LF-CMD-0250,动作,KICK,,KICK [模式],NPC ACT,当前玩家会话,现有 TXT 解释器未注册该管理动作,D,正文参数0或空踢下线且1执行小退；必须权限白名单审计和Kill Switch,依赖现有客户端断线和小退流程,玩家网络会话与管理审计,0,0,,Docs/design/scripting/翎风TXT脚本兼容差异说明.md,管理安全与脚本运行时,2026-08-15,LF-TOPIC-0317,游戏引擎反外挂系统/功能操作命令/踢人物下线.htm,LFM2-2026-08-15-snapshot
LF-CMD-0251,动作,KICKALLPLAY,,KICKALLPLAY,系统脚本 ACT,服务器全部在线玩家,现有 TXT 解释器未注册该高危管理动作,D,正文无参数踢除全服；必须仅系统入口可用并具二次授权审计和Kill Switch,依赖现有客户端断线流程,全服玩家会话与管理审计,0,0,,Docs/design/scripting/翎风TXT脚本兼容差异说明.md,管理安全与脚本运行时,2026-08-15,LF-TOPIC-0316,游戏引擎反外挂系统/功能操作命令/踢除所有在线人物.htm,LFM2-2026-08-15-snapshot
LF-CMD-0252,动作,KICKOFFLINE,,KICKOFFLINE,系统脚本 ACT,服务器全部挂机玩家,现有 TXT 解释器未注册该高危管理动作,D,正文踢除所有挂机人物；必须仅系统入口可用并具审计和Kill Switch,依赖现有客户端断线流程,挂机玩家会话与管理审计,0,0,,Docs/design/scripting/翎风TXT脚本兼容差异说明.md,管理安全与脚本运行时,2026-08-15,LF-TOPIC-0315,游戏引擎反外挂系统/功能操作命令/踢除所有挂机人物.htm,LFM2-2026-08-15-snapshot
LF-CMD-0253,动作,KILL,,Kill 类型 [清理尸体],NPC ACT,当前玩家或目标对象,现有 TXT 解释器未注册该动作,D,正文控制掉落和凶手显示并支持M目标；编号说明与示例存在偏移需差分,死亡显示依赖现有客户端同步,对象死亡掉落与凶手上下文,0,0,,Docs/design/scripting/翎风TXT脚本兼容差异说明.md,战斗系统与脚本运行时,2026-08-15,LF-TOPIC-0282,游戏引擎反外挂系统/功能操作命令/杀死人物.htm,LFM2-2026-08-15-snapshot
LF-CMD-0254,动作,KILLCALLMOB,,KillCallMob 名字 [数量],NPC ACT,当前玩家匹配名称宝宝,现有 TXT 解释器未注册该动作,D,正文默认一个且可指定数量；重名选择顺序未说明,宝宝死亡依赖现有客户端对象同步,玩家宝宝集合与死亡流程,0,0,,Docs/design/scripting/翎风TXT脚本兼容差异说明.md,宝宝系统与脚本运行时,2026-08-15,LF-TOPIC-0283；LF-TOPIC-0432,游戏引擎反外挂系统/功能操作命令/杀死人物的宝宝.htm；游戏引擎反外挂系统/兼容HeroM2/功能操作命令/杀死人物的宝宝.htm,LFM2-2026-08-15-snapshot
LF-CMD-0255,动作,KILLMAPMON,,KillMapMon 地图 X Y 范围 怪物|* 爆物品 [清尸],NPC ACT,指定地图区域怪物集合,现有 TXT 解释器未注册该动作,D,正文按名称或星号批量击杀并控制掉落和尸体清理,怪物死亡依赖现有客户端对象同步,地图怪物与掉落事务,0,0,,Docs/design/scripting/翎风TXT脚本兼容差异说明.md,地图怪物系统与脚本运行时,2026-08-15,LF-TOPIC-0269,游戏引擎反外挂系统/功能操作命令/清掉地图某范围的怪物命令.html,LFM2-2026-08-15-snapshot
LF-CMD-0256,动作,KILLMONEXPRATE,,KILLMONEXPRATE 百分倍率 时间 [保存] [静默],NPC ACT,当前玩家杀怪经验倍率,HumanObject独立来源层与人物持久变量,C,倍率除100进入真实GainExp；每个脚本动作独立到期，保存1经二进制账本恢复绝对到期时间，静默1不提示；当前为安全只接受100至1000000,无新增客户端依赖,玩家经验倍率与到期持久化,2,2,LingFengPlayerCommandTests.命格杀怪经验倍率短效到期不清除长效与永久层且保存层可恢复,Manual/Engine/docs/scripting/player-commands.md,经验系统与脚本运行时,2026-08-17,LF-TOPIC-0304,游戏引擎反外挂系统/功能操作命令/设置杀怪经验倍数.htm,LFM2-2026-08-15-snapshot
LF-CMD-0257,动作,KILLSLAVE,,KillSlave 清尸 [宝宝名称|*],NPC ACT,当前玩家匹配宝宝集合,NPCSegment与MonsterObject死亡/移除链,B,酷明2处清尸1杀死并立即移除全部人物宝宝；0保留正常尸体延时，名称或*按真实宝宝对象筛选,宝宝死亡复用现有对象同步,玩家宝宝集合与死亡流程,2,2,LingFengPlayerCommandTests.翎风召唤宝宝应用数量等级叛变时间与固定名称颜色,Manual/Engine/docs/scripting/player-commands.md,宝宝系统与脚本运行时,2026-08-17,LF-TOPIC-0281,游戏引擎反外挂系统/功能操作命令/将人物的宝宝全部杀死.htm,LFM2-2026-08-15-snapshot
LF-CMD-0258,动作,LOOPGOTO,,LOOPGOTO @标签 [次数],NPC ACT,当前NPC脚本调用栈,src/Server/Server/MirObjects/NPC/NPCScript.cs与NPCSegment.cs,B,次数空或0运行一次；同步执行同脚本目标页且由ENDLOOP提前终止；嵌套循环共享10000次硬预算,无客户端依赖,脚本页面与执行预算,9,9,LingFengPlayerCommandTests.翎风LoopGoto同步执行指定次数且EndLoop只终止当前循环,Manual/Engine/docs/scripting/player-commands.md,控制流与脚本运行时,2026-08-17,LF-TOPIC-0337,游戏引擎反外挂系统/功能操作命令/循环脚本运行次数设置.html,LFM2-2026-08-15-snapshot
LF-CMD-0259,动作,MAKEPOSION,M.MAKEPOSION|L.MAKEPOSION,MAKEPOSION 类型 时间 威力 [防御生效] [千分比],NPC ACT,当前事件怪物目标或真实攻击来源,NPCSegment与MapObject.ApplyPoison,B,酷明9处M目标及2处L攻击来源支持绿毒红毒麻痹固定威力和千分比；L优先按事件对象ID锁定避免同名串号,状态表现复用现有客户端战斗同步,对象异常状态与抗性,11,11,LingFengPlayerCommandTests.命格M前缀中毒只作用当前事件怪物并保留固定与千分比威力,Manual/Engine/docs/scripting/player-commands.md,战斗系统与脚本运行时,2026-08-17,LF-TOPIC-0183,游戏引擎反外挂系统/功能操作命令/改变人物状态.html,LFM2-2026-08-15-snapshot
LF-CMD-0260,动作,MAPEFFECT,,MAPEFFECT 地图 X Y WIL 起图 张数 次数 速度 效果 亮度 [ID] [图层],NPC ACT,指定地图坐标的持久视觉效果,缺少翎风WIL资源索引与图层协议映射,E,正文支持无限播放同ID多实例和按完整参数删除,缺少WIL资源表和等价客户端渲染协议,地图效果实例与生命周期,0,0,,Docs/design/scripting/翎风TXT脚本兼容差异说明.md,客户端协议与地图系统,2026-08-15,LF-TOPIC-0347,游戏引擎反外挂系统/功能操作命令/在地图上播放魔法效果[!].htm,LFM2-2026-08-15-snapshot
LF-CMD-0261,动作,MOBFIREBURN,,MOBFIREBURN 地图 X Y 光环 时间 伤害 [百分比类型],NPC ACT,地图坐标持续光环与命中对象,缺少翎风光环资源和持续区域伤害模型,E,正文类型1按MaxHP且2按当前HP并列出多种专用光环,缺少对应客户端光环资源协议,地图区域效果与伤害调度,0,0,,Docs/design/scripting/翎风TXT脚本兼容差异说明.md,战斗模型与客户端协议,2026-08-15,LF-TOPIC-0388,游戏引擎反外挂系统/功能操作命令/MobFireBurn地图光环效果.htm,LFM2-2026-08-15-snapshot
LF-CMD-0262,动作,MONGEN,,MonGen 刷怪配置行 [触发标签] [变量条件],MonGen配置,定时刷怪定义及QFunction上下文,现有 TXT 来源未接入Mongen配置和触发映射,D,正文同时定义配置文件行条件和刷怪后RegMon变量触发,无新增客户端依赖,刷怪配置调度与QFunction入口,0,0,,Docs/design/scripting/翎风TXT脚本兼容差异说明.md,怪物系统与脚本运行时,2026-08-15,LF-TOPIC-0389,游戏引擎反外挂系统/功能操作命令/刷怪触发.htm,LFM2-2026-08-15-snapshot
LF-CMD-0263,动作,MONGENEX,,MONGENEX 地图 X Y 怪物 范围 数量 [颜色 内功 国家 友伤 互攻 可攻击 体型],NPC ACT,目标地图新怪物实例,现有 TXT 解释器未注册该动作,D,正文强制参数不可跨位留空并包含国家关系和体型扩展,怪物外观依赖现有客户端对象同步,怪物定义地图位置与阵营规则,0,0,,Docs/design/scripting/翎风TXT脚本兼容差异说明.md,怪物系统与脚本运行时,2026-08-15,LF-TOPIC-0248,游戏引擎反外挂系统/功能操作命令/脚本刷怪.htm,LFM2-2026-08-15-snapshot
LF-CMD-0264,动作,MOVEMONTOPOS,,MoveMonToPos 怪物 地图 旧X 旧Y 新X 新Y,NPC ACT,指定地图旧坐标匹配怪物,现有 TXT 解释器未注册该动作,D,正文未定义多怪物匹配及目标阻挡时行为,怪物移动依赖现有客户端对象同步,地图怪物索引与可行走坐标,0,0,,Docs/design/scripting/翎风TXT脚本兼容差异说明.md,怪物系统与脚本运行时,2026-08-15,LF-TOPIC-0449,游戏引擎反外挂系统/兼容HeroM2/功能操作命令/移动怪物到新坐标.htm,LFM2-2026-08-15-snapshot
LF-CMD-0265,动作,MOVR,,MOVR 变量 上界|下界 上界,NPC ACT,当前脚本数值变量,变量模块未注册该翎风随机赋值签名,D,正文单值生成0至上界内随机数且双值生成闭区间；边界需差分,无客户端依赖,脚本变量与随机源,0,0,,Docs/design/scripting/翎风TXT脚本兼容差异说明.md,变量模块与脚本运行时,2026-08-15,LF-TOPIC-0255,游戏引擎反外挂系统/功能操作命令/扩展Movr.htm,LFM2-2026-08-15-snapshot
LF-CMD-0266,动作,OPENAUTOPICKITEM,,OPENAUTOPICKITEM 类型 时间 范围 秒捡 捡丢弃 捡死亡 冷却 [入主人包],NPC ACT,当前玩家及宝宝自动拾取状态,NPCSegment参数保留与LingFengExternalDependencyManifest,C,E1保留七个官方参数且不创建假的拾取状态；范围扫描、归属和每刻预算等待领域适配,LingFeng/AutoPickItem领域契约在E2失败关闭,地面物品归属背包事务与调度,1,1,LingFengPlayerCommandTests.扩展界面与外部事务命令保留参数且不伪造服务端成功状态,Manual/Engine/docs/scripting/player-commands.md,物品系统与脚本运行时,2026-08-17,LF-TOPIC-0241,游戏引擎反外挂系统/功能操作命令/杀怪爆出物品自动范围内捡起.htm,LFM2-2026-08-15-snapshot
LF-CMD-0267,动作,OPENGAMESHOP,,OPENGAMESHOP,NPC ACT,当前玩家游戏商铺界面,现有 TXT 解释器未注册该动作,D,正文只定义打开窗口；需映射现有商城协议并验证权限,依赖现有客户端商城界面,商城配置与玩家会话,0,0,,Docs/design/scripting/翎风TXT脚本兼容差异说明.md,商城系统与客户端协议,2026-08-15,LF-TOPIC-0399,游戏引擎反外挂系统/兼容HeroM2/功能操作命令/打开游戏商铺.htm,LFM2-2026-08-15-snapshot
LF-CMD-0268,动作,OPENITEMBOXEX,,OPENITEMBOXEX 编号 回收标志 提示,NPC ACT,当前人物旧式物品交互框,NPCSegment参数保留与LingFengExternalDependencyManifest,C,E1校验1到1000编号、0或1回收标志并保留完整提示；不伪造S0/N0或物品放入结果,LingFeng/LegacyItemBox交互、GetBoxItem触发与回收事务在E2失败关闭,交互框物品、S0/N0与脚本快照,4,4,LingFengPlayerCommandTests.首饰盒状态保留参数且自定义框物品操作在无托管会话时阻止后续奖励,Manual/Engine/docs/scripting/player-commands.md,客户端协议与物品系统,2026-08-17,LF-TOPIC-0395,游戏引擎反外挂系统/兼容HeroM2/功能操作命令/拆解物品.htm,LFM2-2026-08-15-snapshot
LF-CMD-0269,动作,OPENMERCHANTBIGDLG,,OPENMERCHANTBIGDLG WIL 图片 [移动 位置 X Y 关闭按钮 按钮X 按钮Y 延续],NPC ACT,当前玩家NPC大对话框,src/Server/Server/MirObjects/NPC/NPCSegment.cs与共享LingFengDialog协议,C,从EffectImageList解析受控资源名；PC执行背景定位移动关闭按钮与延续并在缺资源时回落标准背景；移动端保留可操作标准NPC窗口,原翎风Pak需转换为同名Lib才能显示原背景；Android不渲染WIL原图,玩家NPC对话状态与客户端资源,0,0,LF-TXT-NPC-BIG-DIALOG,Manual/Engine/docs/scripting/npc-dialog-ui.md,NPC界面与客户端协议,2026-08-17,LF-TOPIC-0139,游戏引擎反外挂系统/功能操作命令/打开NPC大对话框[!].htm,LFM2-2026-08-15-snapshot
LF-CMD-0270,动作,OPENUPGRADEDLG,,OPENUPGRADEDLG 显示名称,NPC ACT,当前玩家单物品OK框,现有 TXT 解释器未注册该动作,D,正文确认后触发当前NPC的UpgradeDlgItem并以负1引用框内物品,依赖现有客户端物品交互框,临时框物品与NPC页面,0,0,,Docs/design/scripting/翎风TXT脚本兼容差异说明.md,NPC界面与物品系统,2026-08-15,LF-TOPIC-0140,游戏引擎反外挂系统/功能操作命令/打开OK对话框.html,LFM2-2026-08-15-snapshot
LF-CMD-0271,动作,OPENURL,,OpenUrl 网站,NPC ACT,当前玩家外部浏览器,不采纳脚本打开任意URL的原始语义,X,替代方案仅允许管理员配置的HTTPS域名白名单并提示用户确认,依赖客户端或系统浏览器启动能力,URL白名单与安全审计,0,0,,Docs/design/scripting/翎风TXT脚本兼容差异说明.md,安全与客户端协议,2026-08-15,LF-TOPIC-0308,游戏引擎反外挂系统/功能操作命令/使用外置默认浏览器打开网站.html,LFM2-2026-08-15-snapshot
LF-CMD-0272,动作,OPENUSERSHOP,,OPENUSERSHOP,NPC ACT,当前玩家个人商店界面,现有 TXT 解释器未注册该动作,D,正文只定义打开摆摊界面；需复用现有个人商店权限和状态校验,依赖现有客户端摆摊界面,玩家商店与地图限制,0,0,,Docs/design/scripting/翎风TXT脚本兼容差异说明.md,商店系统与客户端协议,2026-08-15,LF-TOPIC-0137,游戏引擎反外挂系统/功能操作命令/打开摆摊界面脚本命令.html,LFM2-2026-08-15-snapshot
LF-CMD-0273,动作,OPENWEBSITE,,OpenWebSite 网站,NPC ACT,当前玩家内置网站界面,不采纳脚本打开任意URL的原始语义,X,替代方案仅允许管理员配置的HTTPS域名白名单并使用受控浏览视图,依赖客户端浏览界面,URL白名单与安全审计,0,0,,Docs/design/scripting/翎风TXT脚本兼容差异说明.md,安全与客户端协议,2026-08-15,LF-TOPIC-0398,游戏引擎反外挂系统/兼容HeroM2/功能操作命令/打开网站地址.htm,LFM2-2026-08-15-snapshot
LF-CMD-0274,动作,PLAYEFFECT,M.PLAYEFFECT|PET.PLAYEFFECT,PLAYEFFECT 资源包 起图 张数 次数 速度 图层 [X Y 普通播放],NPC ACT,人物当前怪物目标或真实宠物,NPCSegment与LingFengMapEffect对象锚定协议,B,酷明命格M目标与封神法宝PET目标分别解析；服务端广播对象ID像素偏移与完整动画参数且MonoGame客户端随对象绘制,资源索引必须来自已发布EffectImageList且目标不存在时失败关闭,对象附着特效与客户端资源,15,15,LingFengPlayerCommandTests.命格与封神对象特效分别锚定当前怪物和真实宠物并保留像素偏移,Manual/Engine/docs/scripting/player-commands.md,战斗表现与客户端协议,2026-08-17,LF-TOPIC-0128,游戏引擎反外挂系统/功能操作命令/播放人物效果.html,LFM2-2026-08-15-snapshot
LF-CMD-0275,动作,PLAYMP3,,PlayMP3 URL|本地文件,NPC ACT,当前玩家音频播放,不采纳脚本播放任意网络音频URL的原始语义,X,替代方案仅允许发布清单内本地音频或HTTPS域名白名单并尊重静音设置,依赖客户端音频解码和资源下载,音频资源白名单与安全审计,0,0,,Docs/design/scripting/翎风TXT脚本兼容差异说明.md,安全与客户端音频,2026-08-15,LF-TOPIC-0129,游戏引擎反外挂系统/功能操作命令/播放网络MP3.htm,LFM2-2026-08-15-snapshot
LF-CMD-0276,动作,PLAYSOUND,,PLAYSOUND 文件 循环次数 播放模式,NPC ACT,自己全服同图或同屏受众音频,NPCSegment现实现只接受单个数值Sound ID,D,正文使用客户端文件路径并支持循环0无限及多受众；当前签名不兼容,依赖客户端音频资源和受众协议,音频资源与玩家集合,0,0,,Docs/design/scripting/翎风TXT脚本兼容差异说明.md,客户端音频与脚本运行时,2026-08-15,LF-TOPIC-0130,游戏引擎反外挂系统/功能操作命令/播放音乐.html,LFM2-2026-08-15-snapshot
LF-CMD-0277,动作,PLAYSOUNDEXT,,PLAYSOUNDEXT 文件 循环次数 播放模式,NPC ACT,指定受众的独占音频通道,NPCSegment参数保留与LingFengExternalDependencyManifest,C,E1保留音频路径、循环次数和播放模式且不误发旧PLAYSOUND包,LingFeng/ExtendedSound客户端独占音频协议在E2失败关闭,音频资源与玩家播放状态,1,1,LingFengPlayerCommandTests.扩展界面与外部事务命令保留参数且不伪造服务端成功状态,Manual/Engine/docs/scripting/player-commands.md,客户端音频与脚本运行时,2026-08-17,LF-TOPIC-0130,游戏引擎反外挂系统/功能操作命令/播放音乐.html,LFM2-2026-08-15-snapshot
LF-CMD-0278,动作,POSEHAVEMASTER,,POSEHAVEMASTER,NPC IF,当前玩家师徒身份,缺少可验证的师徒关系数据模型,E,正文检测自己是否是别人的徒弟,无新增客户端依赖,师徒关系持久数据,0,0,,Docs/design/scripting/翎风TXT脚本兼容差异说明.md,社会模型与脚本运行时,2026-08-15,LF-TOPIC-0234,游戏引擎反外挂系统/功能操作命令/检查自己是不是别人的徒弟.html,LFM2-2026-08-15-snapshot
LF-CMD-0279,动作,POSEHAVEPRENTICE,,POSEHAVEPRENTICE,NPC IF,当前玩家对面人物师徒身份,缺少师徒关系模型及稳定对面玩家上下文,E,正文检测对面人物是否有徒弟,无新增客户端依赖,师徒关系与交互目标,0,0,,Docs/design/scripting/翎风TXT脚本兼容差异说明.md,社会模型与脚本运行时,2026-08-15,LF-TOPIC-0223,游戏引擎反外挂系统/功能操作命令/检测对面的有没有徒弟.html,LFM2-2026-08-15-snapshot
LF-CMD-0280,动作,POWERRATE,,POWERRATE 百分倍率 时间 [保存] [静默] [目标类型],NPC ACT,当前玩家及其英雄攻击人物或怪物倍率,HumanObject独立倍率来源层与真实伤害链,B,倍率按脚本动作独立叠加和到期；目标类型0全目标、1人物、2怪物，保存层按绝对到期时间恢复，短效到期不清除长效或永久层,无新增客户端依赖,人物倍率来源层与角色变量持久化,3,3,LingFengPlayerCommandTests.命格倍率效果按来源独立到期且短效不清除长效与永久层;LingFengPlayerCommandTests.命格攻击暴击与杀怪爆率倍率经过真实伤害和掉落链,Manual/Engine/docs/scripting/player-commands.md,战斗系统与脚本运行时,2026-08-17,LF-TOPIC-0298,游戏引擎反外挂系统/功能操作命令/设置攻击力倍数[!].htm,LFM2-2026-08-15-snapshot
LF-CMD-0281,动作,PROTECTHP,,ProtectHP 检测血量 保留血量 时间 百分比,NPC ACT,当前玩家或英雄致死伤害前置阶段,现有 TXT 解释器未注册该动作和前置取消接缝,D,正文拦截一次致死伤害并触发ProtectHP或HeroProtectHP标签,无新增客户端依赖,伤害前置事件生命值与到期状态,0,0,,Docs/design/scripting/翎风TXT脚本兼容差异说明.md,战斗系统与触发运行时,2026-08-15,LF-TOPIC-0257,游戏引擎反外挂系统/功能操作命令/秒杀保护.htm,LFM2-2026-08-15-snapshot
LF-CMD-0282,动作,QUERYUSERSTATE,,QueryUserState 用户名|英雄名,NPC ACT,当前玩家查看在线目标装备,现有 TXT 解释器未注册该动作,D,正文仅在线目标成功且失败触发当前NPC的QueryUserStateFail,依赖现有客户端装备查看协议,在线角色装备与失败页面,0,0,,Docs/design/scripting/翎风TXT脚本兼容差异说明.md,人物系统与客户端协议,2026-08-15,LF-TOPIC-0132,游戏引擎反外挂系统/功能操作命令/在线查看他人装备.htm,LFM2-2026-08-15-snapshot
LF-CMD-0283,动作,QUERYUSERSTATEEX,,QueryUserStateEx 用户名|英雄名,NPC ACT,当前玩家查看在线或离线目标装备,现有 TXT 解释器未注册该动作,D,正文从持久化加载离线装备且用户不存在触发QueryUserStateExFail,依赖现有客户端装备查看协议,角色装备持久化与失败页面,0,0,,Docs/design/scripting/翎风TXT脚本兼容差异说明.md,人物系统与客户端协议,2026-08-15,LF-TOPIC-0132,游戏引擎反外挂系统/功能操作命令/在线查看他人装备.htm,LFM2-2026-08-15-snapshot
LF-CMD-0284,动作,RANDOMKILLMON,,RandomKillMon 地图|SELF 怪物 数量 [禁止掉落],NPC ACT,指定地图随机匹配怪物,现有 TXT 解释器未注册该动作,D,正文数量1至255且末参0或空掉落而1不爆；选择需使用服务端随机源,怪物死亡依赖现有客户端同步,地图怪物集合与掉落规则,0,0,,Docs/design/scripting/翎风TXT脚本兼容差异说明.md,地图怪物系统与脚本运行时,2026-08-15,LF-TOPIC-0431,游戏引擎反外挂系统/兼容HeroM2/功能操作命令/杀死地图中的怪物.htm,LFM2-2026-08-15-snapshot
LF-CMD-0285,动作,RANDOMSPLIT,,RandomSplit 加权字符串 返回模式 结果变量 [剩余模式 剩余变量],NPC ACT,当前脚本加权候选与变量,变量模块未注册该加权抽取命令,D,正文权重总和为分母且可返回值权重或组合并输出未选集合,无客户端依赖,脚本字符串变量与随机源,0,0,,Docs/design/scripting/翎风TXT脚本兼容差异说明.md,变量模块与脚本运行时,2026-08-15,LF-TOPIC-0117,游戏引擎反外挂系统/功能操作命令/按给定概率随机获取分割后的字符串.htm,LFM2-2026-08-15-snapshot
LF-CMD-0286,动作,RANGEHARM,,RangeHarm X Y 范围 伤害 效果 效果值 [抗性 目标 WIL 起图 张数 速度 透明 物理],NPC ACT,当前地图范围内人物和怪物,现有 TXT 解释器未注册该多效果动作,D,正文定义16种附加效果及目标筛选和物理魔法防御分支,可选WIL效果依赖客户端资源协议,范围目标伤害状态与效果资源,0,0,,Docs/design/scripting/翎风TXT脚本兼容差异说明.md,战斗系统与客户端协议,2026-08-15,LF-TOPIC-0357,游戏引擎反外挂系统/功能操作命令/增加附加伤害效果.html,LFM2-2026-08-15-snapshot
LF-CMD-0287,动作,REALIVE,,REALIVE,NPC ACT,当前死亡玩家,现有 TXT 解释器未注册该动作,D,正文未说明复活生命比例位置和死亡状态前置条件需差分,复活结果依赖现有客户端状态同步,玩家死亡状态生命与位置,0,0,,Docs/design/scripting/翎风TXT脚本兼容差异说明.md,人物战斗系统与脚本运行时,2026-08-15,LF-TOPIC-0179,游戏引擎反外挂系统/功能操作命令/复活人物.html,LFM2-2026-08-15-snapshot
LF-CMD-0288,动作,RECALCMONABILITY,,RECALCMONABILITY 地图|SELF 怪物|* [X Y 范围],NPC ACT,指定地图范围匹配的存活怪物,NPCSegment筛选快照并调用MonsterObject.RefreshAll,B,全图、坐标点和半径范围均按官方语义重算ChangeMonAbility来源层；单次最多处理2048个稳定ObjectID顺序目标,沿用怪物属性刷新与客户端同步,地图怪物快照与独立属性来源层,1,1,LingFengPlayerCommandTests.酷明脱战触发按地图怪物名恢复最大当前生命与攻击上下限,Manual/Engine/docs/scripting/player-commands.md,怪物系统与脚本运行时,2026-08-17,LF-TOPIC-0333,游戏引擎反外挂系统/功能操作命令/修改地图内怪物属性.html,LFM2-2026-08-15-snapshot
LF-CMD-0289,动作,RECALLMOB,,RECALLMOB 怪物 等级 叛变分钟 [变色 颜色 所属技能 数量],NPC ACT,当前玩家新召唤宝宝,现有 TXT 解释器未注册该动作,D,正文等级最高7并定义颜色与所属技能分类及数量,宝宝出现依赖现有客户端对象同步,怪物定义宝宝归属与叛变调度,0,0,,Docs/design/scripting/翎风TXT脚本兼容差异说明.md,宝宝系统与脚本运行时,2026-08-15,LF-TOPIC-0365,游戏引擎反外挂系统/功能操作命令/召唤指定怪物为宝宝.htm,LFM2-2026-08-15-snapshot
LF-CMD-0290,动作,RECALLSELF,,RecallSelf 时间 数量 属性百分比 [颜色 衣服 武器 X Y],NPC ACT,当前玩家新召唤分身,MonsterObject分身快照与NPCSegment,C,酷明命格零外观用法完整支持属性继承与到期；非零身体衣服武器外观因客户端协议缺失失败关闭,非零外观依赖缺失的分身客户端协议,玩家属性快照与CloneName怪物定义,2,2,LingFengPlayerCommandTests.命格召之即来按人物名设置分身对人物伤害倍率,Manual/Engine/docs/scripting/player-commands.md,分身系统与脚本运行时,2026-08-17,LF-TOPIC-0454,游戏引擎反外挂系统/兼容HeroM2/功能操作命令/召唤自己的分身.htm,LFM2-2026-08-15-snapshot
LF-CMD-0291,动作,RECLAIMITEM,,RECLAIMITEM,NPC ACT,当前玩家OK框暂存物品,src/Server/Server/MirObjects/NPC/NPCSegment.cs,C,无参数语法和幂等执行已接入；当前无OPENITEMBOXEX托管会话时不复制不删除背包物品,完整退回依赖尚未接入的客户端物品交互框,临时物品托管与背包事务,26,26,LF-TXT-PLAYER-ITEM,Manual/Engine/docs/scripting/player-commands.md,物品系统与客户端协议,2026-08-17,LF-TOPIC-0176,游戏引擎反外挂系统/功能操作命令/返回OK框中的物品.html,LFM2-2026-08-15-snapshot
LF-CMD-0292,动作,RECTMAPEFFECT,,RectMapEffect 地图 X Y 宽 高 光圈 时间,NPC ACT,地图矩形区域边界视觉效果,缺少翎风光圈类型与区域渲染协议,E,正文时间0永久且用于活动范围显示,缺少对应客户端光圈资源和协议,地图区域效果与生命周期,0,0,,Docs/design/scripting/翎风TXT脚本兼容差异说明.md,客户端协议与地图系统,2026-08-15,LF-TOPIC-0143,游戏引擎反外挂系统/功能操作命令/调用安全区特效命令.html,LFM2-2026-08-15-snapshot
LF-CMD-0293,动作,REMOVELISTBYCONTENT,,RemoveListByContent 数组变量 内容 [区分大小写],NPC ACT,当前脚本列表变量,NPCSegment已路由到RemoveListByContent,D,正文删除全部匹配而DEC只删首个；实现存在但缺完整黄金测试,无客户端依赖,脚本列表变量,0,0,,Docs/design/scripting/翎风TXT脚本兼容差异说明.md,变量模块与脚本运行时,2026-08-15,LF-TOPIC-0172,游戏引擎反外挂系统/功能操作命令/元素变量.html,LFM2-2026-08-15-snapshot
LF-CMD-0294,动作,REMOVELISTBYINDEX,,RemoveListByIndex 数组变量 下标,NPC ACT,当前脚本列表变量,NPCSegment已路由到RemoveListByIndex,D,正文支持正下标从前和负下标从后；实现存在但缺完整黄金测试,无客户端依赖,脚本列表变量,0,0,,Docs/design/scripting/翎风TXT脚本兼容差异说明.md,变量模块与脚本运行时,2026-08-15,LF-TOPIC-0172,游戏引擎反外挂系统/功能操作命令/元素变量.html,LFM2-2026-08-15-snapshot
LF-CMD-0295,动作,REPAIRALL,ACTREPAIRALL,REPAIRALL,NPC ACT,当前玩家可修理装备,NPCSegment与PlayerObject装备特修链,B,两个命令名路由到同一可特修装备动作，不可特修物品保持原耐久；酷明实际2处REPAIRALL与1处ACTREPAIRALL,物品持久刷新依赖现有客户端同步,装备持久修理规则与金币事务,3,3,LingFengPlayerCommandTests.命格一键特修只恢复允许特修的装备,Manual/Engine/docs/scripting/player-commands.md,物品经济系统与脚本运行时,2026-08-17,LF-TOPIC-0314,游戏引擎反外挂系统/功能操作命令/特修装备[!].htm,LFM2-2026-08-15-snapshot
LF-CMD-0296,动作,REPLACELISTBYCONTENT,,ReplaceListByContent 数组变量 旧值 新值 [区分大小写],NPC ACT,当前脚本列表变量,变量模块未注册该按内容替换命令,D,正文替换所有匹配内容并可控制大小写,无客户端依赖,脚本列表变量,0,0,,Docs/design/scripting/翎风TXT脚本兼容差异说明.md,变量模块与脚本运行时,2026-08-15,LF-TOPIC-0172,游戏引擎反外挂系统/功能操作命令/元素变量.html,LFM2-2026-08-15-snapshot
LF-CMD-0297,动作,REPLACELISTBYINDEX,,ReplaceListByIndex 数组变量 新值 下标,NPC ACT,当前脚本列表变量,NPCSegment已路由到索引MOV操作,D,正文等价于MOV 数组下标且需支持负下标；缺完整黄金测试,无客户端依赖,脚本列表变量,0,0,,Docs/design/scripting/翎风TXT脚本兼容差异说明.md,变量模块与脚本运行时,2026-08-15,LF-TOPIC-0172,游戏引擎反外挂系统/功能操作命令/元素变量.html,LFM2-2026-08-15-snapshot
LF-CMD-0298,动作,REVERSELIST,,ReverseList 源数组 目标变量,NPC ACT,当前脚本源列表与目标变量,NPCSegment已路由到ReverseList操作,D,正文允许源和目标相同；实现存在但缺完整黄金测试,无客户端依赖,脚本列表变量,0,0,,Docs/design/scripting/翎风TXT脚本兼容差异说明.md,变量模块与脚本运行时,2026-08-15,LF-TOPIC-0172,游戏引擎反外挂系统/功能操作命令/元素变量.html,LFM2-2026-08-15-snapshot
LF-CMD-0299,动作,SCREENEFFECT,,SCREENEFFECT X Y WIL 起图 张数 次数 速度 效果 模式 图层,NPC ACT,自己或全服屏幕坐标视觉效果,缺少翎风WIL屏幕效果和对话框图层协议,E,正文还定义按完整参数停止及清空全部效果,缺少WIL资源表和等价客户端渲染协议,玩家屏幕效果实例与生命周期,0,0,,Docs/design/scripting/翎风TXT脚本兼容差异说明.md,客户端协议与脚本运行时,2026-08-15,LF-TOPIC-0350,游戏引擎反外挂系统/功能操作命令/在屏幕上播放魔法效果[!].htm,LFM2-2026-08-15-snapshot
LF-CMD-0300,动作,SELFMAPEFFECT,,SelfMapEffect 地图 X Y WIL 起图 张数 次数 速度 效果 亮度 [ID],NPC ACT,仅当前玩家可见的地图坐标效果,缺少翎风WIL私有地图效果协议,E,正文支持无限播放同ID多实例和按参数停止,缺少WIL资源表和私有地图效果协议,玩家私有地图效果实例,0,0,,Docs/design/scripting/翎风TXT脚本兼容差异说明.md,客户端协议与地图系统,2026-08-15,LF-TOPIC-0127,游戏引擎反外挂系统/功能操作命令/给自己播放地图魔法特效.html,LFM2-2026-08-15-snapshot
LF-CMD-0301,动作,SENDCENTERMSG,M.SENDCENTERMSG,SendCenterMsg 前景 背景 文本 模式 [时间 标签 替换 X],NPC ACT,自己全服行会当前地图或当前人物目标,NPCSegment公告降级与LingFengSendCurrentTargetMessage,C,当前以可读Announcement消息保留受众语义；尚未实现居中布局、前景背景色、倒计时替换及到期QFunction回调,翎风专用居中公告和倒计时协议待E2,消息受众、伤害事件目标与延时脚本调用,6,6,LingFengPlayerCommandTests.命格伤害事件可把中心提示定向发送给当前人物目标,Manual/Engine/docs/scripting/player-commands.md,客户端协议与脚本运行时,2026-08-17,LF-TOPIC-0174；LF-TOPIC-0423,游戏引擎反外挂系统/功能操作命令/发送屏幕中间大字体信息[!].htm；游戏引擎反外挂系统/兼容HeroM2/功能操作命令/屏幕中间显示公告.htm,LFM2-2026-08-15-snapshot
LF-CMD-0302,动作,SENDCLIENTTITLEMSG,,SendClientTitleMsg 文本,NPC ACT,当前玩家游戏窗口标题,缺少跨平台可验证的窗口标题公告协议,E,正文把脚本文本设置到客户端窗口标题,PC和MonoGame均缺少统一窗口标题能力,玩家客户端窗口状态,0,0,,Docs/design/scripting/翎风TXT脚本兼容差异说明.md,客户端协议与脚本运行时,2026-08-15,LF-TOPIC-0346,游戏引擎反外挂系统/功能操作命令/窗口公告.html,LFM2-2026-08-15-snapshot
LF-CMD-0303,动作,SENDDELAYMSG,,SENDDELAYMSG 文本 时间 颜色 换图删除 标签 [X],NPC ACT,当前玩家倒计时提示与当前脚本,NPCSegment与LingFengDelayedMessage延迟动作,C,酷明四处副本推进写法已按原脚本ID到期派发且换图取消；当前提示降级为中心公告,精确字体颜色逐秒倒计时与X坐标依赖客户端提示协议,玩家延时任务与脚本页面,4,4,LingFengPlayerCommandTests.酷明副本倒计时到期执行原脚本标签且换图取消不误触发,Manual/Engine/docs/scripting/player-commands.md,控制流与客户端协议,2026-08-17,LF-TOPIC-0326,游戏引擎反外挂系统/功能操作命令/显示倒计时信息提示.html,LFM2-2026-08-15-snapshot
LF-CMD-0304,动作,SENDMOVEMSG,,SENDMOVEMSG 类型 前景 背景 Y 次数 文本 字号 速度 范围,NPC ACT,全服个人组队行会或同图滚动公告,缺少翎风滚动公告布局和受众协议,E,正文定义0至7受众及范围过滤和彩色内嵌标记,缺少等价滚动消息客户端实现,消息受众布局与颜色字段,0,0,,Docs/design/scripting/翎风TXT脚本兼容差异说明.md,客户端协议与消息系统,2026-08-15,LF-TOPIC-0173,游戏引擎反外挂系统/功能操作命令/发送屏幕滚动信息.html,LFM2-2026-08-15-snapshot
LF-CMD-0305,动作,SENDMSG,,SENDMSG 类型 文本 [前景 背景],NPC ACT,广播个人或对象头顶消息,src/Server/Server/MirObjects/NPC/NPCSegment.cs,C,类型0至3按全服聊天类型派发且受类型3过滤；5至7发送当前人物；类型4和8及专用颜色头顶布局未接入,颜色与头顶布局依赖专用客户端协议,消息受众聊天类型与人物过滤位,0,0,LFENV-FILTERGLOBALMSG,Manual/Engine/docs/scripting/player-commands.md,消息系统与脚本运行时,2026-08-17,LF-TOPIC-0175,游戏引擎反外挂系统/功能操作命令/发送文字信息.htm,LFM2-2026-08-15-snapshot
LF-CMD-0306,动作,SETAUTOGETEXP,,SETAUTOGETEXP 间隔 经验 安全区 地图 英雄 聚灵珠 时间 等级上限,NPC ACT,当前玩家周期经验任务,现有 TXT 解释器未注册该动作,D,正文按地图安全区等级条件周期发经验并可分配英雄和聚灵珠,无新增客户端依赖,玩家经验定时任务与地图条件,0,0,,Docs/design/scripting/翎风TXT脚本兼容差异说明.md,经验系统与脚本运行时,2026-08-15,LF-TOPIC-0354,游戏引擎反外挂系统/功能操作命令/在线泡经验.htm,LFM2-2026-08-15-snapshot
LF-CMD-0307,动作,SETBLASTHITRATE,,SETBLASTHITRATE 百分比 时间,NPC ACT,当前玩家及其英雄的暴击伤害倍率,HumanObject独立暴击倍率来源层与真实伤害链,B,120表示暴击结算结果乘1.2倍；时间0在线永久；每个脚本动作独立到期且不覆盖其他属性来源,无新增客户端依赖,人物暴击倍率来源层,3,3,LingFengPlayerCommandTests.命格攻击暴击与杀怪爆率倍率经过真实伤害和掉落链,Manual/Engine/docs/scripting/player-commands.md,战斗系统与脚本运行时,2026-08-17,LF-TOPIC-0145,游戏引擎反外挂系统/功能操作命令/设置调整暴击威力命令.html,LFM2-2026-08-15-snapshot
LF-CMD-0308,动作,SETGUILDMASTER,,SetGuildMaster 1|2,NPC ACT,当前玩家所在行会职位,现有 TXT 解释器未注册该动作,D,正文1设正会长且2设副会长并在已是会长时无效；需原子转移职位,无新增客户端依赖,行会职位唯一性与持久化,0,0,,Docs/design/scripting/翎风TXT脚本兼容差异说明.md,行会系统与脚本运行时,2026-08-15,LF-TOPIC-0318,游戏引擎反外挂系统/功能操作命令/替换行会掌门.htm,LFM2-2026-08-15-snapshot
LF-CMD-0309,动作,SETHEROSUCKDAMAGE,,SetHeroSuckDamage 操作符 总吸收 吸收比例 成功率,NPC ACT,当前玩家英雄伤害吸收池,现有 TXT 解释器未注册该动作,D,正文比例1等于0.1%且总值负1仅允许等号表示无限,无新增客户端依赖,英雄吸收池比例与战斗结算,0,0,,Docs/design/scripting/翎风TXT脚本兼容差异说明.md,英雄战斗系统与脚本运行时,2026-08-15,LF-TOPIC-0437,游戏引擎反外挂系统/兼容HeroM2/功能操作命令/设置英雄伤害吸收.htm,LFM2-2026-08-15-snapshot
LF-CMD-0310,动作,SETHUMATTACKMODE,,SetHumAttackMode 模式0至7 时间 [地图|*],NPC ACT,当前玩家临时攻击模式,PlayerObject强制攻击模式状态与NPCSegment,C,酷明6处模式5均强制为全体并在到期恢复原模式；重触发延长自身而不覆盖恢复基线；现有领域仅定义模式0至5，官方6至7未接入,攻击模式显示复用ChangeAMode协议,玩家攻击模式与到期任务,6,6,LingFengPlayerCommandTests.神秘战场强制全体攻击模式到期恢复原模式且重触发不覆盖基线,Manual/Engine/docs/scripting/player-commands.md,战斗系统与脚本运行时,2026-08-17,LF-TOPIC-0424,游戏引擎反外挂系统/兼容HeroM2/功能操作命令/强制攻击模式.htm,LFM2-2026-08-15-snapshot
LF-CMD-0311,动作,SETIGNORETARGETDEFENSE,,SetIgnoreTargetDefense 类型 值 时间,NPC ACT,当前玩家忽视目标防御与魔御效果,现有 TXT 解释器未注册该动作,D,正文类型0百分比且1固定值并先于元素忽防计算,无新增客户端依赖,战斗防御结算与到期状态,0,0,,Docs/design/scripting/翎风TXT脚本兼容差异说明.md,战斗系统与脚本运行时,2026-08-15,LF-TOPIC-0197,游戏引擎反外挂系统/功能操作命令/忽视目标防御.htm,LFM2-2026-08-15-snapshot
LF-CMD-0312,动作,SETITEMEFFECT,,SETITEMEFFECT 位置 特效编号 [特效槽],NPC ACT,玩家或英雄装备及交互框物品,缺少翎风0至50000特效表和三槽显示协议,E,正文编号0清除并覆盖扩展装备槽和自定义框,缺少对应客户端特效资源和协议,物品特效槽与持久化,0,0,,Docs/design/scripting/翎风TXT脚本兼容差异说明.md,物品模型与客户端协议,2026-08-15,LF-TOPIC-0307,游戏引擎反外挂系统/功能操作命令/设置装备发光特效.html,LFM2-2026-08-15-snapshot
LF-CMD-0313,动作,SETITEMSLIGHT,,SetItemsLight 位置 效果0至2,NPC ACT,当前玩家指定首饰装备,缺少翎风首饰发光WZL资源映射,E,正文衣服武器头盔不支持且扩展资源按20帧分组,缺少对应客户端发光资源,物品发光状态与持久化,0,0,,Docs/design/scripting/翎风TXT脚本兼容差异说明.md,物品模型与客户端协议,2026-08-15,LF-TOPIC-0439,游戏引擎反外挂系统/兼容HeroM2/功能操作命令/设置装备发光.htm,LFM2-2026-08-15-snapshot
LF-CMD-0314,动作,SETITEMSTATE,,SetItemState 位置 项目0至7 状态0|1,NPC ACT,指定装备或OK框物品限制状态,NPCSegment与UserItem限制状态,B,项目0至6复用真实BindMode且项目7独立持久并在脱装备入口阻断；三参数写法兼容旧人物绑定语义,现有RefreshItem同步,物品实例限制位人物绑定与自定义版本6,816,816,LingFengPlayerCommandTests.翎风自定义装备属性经真实命令生效刷新并完成共享二进制往返,Manual/Engine/docs/scripting/player-commands.md,物品系统与脚本运行时,2026-08-17,LF-TOPIC-0438,游戏引擎反外挂系统/兼容HeroM2/功能操作命令/设置装备绑定状态.htm,LFM2-2026-08-15-snapshot
LF-CMD-0315,动作,SETMEMBERLEVEL,,"SETMEMBERLEVEL 操作符(=|+|-) 等级",NPC ACT,当前玩家会员等级,缺少与翎风1至65535会员等级一致的数据模型,E,正文三态调整并需要持久化和下溢边界,无新增客户端依赖,玩家会员等级持久字段,0,0,,Docs/design/scripting/翎风TXT脚本兼容差异说明.md,会员模型与脚本运行时,2026-08-15,LF-TOPIC-0154,游戏引擎反外挂系统/功能操作命令/调整人物会员等级.htm,LFM2-2026-08-15-snapshot
LF-CMD-0316,动作,SETMEMBERTYPE,,"SETMEMBERTYPE 操作符(=|+|-) 类型",NPC ACT,当前玩家会员类型,缺少与翎风1至65535会员类型一致的数据模型,E,正文三态调整并需要持久化和下溢边界,无新增客户端依赖,玩家会员类型持久字段,0,0,,Docs/design/scripting/翎风TXT脚本兼容差异说明.md,会员模型与脚本运行时,2026-08-15,LF-TOPIC-0155,游戏引擎反外挂系统/功能操作命令/调整人物会员类型.htm,LFM2-2026-08-15-snapshot
LF-CMD-0317,动作,SETMINIMAPRANGE,,SetMiniMapRange 地图 点类型 坐标 半径 填色 色号 边界 时间,NPC ACT,指定地图玩家小地图安全区域,缺少多边形缩圈填色和边界客户端协议,E,正文支持自定义连续点正方形菱形及内外填色和计时边界,缺少等价小地图区域渲染协议,地图区域定义与生命周期,0,0,,Docs/design/scripting/翎风TXT脚本兼容差异说明.md,客户端协议与地图系统,2026-08-15,LF-TOPIC-0142,游戏引擎反外挂系统/功能操作命令/吃鸡.html,LFM2-2026-08-15-snapshot
LF-CMD-0318,动作,SETNEWITEMVALUE,,SetNewItemValue 位置 属性0至25 操作符 值,NPC ACT,玩家或英雄装备及OK框物品,当前物品模型缺少与正文编号完整一致的26项元素属性,E,正文部分属性范围至1000且英雄页面仅列0至10需按对象区分,部分元素显示依赖客户端协议,物品实例元素属性与持久化,0,0,,Docs/design/scripting/翎风TXT脚本兼容差异说明.md,物品模型与客户端协议,2026-08-15,LF-TOPIC-0163,游戏引擎反外挂系统/功能操作命令/调整物品新增属性.html,LFM2-2026-08-15-snapshot
LF-CMD-0319,动作,SETNEWITEMVALUEEX,,SETNEWITEMVALUEEX 装备位置 属性 +|-|= 数值 秒数,NPC ACT,当前人物指定已穿戴装备与人物临时隐藏属性层,NPCSegment装备位置校验与HumanObject独立新属性来源层,C,每个脚本动作是独立来源；10秒层到期只移除自身且不覆盖30秒层或长期层；当前属性12装备防爆等待死亡掉落领域接入,无新增客户端依赖,已穿戴装备身份与人物临时属性来源层,4,4,LingFengPlayerCommandTests.装备临时隐藏属性三十秒与十秒效果按动作来源独立到期,Manual/Engine/docs/scripting/player-commands.md,装备与战斗属性运行时,2026-08-17,LF-TOPIC-0164,游戏引擎反外挂系统/功能操作命令/调整物品新增属性扩展.html,LFM2-2026-08-15-snapshot
LF-CMD-0320,动作,SETNEXTDAMAGE,,SetNextDamage 参数1,NPC命令段,当前玩家下一次已完成攻击,无精确命令或下一击伤害覆写状态,D,正文要求按百分比修改下一次攻击伤害并支持目标前缀且仅消费一次,现有战斗客户端消息,攻击结算管线与一次性玩家状态,0,0,,Docs/design/scripting/翎风TXT脚本兼容差异说明.md,战斗与脚本运行时,2026-08-15,LF-TOPIC-0167,游戏引擎反外挂系统/功能操作命令/调整修改下次攻击伤害比例.html,LFM2-2026-08-15-snapshot
LF-CMD-0321,动作,SETOFFLINEPLAY,,SETOFFLINEPLAY ON|OFF,NPC ACT,当前玩家离线挂机生命周期,NPCSegment参数保留与LingFengExternalDependencyManifest,C,E1保留开关参数且不伪造离线人物或断线状态,LingFeng/OfflinePlay领域契约在E2失败关闭,玩家会话状态与离线生命周期,1,1,LingFengPlayerCommandTests.扩展界面与外部事务命令保留参数且不伪造服务端成功状态,Manual/Engine/docs/scripting/player-commands.md,玩家生命周期与脚本运行时,2026-08-17,LF-TOPIC-0301,游戏引擎反外挂系统/功能操作命令/设置离线挂机.htm,LFM2-2026-08-15-snapshot
LF-CMD-0322,动作,SETONTIMER,,SETONTIMER 定时器索引(0-255) 定时间隔（单位为秒） 执行次数（留空或0为无限制）,NPC命令段,当前玩家个人秒级定时器,PlayerObject个人定时表与QManage系统页派发,B,同号重设、可选次数、主线程周期派发与不补发积压轮次已接入,无新增客户端依赖,玩家定时器表与QManage入口及执行预算,17,17,LingFengPlayerCommandTests.翎风个人定时器按间隔派发QManage且关闭后不再执行,Manual/Engine/docs/scripting/player-commands.md,脚本调度器,2026-08-17,LF-TOPIC-0186,游戏引擎反外挂系统/功能操作命令/个人定时器.htm,LFM2-2026-08-15-snapshot
LF-CMD-0323,动作,SETONTIMEREX,,SETONTIMEREX 定时器索引(0-9) 定时间隔（单位为毫秒）执行次数（留空为无限制执行，需使用停止定时器方可关闭，填写3为执行3次后自动关闭定时器）,NPC命令段,当前玩家个人毫秒定时器,无OnTimerEx索引回调与毫秒调度契约,D,正文要求0到9索引及毫秒间隔并触发QManage的OnTimerEx标签且文档提示约250毫秒精度,无新增客户端依赖,高频调度器与玩家定时器表及执行预算,0,0,,Docs/design/scripting/翎风TXT脚本兼容差异说明.md,脚本调度器,2026-08-15,LF-TOPIC-0196,游戏引擎反外挂系统/功能操作命令/毫秒级个人定时器.htm,LFM2-2026-08-15-snapshot
LF-CMD-0324,动作,SETRANDOMNO,,setrandomno 参数(0或空:全数字;1:数字+小写字母;2:数字+大写字母;3:数字+小写字母+大写字母）,NPC命令段,当前玩家验证码会话,无精确命令及CheckRandomNo配套校验,D,正文定义四种字符集并要求后续CheckRandomNo核验,现有NPC对话输入协议,安全随机源与一次性验证码及过期状态,0,0,,Docs/design/scripting/翎风TXT脚本兼容差异说明.md,安全与脚本运行时,2026-08-15,LF-TOPIC-0441,游戏引擎反外挂系统/兼容HeroM2/功能操作命令/随机验证码.htm,LFM2-2026-08-15-snapshot
LF-CMD-0325,动作,SETRANKLEVELNAME,,SETRANKLEVELNAME %s称号,NPC ACT,当前玩家等级称号显示,NPCSegment参数保留与LingFengExternalDependencyManifest,C,E1保留完整称号格式文本且不写入名称颜色或普通称号模型,LingFeng/RankLevelName客户端称号协议在E2失败关闭,称号配置与玩家显示状态,1,1,LingFengPlayerCommandTests.扩展界面与外部事务命令保留参数且不伪造服务端成功状态,Manual/Engine/docs/scripting/player-commands.md,客户端协议与玩家模型,2026-08-17,LF-TOPIC-0133,游戏引擎反外挂系统/功能操作命令/称号系统.htm,LFM2-2026-08-15-snapshot
LF-CMD-0326,动作,SETSHADOWSHOW,,SetShadowShow 开启/关闭(1:开;0:关) 开启时间(单位:秒；为0时表示在线一直生效),NPC命令段,当前玩家幻影移动效果,无精确命令且缺少对应客户端效果协议,E,正文要求开关幻影移动并支持在线永久或限时,需要新增兼容客户端幻影效果,玩家限时效果状态,0,0,,Docs/design/scripting/翎风TXT脚本兼容差异说明.md,客户端协议与脚本运行时,2026-08-15,LF-TOPIC-0253,游戏引擎反外挂系统/功能操作命令/开启幻影移动.htm,LFM2-2026-08-15-snapshot
LF-CMD-0327,动作,SETSHOPITEMPRICERATE,,SetShopItemPriceRate 比例(1-100),NPC命令段,当前玩家下一次商铺购买结算,无精确命令或临时商店价格倍率,D,正文要求1到100百分比并仅作用于符合条件的商铺物品,现有商店客户端消息,服务端价格结算与玩家临时倍率,0,0,,Docs/design/scripting/翎风TXT脚本兼容差异说明.md,交易与脚本运行时,2026-08-15,LF-TOPIC-0435,游戏引擎反外挂系统/兼容HeroM2/功能操作命令/设置人物商铺购买价格比例.htm,LFM2-2026-08-15-snapshot
LF-CMD-0328,动作,SETSKILL58ATTACKCOUNT,,H.SetSkill58AttackCount 伤害次数(1-5) | SetSkill58AttackCount 伤害次数(1-5),NPC命令段,当前玩家或英雄的流星火雨伤害次数,无精确命令或技能58个体覆写,D,正文限定1到5次且同时受引擎全局最大次数约束,现有技能客户端消息,玩家或英雄技能覆写与全局技能配置,0,0,,Docs/design/scripting/翎风TXT脚本兼容差异说明.md,战斗与脚本运行时,2026-08-15,LF-TOPIC-0152,游戏引擎反外挂系统/功能操作命令/调整流星火雨伤害次数.html,LFM2-2026-08-15-snapshot
LF-CMD-0329,动作,SETSKILLPOWER,,SetSkillPower 技能ID +/-/= 人物伤害增加%（-32768 .. 32767） 人物伤害增加值（-32768 .. 32767） 怪物伤害增加%（-32768 .. 32767） 怪物伤害增加值（-32768 .. 32767） 防御增加%（-32768 .. 32767） 防御增加值（-32768 .. 32767） 时间(秒; 0-65535;0一直有效) 是否保存数据库(0:不存；1：存）,NPC命令段,当前玩家指定技能的伤害与防御修正,逐技能六维状态、真实施法伤害链和人物变量持久化,B,加减赋值、限时覆盖和持久恢复已按人物、怪物及防御分流,现有技能客户端消息,无,40,40,LingFengPlayerCommandTests.翎风逐技能威力区分人物怪物和防御并从人物持久变量恢复;LingFengPlayerCommandTests.命格重燃战火按当前技能三级免蓝免冷却重新施放且不递归,Manual/Engine/docs/scripting/player-commands.md,战斗与数据持久化,2026-08-17,LF-TOPIC-0299,游戏引擎反外挂系统/功能操作命令/设置技能伤害和防御.html,LFM2-2026-08-15-snapshot
LF-CMD-0330,动作,SETSPACEMOTAEBO,,SetSpaceMotaebo 时间(-1:关;0:在线一直有效;>0:秒),NPC命令段,当前玩家隔位野蛮冲撞状态,无精确命令或个体隔位冲撞覆写,D,正文定义负一关闭零为在线永久正数为秒且受全局选项约束,现有移动与技能客户端消息,玩家限时技能状态与全局技能配置,0,0,,Docs/design/scripting/翎风TXT脚本兼容差异说明.md,战斗与脚本运行时,2026-08-15,LF-TOPIC-0185,游戏引擎反外挂系统/功能操作命令/隔位野蛮冲撞.html,LFM2-2026-08-15-snapshot
LF-CMD-0331,动作,SETSTRINGBLANK,,"SetStringBlank 变量(S,A) 长度 格式(0, 1)",NPC命令段,S或A字符串变量,NPCSegment与TxtScriptSnapshotValidator,B,按CP936字节宽度前后补空格且不截断；兼容53根生产语料的110至170长度并以1024为安全硬上限,无新增客户端依赖,脚本字符串变量与CP936字节长度规则,4154,4154,LingFengPlayerCommandTests.翎风扩展字符串分隔按起始变量连续写入并返回分段数,Manual/Engine/docs/scripting/player-commands.md,变量系统与脚本运行时,2026-08-17,LF-TOPIC-0414,游戏引擎反外挂系统/兼容HeroM2/功能操作命令/给字符串增加空格.html,LFM2-2026-08-15-snapshot
LF-CMD-0332,动作,SETSUCKDAMAGE,,SetSuckDamage 操作符(+ - =) 总吸收值(1-2000000000),NPC命令段,当前玩家伤害吸收池,无精确命令或吸收池状态,D,正文还定义吸收比例千分之一单位及成功率并允许赋值负一无限且登出不保存,现有战斗客户端消息,玩家临时吸收池与战斗结算,0,0,,Docs/design/scripting/翎风TXT脚本兼容差异说明.md,战斗与脚本运行时,2026-08-15,LF-TOPIC-0434,游戏引擎反外挂系统/兼容HeroM2/功能操作命令/设置人物伤害吸收.htm,LFM2-2026-08-15-snapshot
LF-CMD-0333,动作,SETTEMPDBMODE,,SetTempDBMode 开/关(0：关；非0:开）,NPC命令段,当前玩家临时数据库会话,无精确命令或隔离快照事务,D,正文要求开启后停止数据库保存并限制改名仓库拍卖商店且关闭时可回滚或提交,现有登录与交易协议,玩家数据快照与会话隔离及原子提交,0,0,,Docs/design/scripting/翎风TXT脚本兼容差异说明.md,数据持久化与玩家生命周期,2026-08-15,LF-TOPIC-0278,游戏引擎反外挂系统/功能操作命令/临时数据.html,LFM2-2026-08-15-snapshot
LF-CMD-0334,动作,SETUPGRADEFAIL,,SetUpgradeFail,QFunction物品升级触发,当前玩家与升级物品,无ItemUpgrade前置取消Hook或精确命令,D,正文限定在QFunction的ItemUpgrade触发中调用并取消本次宝石升级,现有物品升级客户端消息,升级事务与可取消事件上下文,0,0,,Docs/design/scripting/翎风TXT脚本兼容差异说明.md,物品系统与脚本运行时,2026-08-15,LF-TOPIC-0393,游戏引擎反外挂系统/兼容HeroM2/功能操作命令/不允许宝石升级.htm,LFM2-2026-08-15-snapshot
LF-CMD-0335,动作,SHOWCUSTOMBUTTON,,ShowCustomButton 编号 显示/隐藏(0:隐藏， 1:显示）,NPC命令段,当前玩家自定义UI按钮,无精确命令且缺少翎风自定义按钮协议,E,正文依赖客户端预留按钮编号映射并动态显示或隐藏,需要新增兼容客户端自定义UI协议,玩家UI可见性状态与按钮配置,0,0,,Docs/design/scripting/翎风TXT脚本兼容差异说明.md,客户端协议与脚本运行时,2026-08-15,LF-TOPIC-0378,游戏引擎反外挂系统/功能操作命令/自定义UI中自定义按钮使用.html,LFM2-2026-08-15-snapshot
LF-CMD-0336,动作,SKILLLEVEL,,"SKILLLEVEL 魔法名称 调整符(+,-,=) 等级 是否调整强化技能(0或为空时为技能等级,1为强化技能等级)",NPC命令段,当前玩家指定技能,UserMagic普通等级与LingFengCharacterProgress强化等级,C,普通等级写真实技能并同步客户端；强化等级独立持久且供脚本检测但尚未接入技能伤害与原生强化UI,普通技能沿用现有消息；强化无新增UI,技能定义与人物持久变量,62,62,LingFengPlayerCommandTests.翎风技能命令按中文技能名分别调整普通与强化持久等级,Manual/Engine/docs/scripting/player-commands.md,技能系统与脚本运行时,2026-08-17,LF-TOPIC-0149,游戏引擎反外挂系统/功能操作命令/调整技能等级.htm,LFM2-2026-08-15-snapshot
LF-CMD-0337,动作,SORTHUMVARTOLIST,,"SortHumVarToList 变量类型(HUMAN,GUILD,GLOBAL) 变量名 保存路径 排序模式(0,1)",NPC命令段,在线人物变量集合与输出文件,无精确命令且原语义允许脚本指定任意保存路径,X,不采纳任意文件写入能力；替代为受控报表目录或内存列表接口,无新增客户端依赖,受控变量快照与白名单输出存储,0,0,,Docs/design/scripting/翎风TXT脚本兼容差异说明.md,安全与变量系统,2026-08-15,LF-TOPIC-0422,游戏引擎反外挂系统/兼容HeroM2/功能操作命令/排序在线人物自定义变量[!].htm,LFM2-2026-08-15-snapshot
LF-CMD-0338,动作,SORTHUMVARTOLISTEX,,"SortHumVarToListEx 变量名 变量路径 排序模式(0,1) 保存路径 保存模式(0,1) 变量文件是否绝对路径(0,1) 保存文件是否绝对路径(0,1)",NPC命令段,人物变量文件与输出文件,无精确命令且正文明确支持绝对输入输出路径,X,不采纳脚本任意文件读写能力；替代为白名单数据集与受控报表接口,无新增客户端依赖,白名单变量存储与受控输出目录,0,0,,Docs/design/scripting/翎风TXT脚本兼容差异说明.md,安全与变量系统,2026-08-15,LF-TOPIC-0421,游戏引擎反外挂系统/兼容HeroM2/功能操作命令/排序人物自定义变量[!].htm,LFM2-2026-08-15-snapshot
LF-CMD-0339,动作,SORTLIST,,SortList 待排序数组变量 接收变量 排序方式(空或0:升序-从低到高；1:降序-从高到低) 排序依据(0或空:根据数值排序；1:根据文本排序),NPC命令段,脚本数组变量与接收变量,src/Server/Server/MirObjects/NPC/NPCSegment.cs与Scripting/Variables/ScriptCompositeVariableCommands.cs,B,业务排序结果一致；LyoCrystal对非法数值失败关闭且目标列表保持未修改,无新增客户端依赖,脚本变量存储与排序比较器,0,0,LF-TXT-VAR-SORTLIST,Manual/Engine/docs/scripting/txt-compatibility.md,变量系统与测试,2026-08-15,LF-TOPIC-0172,游戏引擎反外挂系统/功能操作命令/元素变量.html,LFM2-2026-08-15-snapshot
LF-CMD-0340,动作,SORTVARTOLIST,,"SortVarToList 自定义变量名 自定义变量文件路径 排序后列表的保存路径 降序还是升序(0,1) 保存格式(0,1)为0时只保存人物名,为1时:人物名 变量值. 自定义变量文件是否绝对路径(0,1) 保存文件是否绝对路径(0,1)",NPC命令段,自定义变量文件与排序输出文件,无精确命令且正文明确支持绝对输入输出路径,X,不采纳脚本任意文件读写能力；替代为白名单变量仓库与受控排序导出,无新增客户端依赖,白名单变量存储与受控输出目录,0,0,,Docs/design/scripting/翎风TXT脚本兼容差异说明.md,安全与变量系统,2026-08-15,LF-TOPIC-0375,游戏引擎反外挂系统/功能操作命令/自定义变量按变量值大小排序.htm,LFM2-2026-08-15-snapshot
LF-CMD-0341,动作,STOPPLAYEFFECT,,StopPlayEffect WIL文件序号 开始图片数 播放图片张数 播放次数 播放速度(毫秒) 播放顺序(0或空：在角色前面；非0：在角色后面),NPC命令段,当前玩家正在播放的人物WIL效果,无精确命令且缺少翎风效果停止协议,E,正文以WIL序号及帧段等参数匹配并停止人物效果,需要新增兼容客户端人物效果协议,WIL资源映射与玩家效果实例,0,0,,Docs/design/scripting/翎风TXT脚本兼容差异说明.md,客户端协议与资源系统,2026-08-15,LF-TOPIC-0128,游戏引擎反外挂系统/功能操作命令/播放人物效果.html,LFM2-2026-08-15-snapshot
LF-CMD-0342,动作,STOPSCREENEFFECT,,StopScreenEffect 屏幕坐标X 屏幕坐标Y WIL文件序号 开始图片数 播放图片张数 播放次数(-1和0为不限次数) 播放速度(毫秒) 播放效果(0=普通，1=魔法效果) 模式(0=自己，1=所有人) 播放位置（0或空，在对话框下层播放，1：在对话框上层播放）,NPC命令段,当前玩家或广播范围的屏幕效果,无精确命令且缺少翎风屏幕效果停止协议,E,正文按坐标WIL帧段层级和广播模式匹配并停止屏幕效果,需要新增兼容客户端屏幕效果协议,WIL资源映射与屏幕效果实例,0,0,,Docs/design/scripting/翎风TXT脚本兼容差异说明.md,客户端协议与资源系统,2026-08-15,LF-TOPIC-0350,游戏引擎反外挂系统/功能操作命令/在屏幕上播放魔法效果[!].htm,LFM2-2026-08-15-snapshot
LF-CMD-0343,动作,STRUCKDAMAGEABSORB,,StruckDamageAbsorb 怪物名(*表示所有怪) 吸收几率(1~100) 伤害吸收比例(1~100) 有效时间（秒）,NPC命令段,当前玩家或英雄受到怪物攻击,无精确命令或按怪物名过滤的限时吸收状态,D,正文支持星号全部怪及几率比例时长并排除宠物攻击,现有战斗客户端消息,玩家或英雄限时吸收规则与攻击来源分类,0,0,,Docs/design/scripting/翎风TXT脚本兼容差异说明.md,战斗与脚本运行时,2026-08-15,LF-TOPIC-0297,游戏引擎反外挂系统/功能操作命令/设置被怪物攻击时伤害吸收.htm,LFM2-2026-08-15-snapshot
LF-CMD-0344,动作,TAKE,,take 物品 数量 是否检测装备改名 物品名匹配方式 是否排除自定义OK框物品 检测持久,NPC命令段,当前玩家背包,src/Server/Server/Scripting/LingFengItemCommandExecutor.cs与NPCSegment.cs,C,支持完整或部分名称及满持久或未满持久原子回收；酷明异兽四处短格式按背包默认排除自定义OK框，改名标志在当前无改名字段时按原始名匹配,现有背包客户端消息,背包物品数量与持久值,4,4,LingFengPlayerCommandTests.翎风物品参数只在显式兼容版本下路由且保留扩展语义,Manual/Engine/docs/scripting/player-commands.md,物品系统与脚本运行时,2026-08-17,LF-TOPIC-0391,游戏引擎反外挂系统/功能操作命令/TAKE收回背包物品.htm,LFM2-2026-08-15-snapshot
LF-CMD-0345,动作,TAKEDLGITEM,,TAKEDLGITEM,NPC命令段,当前玩家自定义OK框物品,无精确命令或OK框物品消费事务,D,正文要求收回当前自定义OK框中提交的物品,现有NPC对话与背包客户端消息,OK框临时物品与原子消费事务,0,0,,Docs/design/scripting/翎风TXT脚本兼容差异说明.md,物品系统与脚本运行时,2026-08-15,LF-TOPIC-0310,游戏引擎反外挂系统/功能操作命令/收回OK框中的物品.html,LFM2-2026-08-15-snapshot
LF-CMD-0346,动作,TAKEEX,,TakeEx (0-51),NPC命令段,当前玩家指定装备位与背包,无精确命令或0到51兼容装备位路由,D,正文按0到51位置将装备移动到背包且必须满足背包容量,现有装备与背包客户端消息,装备位映射与背包原子事务,0,0,,Docs/design/scripting/翎风TXT脚本兼容差异说明.md,物品系统与脚本运行时,2026-08-15,LF-TOPIC-0427,游戏引擎反外挂系统/兼容HeroM2/功能操作命令/取下人物身上装备.htm,LFM2-2026-08-15-snapshot
LF-CMD-0347,动作,TAKEHERO,,TakeHero,NPC命令段,当前玩家已召唤英雄,存在英雄登录登出能力但无该精确命令路由,D,正文语义为收回当前人物英雄且与HeroLoginOut兼容行为相关,现有英雄客户端消息,玩家英雄生命周期与召回状态,0,0,,Docs/design/scripting/翎风TXT脚本兼容差异说明.md,英雄系统与脚本运行时,2026-08-15,LF-TOPIC-0440,游戏引擎反外挂系统/兼容HeroM2/功能操作命令/收回人物的英雄.htm,LFM2-2026-08-15-snapshot
LF-CMD-0348,动作,TAKEPOSW,,TAKEPOSW 物品位置,NPC ACT,当前玩家指定兼容装备位,NPCSegment参数保留与LingFengExternalDependencyManifest,C,E1保留位置并不删除或移动未知映射装备；0到51位置事务等待领域适配,LingFeng/EquipmentTransaction领域契约在E2失败关闭,装备位映射与原子删除及审计日志,1,1,LingFengPlayerCommandTests.扩展界面与外部事务命令保留参数且不伪造服务端成功状态,Manual/Engine/docs/scripting/player-commands.md,物品系统与安全,2026-08-17,LF-TOPIC-0198,游戏引擎反外挂系统/功能操作命令/收回指定位置物品装备.htm,LFM2-2026-08-15-snapshot
LF-CMD-0349,动作,TEXTLENGTH,,TextLength 字符串 保存变量,NPC命令段,输入字符串与目标脚本变量,无精确命令或CP936字节长度语义,D,正文按中文二字节及英文数字一字节计算并写入目标变量,无新增客户端依赖,脚本变量与CP936字节长度规则,0,0,,Docs/design/scripting/翎风TXT脚本兼容差异说明.md,变量系统与脚本运行时,2026-08-15,LF-TOPIC-0277,游戏引擎反外挂系统/功能操作命令/取字符串长度.html,LFM2-2026-08-15-snapshot
LF-CMD-0350,动作,TEXTREPLACE,,TextReplace 字符串内容 待替换的内容 新的内容 保存变量 分大小写(0或空：不分； 1：分) 只替换一次(0或空：全部替换；1：只替换一次）,NPC命令段,输入字符串与目标变量,NPCSegment确定性替换后写入统一变量模块,C,支持区分大小写及首个或全部替换；空搜索串失败关闭,无新增客户端依赖,脚本字符串变量与确定性替换规则,1,1,LingFengPlayerCommandTests.酷明范围人物时间戳与文本替换按官方参数执行,Manual/Engine/docs/scripting/player-commands.md,变量系统与脚本运行时,2026-08-17,LF-TOPIC-0319,游戏引擎反外挂系统/功能操作命令/增加替换字符命令.html,LFM2-2026-08-15-snapshot
LF-CMD-0351,动作,TEXTSPLIT,,TextSplit 分割符 源字符串 保存变量(只指定第一个，后面的递增) 返回分割数量,NPC命令段,源字符串与连续目标变量及数量变量,无精确命令,D,正文按分隔符拆分并从首个变量递增写入且返回分割数量,无新增客户端依赖,脚本变量索引与分割数量及写入上限,0,0,,Docs/design/scripting/翎风TXT脚本兼容差异说明.md,变量系统与脚本运行时,2026-08-15,LF-TOPIC-0177,游戏引擎反外挂系统/功能操作命令/分割字符串.html,LFM2-2026-08-15-snapshot
LF-CMD-0352,动作,THROUGHHUM,,THROUGHHUM 模式 时间(秒),NPC命令段,当前玩家碰撞模式,无精确命令或限时碰撞覆写,D,正文定义负一恢复及穿人穿怪组合模式并支持秒级期限,现有移动客户端消息,玩家碰撞规则与限时状态及地图校验,0,0,,Docs/design/scripting/翎风TXT脚本兼容差异说明.md,移动与脚本运行时,2026-08-15,LF-TOPIC-0396,游戏引擎反外挂系统/兼容HeroM2/功能操作命令/穿人模式.htm,LFM2-2026-08-15-snapshot
LF-CMD-0353,动作,THROWITEM,,THROWITEM 地图名称 X坐标 Y坐标 范围 物品名称 数量|时间(此时间不受M2上的爆物品可捡时间控制) 捡取条件（0、1、2、3） 叠加物品是否叠加（0或空：叠加；1非叠加）,NPC命令段,指定地图坐标范围与地面物品,无精确命令或四种捡取权限及独立期限模型,D,正文定义范围投放数量期限权限和叠加策略且期限不受全局掉落配置控制,现有地面物品客户端消息,地图物品实例与拾取权限及过期调度,0,0,,Docs/design/scripting/翎风TXT脚本兼容差异说明.md,物品与地图系统,2026-08-15,LF-TOPIC-0348,游戏引擎反外挂系统/功能操作命令/在地图上放物品[!].htm,LFM2-2026-08-15-snapshot
LF-CMD-0354,动作,TIMERECALL,,TIMERECALL 时间(分钟),NPC命令段,当前玩家当前位置与延时返回点,src/Server/Server/MirObjects/NPC/NPCSegment.cs已有TIMERECALL但按秒调度,D,翎风正文单位为分钟并暴露RecallRemainingTime；现有实现单位和变量契约不同,无新增客户端依赖,玩家延时动作队列与返回地图坐标,0,0,LF-TXT-CMD-0354,Docs/design/scripting/翎风TXT脚本兼容差异说明.md,地图与脚本运行时,2026-08-15,LF-TOPIC-0338,游戏引擎反外挂系统/功能操作命令/延时移动.htm,LFM2-2026-08-15-snapshot
LF-CMD-0355,动作,UPDATEITEM,,UPDATEITEM 位置,NPC命令段,当前绑定物品或装备位置,NPCSegment与RefreshItem消息,B,装备位置沿用现有刷新；-1读取当前触发或LINKGIVEITEM绑定实例,CLEARLINKITEM后-1立即失效,绑定物品上下文与装备位及背包事务,77,77,LingFengPlayerCommandTests.翎风刚发物品链接支持负一位置并在清除后立即失效,Manual/Engine/docs/scripting/player-commands.md,物品系统与客户端同步,2026-08-17,LF-TOPIC-0312,游戏引擎反外挂系统/功能操作命令/刷新当前装备属性到客户端.html,LFM2-2026-08-15-snapshot
LF-CMD-0356,动作,USEBONUSPOINT,,"USEBONUSPOINT 属性位置（1-9） 控制符（+,-,=） 点数",NPC命令段,当前玩家九类属性分配点,无精确命令或按分配比例结算的持久属性点模型,D,正文调整的是属性分配点而非直接属性并定义九个位置及加减赋值,现有角色属性客户端消息,玩家永久属性分配点与持久化事务,0,0,,Docs/design/scripting/翎风TXT脚本兼容差异说明.md,玩家属性与数据持久化,2026-08-15,LF-TOPIC-0344,游戏引擎反外挂系统/功能操作命令/永久增加人物属性点.htm,LFM2-2026-08-15-snapshot
LF-CMD-0357,动作,WEBBROWSER,,WebBrowser 地址,NPC命令段,当前玩家客户端内置浏览器,无精确命令且正文允许脚本提供任意地址,X,不采纳任意URL打开能力；替代为HTTPS域名白名单与显式运营链接标识,需要新增受限客户端导航协议,运营链接白名单与安全审计,0,0,,Docs/design/scripting/翎风TXT脚本兼容差异说明.md,安全与客户端协议,2026-08-15,LF-TOPIC-0349,游戏引擎反外挂系统/功能操作命令/在登陆器里浏览网页.htm,LFM2-2026-08-15-snapshot
LF-CMD-0358,动作,WRITELINE,,WriteLine 文件名 行号(0开始) 内容 是否绝对路径(0或空:不是，1:是),NPC命令段,脚本指定文件与零基行号,无精确命令且正文明确支持任意绝对路径写入,X,不采纳脚本任意文件覆写能力；替代为受控数据目录中的原子键值或列表接口,无新增客户端依赖,白名单脚本数据存储与原子写入,0,0,,Docs/design/scripting/翎风TXT脚本兼容差异说明.md,安全与脚本存储,2026-08-15,LF-TOPIC-0351,游戏引擎反外挂系统/功能操作命令/在文件的固定行替换写入内容.html,LFM2-2026-08-15-snapshot
LF-CMD-0359,检测,CASTLEWARAY,,CASTLEWARAY,NPC检测段,当前城堡上次战争时间,无精确检测命令,D,正文按比较符检测上次攻城至今的整天数,无新增客户端依赖,城堡战争历史与服务器时钟,0,0,,Docs/design/scripting/翎风TXT脚本兼容差异说明.md,城堡系统与脚本运行时,2026-08-15,LF-TOPIC-0542,游戏引擎反外挂系统/脚本检测命令/检查城堡战争天数.htm,LFM2-2026-08-15-snapshot
LF-CMD-0360,检测,CHECK,,"check [1,2,4-6,8] 1",NPC检测段,当前玩家个人标识集合,src/Server/Server/MirObjects/NPC/NPCSegment.cs仅支持单个标识索引,D,正文扩展逗号与区间批量检测且索引从1开始并要求全部匹配,无新增客户端依赖,玩家标识位集合与范围展开上限,0,0,LF-TXT-CHECK-0360,Docs/design/scripting/翎风TXT脚本兼容差异说明.md,变量系统与脚本运行时,2026-08-15,LF-TOPIC-0592,游戏引擎反外挂系统/脚本检测命令/扩展check支持批量检测.htm,LFM2-2026-08-15-snapshot
LF-CMD-0361,检测,CHECKACCOUNTIPLIST,,CHECKACCOUNTIPLIST,NPC检测段,当前玩家账号与登录IP,无精确检测命令,D,正文读取Envir内账号IP映射文件并按当前登录会话精确匹配,无新增客户端依赖,受控脚本数据文件与账号及远端IP,0,0,,Docs/design/scripting/翎风TXT脚本兼容差异说明.md,账号安全与脚本运行时,2026-08-15,LF-TOPIC-0547,游戏引擎反外挂系统/脚本检测命令/可以检查登录帐号与IP是否匹配.htm,LFM2-2026-08-15-snapshot
LF-CMD-0362,检测,CHECKACCOUNTLIST,,CHECKACCOUNTLIST 名单路径,NPC检测段,当前玩家登录账号,NPCSegment与Envir账号名单持久存储,B,把安全逻辑路径映射到隔离账号名单并按AccountID检测；路径或账号无效时按已存在失败关闭,不修改原始QuestDiary名单占位文件,受控账号名单与登录账号,18,18,LingFengPlayerCommandTests.账号名单按登录账号持久登记并与角色名隔离,Manual/Engine/docs/scripting/player-commands.md,账号系统与脚本运行时,2026-08-17,LF-TOPIC-0561,游戏引擎反外挂系统/脚本检测命令/检查人物登录帐号.htm,LFM2-2026-08-15-snapshot
LF-CMD-0363,检测,CHECKATTACKMODE,,CheckAttackMode 模式(0-7),NPC检测段,当前玩家攻击模式,无精确检测命令,D,正文按0到7兼容编号检测当前攻击模式,现有攻击模式客户端消息,玩家攻击模式与兼容编号映射,0,0,,Docs/design/scripting/翎风TXT脚本兼容差异说明.md,战斗与脚本运行时,2026-08-15,LF-TOPIC-0462,游戏引擎反外挂系统/兼容HeroM2/脚本检测命令/检测人物的攻击模式.htm,LFM2-2026-08-15-snapshot
LF-CMD-0364,检测,CHECKBAGITEMS,,CheckBagItems 文件名 物品名变量 数量变量,NPC检测段,当前玩家背包与脚本物品名单,无精确命令且正文示例允许绝对文件路径,X,不采纳任意文件读取；替代为QuestDiary白名单名单键并支持缓存与结果变量,无新增客户端依赖,背包快照与白名单脚本数据缓存,0,0,,Docs/design/scripting/翎风TXT脚本兼容差异说明.md,安全与物品系统,2026-08-15,LF-TOPIC-0507,游戏引擎反外挂系统/脚本检测命令/检测背包是否包含文件中的物品.htm,LFM2-2026-08-15-snapshot
LF-CMD-0365,检测,CHECKBAGSIZE,,CheckBagSize 数量,NPC检测段,当前玩家背包容量,现有HASBAGSPACE语义相近但无精确命令别名与黄金测试,D,正文按需要数量检测背包空格是否充足,现有背包客户端消息,背包槽位与堆叠容量规则,0,0,,Docs/design/scripting/翎风TXT脚本兼容差异说明.md,物品系统与测试,2026-08-15,LF-TOPIC-0553,游戏引擎反外挂系统/脚本检测命令/检查人物背包空格数.htm,LFM2-2026-08-15-snapshot
LF-CMD-0366,检测,CHECKBATTLESTATUS,,CheckBattleStatus,NPC检测段,当前玩家战斗状态,无精确检测命令,D,正文检测人物是否处于参数设置定义的战斗禁止退出窗口,无新增客户端依赖,玩家最近战斗时间与全局战斗窗口配置,0,0,,Docs/design/scripting/翎风TXT脚本兼容差异说明.md,战斗与玩家生命周期,2026-08-15,LF-TOPIC-0595,游戏引擎反外挂系统/脚本检测命令/战斗状态禁止退出游戏.HTML,LFM2-2026-08-15-snapshot
LF-CMD-0367,检测,CHECKBONUSPOINT,,"CHECKBONUSPOINT 控制符(=,>,<)  点数",NPC检测段,当前玩家可分配附加属性点,无精确检测命令,D,正文按等于大于小于比较人物附加属性点并关联复位与调整命令,无新增客户端依赖,玩家附加属性点与持久化状态,0,0,,Docs/design/scripting/翎风TXT脚本兼容差异说明.md,玩家属性与脚本运行时,2026-08-15,LF-TOPIC-0564,游戏引擎反外挂系统/脚本检测命令/检查人物附加属性点数.htm,LFM2-2026-08-15-snapshot
LF-CMD-0368,检测,CHECKCASTLEWARAREA,,CHECKCASTLEWARAREA 城堡名称,NPC检测段,当前玩家地图坐标与指定城堡,无精确检测命令,D,正文检测玩家是否位于指定城堡的攻城区域而非仅地图匹配,无新增客户端依赖,城堡区域定义与玩家坐标,0,0,,Docs/design/scripting/翎风TXT脚本兼容差异说明.md,城堡与地图系统,2026-08-15,LF-TOPIC-0529,游戏引擎反外挂系统/脚本检测命令/检测是否进入攻城的范围.html,LFM2-2026-08-15-snapshot
LF-CMD-0369,检测,CHECKCONTAINSTEXT,,CheckContainsText 字符 字符串检查 //检查字符串是否包涵在另外一个字符串中.,NPC检测段,两个解析后的脚本字符串,无精确检测命令,D,正文按第一个字符串是否包含第二个字符串返回布尔结果且同页另含CompareText,无新增客户端依赖,脚本字符串展开与比较规则,0,0,,Docs/design/scripting/翎风TXT脚本兼容差异说明.md,变量系统与脚本运行时,2026-08-15,LF-TOPIC-0596,游戏引擎反外挂系统/脚本检测命令/检查字符串是否包涵在另外一个字符串中.htm,LFM2-2026-08-15-snapshot
LF-CMD-0370,检测,CHECKCREDITPOINT,,"CHECKCREDITPOINT 控制符(=,>,<)  声望点数(1 - 255)",NPC检测段,当前玩家声望点,src/Server/Server/MirObjects/NPC/NPCSegment.cs,B,作为CHECKCREDIT精确别名读取同一账户声望字段,无新增客户端依赖,账户声望点与数值边界,10,10,LFENV16-PLAYER-CREDIT,Manual/Engine/docs/scripting/player-commands.md,玩家属性与测试,2026-08-17,LF-TOPIC-0571,游戏引擎反外挂系统/脚本检测命令/检查人物声望点.htm,LFM2-2026-08-15-snapshot
LF-CMD-0371,检测,CHECKCURRTARGETRACE,,"CHECKCURRTARGETRACE 控制符(=,>,<) 数据库Race值",QFunction死亡或攻击触发,当前攻击或死亡目标,无精确检测命令或触发目标Race兼容映射,D,正文限定在死亡与攻击触发中按数据库Race值比较当前目标类型,无新增客户端依赖,触发目标上下文与Race兼容值映射,0,0,,Docs/design/scripting/翎风TXT脚本兼容差异说明.md,战斗与脚本运行时,2026-08-15,LF-TOPIC-0510,游戏引擎反外挂系统/脚本检测命令/检测当前目标类型.html,LFM2-2026-08-15-snapshot
LF-CMD-0372,检测,CHECKDC,,CHECKDC 控制符(<、>、 =) 攻击下限,NPC检测段,当前玩家攻击下限与上限,无精确检测命令,D,正文实际支持分别以比较符检测攻击下限与攻击上限两个值,无新增客户端依赖,玩家实时攻击属性与装备加成,0,0,,Docs/design/scripting/翎风TXT脚本兼容差异说明.md,玩家属性与脚本运行时,2026-08-15,LF-TOPIC-0565,游戏引擎反外挂系统/脚本检测命令/检查人物攻击力.htm,LFM2-2026-08-15-snapshot
LF-CMD-0373,检测,CHECKEXP,,CHECKEXP 操作符 经验值 [操作符 经验值],NPC检测段,当前玩家当前经验值,src/Server/Server/Scripting/LingFengNumericCommandExecutor.cs与NPCSegment.cs,B,支持单边或双边界且全部比较当前经验；非法数值使检测失败并记录诊断,无新增客户端依赖,玩家当前经验值,0,0,LF-TXT-PLAYER-NUMERIC,Manual/Engine/docs/scripting/player-commands.md,玩家成长与脚本运行时,2026-08-15,LF-TOPIC-0554,游戏引擎反外挂系统/脚本检测命令/检查玩家当前经验值.htm,LFM2-2026-08-15-snapshot
LF-CMD-0374,检测,CHECKGAMEDIAMOND,,CHECKGAMEDIAMOND  控制符(<、>、 =),NPC检测段,当前玩家金刚石货币,NPCSegment与LingFengNumericCommandExecutor,B,支持小于大于等于及组合比较符并读取同一金刚石账本,无新增客户端依赖,人物金刚石余额与货币边界,839,839,LingFengPlayerCommandTests.迦楼金刚石检测调整常量显示与人物变量持久化形成闭环,Manual/Engine/docs/scripting/player-commands.md,货币系统与脚本运行时,2026-08-17,LF-TOPIC-0552,游戏引擎反外挂系统/脚本检测命令/检测金刚石数量.htm,LFM2-2026-08-15-snapshot
LF-CMD-0375,检测,CHECKGAMEGIRD,,CHECKGAMEGIRD 控制符(?|<|>|=|<=|>=) 点数,NPC检测段,当前玩家灵符货币,LingFengCharacterProgress与NPCSegment,B,问号按余额至少达到目标解释；其余比较符走统一数值比较且动态参数在执行时解析,无新增客户端依赖,人物灵符账本与变量持久化,25,25,LingFengPlayerCommandTests.翎风灵符检测调整常量显示与人物变量持久化形成闭环,Manual/Engine/docs/scripting/player-commands.md,货币系统与脚本运行时,2026-08-17,LF-TOPIC-0552,游戏引擎反外挂系统/脚本检测命令/检测金刚石数量.htm,LFM2-2026-08-15-snapshot
LF-CMD-0376,检测,CHECKGAMEGLORY,,"CHECKGAMEGLORY  控制符(<、>、 =)  点数 | CHECKGAMEGLORY (<,>,=) 值",NPC检测段,当前玩家荣誉货币,无精确检测命令,D,两个来源页均定义按比较符检测荣誉数量并与GAMEGLORY调整配套,无新增客户端依赖,玩家荣誉余额与货币边界,0,0,,Docs/design/scripting/翎风TXT脚本兼容差异说明.md,货币系统与脚本运行时,2026-08-15,LF-TOPIC-0520；LF-TOPIC-0552,游戏引擎反外挂系统/脚本检测命令/检测金刚石数量.htm；游戏引擎反外挂系统/脚本检测命令/检测人物荣誉.html,LFM2-2026-08-15-snapshot
LF-CMD-0377,检测,CHECKGAMEGOLD,,CHECKGAMEGOLD 控制符(?|<|>|=|==|<=|>=) 点数,NPC检测段,当前人物元宝余额,NPCSegment与CharacterInfo.PearlCount,B,问号按余额至少达到目标处理；酷明10处由Define检测宏展开后进入同一链,无新增客户端依赖,人物元宝余额与货币边界,0,10,PhysicalTextFileProviderTests.LingFengDefine展开命令名并通过真实元宝检测扣除链,Manual/Engine/docs/scripting/player-commands.md,货币系统与脚本运行时,2026-08-17,LF-TOPIC-0558；LF-TOPIC-0559,游戏引擎反外挂系统/脚本检测命令/检查当前人物身上有多少点数.htm；游戏引擎反外挂系统/脚本检测命令/检查人物的游戏点数.htm,LFM2-2026-08-15-snapshot
LF-CMD-0378,检测,CHECKGAMEPOINT,,CHECKGAMEPOINT  控制符(?|<|>|=|==|<=|>=) 点数,NPC检测段,当前玩家游戏点数,LingFengCharacterProgress与NPCSegment,B,问号按余额至少达到目标解释；其余比较符走统一数值比较且动态参数在执行时解析,无新增客户端依赖,玩家游戏点余额与变量持久化,1,1,LingFengPlayerCommandTests.酷明游戏点检测调整常量显示与人物变量持久化形成闭环,Manual/Engine/docs/scripting/player-commands.md,货币系统与脚本运行时,2026-08-17,LF-TOPIC-0558；LF-TOPIC-0559,游戏引擎反外挂系统/脚本检测命令/检查当前人物身上有多少点数.htm；游戏引擎反外挂系统/脚本检测命令/检查人物的游戏点数.htm,LFM2-2026-08-15-snapshot
LF-CMD-0379,检测,CHECKGROUPMEMBERCOUNT,,"CHECKGROUPMEMBERCOUNT (<,>,=) 数量",NPC检测段,当前玩家队伍,现有GROUPCOUNT语义相近但无精确别名与黄金测试,D,正文按比较符检测当前组队总人数,无新增客户端依赖,玩家队伍成员快照,0,0,,Docs/design/scripting/翎风TXT脚本兼容差异说明.md,组队系统与测试,2026-08-15,LF-TOPIC-0538,游戏引擎反外挂系统/脚本检测命令/检测组队人数[!].htm,LFM2-2026-08-15-snapshot
LF-CMD-0380,检测,CHECKGUILDMEMBERCOUNT,,CheckGuildMemberCount 控制符,NPC检测段,当前玩家所属行会,无精确检测命令,D,正文按比较符检测行会当前成员人数,无新增客户端依赖,行会成员集合快照,0,0,,Docs/design/scripting/翎风TXT脚本兼容差异说明.md,行会系统与脚本运行时,2026-08-15,LF-TOPIC-0594,游戏引擎反外挂系统/脚本检测命令/行会成员人数.htm,LFM2-2026-08-15-snapshot
LF-CMD-0381,检测,CHECKGUILDMEMBERMAXLIMITCOUNT,,"CHECKGUILDMEMBERMAXLIMITCOUNT 行会名称(SELF表示检测自己所在的行会) 检测符(<,>,=) 数量",NPC检测段,指定行会或当前玩家行会,无精确检测命令,D,正文按比较符检测行会成员容量上限并支持SELF,无新增客户端依赖,行会配置与容量上限,0,0,,Docs/design/scripting/翎风TXT脚本兼容差异说明.md,行会系统与脚本运行时,2026-08-15,LF-TOPIC-0533,游戏引擎反外挂系统/脚本检测命令/检测行会可以容纳多少成员.html,LFM2-2026-08-15-snapshot
LF-CMD-0382,检测,CHECKHEROLEVEL,,CheckHerolevel 操作符(> = <),NPC检测段,当前玩家英雄,src/Server/Server/MirObjects/NPC/NPCSegment.cs已有CHECKHEROLEVEL基础路由,D,正文限定1至65535等级；尚缺TXT黄金脚本与完整边界验证,无新增客户端依赖,英雄等级与未召唤状态,0,0,LF-TXT-CHECK-0382,Docs/design/scripting/翎风TXT脚本兼容差异说明.md,英雄系统与测试,2026-08-15,LF-TOPIC-0488,游戏引擎反外挂系统/兼容HeroM2/脚本检测命令/检查英雄等级.htm,LFM2-2026-08-15-snapshot
LF-CMD-0383,检测,CHECKHEROLOYAL,,CheckHeroLoyal 操作符(< = >) 数值(0 -- 100),NPC检测段,当前在线英雄忠诚度,无精确检测命令,D,正文按比较符检测0至100忠诚度并暴露英雄忠诚变量,无新增客户端依赖,英雄在线状态与忠诚度,0,0,,Docs/design/scripting/翎风TXT脚本兼容差异说明.md,英雄系统与脚本运行时,2026-08-15,LF-TOPIC-0469,游戏引擎反外挂系统/兼容HeroM2/脚本检测命令/检测英雄的忠诚度.htm,LFM2-2026-08-15-snapshot
LF-CMD-0384,检测,CHECKHEROSUCKDAMAGE,,CheckHeroSuckDamage,NPC检测段,当前玩家英雄伤害吸收池,无精确检测命令,D,正文按比较符检测1至2000000000英雄伤害吸收值,无新增客户端依赖,英雄临时伤害吸收池,0,0,,Docs/design/scripting/翎风TXT脚本兼容差异说明.md,英雄与战斗系统,2026-08-15,LF-TOPIC-0468,游戏引擎反外挂系统/兼容HeroM2/脚本检测命令/检测英雄的伤害吸收.htm,LFM2-2026-08-15-snapshot
LF-CMD-0385,检测,CHECKHP,,CHECKHP 操作符 HP值 [操作符 HP值],NPC检测段,当前玩家当前HP,src/Server/Server/Scripting/LingFengNumericCommandExecutor.cs与NPCSegment.cs,B,支持对当前HP执行单边或双边界比较；不把阈值解释为最大HP属性,无新增客户端依赖,玩家当前生命值,0,0,LF-TXT-PLAYER-NUMERIC,Manual/Engine/docs/scripting/player-commands.md,玩家属性与脚本运行时,2026-08-15,LF-TOPIC-0581,游戏引擎反外挂系统/脚本检测命令/检查人物HP值.htm,LFM2-2026-08-15-snapshot
LF-CMD-0386,检测,CHECKHUMCREDITEX,,CheckHumCreditEx 操作符(> = <),NPC检测段,当前玩家登录器荣誉值,无精确检测命令或对应荣誉模型,D,正文按比较符检测1至65535登录器荣誉并与ChangeHumCreditEx配套,可能依赖登录器荣誉显示,玩家登录器荣誉持久值,0,0,,Docs/design/scripting/翎风TXT脚本兼容差异说明.md,玩家模型与客户端协议,2026-08-15,LF-TOPIC-0471,游戏引擎反外挂系统/兼容HeroM2/脚本检测命令/检测英雄登录器荣誉.htm,LFM2-2026-08-15-snapshot
LF-CMD-0387,检测,CHECKHUMINRANGE,,CheckHumInRange 地图,NPC检测段,当前玩家地图坐标,无精确检测命令,D,正文支持SELF当前地图及0至500坐标半径检测,无新增客户端依赖,地图标识与玩家坐标及距离规则,0,0,,Docs/design/scripting/翎风TXT脚本兼容差异说明.md,地图系统与脚本运行时,2026-08-15,LF-TOPIC-0483,游戏引擎反外挂系统/兼容HeroM2/脚本检测命令/检查人物是否在指定范围内.htm,LFM2-2026-08-15-snapshot
LF-CMD-0388,检测,CHECKINWARAREA,,CheckInWarArea,NPC检测段,当前玩家地图坐标与进行中攻城,无精确检测命令,D,正文检测人物是否位于当前攻城区域,无新增客户端依赖,攻城状态与区域定义及玩家坐标,0,0,,Docs/design/scripting/翎风TXT脚本兼容差异说明.md,城堡与地图系统,2026-08-15,LF-TOPIC-0579,游戏引擎反外挂系统/脚本检测命令/检查人物是否在攻城区域[!].htm,LFM2-2026-08-15-snapshot
LF-CMD-0389,检测,CHECKIPLIST,,CHECKIPLIST,NPC检测段,当前玩家登录IP,无精确检测命令,D,正文按Envir内受控文本名单检测当前登录IP,无新增客户端依赖,白名单脚本数据与玩家远端IP,0,0,,Docs/design/scripting/翎风TXT脚本兼容差异说明.md,账号安全与脚本运行时,2026-08-15,LF-TOPIC-0562,游戏引擎反外挂系统/脚本检测命令/检查人物登录IP.htm,LFM2-2026-08-15-snapshot
LF-CMD-0390,检测,CHECKITEM,,checkitem 名字 数量 部分匹配 是否检测改名装备,NPC检测段,当前玩家背包,src/Server/Server/Scripting/LingFengItemCommandExecutor.cs与NPCSegment.cs,B,完整和部分名称数量聚合可用；参数4为1时按数据库原名包含同源改名装备，当前模型无自定义名字段故现有物品与参数0结果一致,现有背包客户端消息,背包物品名称与数量,141,141,LF-TXT-PLAYER-ITEM,Manual/Engine/docs/scripting/player-commands.md,物品系统与测试,2026-08-17,LF-TOPIC-0508,游戏引擎反外挂系统/脚本检测命令/检测背包是否有指定物品.htm,LFM2-2026-08-15-snapshot
LF-CMD-0391,检测,CHECKITEMDURA,,CheckItemDura 位置(0-12) 操作法(> = <),NPC检测段,当前玩家0至12装备位,无精确检测命令,D,正文按模式检测装备持久下限或上限并比较1至65000,无新增客户端依赖,装备位映射与当前及最大持久,0,0,,Docs/design/scripting/翎风TXT脚本兼容差异说明.md,物品系统与脚本运行时,2026-08-15,LF-TOPIC-0465,游戏引擎反外挂系统/兼容HeroM2/脚本检测命令/检测物品持久.htm,LFM2-2026-08-15-snapshot
LF-CMD-0392,检测,CHECKITEMNAMECOLOR,,CheckItemNameColor 位置(0-13),NPC检测段,当前玩家或英雄指定装备位,无精确检测命令,D,两个正文来源一致定义0至13位置及0至255名字颜色并支持英雄前缀,现有物品显示客户端消息,玩家与英雄装备位及名字颜色,0,0,,Docs/design/scripting/翎风TXT脚本兼容差异说明.md,物品与英雄系统,2026-08-15,LF-TOPIC-0475；LF-TOPIC-0536,游戏引擎反外挂系统/兼容HeroM2/脚本检测命令/检测装备名字颜色.htm；游戏引擎反外挂系统/脚本检测命令/检测装备名字颜色.htm,LFM2-2026-08-15-snapshot
LF-CMD-0393,检测,CHECKITEMS,,checkitems 参数1名字 参数2数量 参数3检测身上相同（包含检查装备，首饰，神佑）装备总量,NPC检测段,当前玩家背包装备首饰盒与神佑槽,无精确检测命令,D,正文按参数选择是否汇总身上各容器同名装备数量,无新增客户端依赖,多个物品容器快照与名称匹配,0,0,,Docs/design/scripting/翎风TXT脚本兼容差异说明.md,物品系统与脚本运行时,2026-08-15,LF-TOPIC-0508,游戏引擎反外挂系统/脚本检测命令/检测背包是否有指定物品.htm,LFM2-2026-08-15-snapshot
LF-CMD-0394,检测,CHECKITEMTYPE,,CHECKITEMTYPE 物品位置,NPC检测段,装备位自定义OK框首饰盒神佑或升级框物品,无精确检测命令,D,正文定义扩展位置域并按数据库物品类型值检测,无新增客户端依赖,兼容装备位置与物品类型映射,0,0,,Docs/design/scripting/翎风TXT脚本兼容差异说明.md,物品系统与脚本运行时,2026-08-15,LF-TOPIC-0570,游戏引擎反外挂系统/脚本检测命令/检查人物身上戴物品类型.htm,LFM2-2026-08-15-snapshot
LF-CMD-0395,检测,CHECKITEMUPGRADECOUNT,,CheckItemupgradeCount,NPC检测段,升级中物品或玩家0至12装备位,无精确检测命令,D,正文按模式选择升级框或穿戴装备并比较0至255宝石升级次数,无新增客户端依赖,物品升级计数与装备位映射,0,0,,Docs/design/scripting/翎风TXT脚本兼容差异说明.md,物品升级与脚本运行时,2026-08-15,LF-TOPIC-0494,游戏引擎反外挂系统/兼容HeroM2/脚本检测命令/检查装备升级次数.htm,LFM2-2026-08-15-snapshot
LF-CMD-0396,检测,CHECKITEMW,,CHECKITEMW  物品名 数量 是否装备名部分匹配（空或0，完全匹配。 不等于0部分匹配）,NPC检测段,当前玩家或英雄穿戴装备,无精确检测命令,D,正文按数量检测完整或部分匹配装备名并支持英雄前缀,无新增客户端依赖,玩家与英雄穿戴容器及名称匹配,0,0,,Docs/design/scripting/翎风TXT脚本兼容差异说明.md,物品与英雄系统,2026-08-15,LF-TOPIC-0522,游戏引擎反外挂系统/脚本检测命令/检测人物是否佩带指定物品.htm,LFM2-2026-08-15-snapshot
LF-CMD-0397,检测,CHECKKILLMONNAME,,CheckKillMonName 名字,NPC检测段,当前玩家最近击杀怪物名,无精确检测命令或一次性击杀上下文,D,正文检测内置击杀怪物名并支持检测成功后立即清除避免重复,无新增客户端依赖,玩家最近击杀状态与一次性消费,0,0,,Docs/design/scripting/翎风TXT脚本兼容差异说明.md,战斗与脚本运行时,2026-08-15,LF-TOPIC-0481,游戏引擎反外挂系统/兼容HeroM2/脚本检测命令/检查人物杀死怪物的名字.htm,LFM2-2026-08-15-snapshot
LF-CMD-0398,检测,CHECKLEVELEX,,"CHECKLEVELEX 控制符(=,>,<)  等级数(1 -",NPC检测段,当前玩家等级,现有CHECKLEVEL基础检测语义相近但无精确别名与65535边界测试,D,正文按等于大于小于检测1至65535等级,无新增客户端依赖,玩家等级与扩展数值边界,0,0,,Docs/design/scripting/翎风TXT脚本兼容差异说明.md,玩家成长与测试,2026-08-15,LF-TOPIC-0563,游戏引擎反外挂系统/脚本检测命令/检查玩家等级.htm,LFM2-2026-08-15-snapshot
LF-CMD-0399,检测,CHECKLUCKPOINT,,"CheckLuckPoint 控制符(=,>,<)",NPC检测段,当前玩家幸运值,无精确检测命令,D,正文按比较符检测人物幸运值并给出Y后缀兼容命令,无新增客户端依赖,玩家实时幸运属性,0,0,,Docs/design/scripting/翎风TXT脚本兼容差异说明.md,玩家属性与脚本运行时,2026-08-15,LF-TOPIC-0524,游戏引擎反外挂系统/脚本检测命令/检测人物幸运值.htm,LFM2-2026-08-15-snapshot
LF-CMD-0400,检测,CHECKLUCKPOINTY,,"CheckLuckPointy 控制符(=,>,<)",NPC检测段,当前玩家幸运值,无精确检测命令,D,正文将其作为CHECKLUCKPOINT失败时的兼容别名且语义相同,无新增客户端依赖,玩家实时幸运属性,0,0,,Docs/design/scripting/翎风TXT脚本兼容差异说明.md,玩家属性与脚本运行时,2026-08-15,LF-TOPIC-0524,游戏引擎反外挂系统/脚本检测命令/检测人物幸运值.htm,LFM2-2026-08-15-snapshot
LF-CMD-0401,检测,CHECKMAPHUMANCOUNT,,CheckMapHumanCount 地图号  ('<' '>',NPC检测段,指定地图在线人物集合,NPCSegment按逻辑地图统计存活玩家并比较,C,地图不存在或参数非法时失败关闭,无新增客户端依赖,Map.Players主线程快照,1,1,LingFengPlayerCommandTests.酷明月老武馆与地图数量检测读取真实领域状态,Manual/Engine/docs/scripting/player-commands.md,地图与玩家系统,2026-08-17,LF-TOPIC-0587,游戏引擎反外挂系统/脚本检测命令/检查一个地图内的人物数量.htm,LFM2-2026-08-15-snapshot
LF-CMD-0402,检测,CHECKMAPMONCOUNT,,CheckMapMonCount 地图号 检测符号 数量 [排除宝宝],NPC检测段,指定地图存活怪物集合,NPCSegment与Envir对象快照,B,酷明5处按比较符检测指定地图存活怪物总数；可选1排除人物及英雄宝宝，0或省略则计入,无新增客户端依赖,地图怪物快照与宠物分类,5,5,LingFengPlayerCommandTests.翎风地图范围与同名怪物数量检查使用真实存活对象,Manual/Engine/docs/scripting/player-commands.md,地图与怪物系统,2026-08-17,LF-TOPIC-0545,游戏引擎反外挂系统/脚本检测命令/检查地图内的怪物数量 .htm,LFM2-2026-08-15-snapshot
LF-CMD-0403,检测,CHECKMAPMOVE,,CHECKMAPMOVE 地图名 X坐标 Y坐标,NPC检测段,指定地图坐标,无精确检测命令,D,正文检测坐标是否存在且可通行可到达,无新增客户端依赖,地图碰撞数据与寻路可达性规则,0,0,,Docs/design/scripting/翎风TXT脚本兼容差异说明.md,地图系统与脚本运行时,2026-08-15,LF-TOPIC-0513,游戏引擎反外挂系统/脚本检测命令/检测地图坐标是否可以到达.html,LFM2-2026-08-15-snapshot
LF-CMD-0404,检测,CHECKMAPNAME,CHECKMAP,CHECKMAPNAME 地图名称,NPC检测段,当前玩家地图,src/Server/Server/Scripting/LingFengWorldCommandExecutor.cs与NPCSegment.cs,B,按地图代码或名称解析并与当前地图对象精确比较；仅在显式LFM2兼容版本启用别名,无新增客户端依赖,玩家当前地图与名称解析,0,0,LF-TXT-WORLD-MAP,Manual/Engine/docs/scripting/world-commands.md,地图系统与测试,2026-08-15,LF-TOPIC-0544,游戏引擎反外挂系统/脚本检测命令/检查当前所在地图的名字.htm,LFM2-2026-08-15-snapshot
LF-CMD-0405,检测,CHECKMAPSAMEMONCOUNT,,"CheckMapSameMonCount 地图名称 怪物名称 控制符(<,>,=) 数量 是否忽略怪物名称后面的数字(留空或0=检测数字,1=不检测数字)",NPC检测段,指定地图同名怪物集合,无精确检测命令,D,正文可选择忽略怪物名末尾数字后按比较符计数,无新增客户端依赖,地图怪物快照与兼容名称规范化,0,0,,Docs/design/scripting/翎风TXT脚本兼容差异说明.md,地图与怪物系统,2026-08-15,LF-TOPIC-0512,游戏引擎反外挂系统/脚本检测命令/检测地图相同怪物数.html,LFM2-2026-08-15-snapshot
LF-CMD-0406,检测,CHECKMC,,CHECKMC 控制符(<、>、 =) 攻击下限,NPC检测段,当前玩家魔法力上下限,无精确检测命令,D,正文支持两个比较式同时检测魔法力下限与上限,无新增客户端依赖,玩家实时魔法属性与装备加成,0,0,,Docs/design/scripting/翎风TXT脚本兼容差异说明.md,玩家属性与脚本运行时,2026-08-15,LF-TOPIC-0568,游戏引擎反外挂系统/脚本检测命令/检查人物魔法力.htm,LFM2-2026-08-15-snapshot
LF-CMD-0407,检测,CHECKMEMBERLEVEL,,CHECKMEMBERLEVEL 类型(1-65535),NPC检测段,当前玩家指定会员类型等级,无精确检测命令或多类型会员等级模型,D,正文先指定1至65535会员类型再按比较符检测等级,无新增客户端依赖,玩家会员类型等级持久值,0,0,,Docs/design/scripting/翎风TXT脚本兼容差异说明.md,会员系统与脚本运行时,2026-08-15,LF-TOPIC-0556,游戏引擎反外挂系统/脚本检测命令/检查人物的会员等级.htm,LFM2-2026-08-15-snapshot
LF-CMD-0408,检测,CHECKMEMBERTYPE,,CHECKMEMBERTYPE,NPC检测段,当前玩家会员类型,无精确检测命令或会员类型模型,D,正文按比较符检测1至65535会员类型数值,无新增客户端依赖,玩家会员类型持久值,0,0,,Docs/design/scripting/翎风TXT脚本兼容差异说明.md,会员系统与脚本运行时,2026-08-15,LF-TOPIC-0557,游戏引擎反外挂系统/脚本检测命令/检查人物的会员类型.htm,LFM2-2026-08-15-snapshot
LF-CMD-0409,检测,CHECKMINE,,CheckMine 物品名称 数量(1-45) > = < 纯度(1-65),NPC检测段,当前玩家背包矿物,无精确检测命令,D,正文按物品名和1至65纯度比较并要求满足1至45数量,无新增客户端依赖,背包物品品质持久字段与数量聚合,0,0,,Docs/design/scripting/翎风TXT脚本兼容差异说明.md,物品系统与脚本运行时,2026-08-15,LF-TOPIC-0466,游戏引擎反外挂系统/兼容HeroM2/脚本检测命令/检测物品纯度.htm,LFM2-2026-08-15-snapshot
LF-CMD-0410,检测,CHECKMONMAP,,CheckMonMap 地图号,NPC检测段,指定地图怪物集合,NPCSegment复用存活怪物计数并按最低数量判断,C,末参数1排除人物与英雄宝宝；省略或0计入,无新增客户端依赖,地图怪物快照与宠物分类,1,1,LingFengPlayerCommandTests.酷明月老武馆与地图数量检测读取真实领域状态,Manual/Engine/docs/scripting/player-commands.md,地图与怪物系统,2026-08-17,LF-TOPIC-0546,游戏引擎反外挂系统/脚本检测命令/检查一个地图内的怪物数量.htm,LFM2-2026-08-15-snapshot
LF-CMD-0411,检测,CHECKMP,,CHECKMP 操作符 MP值 [操作符 MP值],NPC检测段,当前玩家当前MP,src/Server/Server/Scripting/LingFengNumericCommandExecutor.cs与NPCSegment.cs,B,支持对当前MP执行单边或双边界比较；不把阈值解释为最大MP属性,无新增客户端依赖,玩家当前魔法值,0,0,LF-TXT-PLAYER-NUMERIC,Manual/Engine/docs/scripting/player-commands.md,玩家属性与脚本运行时,2026-08-15,LF-TOPIC-0582,游戏引擎反外挂系统/脚本检测命令/检查人物MP值.htm,LFM2-2026-08-15-snapshot
LF-CMD-0412,检测,CHECKNAMEIPLIST,,CHECKNAMEIPLIST NameIPList.txt,NPC检测段,当前玩家角色名与登录IP,无精确检测命令,D,正文读取Envir内角色名IP映射并精确匹配当前会话,无新增客户端依赖,受控脚本名单与角色名及远端IP,0,0,,Docs/design/scripting/翎风TXT脚本兼容差异说明.md,账号安全与脚本运行时,2026-08-15,LF-TOPIC-0567,游戏引擎反外挂系统/脚本检测命令/检查人物名称与IP是否匹配.htm,LFM2-2026-08-15-snapshot
LF-CMD-0413,检测,CHECKNAMELISTPOSITION,,CHECKNAMELISTPOSITION List.txt  (> < =,NPC检测段,当前玩家角色名与受控列表,无精确检测命令,D,正文按一基列表排名比较并将实际名次写入指定变量,无新增客户端依赖,白名单脚本数据与变量写入,0,0,,Docs/design/scripting/翎风TXT脚本兼容差异说明.md,脚本存储与变量系统,2026-08-15,LF-TOPIC-0580,游戏引擎反外挂系统/脚本检测命令/检查人物在列表中的位置.htm,LFM2-2026-08-15-snapshot
LF-CMD-0414,检测,CHECKNEWITEMVALUE,,"CHECKNEWITEMVALUE 位置(-1时是OK框中的装备, 0-18时是穿在身上的装备,boxitem0 - boxitem7 对应8个自定义OK框) 属性(0-10) 检测符(>,<,=) 值(1-100) | CheckNewItemValue 位置(0-18) 属性(0-5)",NPC检测段,玩家或英雄扩展装备位置与元素属性,缺少翎风扩展属性模型和专用登录器协议,E,两个正文版本将属性域从0至5扩展到0至26且明确不含数据库天生元素,需要兼容客户端显示与装备扩展协议,装备扩展属性数组与位置映射,0,0,,Docs/design/scripting/翎风TXT脚本兼容差异说明.md,客户端协议与物品模型,2026-08-15,LF-TOPIC-0467；LF-TOPIC-0523,游戏引擎反外挂系统/兼容HeroM2/脚本检测命令/检测新属性.htm；游戏引擎反外挂系统/脚本检测命令/检测人物新增属性.html,LFM2-2026-08-15-snapshot
LF-CMD-0415,检测,CHECKOFFLINE,,CheckOffline,NPC检测段,当前玩家离线挂机状态,无精确检测命令且依赖SETOFFLINEPLAY生命周期,D,两个正文来源一致检测人物是否处于离线挂机而非普通断线,无新增客户端依赖,玩家离线挂机生命周期状态,0,0,,Docs/design/scripting/翎风TXT脚本兼容差异说明.md,玩家生命周期与脚本运行时,2026-08-15,LF-TOPIC-0464；LF-TOPIC-0521,游戏引擎反外挂系统/兼容HeroM2/脚本检测命令/检测人物是否挂机.htm；游戏引擎反外挂系统/脚本检测命令/检测人物是否挂机.htm,LFM2-2026-08-15-snapshot
LF-CMD-0416,检测,CHECKONHORSE,,CheckOnHorse,NPC检测段,当前玩家坐骑状态,无精确检测命令,D,正文检测当前人物是否正在骑马,现有坐骑客户端消息,玩家坐骑状态,0,0,,Docs/design/scripting/翎风TXT脚本兼容差异说明.md,玩家状态与脚本运行时,2026-08-15,LF-TOPIC-0518,游戏引擎反外挂系统/脚本检测命令/检测是否在骑马状态.htm,LFM2-2026-08-15-snapshot
LF-CMD-0417,检测,CHECKONLINE,,CheckOnline,NPC检测段,指定角色名的玩家会话,无精确检测命令,D,正文按人物名字检测是否在线,无新增客户端依赖,在线玩家索引与名称规范化,0,0,,Docs/design/scripting/翎风TXT脚本兼容差异说明.md,玩家生命周期与脚本运行时,2026-08-15,LF-TOPIC-0531,游戏引擎反外挂系统/脚本检测命令/检测玩家是否在线.htm,LFM2-2026-08-15-snapshot
LF-CMD-0418,检测,CHECKPKPOINTEX,,"CHECKPKPOINTEX 控制符(=,>,<) PK点数",NPC检测段,当前玩家精确PK值,src/Server/Server/MirObjects/NPC/NPCSegment.cs,B,作为CHECKPKPOINT别名按比较符检测精确PK点；非法比较符失败并诊断,无新增客户端依赖,玩家PK点数,0,0,LF-TXT-PLAYER-NUMERIC,Manual/Engine/docs/scripting/player-commands.md,玩家状态与测试,2026-08-15,LF-TOPIC-0526,游戏引擎反外挂系统/脚本检测命令/检测人物PK值.htm,LFM2-2026-08-15-snapshot
LF-CMD-0419,检测,CHECKPOSEDIR,,CHECKPOSEDIR [1|2],NPC检测段,当前玩家与正对面相邻人物,NPCSegment地图格与朝向检测,B,双方必须在相邻格互相面对；1限同性，2限异性，省略不限性别；酷明月老使用2,无新增客户端依赖,地图相邻玩家索引与朝向及性别,2,2,LingFengPlayerCommandTests.酷明月老检测正对面异性与对面人物等级,Manual/Engine/docs/scripting/player-commands.md,地图与玩家系统,2026-08-17,LF-TOPIC-0550,游戏引擎反外挂系统/脚本检测命令/检查对面人物站的位置性别.htm,LFM2-2026-08-15-snapshot
LF-CMD-0420,检测,CHECKPOSEGENDER,,CHECKPOSEGENDER,NPC检测段,当前玩家正前方相邻人物,NPCSegment按前方格活着人物读取性别,C,不要求对方反向面对；支持MAN男WOMAN女,无新增客户端依赖,地图相邻玩家索引与性别,1,1,LingFengPlayerCommandTests.酷明月老武馆与地图数量检测读取真实领域状态,Manual/Engine/docs/scripting/player-commands.md,地图与玩家系统,2026-08-17,LF-TOPIC-0549,游戏引擎反外挂系统/脚本检测命令/检查对面人物的性别.htm,LFM2-2026-08-15-snapshot
LF-CMD-0421,检测,CHECKPOSELEVEL,,"CHECKPOSELEVEL 控制符(=,>,<) 等级数(1-65535)",NPC检测段,当前玩家正对面人物,NPCSegment地图格与等级比较,B,对面相邻格存在活着玩家时按比较符检测1至65535等级，不额外要求对方朝向；酷明月老和武馆各2处,无新增客户端依赖,地图相邻玩家索引与等级,2,2,LingFengPlayerCommandTests.酷明月老检测正对面异性与对面人物等级,Manual/Engine/docs/scripting/player-commands.md,地图与玩家系统,2026-08-17,LF-TOPIC-0548,游戏引擎反外挂系统/脚本检测命令/检查对面人物的等级.htm,LFM2-2026-08-15-snapshot
LF-CMD-0422,检测,CHECKRANGEMONCOUNT,,"CheckRangeMonCount 地图号 X坐标 Y坐标 范围 控制符(=,>,<)",NPC检测段,指定地图坐标范围内怪物集合,无精确检测命令,D,两个正文来源一致按比较符检测坐标范围内全部怪物数量,无新增客户端依赖,地图怪物空间索引与范围规则,0,0,,Docs/design/scripting/翎风TXT脚本兼容差异说明.md,地图与怪物系统,2026-08-15,LF-TOPIC-0487；LF-TOPIC-0588,游戏引擎反外挂系统/兼容HeroM2/脚本检测命令/检查一个范围内怪物数.htm；游戏引擎反外挂系统/脚本检测命令/检查一个坐标范围内怪物数量.htm,LFM2-2026-08-15-snapshot
LF-CMD-0423,检测,CHECKRANGEMONCOUNTEX,,"CHECKRANGEMONCOUNTEX 地图代码 怪物名 X坐标 Y坐标 范围 控制符(=,>,<) 数量 宝宝是否计算在内",NPC检测段,指定地图坐标范围内同名怪物集合,无精确检测命令,D,正文增加怪物名过滤与宝宝是否计入参数并按比较符计数,无新增客户端依赖,地图怪物空间索引与宠物分类,0,0,,Docs/design/scripting/翎风TXT脚本兼容差异说明.md,地图与怪物系统,2026-08-15,LF-TOPIC-0511,游戏引擎反外挂系统/脚本检测命令/检测地图范围怪物数量.html,LFM2-2026-08-15-snapshot
LF-CMD-0424,检测,CHECKRENEWLEVEL,,CHECKRENEWLEVEL,NPC检测段,当前玩家或英雄转生等级,无精确检测命令,D,正文按比较符检测1至255转生等级并支持英雄前缀,无新增客户端依赖,玩家与英雄转生等级持久值,0,0,,Docs/design/scripting/翎风TXT脚本兼容差异说明.md,玩家成长与英雄系统,2026-08-15,LF-TOPIC-0560,游戏引擎反外挂系统/脚本检测命令/检查人物的转生等级.htm,LFM2-2026-08-15-snapshot
LF-CMD-0425,检测,CHECKSC,,CHECKSC 控制符(<、>、 =) 攻击下限,NPC检测段,当前玩家道术上下限,无精确检测命令,D,正文支持两个比较式同时检测道术下限与上限,无新增客户端依赖,玩家实时道术属性与装备加成,0,0,,Docs/design/scripting/翎风TXT脚本兼容差异说明.md,玩家属性与脚本运行时,2026-08-15,LF-TOPIC-0555,游戏引擎反外挂系统/脚本检测命令/检查人物道术.htm,LFM2-2026-08-15-snapshot
LF-CMD-0426,检测,CHECKSHIELDSTATEOPEN,,CheckShieldStateOpen,NPC检测段,当前玩家防御盾状态,无精确检测命令,D,正文以0武力盾1魔法盾2道力盾检测是否开启,现有技能效果客户端消息,玩家三类护盾效果状态,0,0,,Docs/design/scripting/翎风TXT脚本兼容差异说明.md,技能与战斗系统,2026-08-15,LF-TOPIC-0517,游戏引擎反外挂系统/脚本检测命令/检测魔法盾是否开启.htm,LFM2-2026-08-15-snapshot
LF-CMD-0427,检测,CHECKSHOPSTALLSTATUS,,CHECKSHOPSTALLSTATUS,NPC检测段,当前玩家个人商店会话,无精确检测命令,D,正文检测人物是否正在摆摊,现有个人商店客户端消息,玩家摆摊生命周期状态,0,0,,Docs/design/scripting/翎风TXT脚本兼容差异说明.md,交易与玩家生命周期,2026-08-15,LF-TOPIC-0528,游戏引擎反外挂系统/脚本检测命令/检测是不是在摆摊.html,LFM2-2026-08-15-snapshot
LF-CMD-0428,检测,CHECKSKILL,,"CHECKSKILL 技能名称 检测符(>,<,=) 等级 是否检测强化技能(0或为空时为技能等级,1为强化技能等级)",NPC检测段,当前玩家指定技能,UserMagic普通等级与LingFengCharacterProgress强化等级,B,要求人物已学习技能；末参数1读取独立强化等级且与SKILLLEVEL共用持久事实源,无新增客户端依赖,技能定义与人物持久变量,25,25,LingFengPlayerCommandTests.翎风技能命令按中文技能名分别调整普通与强化持久等级,Manual/Engine/docs/scripting/player-commands.md,技能系统与脚本运行时,2026-08-17,LF-TOPIC-0566,游戏引擎反外挂系统/脚本检测命令/检查人物技能.htm,LFM2-2026-08-15-snapshot
LF-CMD-0429,检测,CHECKSLAVECOUNT,,CHECKSLAVECOUNT 比较符 数量 [宝宝名称 是否检查名称数字],NPC检测段,当前人物存活宝宝,NPCSegment与PlayerObject.Pets,B,按官方0忽略末尾数字或1完整名称比较并只统计存活宝宝；酷明七处骷髅变异骷髅神兽检测完整覆盖,不统计英雄宝宝且参数非法时候选失败关闭,人物宝宝集合,7,7,LingFengPlayerCommandTests.命格宝宝数量检测可忽略名称末尾数字且只统计存活宝宝,Manual/Engine/docs/scripting/player-commands.md,召唤系统与脚本运行时,2026-08-17,LF-TOPIC-0477；LF-TOPIC-0539,游戏引擎反外挂系统/兼容HeroM2/脚本检测命令/检查宝宝数量.htm；游戏引擎反外挂系统/脚本检测命令/检查宝宝的数量.htm,LFM2-2026-08-15-snapshot
LF-CMD-0430,检测,CHECKSLAVEINRANGE,,CheckSlaveInRange 名字,NPC检测段,当前玩家与指定宠物,无精确检测命令,D,正文按宠物名字和距离检测与主人的地图范围关系并用于128类宝宝,无新增客户端依赖,玩家宠物集合与地图距离,0,0,,Docs/design/scripting/翎风TXT脚本兼容差异说明.md,宠物与地图系统,2026-08-15,LF-TOPIC-0495,游戏引擎反外挂系统/兼容HeroM2/脚本检测命令/检查自己和宝宝之间的距离[!].htm,LFM2-2026-08-15-snapshot
LF-CMD-0431,检测,CHECKSLAVELEVEL,,"CHECKSLAVELEVEL 控制符(=,>,<)  等级数(7)",NPC检测段,当前玩家宠物最高等级,现有PETLEVEL语义相近但无精确别名与黄金测试,D,两个正文来源均按比较符检测宠物最高等级且示例上限为7,无新增客户端依赖,玩家宠物等级集合,0,0,,Docs/design/scripting/翎风TXT脚本兼容差异说明.md,宠物系统与测试,2026-08-15,LF-TOPIC-0478；LF-TOPIC-0540,游戏引擎反外挂系统/兼容HeroM2/脚本检测命令/检查宝宝最高等级.htm；游戏引擎反外挂系统/脚本检测命令/检查宝宝的等级.htm,LFM2-2026-08-15-snapshot
LF-CMD-0432,检测,CHECKSTRINGLENGTH,,"CheckStringlength 字符串 操作符(<,>,=) 位数",NPC检测段,解析后的脚本字符串,无精确检测命令,D,正文按中文和全角符号二字节规则比较字符串长度,无新增客户端依赖,CP936字节长度与脚本字符串展开,0,0,,Docs/design/scripting/翎风TXT脚本兼容差异说明.md,变量系统与脚本运行时,2026-08-15,LF-TOPIC-0476,游戏引擎反外挂系统/兼容HeroM2/脚本检测命令/检测字符串长度命令.htm,LFM2-2026-08-15-snapshot
LF-CMD-0433,检测,CHECKSUCKDAMAGE,,CheckSuckDamage,NPC检测段,当前玩家伤害吸收池,无精确检测命令且依赖SETSUCKDAMAGE状态,D,正文按比较符检测1至2000000000当前伤害吸收总值,无新增客户端依赖,玩家临时伤害吸收池,0,0,,Docs/design/scripting/翎风TXT脚本兼容差异说明.md,战斗与脚本运行时,2026-08-15,LF-TOPIC-0463,游戏引擎反外挂系统/兼容HeroM2/脚本检测命令/检测人物的伤害吸收.htm,LFM2-2026-08-15-snapshot
LF-CMD-0434,检测,CHECKTAKEOFFITEM,,CheckTakeOffItem 物品名字,物品脱下触发检测段,当前正在脱下的装备,无精确检测命令或装备事件上下文,D,两个正文来源一致要求在脱下事件中匹配当前物品名字,现有装备客户端消息,可取消装备事务与当前物品上下文,0,0,,Docs/design/scripting/翎风TXT脚本兼容差异说明.md,物品系统与脚本运行时,2026-08-15,LF-TOPIC-0489；LF-TOPIC-0491,游戏引擎反外挂系统/兼容HeroM2/脚本检测命令/检查正在穿身上装备的名字.html；游戏引擎反外挂系统/兼容HeroM2/脚本检测命令/检查正在取下身上装备的名字.htm,LFM2-2026-08-15-snapshot
LF-CMD-0435,检测,CHECKTAKEONITEM,,CheckTakeonItem 物品名字,物品穿戴触发检测段,当前正在穿戴的装备,无精确检测命令或装备事件上下文,D,两个正文来源一致要求在穿戴事件中匹配当前物品名字,现有装备客户端消息,可取消装备事务与当前物品上下文,0,0,,Docs/design/scripting/翎风TXT脚本兼容差异说明.md,物品系统与脚本运行时,2026-08-15,LF-TOPIC-0489；LF-TOPIC-0491,游戏引擎反外挂系统/兼容HeroM2/脚本检测命令/检查正在穿身上装备的名字.html；游戏引擎反外挂系统/兼容HeroM2/脚本检测命令/检查正在取下身上装备的名字.htm,LFM2-2026-08-15-snapshot
LF-CMD-0436,检测,CHECKTRANPOINT,,"CHECKTRANPOINT 技能名称 控制符(=,>,<)",NPC检测段,当前玩家或英雄指定技能修炼点,无精确检测命令,D,正文按比较符检测技能熟练度并支持英雄前缀,无新增客户端依赖,玩家与英雄技能熟练度,0,0,,Docs/design/scripting/翎风TXT脚本兼容差异说明.md,技能与英雄系统,2026-08-15,LF-TOPIC-0516,游戏引擎反外挂系统/脚本检测命令/检测技能修炼点.htm,LFM2-2026-08-15-snapshot
LF-CMD-0437,检测,CHECKUNDERWAR,,CHECKUNDERWAR 城堡名称,NPC检测段,指定城堡当前战争状态,NPCSegment与ConquestObject当前战争状态,B,按城堡名称大小写不敏感匹配WarIsOn；酷明2处均检测沙巴克攻城是否未结束,无新增客户端依赖,城堡战争调度与当前状态,2,2,LingFengPlayerCommandTests.命格穿戴目标护盾与攻城状态读取现有领域状态,Manual/Engine/docs/scripting/player-commands.md,城堡系统与脚本运行时,2026-08-17,LF-TOPIC-0530,游戏引擎反外挂系统/脚本检测命令/检测是否正在攻城.html,LFM2-2026-08-15-snapshot
LF-CMD-0438,检测,CHECKUPGRADEITEMNAME,,CheckUpgradeItemName,QFunction的ItemUpgrade检测段,升级装备或左侧宝石,无精确检测命令或物品升级事件上下文,D,正文限定ItemUpgrade触发并以位置0检测装备位置1检测宝石名字,现有物品升级客户端消息,可取消升级事务与两个当前物品上下文,0,0,,Docs/design/scripting/翎风TXT脚本兼容差异说明.md,物品升级与脚本运行时,2026-08-15,LF-TOPIC-0460,游戏引擎反外挂系统/兼容HeroM2/脚本检测命令/检测当前宝石升级装备的名字.htm,LFM2-2026-08-15-snapshot
LF-CMD-0439,检测,CHECKUSEITEM,H.CHECKUSEITEM,CHECKUSEITEM 位置,NPC检测段,当前人物或英雄装备位置,NPCSegment与真实人物/英雄装备数组,C,人物及英雄位置0至13已映射；酷明6处H前缀0、1、3位置可直接执行；扩展首饰盒生肖盒30至35及40至51尚未接入,无新增客户端依赖,扩展装备首饰盒生肖盒位置映射,7,7,LingFengPlayerCommandTests.命格穿戴目标护盾与攻城状态读取现有领域状态,Manual/Engine/docs/scripting/player-commands.md,物品系统与脚本运行时,2026-08-17,LF-TOPIC-0569,游戏引擎反外挂系统/脚本检测命令/检查人物身上指定位置是否戴物品.htm,LFM2-2026-08-15-snapshot
LF-CMD-0440,检测,DAYOFMONTH,,DAYOFMONTH 天数(1-31) 天数(1-31),NPC检测段,服务器本地日期,无精确检测命令,D,正文支持单日或闭区间检测本月1至31日,无新增客户端依赖,服务器时区与日历日期,0,0,,Docs/design/scripting/翎风TXT脚本兼容差异说明.md,时间系统与脚本运行时,2026-08-15,LF-TOPIC-0459,游戏引擎反外挂系统/兼容HeroM2/脚本检测命令/检测本月的天数.htm,LFM2-2026-08-15-snapshot
LF-CMD-0441,检测,FINDMONPOINT,,FindMonPoint 地图名 怪物名称 X坐标变量 Y坐标变量,NPC检测段,指定地图同名怪物与坐标变量,无精确检测命令,D,正文查找最近的同名怪物并写入XY变量；最近参照点需黄金样本确认,无新增客户端依赖,地图怪物空间索引与变量写入,0,0,,Docs/design/scripting/翎风TXT脚本兼容差异说明.md,地图与怪物系统,2026-08-15,LF-TOPIC-0502,游戏引擎反外挂系统/脚本检测命令/获取地图怪物坐标.htm,LFM2-2026-08-15-snapshot
LF-CMD-0442,检测,FINDNPCPOINT,,FindNpcPoint 地图名 NPC名称 X坐标变量 Y坐标变量,NPC检测段,指定地图命名NPC与坐标变量,无精确检测命令,D,正文获取首个匹配NPC坐标并支持自定义NPC,无新增客户端依赖,地图NPC索引与变量写入及确定顺序,0,0,,Docs/design/scripting/翎风TXT脚本兼容差异说明.md,地图与NPC系统,2026-08-15,LF-TOPIC-0505,游戏引擎反外挂系统/脚本检测命令/获取NPC坐标.htm,LFM2-2026-08-15-snapshot
LF-CMD-0443,检测,GETBAGITEMCOUNT,,GetBagItemCount 物品名称 保存变量 排除OK框中的物品(0或空:计算OK框的物品，1：不算OK框中的物品) 是否判断满持久(0:或空不判断； 1：判断）,NPC动作段,当前玩家背包与OK框物品及目标变量,候选归为检测但正文命令位于ACT且无精确实现,D,正文统计指定物品并可排除OK框及仅计满持久非叠加物品后写变量,无新增客户端依赖,背包与OK框快照及持久值和变量写入,0,0,,Docs/design/scripting/翎风TXT脚本兼容差异说明.md,物品与变量系统,2026-08-15,LF-TOPIC-0506,游戏引擎反外挂系统/脚本检测命令/检测包裹中满经验聚灵珠数量.htm,LFM2-2026-08-15-snapshot
LF-CMD-0444,检测,GETGUILDMEMBERCOUNT,,GETGUILDMEMBERCOUNT  参数1  参数2  参数3,NPC动作段,指定行会与目标变量,候选归为检测但正文命令位于ACT且无精确实现,D,正文将行会总人数或在线人数写入变量且行会不存在返回零,无新增客户端依赖,行会成员快照与在线状态及变量写入,0,0,,Docs/design/scripting/翎风TXT脚本兼容差异说明.md,行会与变量系统,2026-08-15,LF-TOPIC-0503,游戏引擎反外挂系统/脚本检测命令/获取行会人数脚本命令.htm,LFM2-2026-08-15-snapshot
LF-CMD-0445,检测,GIVE,,GIVE 物品名 数量 [极品及持久扩展参数],NPC动作段,当前玩家背包与新建物品,src/Server/Server/MirObjects/NPC/NPCSegment.cs,C,基础给物映射到GIVEITEM；极品位置及刺术箭术武力没有稳定等价模型时扩展签名失败关闭并要求改写,现有背包客户端消息,物品创建与背包容量,0,0,LF-TXT-PLAYER-ITEM,Manual/Engine/docs/scripting/player-commands.md,物品系统与测试,2026-08-15,LF-TOPIC-0618,游戏引擎反外挂系统/其他相关资料/扩展GIVE命令.htm,LFM2-2026-08-15-snapshot
LF-CMD-0446,检测,ISGROUPMASTER,,ISGROUPMASTER,NPC检测段,当前玩家队伍与队长,现有GROUPLEADER语义相近但无精确别名与黄金测试,D,正文检测当前人物是否为编组组长,无新增客户端依赖,玩家队伍及队长标识,0,0,,Docs/design/scripting/翎风TXT脚本兼容差异说明.md,组队系统与测试,2026-08-15,LF-TOPIC-0583,游戏引擎反外挂系统/脚本检测命令/检查是否为组长.htm,LFM2-2026-08-15-snapshot
LF-CMD-0447,检测,ISHIGH,,ISHIGH,NPC检测段,当前玩家与全服在线玩家属性排名,无精确检测命令,D,正文按L等级P邪恶D攻击M魔法S道术判断当前人物是否在线最高,无新增客户端依赖,在线玩家一致性快照与属性排序及并列规则,0,0,,Docs/design/scripting/翎风TXT脚本兼容差异说明.md,玩家索引与脚本运行时,2026-08-15,LF-TOPIC-0461,游戏引擎反外挂系统/兼容HeroM2/脚本检测命令/检查在线最高属性人物.htm,LFM2-2026-08-15-snapshot
LF-CMD-0448,检测,MAPHUMISSAMEGUILD,,MapHumIsSameGuild 是否忽略没有加人行会的人物(0-1),NPC检测段,当前地图全部玩家行会,无精确检测命令,D,正文检测地图人物是否同一行会并可忽略未加入行会者,无新增客户端依赖,地图玩家快照与行会成员关系,0,0,,Docs/design/scripting/翎风TXT脚本兼容差异说明.md,地图与行会系统,2026-08-15,LF-TOPIC-0479,游戏引擎反外挂系统/兼容HeroM2/脚本检测命令/检查地图中的人物是否属于同一个行会.htm,LFM2-2026-08-15-snapshot
LF-CMD-0449,检测,MONTHOFYEAR,,MONTHOFYEAR 月份(1-12) 月份(1-12),NPC检测段,服务器本地日期,无精确检测命令,D,正文支持单月或闭区间检测当前1至12月,无新增客户端依赖,服务器时区与日历月份及跨年规则,0,0,,Docs/design/scripting/翎风TXT脚本兼容差异说明.md,时间系统与脚本运行时,2026-08-15,LF-TOPIC-0473,游戏引擎反外挂系统/兼容HeroM2/脚本检测命令/检测月份.htm,LFM2-2026-08-15-snapshot
LF-CMD-0450,检测,NOT,,NOT 命令 > 50 //检测人物物品算不大于50,NPC检测段,紧随其后的完整检测表达式,src/Server/Server/MirObjects/NPC/NPCSegment.cs,C,支持NOT和!前缀并在原检测完成后统一取反；复合#IF(n)/#OR仍由后续长尾批次处理,无新增客户端依赖,检测表达式语法树与递归深度限制,0,0,LFENV14-COMPARE,Docs/design/scripting/翎风TXT脚本兼容差异说明.md,解析器与脚本运行时,2026-08-16,LF-TOPIC-0590,游戏引擎反外挂系统/脚本检测命令/脚本检测命令取反NOT[!].htm,LFM2-2026-08-15-snapshot
LF-CMD-0451,检测,ONLINELONGMIN,,ONLINELONGMIN (> < =) 支持变量操作,NPC检测段,当前玩家本次在线会话,无精确检测命令,D,正文按比较符检测在线分钟数且阈值支持变量展开,无新增客户端依赖,玩家登录时间与服务器单调时钟,0,0,,Docs/design/scripting/翎风TXT脚本兼容差异说明.md,玩家生命周期与脚本运行时,2026-08-15,LF-TOPIC-0525,游戏引擎反外挂系统/脚本检测命令/检测人物在线时长[!].htm,LFM2-2026-08-15-snapshot
LF-CMD-0452,检测,SET,,"SET [1,2,4-6,8] 1",NPC动作段,当前玩家个人标识集合,src/Server/Server/MirObjects/NPC/NPCSegment.cs仅支持单个SET索引,D,候选归为检测但正文为动作；支持逗号区间变量端点及负一取反且索引从1开始,无新增客户端依赖,玩家标识位集合与范围展开上限,0,0,LF-TXT-CMD-0452,Docs/design/scripting/翎风TXT脚本兼容差异说明.md,变量系统与解析器,2026-08-15,LF-TOPIC-0592,游戏引擎反外挂系统/脚本检测命令/扩展check支持批量检测.htm,LFM2-2026-08-15-snapshot
LF-CMD-0453,检测,TAKE,,take 物品 数量 是否检测装备改名 物品名匹配方式 是否排除自定义OK框物品 检测持久,NPC动作段,当前玩家背包,src/Server/Server/Scripting/LingFengItemCommandExecutor.cs与NPCSegment.cs,C,该候选实际为动作；支持背包原子回收但改名装备和自定义OK框需按说明书改写,现有背包客户端消息,背包物品数量与持久值,0,0,LF-TXT-PLAYER-ITEM,Manual/Engine/docs/scripting/player-commands.md,物品系统与脚本运行时,2026-08-15,LF-TOPIC-0391,游戏引擎反外挂系统/功能操作命令/TAKE收回背包物品.htm,LFM2-2026-08-15-snapshot
LF-VAR-0001,变量,固定前缀变量,,P/D/M/N/S/I/G/A/U/T/J/Z编号变量,NPC检测与动作段,当前玩家或服务器的对应生命周期所有者,src/Server/Server/Scripting/Variables/ScriptVariableModule.cs,B,核心读写和生命周期一致；跨服保留编号明确拒绝且小数必须使用命名声明,无新增客户端依赖,角色行会服务器变量存储与持久化,0,0,LF-TXT-VAR-PREFIX,Manual/Engine/docs/scripting/variables.md,变量系统,2026-08-15,LF-TOPIC-0602,游戏引擎反外挂系统/其他相关资料/程序变量说明[!].htm,LFM2-2026-08-15-snapshot
LF-VAR-0002,变量,VAR,,VAR 类型 作用域 名称 DEFAULT 默认值,启动与热重载声明段,完整TXT候选快照,src/Server/Server/Scripting/Variables/ScriptVariableTextDeclarationParser.cs,B,声明在发布前统一收集且冲突整批回滚；Decimal是LyoCrystal安全扩展,无新增客户端依赖,变量声明目录与既有持久值类型,0,0,LF-TXT-VAR-DECLARATION,Manual/Engine/docs/scripting/variables.md,变量系统与热重载,2026-08-15,LF-TOPIC-0376,游戏引擎反外挂系统/功能操作命令/自定义变量功能.htm,LFM2-2026-08-15-snapshot
LF-VAR-0003,变量,MOV,,MOV 变量 值,NPC动作段,当前变量上下文,src/Server/Server/MirObjects/NPC/NPCSegment.cs与Scripting/Variables/ScriptVariableCommands.cs,B,统一类型检查；非法转换或溢出失败且旧值不变,无新增客户端依赖,统一变量模块,0,0,LF-TXT-VAR-MUTATE,Manual/Engine/docs/scripting/variables.md,变量系统与脚本运行时,2026-08-15,LF-TOPIC-0603,游戏引擎反外挂系统/其他相关资料/传奇基础脚本命令详解[!].htm,LFM2-2026-08-15-snapshot
LF-VAR-0004,变量,INC,,INC 变量 值,NPC动作段,当前变量上下文,src/Server/Server/MirObjects/NPC/NPCSegment.cs与Scripting/Variables/ScriptVariableCommands.cs,B,整数和小数使用统一十进制提升规则；失败不部分写入,无新增客户端依赖,统一变量模块,0,0,LF-TXT-VAR-MUTATE,Manual/Engine/docs/scripting/variables.md,变量系统与脚本运行时,2026-08-15,LF-TOPIC-0603,游戏引擎反外挂系统/其他相关资料/传奇基础脚本命令详解[!].htm,LFM2-2026-08-15-snapshot
LF-VAR-0005,变量,DEC,,DEC 变量 值,NPC动作段,当前变量上下文,src/Server/Server/MirObjects/NPC/NPCSegment.cs与Scripting/Variables/ScriptVariableCommands.cs,B,整数和小数使用统一十进制提升规则；失败不部分写入,无新增客户端依赖,统一变量模块,0,0,LF-TXT-VAR-MUTATE,Manual/Engine/docs/scripting/variables.md,变量系统与脚本运行时,2026-08-15,LF-TOPIC-0603,游戏引擎反外挂系统/其他相关资料/传奇基础脚本命令详解[!].htm,LFM2-2026-08-15-snapshot
LF-VAR-0006,变量,MUL,,MUL 变量 值,NPC动作段,当前变量上下文,src/Server/Server/MirObjects/NPC/NPCSegment.cs与Scripting/Variables/ScriptVariableCommands.cs,B,整数和小数使用统一十进制提升规则；溢出失败且旧值不变,无新增客户端依赖,统一变量模块,0,0,LF-TXT-VAR-MUTATE,Manual/Engine/docs/scripting/variables.md,变量系统与脚本运行时,2026-08-15,LF-TOPIC-0603,游戏引擎反外挂系统/其他相关资料/传奇基础脚本命令详解[!].htm,LFM2-2026-08-15-snapshot
LF-VAR-0007,变量,DIV,,DIV 变量 值,NPC动作段,当前变量上下文,src/Server/Server/MirObjects/NPC/NPCSegment.cs与Scripting/Variables/ScriptVariableCommands.cs,B,除零失败且旧值不变；整数结果不允许隐式小数截断,无新增客户端依赖,统一变量模块,0,0,LF-TXT-VAR-MUTATE,Manual/Engine/docs/scripting/variables.md,变量系统与脚本运行时,2026-08-15,LF-TOPIC-0603,游戏引擎反外挂系统/其他相关资料/传奇基础脚本命令详解[!].htm,LFM2-2026-08-15-snapshot
LF-VAR-0008,变量,CALC,,CALC 变量 运算符 值,NPC动作段,当前变量上下文,src/Server/Server/MirObjects/NPC/NPCSegment.cs与Scripting/Variables/ScriptVariableCommands.cs,B,加减乘除和取模统一进入变量模块；结构化错误替代静默截断,无新增客户端依赖,统一变量模块,0,0,LF-TXT-VAR-CALC,Manual/Engine/docs/scripting/variables.md,变量系统与脚本运行时,2026-08-15,LF-TOPIC-0603,游戏引擎反外挂系统/其他相关资料/传奇基础脚本命令详解[!].htm,LFM2-2026-08-15-snapshot
LF-VAR-0009,变量,FORMULATION,,FORMULATION 表达式 接收变量,NPC动作段,当前变量上下文,src/Server/Server/Scripting/Variables/ScriptVariableFormulaEngine.cs,B,业务计算结果一致；仅允许受控四则幂和Random且有长度词元深度上限,无新增客户端依赖,十进制变量与受控随机源,0,0,LF-TXT-VAR-FORMULA,Manual/Engine/docs/scripting/variables.md,变量系统与脚本运行时,2026-08-15,LF-TOPIC-0311,游戏引擎反外挂系统/功能操作命令/数学表达式运算命令.htm,LFM2-2026-08-15-snapshot
LF-VAR-0010,变量,CHANCE,,CHANCE 几率变量 单位,NPC检测段,当前变量上下文,src/Server/Server/Scripting/Variables/ScriptVariableProbability.cs,B,使用百万整数阈值避免浮点漂移；默认百分数并允许显式PERCENT或FRACTION,无新增客户端依赖,十进制变量与服务器随机源,0,0,LF-TXT-VAR-CHANCE,Manual/Engine/docs/scripting/variables.md,变量系统与脚本运行时,2026-08-15,LF-TOPIC-0311,游戏引擎反外挂系统/功能操作命令/数学表达式运算命令.htm,LFM2-2026-08-15-snapshot
LF-VAR-0011,变量,L$列表,,L$名称与列表操作命令,NPC检测与动作段,当前玩家在线会话,src/Server/Server/Scripting/Variables/ScriptCompositeVariableCommands.cs,B,列表读写排序计数极值和切片可用；采用明确配额且小退清理,无新增客户端依赖,角色在线临时复合变量存储,0,0,LF-TXT-VAR-COMPOSITES,Manual/Engine/docs/scripting/variables.md,变量系统与脚本运行时,2026-08-15,LF-TOPIC-0172,游戏引擎反外挂系统/功能操作命令/元素变量.html,LFM2-2026-08-15-snapshot
LF-VAR-0012,变量,D$字典,,D$名称与字典操作命令,NPC检测与动作段,当前玩家在线会话,src/Server/Server/Scripting/Variables/ScriptCompositeVariableCommands.cs,B,键值读写检查计数和极值可用；采用明确配额且小退清理,无新增客户端依赖,角色在线临时复合变量存储,0,0,LF-TXT-VAR-COMPOSITES,Manual/Engine/docs/scripting/variables.md,变量系统与脚本运行时,2026-08-15,LF-TOPIC-0235,游戏引擎反外挂系统/功能操作命令/键值对字典.htm,LFM2-2026-08-15-snapshot
LF-VAR-0013,变量,SETHUMVAR/GETHUMVAR,,SETHUMVAR或GETHUMVAR 在线角色 变量 值或接收变量,NPC动作段,发起玩家与在线目标玩家,src/Server/Server/MirObjects/NPC/NPCSegment.cs与Scripting/Variables/ScriptVariableModule.cs,B,在线角色间读写复用统一模块；离线角色访问明确不开放,无新增客户端依赖,在线角色索引与目标变量所有者,0,0,LF-TXT-VAR-CROSSOBJECT,Manual/Engine/docs/scripting/variables.md,变量系统与脚本运行时,2026-08-15,LF-TOPIC-0126,游戏引擎反外挂系统/功能操作命令/变量传递说明.html,LFM2-2026-08-15-snapshot
LF-PLAYER-0001,检测,CHECKLEVEL,LEVEL,CHECKLEVEL 操作符 等级,NPC检测段,当前玩家等级,src/Server/Server/MirObjects/NPC/NPCSegment.cs,B,CHECKLEVEL与LEVEL共用无副作用比较；等级按LyoCrystal的ushort范围解析,无新增客户端依赖,玩家等级,0,0,LF-TXT-PLAYER-NUMERIC,Manual/Engine/docs/scripting/player-commands.md,玩家成长与脚本运行时,2026-08-15,LF-TOPIC-0563,游戏引擎反外挂系统/脚本检测命令/检查玩家等级.htm,LFM2-2026-08-15-snapshot
LF-PLAYER-0002,检测,CHECKJOB,CHECKCLASS,CHECKJOB 职业,NPC检测段,当前玩家职业,src/Server/Server/MirObjects/NPC/NPCSegment.cs,B,CHECKJOB与CHECKCLASS共用LyoCrystal职业枚举；未知职业使检测失败,无新增客户端依赖,玩家职业枚举,0,0,LF-TXT-PLAYER-NUMERIC,Manual/Engine/docs/scripting/player-commands.md,玩家属性与脚本运行时,2026-08-15,LF-TOPIC-0035,游戏引擎反外挂系统/部分脚本实例/检测人物职业.htm,LFM2-2026-08-15-snapshot
LF-PLAYER-0003,检测,CHECKGENDER,,CHECKGENDER 性别,NPC检测段,当前玩家性别,src/Server/Server/MirObjects/NPC/NPCSegment.cs,B,使用LyoCrystal中文性别枚举且不区分大小写；未知值使检测失败,无新增客户端依赖,玩家性别枚举,0,0,LF-TXT-PLAYER-NUMERIC,Manual/Engine/docs/scripting/player-commands.md,玩家属性与脚本运行时,2026-08-15,LF-TOPIC-0603,游戏引擎反外挂系统/其他相关资料/传奇基础脚本命令详解[!].htm,LFM2-2026-08-15-snapshot
LF-PLAYER-0004,检测,CHECKGOLD,,CHECKGOLD 操作符 金币,NPC检测段,当前玩家金币余额,src/Server/Server/Scripting/LingFengNumericCommandExecutor.cs与NPCSegment.cs,B,使用统一整数比较并失败关闭非法操作符,无新增客户端依赖,玩家金币余额,0,53,LF-TXT-PLAYER-CORE,Manual/Engine/docs/scripting/player-commands.md,经济系统与脚本运行时,2026-08-15,LF-TOPIC-0603,游戏引擎反外挂系统/其他相关资料/传奇基础脚本命令详解[!].htm,LFM2-2026-08-15-snapshot
LF-PLAYER-0005,动作,GIVEGOLD,,GIVEGOLD 金币,NPC动作段,当前玩家金币余额,src/Server/Server/Scripting/LingFengNumericCommandExecutor.cs与NPCSegment.cs,B,增加到uint上限时只发放可容纳差额并使用既有同步消息,金币显示依赖现有客户端同步,玩家金币余额,0,20,LF-TXT-PLAYER-CORE,Manual/Engine/docs/scripting/player-commands.md,经济系统与脚本运行时,2026-08-15,LF-TOPIC-0603,游戏引擎反外挂系统/其他相关资料/传奇基础脚本命令详解[!].htm,LFM2-2026-08-15-snapshot
LF-PLAYER-0006,动作,TAKEGOLD,,TAKEGOLD 金币,NPC动作段,当前玩家金币余额,src/Server/Server/Scripting/LingFengNumericCommandExecutor.cs与NPCSegment.cs,B,请求超过余额时扣除现有全部余额并使用既有同步消息,金币显示依赖现有客户端同步,玩家金币余额,0,52,LF-TXT-PLAYER-CORE,Manual/Engine/docs/scripting/player-commands.md,经济系统与脚本运行时,2026-08-15,LF-TOPIC-0603,游戏引擎反外挂系统/其他相关资料/传奇基础脚本命令详解[!].htm,LFM2-2026-08-15-snapshot
LF-PLAYER-0007,动作,GIVEITEM,,GIVEITEM 物品名 数量,NPC动作段,当前玩家背包,src/Server/Server/MirObjects/NPC/NPCSegment.cs,B,按物品叠加上限拆分并逐件使用现有背包容量检测；容量不足时只发放可容纳部分,现有背包客户端消息,物品定义与背包容量,0,153,LF-TXT-PLAYER-CORE,Manual/Engine/docs/scripting/player-commands.md,物品系统与脚本运行时,2026-08-15,LF-TOPIC-0603,游戏引擎反外挂系统/其他相关资料/传奇基础脚本命令详解[!].htm,LFM2-2026-08-15-snapshot
LF-PLAYER-0008,动作,TAKEITEM,,TAKEITEM 物品名 数量 [最低持久],NPC动作段,当前玩家背包,src/Server/Server/MirObjects/NPC/NPCSegment.cs,B,按精确物品定义和可选最低持久回收；请求超过现有数量时沿用既有逐项扣除语义,现有背包客户端消息,物品定义与背包内容,0,37,LF-TXT-PLAYER-CORE,Manual/Engine/docs/scripting/player-commands.md,物品系统与脚本运行时,2026-08-15,LF-TOPIC-0603,游戏引擎反外挂系统/其他相关资料/传奇基础脚本命令详解[!].htm,LFM2-2026-08-15-snapshot
LF-WORLD-0001,动作,TELEPORT,MOVE,TELEPORT 地图 X Y,NPC动作段,当前玩家地图与坐标,src/Server/Server/Scripting/LingFengWorldCommandExecutor.cs与NPCSegment.cs,B,正坐标精确传送且0 0随机落点；半随机和负坐标失败关闭；别名仅在显式LFM2版本启用,现有地图切换客户端消息,地图定义与有效落点,0,166,LF-TXT-WORLD-MAP,Manual/Engine/docs/scripting/world-commands.md,地图系统与脚本运行时,2026-08-15,LF-TOPIC-0603,游戏引擎反外挂系统/其他相关资料/传奇基础脚本命令详解[!].htm,LFM2-2026-08-15-snapshot
LF-WORLD-0002,检测,ISONMAP,CHECKMAP,ISONMAP 地图,NPC检测段,当前玩家地图,src/Server/Server/Scripting/LingFengWorldCommandExecutor.cs与NPCSegment.cs,B,与CHECKMAP共用地图对象精确比较且仅在显式LFM2版本启用别名,无新增客户端依赖,玩家当前地图与地图定义,0,14,LF-TXT-WORLD-MAP,Manual/Engine/docs/scripting/world-commands.md,地图系统与脚本运行时,2026-08-15,LF-TOPIC-0603,游戏引擎反外挂系统/其他相关资料/传奇基础脚本命令详解[!].htm,LFM2-2026-08-15-snapshot
LF-WORLD-0003,检测,CHECKMON,,CHECKMON 操作符 数量 地图 [实例],NPC检测段,指定地图怪物集合,src/Server/Server/MirObjects/NPC/NPCSegment.cs,B,地图或实例不存在时检测失败；玩家上下文按既有语义扣除当前玩家宝宝数量,无新增客户端依赖,地图怪物计数与当前玩家宝宝,0,1,LF-TXT-WORLD-MONSTER,Manual/Engine/docs/scripting/world-commands.md,地图与怪物系统,2026-08-15,LF-TOPIC-0603,游戏引擎反外挂系统/其他相关资料/传奇基础脚本命令详解[!].htm,LFM2-2026-08-15-snapshot
LF-WORLD-0004,动作,MONCLEAR,,MONCLEAR 地图 [实例] [怪物名],NPC动作段,指定地图怪物集合,src/Server/Server/MirObjects/NPC/NPCSegment.cs与Scripting/ScriptApi.cs,B,可按名称过滤并跳过玩家宠物；不等同于带禁止清除名单的CLEARMAPMON,现有怪物死亡同步,地图怪物集合与主人关系,0,5,LF-TXT-WORLD-MONSTER,Manual/Engine/docs/scripting/world-commands.md,地图与怪物系统,2026-08-15,LF-TOPIC-0603,游戏引擎反外挂系统/其他相关资料/传奇基础脚本命令详解[!].htm,LFM2-2026-08-15-snapshot
LF-WORLD-0005,检测,PETCOUNT,,PETCOUNT 操作符 数量,NPC检测段,当前玩家宝宝列表,src/Server/Server/Scripting/LingFengWorldCommandExecutor.cs与NPCSegment.cs,B,按当前活跃宝宝列表数量使用既有比较器检测,无新增客户端依赖,玩家宝宝列表,0,0,LF-TXT-WORLD-PET,Manual/Engine/docs/scripting/world-commands.md,宝宝系统与脚本运行时,2026-08-15,LF-TOPIC-0603,游戏引擎反外挂系统/其他相关资料/传奇基础脚本命令详解[!].htm,LFM2-2026-08-15-snapshot
LF-WORLD-0006,检测,CHECKPET,,CHECKPET 怪物名,NPC检测段,当前玩家宝宝列表,src/Server/Server/Scripting/LingFengWorldCommandExecutor.cs与NPCSegment.cs,B,按怪物定义名称不区分大小写精确匹配,无新增客户端依赖,玩家宝宝列表与怪物定义,0,0,LF-TXT-WORLD-PET,Manual/Engine/docs/scripting/world-commands.md,宝宝系统与脚本运行时,2026-08-15,LF-TOPIC-0603,游戏引擎反外挂系统/其他相关资料/传奇基础脚本命令详解[!].htm,LFM2-2026-08-15-snapshot
LF-WORLD-0007,动作,GIVEPET,,GIVEPET 怪物名 [数量] [等级],NPC动作段,当前玩家宝宝列表与当前地图,src/Server/Server/Scripting/LingFengWorldCommandExecutor.cs与NPCSegment.cs,B,数量严格限制1至5且等级0至7；怪物不存在或参数非法时无副作用,现有怪物出生同步,怪物定义与玩家当前地图及宝宝列表,0,1,LF-TXT-WORLD-PET,Manual/Engine/docs/scripting/world-commands.md,宝宝系统与脚本运行时,2026-08-15,LF-TOPIC-0603,游戏引擎反外挂系统/其他相关资料/传奇基础脚本命令详解[!].htm,LFM2-2026-08-15-snapshot
LF-WORLD-0008,动作,CLEARPETS,,CLEARPETS,NPC动作段,当前玩家宝宝列表,src/Server/Server/Scripting/LingFengWorldCommandExecutor.cs与NPCSegment.cs,B,将当前玩家全部宝宝标记为下一主循环死亡并沿用现有对象同步,现有怪物死亡同步,玩家宝宝列表与服务端主循环,0,2,LF-TXT-WORLD-PET,Manual/Engine/docs/scripting/world-commands.md,宝宝系统与脚本运行时,2026-08-15,LF-TOPIC-0603,游戏引擎反外挂系统/其他相关资料/传奇基础脚本命令详解[!].htm,LFM2-2026-08-15-snapshot
LF-SOCIAL-0001,检测,ISQUESTACTIVE,CHECKQUEST,ISQUESTACTIVE 任务编号,NPC检测段,当前玩家进行中任务,src/Server/Server/Scripting/LingFengSocialCommandExecutor.cs与NPCSegment.cs,B,正整数编号映射到统一CHECKQUEST ACTIVE且仅在显式LFM2版本启用,无新增客户端依赖,玩家当前任务集合与任务定义,0,1,LF-TXT-SOCIAL-QUEST,Manual/Engine/docs/scripting/social-quest-commands.md,任务系统与脚本运行时,2026-08-15,LF-TOPIC-0603,游戏引擎反外挂系统/其他相关资料/传奇基础脚本命令详解[!].htm,LFM2-2026-08-15-snapshot
LF-SOCIAL-0002,检测,ISQUESTCOMPLETED,CHECKQUEST,ISQUESTCOMPLETED 任务编号,NPC检测段,当前玩家已完成任务,src/Server/Server/Scripting/LingFengSocialCommandExecutor.cs与NPCSegment.cs,B,正整数编号映射到统一CHECKQUEST COMPLETE且仅在显式LFM2版本启用,无新增客户端依赖,玩家已完成任务集合与任务定义,0,12,LF-TXT-SOCIAL-QUEST,Manual/Engine/docs/scripting/social-quest-commands.md,任务系统与脚本运行时,2026-08-15,LF-TOPIC-0603,游戏引擎反外挂系统/其他相关资料/传奇基础脚本命令详解[!].htm,LFM2-2026-08-15-snapshot
LF-SOCIAL-0003,检测,INGUILD,,INGUILD [行会名],NPC检测段,当前玩家行会,src/Server/Server/MirObjects/NPC/NPCSegment.cs,B,无参数检测是否入会；有参数按行会名精确检测且无业务副作用,无新增客户端依赖,玩家行会成员关系,0,0,LF-TXT-SOCIAL-GUILD,Manual/Engine/docs/scripting/social-quest-commands.md,行会系统与脚本运行时,2026-08-15,LF-TOPIC-0603,游戏引擎反外挂系统/其他相关资料/传奇基础脚本命令详解[!].htm,LFM2-2026-08-15-snapshot
LF-SOCIAL-0004,动作,ADDTOGUILD,,ADDTOGUILD 行会名,NPC动作段,当前玩家行会邀请状态,src/Server/Server/Scripting/ScriptApi.cs与NPCSegment.cs,B,仅未入会玩家可进入已存在行会的现有邀请确认流程；失败不修改成员关系,现有行会邀请客户端消息,行会索引与玩家成员关系,0,2,LF-TXT-SOCIAL-GUILD,Manual/Engine/docs/scripting/social-quest-commands.md,行会系统与脚本运行时,2026-08-15,LF-TOPIC-0603,游戏引擎反外挂系统/其他相关资料/传奇基础脚本命令详解[!].htm,LFM2-2026-08-15-snapshot
LF-SOCIAL-0005,动作,TRYREMOVEFROMGUILD,REMOVEFROMGUILD,TRYREMOVEFROMGUILD,NPC动作段,当前玩家行会成员关系,src/Server/Server/Scripting/LingFengSocialCommandExecutor.cs与NPCSegment.cs,B,映射到既有退出行会领域路径并清理关联特效；未入会时无副作用,现有行会成员同步,玩家行会与成员等级,0,2,LF-TXT-SOCIAL-GUILD,Manual/Engine/docs/scripting/social-quest-commands.md,行会系统与脚本运行时,2026-08-15,LF-TOPIC-0603,游戏引擎反外挂系统/其他相关资料/传奇基础脚本命令详解[!].htm,LFM2-2026-08-15-snapshot
LF-SOCIAL-0006,动作,GIVEGUILDEXP,,GIVEGUILDEXP 数量,NPC动作段,当前玩家所属行会经验,src/Server/Server/Scripting/LingFengSocialCommandExecutor.cs与NPCSegment.cs,B,提交前要求玩家已入会且数量为大于零的uint；失败不修改行会经验,现有行会状态同步,玩家行会与行会经验,0,3,LF-TXT-SOCIAL-GUILD,Manual/Engine/docs/scripting/social-quest-commands.md,行会与经济系统,2026-08-15,LF-TOPIC-0603,游戏引擎反外挂系统/其他相关资料/传奇基础脚本命令详解[!].htm,LFM2-2026-08-15-snapshot
LF-UI-0001,显示,#SAY,,#SAY 后续文本行,NPC显示段,当前玩家NPC对话响应,src/Server/Server/MirObjects/NPC/NPCScript.cs与Shared/ServerPackets.cs,B,中文文本与现有占位符经NPCResponse逐行发送；系统触发页面不发送对话窗口,PC与MonoGame既有NPC窗口,当前NPC页面与玩家变量上下文,0,6014,LF-TXT-UI-DIALOG,Manual/Engine/docs/scripting/npc-dialog-ui.md,NPC对话与客户端,2026-08-15,LF-TOPIC-0603,游戏引擎反外挂系统/其他相关资料/传奇基础脚本命令详解[!].htm,LFM2-2026-08-15-snapshot
LF-UI-0002,显示,内联按钮,,<按钮文字/@页面>,NPC显示段,当前NPC页面允许跳转集合,src/Server/Server/Scripting/NpcDialog.cs与NPCScript.cs,B,按钮标签进入服务端允许页面白名单；客户端点击仍受当前NPC和当前页校验,PC与MonoGame既有NPC按钮解析,当前NPC页面与下一页标签,0,7,LF-TXT-UI-DIALOG,Manual/Engine/docs/scripting/npc-dialog-ui.md,NPC对话与客户端,2026-08-15,LF-TOPIC-0603,游戏引擎反外挂系统/其他相关资料/传奇基础脚本命令详解[!].htm,LFM2-2026-08-15-snapshot
LF-UI-0003,显示,NPCResponse,,NPCResponse 多行UTF-8字符串,服务端到客户端,当前NPC对话页面,src/Shared/Shared/Packet.cs与ServerPackets.cs,B,沿用既有协议事实源且中文及按钮语法往返无损；未增加新包ID,PC与MonoGame共享协议,共享Packet事实源,0,0,LF-TXT-UI-PROTOCOL,Manual/Engine/docs/scripting/npc-dialog-ui.md,共享协议与客户端,2026-08-15,LF-TOPIC-0603,游戏引擎反外挂系统/其他相关资料/传奇基础脚本命令详解[!].htm,LFM2-2026-08-15-snapshot
LF-SEC-0001,动作,OPENBROWSER,OPENWEBSITE,OPENBROWSER HTTPS地址,NPC动作段,当前玩家客户端浏览器请求,src/Server/Server/Scripting/LingFengHighRiskCommandPolicy.cs与NPCSegment.cs,C,安全替代仅允许显式总开关加精确HTTPS主机白名单加独立HighRiskOperations Kill Switch；不兼容任意URL,现有客户端OpenBrowser包,受控主机白名单与Kill Switch审计,0,1,LF-TXT-HIGHRISK-URL,Manual/Engine/docs/scripting/high-risk-capabilities.md,安全与脚本运行时,2026-08-15,LF-TOPIC-0265,游戏引擎反外挂系统/功能操作命令/打开网站.htm,LFM2-2026-08-15-snapshot
LF-HOOK-0001,触发,@LOGIN,,[@LOGIN],QManage,完成登录初始化的当前玩家,src/Server/Server/Scripting/LingFengTxtSystemHookAdapter.cs与ScriptManager.cs,B,OnPlayerLogin在CSharp未处理时精确派发到SystemScripts/QManage；同一事件最多执行一个来源,无新增客户端依赖,玩家登录会话与物理TXT快照,0,0,LF-TXT-HOOK-LOGIN,Manual/Engine/docs/scripting/txt-system-hooks.md,玩家生命周期与脚本运行时,2026-08-15,LF-TOPIC-0603,游戏引擎反外挂系统/其他相关资料/传奇基础脚本命令详解[!].htm,LFM2-2026-08-15-snapshot
LF-HOOK-0002,触发,@ATTACKDAMAGE,,[@ATTACKDAMAGE],QFunction-0,物理伤害计算前的攻击玩家与可变伤害请求,src/Server/Server/Scripting/LingFengTxtSystemHookAdapter.cs与HumanObject.cs及MonsterObject.cs,B,CSharp同接缝存在时不回落TXT；CHANGEDAMAGEVALUE令最终伤害归零时显式取消,现有战斗客户端流程,伤害请求与物理TXT快照,0,0,LF-TXT11-BATTLE,Manual/Engine/docs/scripting/txt-system-hooks.md,战斗与脚本运行时,2026-08-15,LF-TOPIC-0774,游戏引擎反外挂系统/游戏功能详解/人物攻击和被攻击掉血前触发.html,LFM2-2026-08-15-snapshot
LF-HOOK-0003,触发,@STRUCKDAMAGE,,[@STRUCKDAMAGE],QFunction-0,物理伤害计算前的受击玩家与可变伤害请求,src/Server/Server/Scripting/LingFengTxtSystemHookAdapter.cs与HumanObject.cs,B,CSharp同接缝存在时不回落TXT；CHANGEDAMAGEVALUE令最终伤害归零时显式取消,现有战斗客户端流程,伤害请求与物理TXT快照,0,0,LF-TXT11-BATTLE,Manual/Engine/docs/scripting/txt-system-hooks.md,战斗与脚本运行时,2026-08-15,LF-TOPIC-0774,游戏引擎反外挂系统/游戏功能详解/人物攻击和被攻击掉血前触发.html,LFM2-2026-08-15-snapshot
LF-HOOK-0004,动作,CHANGEDAMAGEVALUE,,CHANGEDAMAGEVALUE 字段 运算符 数值,伤害前置触发动作段,当前PlayerDamageRequest,src/Server/Server/Scripting/LingFengTxtTriggerContext.cs与NPCSegment.cs,B,字段0为伤害字段1为防御；支持等于加减乘除取模且仅在伤害前置触发有效,无新增客户端依赖,当前伤害请求与执行预算,0,0,LF-TXT11-BATTLE,Manual/Engine/docs/scripting/txt-system-hooks.md,战斗与脚本运行时,2026-08-15,LF-TOPIC-0774,游戏引擎反外挂系统/游戏功能详解/人物攻击和被攻击掉血前触发.html,LFM2-2026-08-15-snapshot
LF-CMD-0454,动作,GIVESTATEITEM,,GIVESTATEITEM 物品名 禁扔 禁交易 禁存 禁修 禁售 禁爆 丢弃消失 [数量],NPC ACT,当前玩家与新建物品实例,src/Server/Server/MirObjects/NPC/NPCSegment.cs与src/Shared/Shared/Data/ItemData.cs,B,七项状态只接受0或1且数量默认1；限制按实例持久化并防止与不同状态堆叠合并,PC显示实例限制提示；服务端为最终权限边界,物品数据库与人物背包持久化,55,0,LFENV16-GIVESTATEITEM,Manual/Engine/docs/scripting/player-commands.md,物品系统与脚本运行时,2026-08-17,LF-TOPIC-0438,游戏引擎反外挂系统/兼容HeroM2/功能操作命令/设置装备绑定状态.htm,LFM2-2026-08-15-snapshot
LF-CMD-0455,动作,WHILE,,WHILE 变量或值 比较符 变量或值,NPC ACT,当前动作段与玩家变量,src/Server/Server/MirObjects/NPC/NPCSegment.cs与TxtScriptSnapshotValidator.cs,B,每轮重新比较且支持嵌套；严格候选要求同段ENDWHILE,无,脚本变量与单段10000轮硬预算,33,33,LFENV16-WHILE,Manual/Engine/docs/scripting/player-commands.md,控制流与脚本运行时,2026-08-17,LF-TOPIC-0071,游戏引擎反外挂系统/部分脚本实例/循环脚本.htm,LFM2-2026-08-15-snapshot
LF-CMD-0456,动作,ENDWHILE,,ENDWHILE,NPC ACT,当前动作段与最近未闭合WHILE,src/Server/Server/MirObjects/NPC/NPCSegment.cs与TxtScriptSnapshotValidator.cs,B,返回配对WHILE并消耗单段迭代预算,无,脚本变量与单段10000轮硬预算,33,33,LFENV16-WHILE,Manual/Engine/docs/scripting/player-commands.md,控制流与脚本运行时,2026-08-17,LF-TOPIC-0071,游戏引擎反外挂系统/部分脚本实例/循环脚本.htm,LFM2-2026-08-15-snapshot
LF-CMD-0457,动作,SETOFFTIMER,,SETOFFTIMER 定时器索引(0-255),NPC命令段,当前玩家指定个人定时器,PlayerObject个人定时表,B,关闭后后续周期不再派发对应QManage标签,无新增客户端依赖,玩家定时器表,5,5,LingFengPlayerCommandTests.翎风个人定时器按间隔派发QManage且关闭后不再执行,Manual/Engine/docs/scripting/player-commands.md,脚本调度器,2026-08-17,LF-TOPIC-0186,游戏引擎反外挂系统/功能操作命令/个人定时器.htm,LFM2-2026-08-15-snapshot
LF-CMD-0458,动作,ENDLOOP,,ENDLOOP,NPC ACT,当前LOOPGOTO循环上下文,src/Server/Server/MirObjects/NPC/NPCScript.cs与NPCSegment.cs,B,仅终止最内层当前循环并恢复外层循环及NPC会话状态,无客户端依赖,脚本循环栈与共享执行预算,5,5,LingFengPlayerCommandTests.翎风LoopGoto同步执行指定次数且EndLoop只终止当前循环,Manual/Engine/docs/scripting/player-commands.md,控制流与脚本运行时,2026-08-17,LF-TOPIC-0337,游戏引擎反外挂系统/功能操作命令/循环脚本运行次数设置.html,LFM2-2026-08-15-snapshot
LF-CMD-0459,动作,GAMEGIRD,,GAMEGIRD 操作符(=|+|-) 数量,NPC ACT,当前人物灵符余额,LingFengCharacterProgress与NPCSegment,B,使用独立持久账本且结果限制为0至int上限；下溢或非法参数不动账,脚本常量可显示余额；未新增原生背包货币UI,人物灵符账本与变量持久化,28,28,LingFengPlayerCommandTests.翎风灵符检测调整常量显示与人物变量持久化形成闭环,Manual/Engine/docs/scripting/player-commands.md,经济系统与脚本运行时,2026-08-17,LF-TOPIC-0151,游戏引擎反外挂系统/功能操作命令/调整金刚石数量.htm,LFM2-2026-08-15-snapshot
LF-CMD-0460,动作,SETARRBUFF,,SETARRBUFF 分组 按钮 资源包 图片 时间 闪烁时间 闪烁图片 帧数 备注 [坐标与结束图片],NPC ACT,当前玩家客户端自动排列Buff按钮,NPCSegment与LingFengExternalDependencyManifest,C,完整保留官方九至十三参数且E1执行不误改服务端Buff；客户端自动排列、点击与到时回调尚未接入,LingFeng/AutoArrangedBuff客户端契约在E2失败关闭,客户端自动排列Buff协议,25,25,LingFengPlayerCommandTests.SetArrBuff保留官方参数并在缺少客户端契约时不修改服务端Buff,Manual/Engine/docs/scripting/player-commands.md,客户端Buff与脚本运行时,2026-08-17,,游戏引擎反外挂系统/部分脚本实例/自动排列自定义按钮倒计时触发.html,LFM2-2026-08-15-snapshot
LF-CMD-0461,动作,CHANGESLAVEABILITY,,CHANGESLAVEABILITY 属性编号 绝对值 [宝宝名],NPC ACT,当前玩家指定或全部宝宝,NPCSegment与LingFengExternalDependencyManifest,C,保留官方暂存参数且不错误套用单属性覆盖层；完整批处理待领域适配器,LingFeng/SlaveAbilityBatch在E2失败关闭,宝宝属性暂存批次,24,24,LingFengPlayerCommandTests.宝宝属性批处理命令保留暂存与重算边界且缺适配器时不产生半组修改,Manual/Engine/docs/scripting/player-commands.md,宝宝属性与脚本运行时,2026-08-17,,游戏引擎反外挂系统/功能操作命令/修改宝宝属性.htm,LFM2-2026-08-15-snapshot
LF-CMD-0462,动作,RECALCSLAVEABILITY,,RECALCSLAVEABILITY [宝宝名],NPC ACT,当前玩家指定或全部宝宝,NPCSegment与LingFengExternalDependencyManifest,C,作为CHANGESLAVEABILITY统一提交边界保留；缺少适配器时不提交半组属性,LingFeng/SlaveAbilityBatch在E2失败关闭,宝宝属性暂存批次,5,5,LingFengPlayerCommandTests.宝宝属性批处理命令保留暂存与重算边界且缺适配器时不产生半组修改,Manual/Engine/docs/scripting/player-commands.md,宝宝属性与脚本运行时,2026-08-17,,游戏引擎反外挂系统/功能操作命令/修改宝宝属性.htm,LFM2-2026-08-15-snapshot
LF-CMD-0463,动作,LINKGIVEITEM,,LINKGIVEITEM,NPC ACT,当前动作段刚发放的真实物品实例,NPCSegment与LingFengTxtTriggerContext,B,把最近一次GIVESTATEITEM成功入包实例绑定到-1且供后续实例命令使用,没有成功发放实例时不绑定且记录诊断,动作段局部绑定物品上下文,20,20,LingFengPlayerCommandTests.翎风刚发物品链接支持负一位置并在清除后立即失效,Manual/Engine/docs/scripting/player-commands.md,物品系统与脚本运行时,2026-08-17,,游戏引擎反外挂系统/功能操作命令/绑定给予的装备进行命令操作.html,LFM2-2026-08-15-snapshot
LF-CMD-0464,动作,CLEARLINKITEM,,CLEARLINKITEM,NPC ACT,当前动作段绑定物品上下文,NPCSegment与LingFengTxtTriggerContext,B,清除刚发物品绑定并屏蔽外层拾取或双击事件对后续-1命令的泄漏,只影响当前动作段绑定不删除或修改物品,动作段局部绑定物品上下文,22,22,LingFengPlayerCommandTests.翎风刚发物品链接支持负一位置并在清除后立即失效,Manual/Engine/docs/scripting/player-commands.md,物品系统与脚本运行时,2026-08-17,,游戏引擎反外挂系统/功能操作命令/绑定给予的装备进行命令操作.html,LFM2-2026-08-15-snapshot
LF-CMD-0465,动作,SETICON,,SETICON 位置 资源包 图片 X Y 帧数 效果 层级 速度 [仅自己可见] 或 SETICON 位置 -1,NPC ACT,当前人物客户端顶戴图标,NPCSegment与LingFengExternalDependencyManifest,C,完整保留酷明清除及九至十参数显示写法；E1不伪造服务端Buff,顶戴资源附着渲染与同步协议由LingFeng/OverheadIcon在E2失败关闭,客户端顶戴图标协议,20,20,LingFengPlayerCommandTests.SetIcon保留酷明顶戴参数并在缺少客户端契约时不伪造服务端Buff,Manual/Engine/docs/scripting/player-commands.md,客户端角色特效与脚本运行时,2026-08-17,,游戏引擎反外挂系统/游戏功能详解/顶戴花翎功能[!].htm,LFM2-2026-08-15-snapshot
LF-CMD-0466,动作,TAKEBAGITEM,,TAKEBAGITEM 物品列表 数量 元宝 金币 泡点 经验 结果变量 聚灵珠 [提示] [颜色] [极品] [改名] [等级],NPC ACT,当前人物真实背包与奖励账本,NPCSegment与LingFengExternalDependencyManifest,C,酷明已用的多名物品批量回收、颜色过滤、实际数量变量及金币经验结算进入真实背包事务；未支持奖励或筛选在删除前失败关闭,元宝泡点聚灵珠经验及完整极品改名等级筛选由LingFeng/BagRecycleExtendedRewards在E2失败关闭,背包回收与经济事务,19,19,LingFengPlayerCommandTests.TakeBagItem按真实背包批量回收并按实际数量结算金币,Manual/Engine/docs/scripting/player-commands.md,物品经济与脚本运行时,2026-08-17,,游戏引擎反外挂系统/部分脚本实例/一键回收包裹物品.htm,LFM2-2026-08-15-snapshot
LF-CMD-0467,动作,ADDACCOUNTLIST,,ADDACCOUNTLIST 名单路径,NPC ACT,当前玩家登录账号,NPCSegment与Envir账号名单持久存储,B,把AccountID幂等写入由安全逻辑路径映射的隔离名单；写入失败终止当前动作段以阻止后续奖励,不修改原始QuestDiary名单占位文件,受控账号名单与登录账号,8,8,LingFengPlayerCommandTests.账号名单按登录账号持久登记并与角色名隔离,Manual/Engine/docs/scripting/player-commands.md,账号系统与脚本运行时,2026-08-17,,游戏引擎反外挂系统/功能操作命令/增加人物帐号在列表中.html,LFM2-2026-08-15-snapshot
LF-CMD-0468,检测,CHECKNAMEDATETIMELIST,,CHECKNAMEDATETIMELIST 名单路径 清理过期 到期变量 剩余日 剩余时 剩余分,NPC检测段,当前人物时效名单状态,NPCSegment与LingFengCharacterProgress,C,按安全逻辑路径隔离当前人物到期时间并输出分钟精度剩余时间；可选清除过期记录,尚未导入翎风外部名单文件中其他人物的历史记录,人物时效名单持久层,17,17,LingFengPlayerCommandTests.带时效人物名单按独立路径续期并输出剩余日时分,Manual/Engine/docs/scripting/player-commands.md,人物进度与脚本运行时,2026-08-17,,游戏引擎反外挂系统/脚本检测命令/检查人物在日期时间列表中.htm,LFM2-2026-08-15-snapshot
LF-CMD-0469,动作,ADDNAMEDATETIMELIST,,ADDNAMEDATETIMELIST 名单路径 天 小时 分钟,NPC ACT,当前人物时效名单状态,NPCSegment与LingFengCharacterProgress,C,以当前未过期时间或当前时间为基线续期并随人物进度持久化；写入失败终止当前动作段,外部翎风名单导入由LingFeng/TimedNameListImport在E2失败关闭,人物时效名单持久层,1,1,LingFengPlayerCommandTests.带时效人物名单按独立路径续期并输出剩余日时分,Manual/Engine/docs/scripting/player-commands.md,人物进度与脚本运行时,2026-08-17,,游戏引擎反外挂系统/功能操作命令/增加人物日期时间在列表中.htm,LFM2-2026-08-15-snapshot
LF-CMD-0470,动作,L.RANGEHARM,,L.RANGEHARM X Y 范围 伤害 效果 效果值 抗性检查 目标 [WIL 起图 张数 速度 透明 物理],NPC ACT,当前伤害来源所在地图范围人物,NPCSegment与PlayerObject范围伤害接缝,C,精确锁定当前伤害来源并支持酷明使用的无附加效果及冰冻；按可攻击关系和目标类型走真实受击死亡归属链并广播已发布WIL特效,翎风其余附加效果编号1至7及9至16尚未接入且在任何伤害前失败关闭,范围战斗状态与地图特效,16,16,LingFengPlayerCommandTests.L前缀范围伤害以当前伤害来源命中人物并附加冰冻与地图特效,Manual/Engine/docs/scripting/player-commands.md,战斗系统与客户端协议,2026-08-17,LF-TOPIC-0357,游戏引擎反外挂系统/功能操作命令/增加附加伤害效果.html,LFM2-2026-08-15-snapshot
LF-CMD-0471,检测,CHECKUPGRADECOUNT,H.CHECKUPGRADECOUNT,CHECKUPGRADECOUNT 位置 比较符 星数,NPC检测段,人物或英雄指定装备实例,NPCSegment与UserItem翎风升级次数,C,酷明使用的项链位置按独立物品实例检测0至255星数；人物与英雄隔离并完成二进制及SQL自定义状态持久化,升级框自定义OK框首饰盒生肖盒等位置留待对应容器协议接入,物品升级次数与持久化,32,32,LingFengPlayerCommandTests.人物与英雄装备星数按独立实例检测并完成新旧版本持久化往返,Manual/Engine/docs/scripting/player-commands.md,物品系统与脚本运行时,2026-08-17,,游戏引擎反外挂系统/脚本检测命令/检测装备星星数量.htm,LFM2-2026-08-15-snapshot
LF-CMD-0472,动作,CLOSEARRBUFF,,CLOSEARRBUFF 按钮序号,NPC ACT,当前人物客户端自动排列Buff按钮,NPCSegment与LingFengExternalDependencyManifest,C,保留酷明药剂系统十五处动态按钮序号表达式且E1不误删服务端Buff,LingFeng/AutoArrangedBuff客户端关闭显示点击及到时回调契约在E2失败关闭,客户端自动排列Buff协议,15,15,LingFengPlayerCommandTests.CloseArrBuff保留动态按钮序号并在缺少客户端契约时不清除服务端Buff,Manual/Engine/docs/scripting/player-commands.md,客户端Buff与脚本运行时,2026-08-17,,游戏引擎反外挂系统/部分脚本实例/自动排列自定义按钮倒计时触发.html,LFM2-2026-08-15-snapshot
LF-CMD-0473,动作,SCATTERMONITEMS,,SCATTERMONITEMS 怪物名称 [地图 X Y],NPC ACT,怪物已发布掉落表与指定地图坐标,NPCSegment与MonsterObject掉落接缝,B,调用真实怪物掉落表并按人物归属在人物身边或指定地图坐标生成地面物品；保留现有掉落条件倍率公告与Hook链,怪物地图坐标无效时在产生物品前失败关闭,怪物掉落与地图物品,12,12,LingFengPlayerCommandTests.ScatterMonItems按怪物真实掉落表在指定地图坐标生成归属物品,Manual/Engine/docs/scripting/player-commands.md,掉落系统与地图运行时,2026-08-17,,游戏引擎反外挂系统/游戏功能详解/增加爆怪物物品（免去杀怪过程直接触发爆率文件）.html,LFM2-2026-08-15-snapshot
LF-CMD-0474,动作,ADDARRBUTTON,DELARRBUTTON,ADDARRBUTTON 分组 触发 资源包 默认图 经过图 按下图 位置 标题 说明；DELARRBUTTON 按钮编号,NPC ACT,当前人物客户端自动排列按钮,NPCSegment与LingFengExternalDependencyManifest,C,完整保留封神十处添加与两处删除按钮参数且E1不伪造不可点击状态,LingFeng/AutoArrangedButton客户端资源布局显示及点击回调契约在E2失败关闭,客户端自动排列按钮协议,12,12,LingFengPlayerCommandTests.AddArrButton与DelArrButton保留法宝自动排列按钮参数且不伪造服务端状态,Manual/Engine/docs/scripting/player-commands.md,客户端按钮与脚本运行时,2026-08-17,,游戏引擎反外挂系统/其他相关资料/添加自动排列按钮.html,LFM2-2026-08-15-snapshot
LF-CMD-0475,动作,DELBOXITEM,,DELBOXITEM OK框编号 [数量],NPC ACT,当前自定义OK框托管物品,NPCSegment与LingFengExternalDependencyManifest,C,酷明与封神十处语法可解析；缺少托管会话时终止整个动作段并保持背包不变以阻止未扣材料继续发奖,LingFeng/CustomItemBox客户端放入返回删除及物品身份事务在E2失败关闭,自定义OK框物品事务,10,10,LingFengPlayerCommandTests.DelBoxItem缺少自定义框托管契约时阻止后续奖励且不删除背包物品,Manual/Engine/docs/scripting/player-commands.md,物品系统与客户端交互,2026-08-17,,游戏引擎反外挂系统/功能操作命令/自定义OK框.htm,LFM2-2026-08-15-snapshot
LF-CMD-0476,检测,CHECKACTIVEFENGHAO,H.CHECKACTIVEFENGHAO,CHECKACTIVEFENGHAO 称号名称,NPC检测段,人物或英雄当前激活称号,NPCSegment与LingFengCharacterProgress,B,酷明十处称号顶戴检测读取唯一激活称号并与仅拥有状态分离；回收后同步失效,英雄命令复用同一隔离持久进度,称号进度与当前激活状态,10,10,LingFengPlayerCommandTests.翎风穿戴物品检测读取真实装备且回收称号同步清除激活状态,Manual/Engine/docs/scripting/player-commands.md,人物进度与脚本运行时,2026-08-17,,游戏引擎反外挂系统/其他相关资料/称号系统.htm,LFM2-2026-08-15-snapshot
LF-CMD-0477,动作,OPENSTORAGEVIEW,,OPENSTORAGEVIEW 模式 [X Y],NPC ACT,当前人物账户普通仓库,NPCSegment与现有UserStorage和NPCStorage协议,C,普通模式发送真实仓库内容与面板包；酷明八处语法均可解析且坐标参数完整保留,模式1无限仓库缺独立容量持久层时终止动作段；现有客户端包不含窗口坐标,普通与无限仓库协议,8,8,LingFengPlayerCommandTests.OpenStorageView普通模式发送真实仓库面板而无限模式失败关闭,Manual/Engine/docs/scripting/player-commands.md,仓库系统与客户端协议,2026-08-17,,游戏引擎反外挂系统/游戏功能详解/可视仓库.HTML,LFM2-2026-08-15-snapshot
LF-CMD-0478,动作,ADDMIRRORMAP,CHECKMIRRORMAP|SETMIRRORMAPTIME|GETMIRRORMAPTIME|DELMIRRORMAP,ADDMIRRORMAP 源地图 镜像编号 标题 秒数 返回地图 小地图 结果变量 显示模式 返回坐标,NPC ACT与检测段,独立运行时镜像地图,Envir镜像地图生命周期与NPCSegment,B,酷明创建5处检测10处重计时4处删除4处均共享原子注册表；客户端加载源物理地图且到期先回送人物,镜像不复制源图NPC和刷怪；由脚本在创建后显式生成副本内容,地图静态格子对象运行注册表与主线程计时,23,23,LingFengPlayerCommandTests.酷明镜像地图创建检测计时到期回送与客户端物理地图保持一致,Manual/Engine/docs/scripting/player-commands.md,地图运行时与脚本系统,2026-08-17,,游戏引擎反外挂系统/其他相关资料/动态创建镜像地图.htm,LFM2-2026-08-15-snapshot
LF-CMD-0479,动作,LINKPICKUPITEM,,LINKPICKUPITEM,NPC ACT,当前拾取事件中刚进入人物背包的真实物品实例,NPCSegment与LingFengTxtTriggerContext,B,只接受携带精确背包槽位的真实拾取事件；同名旧物品、金币及脱离事件作用域均失败关闭,沿用现有RefreshItem物品刷新,拾取事件不可变快照与背包实例,5,5,LingFengTxtSpecialTriggerIntegrationTests.每个已支持特殊触发均从真实领域入口派发,Manual/Engine/docs/scripting/player-commands.md,物品系统与脚本运行时,2026-08-17,LF-TOPIC-0729,游戏引擎反外挂系统/游戏功能详解/对捡取的物品进行关联.htm,LFM2-2026-08-15-snapshot
LF-CMD-0480,动作,MARRY,,MARRY [REQUESTMARRY|RESPONSEMARRY OK|FAIL],NPC ACT,当前人物与面对面的求婚对象,NPCSegment复用PlayerObject婚姻请求应答领域链,B,无参数与REQUESTMARRY均发起既有客户端求婚请求；RESPONSEMARRY按OK或FAIL完成或拒绝且双方关系原子更新,沿用MarriageRequest与LoverUpdate协议,双方人物持久婚姻关系,4,4,LingFengPlayerCommandTests.酷明月老结婚协议离婚与强制离婚复用真实关系领域链,Manual/Engine/docs/scripting/player-commands.md,婚姻系统与脚本运行时,2026-08-17,,游戏引擎反外挂系统/部分脚本实例/结婚脚本.htm,LFM2-2026-08-15-snapshot
LF-CMD-0481,动作,UNMARRY,,UNMARRY [REQUESTUNMARRY [FORCE]|RESPONSEUNMARRY],NPC ACT,当前人物与面对面的配偶或持久配偶,NPCSegment复用PlayerObject离婚请求应答及NPCDivorce领域链,B,普通流程沿用客户端离婚确认；FORCE同时清除在线或离线双方关系、婚戒绑定并刷新在线双方,沿用DivorceRequest与LoverUpdate协议,双方人物持久婚姻关系与婚戒,4,4,LingFengPlayerCommandTests.酷明月老结婚协议离婚与强制离婚复用真实关系领域链,Manual/Engine/docs/scripting/player-commands.md,婚姻系统与脚本运行时,2026-08-17,,游戏引擎反外挂系统/部分脚本实例/结婚脚本.htm,LFM2-2026-08-15-snapshot
LF-CMD-0482,动作,MASTER,,MASTER [REQUESTMASTER|RESPONSEMASTER OK|FAIL],NPC ACT,当前人物与正前方师傅候选,NPCSegment复用PlayerObject拜师请求应答领域链,B,无参数与REQUESTMASTER发起既有客户端拜师请求；RESPONSEMASTER按OK或FAIL完成或拒绝且双方师徒身份原子更新,沿用MentorRequest与MentorUpdate协议,双方人物持久师徒关系,4,4,LingFengPlayerCommandTests.酷明武馆拜师应答与强制解除复用真实师徒领域链,Manual/Engine/docs/scripting/player-commands.md,师徒系统与脚本运行时,2026-08-17,,游戏引擎反外挂系统/部分脚本实例/收徒脚本.htm,LFM2-2026-08-15-snapshot
LF-CMD-0483,动作,UNMASTER,,UNMASTER [REQUESTUNMASTER [FORCE]|RESPONSEUNMASTER],NPC ACT,当前人物与持久师徒对象,NPCSegment复用PlayerObject.MentorBreak,B,普通与强制写法均通过既有双方清理、经验结算及冷却逻辑；FORCE采用领域强制标志,沿用MentorUpdate协议,双方人物持久师徒关系与师徒经验,4,4,LingFengPlayerCommandTests.酷明武馆拜师应答与强制解除复用真实师徒领域链,Manual/Engine/docs/scripting/player-commands.md,师徒系统与脚本运行时,2026-08-17,,游戏引擎反外挂系统/部分脚本实例/收徒脚本.htm,LFM2-2026-08-15-snapshot
LF-CMD-0484,动作,CHANGEMONABILITY,,CHANGEMONABILITY 地图 怪物 属性 +|-|= 值 值类型 [X Y 范围],NPC ACT,指定地图和可选范围内的存活怪物,NPCSegment与MonsterObject独立属性来源层,C,酷明脱战触发使用的点值0当前生命、1最大生命、8攻击下限、9攻击上限已走真实怪物实例；百分比、速度、移动间隔及属性有效时间30仍失败关闭,无新增客户端依赖,地图怪物快照与运行时属性层,4,4,LingFengPlayerCommandTests.酷明脱战触发按地图怪物名恢复最大当前生命与攻击上下限,Manual/Engine/docs/scripting/player-commands.md,怪物系统与脚本运行时,2026-08-17,,游戏引擎反外挂系统/功能操作命令/修改地图内怪物属性.html,LFM2-2026-08-15-snapshot
LF-CMD-0487,动作,WRITECACHECONFIGFILEITEM,,WRITECACHECONFIGFILEITEM INI路径 节名 键名 值,NPC ACT,已发布Envir候选内的INI缓存,LingFengTextDataProvider与NPCSegment,C,运行期只更新内存缓存且热重载不覆盖；停服按源编码与换行原子保存；酷明位于Envir内的4处写法已闭环,越过Envir根目录的Mir通用配置路径失败关闭且不提供任意宿主文件写入,已发布INI候选与可写运行目录,7,7,LingFengPlayerCommandTests.酷明命格缓存配置独立更新热重载保持并在停服保存,Manual/Engine/docs/scripting/player-commands.md,文本配置与脚本运行时,2026-08-17,,游戏引擎反外挂系统/功能操作命令/读写配置项.html,LFM2-2026-08-15-snapshot
LF-CMD-0488,动作,KILLMONBURSTRATE,,KILLMONBURSTRATE 百分倍率 [时间] [保存] [静默],NPC ACT,当前玩家杀怪物品爆率倍率,HumanObject独立爆率来源层与MonsterObject真实掉落链,B,倍率先作用于基础掉落率再进入既有物品掉落加成；每个脚本动作独立到期，保存层按绝对到期时间恢复，时间0在线永久,无新增客户端依赖,人物爆率来源层与角色变量持久化,1,1,LingFengPlayerCommandTests.命格倍率效果按来源独立到期且短效不清除长效与永久层;LingFengPlayerCommandTests.命格攻击暴击与杀怪爆率倍率经过真实伤害和掉落链,Manual/Engine/docs/scripting/player-commands.md,掉落系统与脚本运行时,2026-08-17,LF-TOPIC-0781,游戏引擎反外挂系统/游戏功能详解/脚本设置怪物爆率倍数[!].htm,LFM2-2026-08-15-snapshot
LF-CMD-0489,动作,MONDROPITEMSEX,,MONDROPITEMSEX 怪物名称 物品名称 数量 中心模式,NPC ACT,当前人物或当前击杀怪物附近的地面掉落,MonsterObject.ForceLingFengDropItems与真实MonsterDropAfter链,B,中心模式0以人物为中心、1在KILLMON事件内以被击杀怪物坐标为中心；强制掉落不受普通爆率限制但保留归属、稀有提示和单次M2DROPITEM事件；单次上限1000件,沿用地面物品与掉落提示协议,怪物定义物品定义击杀事件坐标与地图对象,5,5,LingFengTxtSpecialTriggerIntegrationTests.锦囊击杀触发强制掉落到怪物身边并继续单次派发掉落事件,Manual/Engine/docs/scripting/player-commands.md,掉落系统与特殊触发运行时,2026-08-17,LF-TOPIC-0773,游戏引擎反外挂系统/游戏功能详解/强制怪物爆出物品.html,LFM2-2026-08-15-snapshot
LF-CMD-0490,动作,SETREBORN,,SETREBORN 复活次数 有效秒数,NPC ACT,当前人物真实死亡链,PlayerObject限时复活状态与LingFengTxtSystemHookAdapter,B,不受复活戒指间隔限制；每次扣除一次后满体力并派发NpcRevival；次数耗尽或到期恢复原死亡链；酷明8处调用具备实现能力但玩法验收只使用封神原版法宝,沿用人物体力与系统消息协议,人物在线复活次数有效期与QFunction候选,8,8,LingFengTxtSpecialTriggerIntegrationTests.封神法宝限时复活经过真实人物死亡链并派发NpcRevival,Manual/Engine/docs/scripting/player-commands.md,人物死亡与特殊触发运行时,2026-08-17,LF-TOPIC-0178,游戏引擎反外挂系统/功能操作命令/复活命令.html,LFM2-2026-08-15-snapshot
LF-CMD-0491,动作,SENDNEWLINEMSG,,SENDNEWLINEMSG 受众 前景 背景 字号 Y 时长 绘制方式 文本 [范围 X],NPC ACT,全服自己队伍行会或当前地图人物,NPCSegment受众路由与Announcement可读降级,C,保留0到7受众模式与富文本原文；尚未绘制多行布局、颜色、字号、坐标、时长、淡入淡出和图片数字,翎风多行公告客户端协议待E2,在线人物队伍行会地图与距离快照,2,2,LingFengPlayerCommandTests.酷明狂暴公告降级时仍按全服受众发送且保留富文本原文,Manual/Engine/docs/scripting/player-commands.md,客户端协议与脚本运行时,2026-08-17,LF-TOPIC-0065；LF-TOPIC-0174,游戏引擎反外挂系统/部分脚本实例/新的公告.html；游戏引擎反外挂系统/功能操作命令/发送屏幕中间大字体信息[!].htm,LFM2-2026-08-15-snapshot
LF-CMD-0492,动作,TAKEBAGITEMEX,,TAKEBAGITEMEX IDX范围 数量 元宝 金币 泡点 经验 结果变量 聚灵珠 [提示 颜色 极品 改名 等级],NPC ACT,当前人物真实背包,NPCSegment按ItemInfo.Index范围原子筛选与删除,C,酷明异兽四组零奖励用法已闭环并写入实际回收数；非零奖励账本及非零极品改名等级筛选仍在任何删除前失败关闭,沿用背包删除协议,物品数据库IDX、背包实例和脚本变量,4,4,LingFengPlayerCommandTests.酷明异兽孵化按数据库Idx范围回收背包并写入实际数量,Manual/Engine/docs/scripting/player-commands.md,物品与背包运行时,2026-08-17,LF-TOPIC-0073,游戏引擎反外挂系统/部分脚本实例/一键回收包裹物品.htm,LFM2-2026-08-15-snapshot
LF-CMD-0493,检测,CHECKBINDMONEY,,CHECKBINDMONEY 货币名称 数量,NPC IF,当前人物账户绑定货币余额,NPCSegment绑定货币解析与账户金币账本,C,当前可证明映射仅含铜钱和金币且共用账户金币；翎风自定义货币分组未接入时其他名称失败关闭,沿用金币同步协议,账户金币与后续自定义货币分组配置,2,2,LingFengPlayerCommandTests.通用铜钱绑定货币检测与扣除共用账户金币原子账本,Manual/Engine/docs/scripting/player-commands.md,经济系统与脚本运行时,2026-08-17,LF-TOPIC-0786,游戏引擎反外挂系统/游戏功能详解/设置关联货币.htm,LFM2-2026-08-15-snapshot
LF-CMD-0494,动作,DECBINDMONEY,,DECBINDMONEY 货币名称 数量,NPC ACT,当前人物账户绑定货币余额,NPCSegment绑定货币解析与LoseGold真实账本,C,铜钱和金币按账户金币原子扣除且余额不足不动账；其他名称等待翎风自定义货币分组Provider,沿用LoseGold同步协议,账户金币与后续自定义货币分组配置,2,2,LingFengPlayerCommandTests.通用铜钱绑定货币检测与扣除共用账户金币原子账本,Manual/Engine/docs/scripting/player-commands.md,经济系统与脚本运行时,2026-08-17,LF-TOPIC-0786,游戏引擎反外挂系统/游戏功能详解/设置关联货币.htm,LFM2-2026-08-15-snapshot
LF-CMD-0495,动作,<$CURRRTARGETNAME>.FORMULATION,,<$CURRRTARGETNAME>.FORMULATION 公式 目标变量,NPC ACT与伤害事件页,当前伤害事件锁定的人物目标,NPCSegment当前目标常量快照与变量公式模块,C,公式中的人物常量读取真实目标；写入整数变量时按翎风语义向零截断；缺少有效人物目标时失败关闭,无新增客户端依赖,伤害事件目标对象与脚本变量上下文,2,2,LingFengPlayerCommandTests.命格当前目标公式扣金与临时减防只作用真实受击人物,Manual/Engine/docs/scripting/player-commands.md,战斗与变量运行时,2026-08-17,,真实语料/01酷明传奇/10文本读取/09命格调用.txt,LFM2-2026-08-15-snapshot
LF-CMD-0496,动作,<$CURRRTARGETNAME>.CHANGEHUMABILITY,,<$CURRRTARGETNAME>.CHANGEHUMABILITY 属性编号 +|-|= 数值 时间,NPC ACT与伤害事件页,当前伤害事件锁定的人物目标,HumanObject独立属性来源层与NPCSegment目标路由,C,只改当前真实人物目标；每个脚本动作独立计时，到期只移除自身且不覆盖基础、长期或其他临时层,无新增客户端依赖,伤害事件目标对象与人物属性来源层,2,2,LingFengPlayerCommandTests.命格当前目标公式扣金与临时减防只作用真实受击人物;LingFengPlayerCommandTests.命格隐藏属性三十秒与十秒来源独立到期且不覆盖长期属性,Manual/Engine/docs/scripting/player-commands.md,战斗与属性运行时,2026-08-17,,真实语料/01酷明传奇/10文本读取/09命格调用.txt,LFM2-2026-08-15-snapshot
LF-CMD-0497,动作,<$CURRRTARGETNAME>.TAKE,,<$CURRRTARGETNAME>.TAKE 金币 数量,NPC ACT与伤害事件页,当前伤害事件锁定的人物目标,NPCSegment目标账户金币原子扣除与LoseGold同步,C,当前只支持酷明已证明的金币账本；余额不足或目标失效时不扣半笔,沿用LoseGold同步协议,伤害事件目标对象与账户金币,2,2,LingFengPlayerCommandTests.命格当前目标公式扣金与临时减防只作用真实受击人物,Manual/Engine/docs/scripting/player-commands.md,战斗与经济运行时,2026-08-17,,真实语料/01酷明传奇/10文本读取/09命格调用.txt,LFM2-2026-08-15-snapshot
LF-CMD-0498,动作,<$CURRRTARGETNAME>.GOTO,,<$CURRRTARGETNAME>.GOTO @目标页,NPC ACT与伤害事件页,当前伤害事件锁定的人物目标,PlayerObject独立目标页调度与NPCScript.CallSystem,C,在目标人物下一处理点执行同一Called脚本页；调用前后恢复目标原NPC会话；单人最多64条待执行目标页,无新增客户端依赖,伤害事件目标对象与当前系统脚本快照,1,1,LingFengPlayerCommandTests.酷明命格当前目标即时与七秒延迟页只在目标人物执行,Manual/Engine/docs/scripting/player-commands.md,战斗与脚本运行时,2026-08-17,,真实语料/01酷明传奇/10文本读取/09命格调用.txt,LFM2-2026-08-15-snapshot
LF-CMD-0499,动作,<$CURRRTARGETNAME>.DELAYGOTO,,<$CURRRTARGETNAME>.DELAYGOTO 毫秒 @目标页,NPC ACT与伤害事件页,当前伤害事件锁定的人物目标,PlayerObject有界延迟目标页调度与NPCScript.CallSystem,C,延迟单位为毫秒且酷明7000毫秒恢复页已闭环；调用前后恢复目标原NPC会话；延迟上限24小时且单人最多64条,无新增客户端依赖,伤害事件目标对象、服务器时钟与当前系统脚本快照,1,1,LingFengPlayerCommandTests.酷明命格当前目标即时与七秒延迟页只在目标人物执行,Manual/Engine/docs/scripting/player-commands.md,战斗与脚本运行时,2026-08-17,,真实语料/01酷明传奇/10文本读取/09命格调用.txt,LFM2-2026-08-15-snapshot
LF-CMD-0500,动作,<$KILLER>.GAMEGIRD,,<$KILLER>.GAMEGIRD +|-|= 数量,人物死亡系统触发页,本次真实人物击杀者,NPCSegment击杀者路由与LingFengCharacterProgress灵符账本,C,仅人物击杀来源有效；无击杀者上下文或数值越界时失败关闭,无新增客户端依赖,最终伤害来源对象与人物灵符持久变量,1,1,LingFengPlayerCommandTests.酷明狂暴死亡奖励只增加真实击杀者元宝与灵符账本,Manual/Engine/docs/scripting/player-commands.md,人物死亡与经济运行时,2026-08-17,,真实语料/01酷明传奇/05游戏触发/04死亡触发.txt,LFM2-2026-08-15-snapshot
LF-CMD-0501,动作,<$KILLER>.GAMEGOLD,,<$KILLER>.GAMEGOLD +|-|= 数量,人物死亡系统触发页,本次真实人物击杀者,NPCSegment击杀者路由与人物元宝账本,C,沿用当前项目GAMEGOLD对应PearlCount的既有语义；无击杀者上下文或数值越界时失败关闭,沿用元宝同步协议,最终伤害来源对象与人物元宝账本,1,1,LingFengPlayerCommandTests.酷明狂暴死亡奖励只增加真实击杀者元宝与灵符账本,Manual/Engine/docs/scripting/player-commands.md,人物死亡与经济运行时,2026-08-17,,真实语料/01酷明传奇/05游戏触发/04死亡触发.txt,LFM2-2026-08-15-snapshot
LF-CMD-0502,动作,FS.CHANGESPEED,,FS.CHANGESPEED 类型 速度值 [有效秒数],NPC ACT,当前人物拥有的存活分身,NPCSegment分身路由与HumanObject独立速度来源层,C,FS按翎风定义表示分身；覆盖灵魂与刺客分身及本项目命格自分身；短时层到期不覆盖长期层且不修改人物本人,无新增客户端依赖,人物宠物集合与分身速度来源层,2,2,LingFengPlayerCommandTests.酷明分身速度三十秒与十秒来源独立到期且不覆盖长期层,Manual/Engine/docs/scripting/player-commands.md,分身与速度运行时,2026-08-17,LF-TOPIC-0327,游戏引擎反外挂系统/功能操作命令/调整游戏速度.html,LFM2-2026-08-15-snapshot
LF-CMD-0503,动作,CLEARDELAYGOTO,,CLEARDELAYGOTO [1],NPC ACT,当前人物待执行脚本动作,NPCSegment按延迟动作类型标记移除,C,无参数清除普通DELAYGOTO；参数1只清除中央消息倒计时；酷明回城石使用参数1且不会误清普通导航,无新增客户端依赖,人物ActionList与延迟消息运行时,1,1,LingFengPlayerCommandTests.酷明回城石参数一只清除中央倒计时而不误清脚本跳转,Manual/Engine/docs/scripting/player-commands.md,脚本导航与消息运行时,2026-08-17,LF-TOPIC-0801,游戏引擎反外挂系统/功能操作命令/清除SendCenterMsg DelayGoto.html,LFM2-2026-08-15-snapshot
LF-CMD-0504,动作,CLOSECLIENTBUFF,,CLOSECLIENTBUFF 编号,NPC ACT,当前人物客户端Buff栏,NPCSegment保留宽编号并失败关闭,E,E1可解析完整编号且不修改服务端真实属性层；酷明编号310超过旧RemoveBuff单字节范围；等待专用宽编号客户端协议,翎风客户端Buff关闭协议待E2,人物对象编号与客户端Buff编号,2,0,LingFengPlayerCommandTests.命格客户端Buff携带图标槽位倒计时与中文说明并可协议往返,Manual/Engine/docs/scripting/player-commands.md,客户端Buff与脚本运行时,2026-08-17,LF-TOPIC-0335,游戏引擎反外挂系统/部分脚本实例/自定义按钮倒计时触发.htm,LFM2-2026-08-15-snapshot
LF-CMD-0505,动作,<$CURRRTARGETNAME>.SETARRBUFF,,<$CURRRTARGETNAME>.SETARRBUFF 分组 按钮 资源包 图片 时间 闪烁时间 闪烁图片 帧数 备注 [坐标与结束图片],NPC ACT与战斗事件页,当前事件锁定的人物目标,NPCSegment参数保留与LingFengExternalDependencyManifest,C,E1保留目标前缀和完整参数且不误写执行者服务端Buff；只做整服语法兼容不作为酷明玩法证据,LingFeng/AutoArrangedBuff客户端契约在E2失败关闭,伤害事件目标与客户端自动排列Buff协议,6,6,LingFengPlayerCommandTests.SetArrBuff保留官方参数并在缺少客户端契约时不修改服务端Buff,Manual/Engine/docs/scripting/player-commands.md,客户端Buff与战斗脚本运行时,2026-08-17,,真实语料/01酷明传奇/16法宝系统/触发调用.txt,LFM2-2026-08-15-snapshot
LF-CMD-0506,动作,SETSNDACASKET,,SETSNDACASKET 0|1,NPC ACT,当前人物首饰盒界面,NPCSegment参数校验与LingFengExternalDependencyManifest,C,E1严格校验灰显或彩色状态并保留动作；缺少客户端契约时不伪造人物状态,LingFeng/JewelryCasket客户端契约在E2失败关闭,人物客户端首饰盒状态,7,7,LingFengPlayerCommandTests.首饰盒状态保留参数且自定义框物品操作在无托管会话时阻止后续奖励,Manual/Engine/docs/scripting/player-commands.md,客户端容器与脚本运行时,2026-08-17,,真实语料/01酷明传奇/00登录脚本/登录脚本.txt,LFM2-2026-08-15-snapshot
LF-CMD-0507,动作,ACTIVATIONCASKET,,ACTIVATIONCASKET,NPC ACT,当前人物首饰盒图标,NPCSegment无参解析与LingFengExternalDependencyManifest,C,E1接受官方无参语法；缺少客户端契约时不伪造已激活状态,LingFeng/JewelryCasket客户端契约在E2失败关闭,人物客户端首饰盒状态,5,5,LingFengPlayerCommandTests.首饰盒状态保留参数且自定义框物品操作在无托管会话时阻止后续奖励,Manual/Engine/docs/scripting/player-commands.md,客户端容器与脚本运行时,2026-08-17,,真实语料/01酷明传奇/00登录脚本/登录脚本.txt,LFM2-2026-08-15-snapshot
LF-CMD-0508,动作,UNALLOWITEMINTOBOX,,UNALLOWITEMINTOBOX,NPC ACT与自定义OK框回调,当前人物本次受托管的自定义框物品,NPCSegment无会话失败关闭与LingFengExternalDependencyManifest,C,E1接受官方无参语法；当前无可信框会话与物品身份时立即终止本段并阻止后续奖励,LingFeng/CustomItemBox客户端与会话契约在E2失败关闭,自定义OK框会话及物品身份,7,7,LingFengPlayerCommandTests.首饰盒状态保留参数且自定义框物品操作在无托管会话时阻止后续奖励,Manual/Engine/docs/scripting/player-commands.md,客户端容器与物品安全运行时,2026-08-17,,真实语料/01酷明传奇/12本命神剑/本命神剑.txt,LFM2-2026-08-15-snapshot
LF-CMD-0509,动作,RETURNBOXITEM,,RETURNBOXITEM 位置,NPC ACT与自定义OK框回调,当前人物本次受托管的自定义框物品,NPCSegment索引校验与无会话失败关闭,C,E1校验0到31位置；当前无可信框会话与物品身份时立即终止本段并阻止后续奖励,LingFeng/CustomItemBox客户端与会话契约在E2失败关闭,自定义OK框会话、物品身份与背包容量,5,5,LingFengPlayerCommandTests.首饰盒状态保留参数且自定义框物品操作在无托管会话时阻止后续奖励,Manual/Engine/docs/scripting/player-commands.md,客户端容器与物品安全运行时,2026-08-17,,真实语料/01酷明传奇/12本命神剑/本命神剑.txt,LFM2-2026-08-15-snapshot
LF-CMD-0510,动作,ADDBUTTON,,ADDBUTTON 资源包 按钮序号 默认图 悬停图 按下图 X Y 挂载位置 标题 [提示],NPC ACT,当前人物客户端自定义按钮,NPCSegment参数保留与LingFengExternalDependencyManifest,C,E1至少校验九个官方参数并保留动态表达式；不伪造NPC文本或服务端状态,LingFeng/CustomButton客户端绘制与点击回调在E2失败关闭,客户端资源包与按钮触发页,6,6,LingFengPlayerCommandTests.SetArrBuff保留官方参数并在缺少客户端契约时不修改服务端Buff,Manual/Engine/docs/scripting/player-commands.md,客户端按钮与脚本运行时,2026-08-17,LF-TOPIC-0584,游戏引擎反外挂系统/部分脚本实例/脚本增加自定义按钮.htm,LFM2-2026-08-15-snapshot
LF-CMD-0511,动作,SETUPGRADEITEM,,SETUPGRADEITEM 装备位置|BoxItem编号,NPC ACT,当前人物装备或自定义OK框物品上下文,NPCSegment位置校验与LingFengExternalDependencyManifest,C,E1接受0到13装备位置或BoxItem0到31并保留上下文标记；无托管框会话时不缓存不可信物品引用,LingFeng/CustomItemBox会话与物品身份在E2失败关闭,装备位置或自定义框会话,6,6,LingFengPlayerCommandTests.首饰盒状态保留参数且自定义框物品操作在无托管会话时阻止后续奖励,Manual/Engine/docs/scripting/player-commands.md,物品安全与脚本运行时,2026-08-17,LF-TOPIC-0676,游戏引擎反外挂系统/功能操作命令/自定义OK框.htm,LFM2-2026-08-15-snapshot
LF-CMD-0512,动作,SETBODYCOLOR,,SETBODYCOLOR 颜色 秒数 [类型],NPC ACT,当前人物身体染色显示,NPCSegment参数保留与LingFengExternalDependencyManifest,C,E1保留颜色、时长与固定或变色类型；不错误复用人物名称颜色,LingFeng/BodyColor客户端染色协议在E2失败关闭,人物对象显示与计时状态,4,4,LingFengPlayerCommandTests.首饰盒状态保留参数且自定义框物品操作在无托管会话时阻止后续奖励,Manual/Engine/docs/scripting/player-commands.md,人物显示与客户端协议,2026-08-17,LF-TOPIC-0612,游戏引擎反外挂系统/部分脚本实例/修改人体颜色.html,LFM2-2026-08-15-snapshot
LF-CMD-0513,动作,EXTBAGPAGECOUNT,,EXTBAGPAGECOUNT 页数,NPC ACT,当前人物扩展背包界面,NPCSegment参数保留与LingFengExternalDependencyManifest,C,E1保留页数且不伪造已开放背包页,LingFeng/ExtendedBag客户端契约在E2失败关闭,扩展背包容量与客户端协议,1,1,LingFengPlayerCommandTests.扩展界面与外部事务命令保留参数且不伪造服务端成功状态,Manual/Engine/docs/scripting/player-commands.md,客户端背包与脚本运行时,2026-08-17,,真实语料/01酷明传奇/整服Envir严格预检,LFM2-2026-08-15-snapshot
LF-CMD-0514,动作,EXTBAGOPENITEMCOUNT,,EXTBAGOPENITEMCOUNT 页数 格数,NPC ACT,当前人物扩展背包界面,NPCSegment参数保留与LingFengExternalDependencyManifest,C,E1保留页数与格数且不伪造背包容量,LingFeng/ExtendedBag客户端契约在E2失败关闭,扩展背包容量与客户端协议,3,3,LingFengPlayerCommandTests.扩展界面与外部事务命令保留参数且不伪造服务端成功状态,Manual/Engine/docs/scripting/player-commands.md,客户端背包与脚本运行时,2026-08-17,,真实语料/01酷明传奇/整服Envir严格预检,LFM2-2026-08-15-snapshot
LF-CMD-0515,动作,SETBIGSTORAGECOUNT,,SETBIGSTORAGECOUNT 格数,NPC ACT,当前人物无限仓库容量,NPCSegment参数保留与LingFengExternalDependencyManifest,C,E1保留容量且不写入旧仓库模型,LingFeng/UnlimitedStorage领域契约在E2失败关闭,无限仓库容量与持久化事务,2,2,LingFengPlayerCommandTests.扩展界面与外部事务命令保留参数且不伪造服务端成功状态,Manual/Engine/docs/scripting/player-commands.md,仓库领域与脚本运行时,2026-08-17,,真实语料/01酷明传奇/整服Envir严格预检,LFM2-2026-08-15-snapshot
LF-CMD-0516,动作,CLOSEAUTOPICKITEM,,CLOSEAUTOPICKITEM,NPC ACT,当前人物及宝宝自动拾取状态,NPCSegment参数保留与LingFengExternalDependencyManifest,C,E1接受无参关闭语法且不伪造拾取状态,LingFeng/AutoPickItem领域契约在E2失败关闭,地面物品归属与拾取调度,2,2,LingFengPlayerCommandTests.扩展界面与外部事务命令保留参数且不伪造服务端成功状态,Manual/Engine/docs/scripting/player-commands.md,物品系统与脚本运行时,2026-08-17,,真实语料/01酷明传奇/整服Envir严格预检,LFM2-2026-08-15-snapshot
LF-CMD-0517,动作,OPENBIGDIALOGBOX,,OPENBIGDIALOGBOX 界面参数,NPC ACT,当前人物大对话框界面,NPCSegment参数保留与LingFengExternalDependencyManifest,C,E1保留完整界面参数且不误用普通NPC对话,LingFeng/BigDialog客户端契约在E2失败关闭,客户端界面资源与会话,2,2,LingFengPlayerCommandTests.扩展界面与外部事务命令保留参数且不伪造服务端成功状态,Manual/Engine/docs/scripting/player-commands.md,客户端界面与脚本运行时,2026-08-17,,真实语料/01酷明传奇/整服Envir严格预检,LFM2-2026-08-15-snapshot
LF-CMD-0518,动作,OPENITEMBOX,,OPENITEMBOX 界面参数,NPC ACT,当前人物怪物物品框界面,NPCSegment参数保留与LingFengExternalDependencyManifest,C,E1保留完整参数且不创建假的物品会话,LingFeng/MonsterItemBox客户端契约在E2失败关闭,物品框会话与客户端资源,2,2,LingFengPlayerCommandTests.扩展界面与外部事务命令保留参数且不伪造服务端成功状态,Manual/Engine/docs/scripting/player-commands.md,客户端容器与脚本运行时,2026-08-17,,真实语料/01酷明传奇/整服Envir严格预检,LFM2-2026-08-15-snapshot
LF-CMD-0519,动作,BREAKADDSELLPLAYER,,BREAKADDSELLPLAYER,NPC ACT,当前人物玩家摆摊出售事务,NPCSegment参数保留与LingFengExternalDependencyManifest,C,E1接受终止语法且不提交或回滚未知交易,LingFeng/PlayerSaleTransaction领域契约在E2失败关闭,玩家交易状态与审计事务,3,3,LingFengPlayerCommandTests.扩展界面与外部事务命令保留参数且不伪造服务端成功状态,Manual/Engine/docs/scripting/player-commands.md,交易安全与脚本运行时,2026-08-17,,真实语料/01酷明传奇/整服Envir严格预检,LFM2-2026-08-15-snapshot
LF-CMD-0520,动作,STOPTAKEON,,STOPTAKEON,NPC ACT,当前人物穿戴事务,NPCSegment参数保留与LingFengExternalDependencyManifest,C,E1接受停止语法且不修改装备,LingFeng/EquipmentTransaction领域契约在E2失败关闭,装备事务与并发状态,3,3,LingFengPlayerCommandTests.扩展界面与外部事务命令保留参数且不伪造服务端成功状态,Manual/Engine/docs/scripting/player-commands.md,物品安全与脚本运行时,2026-08-17,,真实语料/01酷明传奇/整服Envir严格预检,LFM2-2026-08-15-snapshot
LF-CMD-0521,动作,SETITEMFROM,,SETITEMFROM 来源,NPC ACT,当前脚本物品来源标记,NPCSegment参数保留与LingFengExternalDependencyManifest,C,E1保留来源文本且不写入不受支持的物品字段,LingFeng/ItemProvenance领域契约在E2失败关闭,物品来源持久化与审计,2,2,LingFengPlayerCommandTests.扩展界面与外部事务命令保留参数且不伪造服务端成功状态,Manual/Engine/docs/scripting/player-commands.md,物品模型与脚本运行时,2026-08-17,,真实语料/01酷明传奇/整服Envir严格预检,LFM2-2026-08-15-snapshot
LF-CMD-0522,动作,HCALL,,HCALL 人物 标签 [参数],NPC ACT,指定人物的QFunction目标页,NPCSegment参数保留与LingFengExternalDependencyManifest,C,E1保留目标与页参数且不跨人物派发,LingFeng/TargetQFunction领域契约在E2失败关闭,在线人物解析与系统页调用,2,2,LingFengPlayerCommandTests.扩展界面与外部事务命令保留参数且不伪造服务端成功状态,Manual/Engine/docs/scripting/player-commands.md,脚本调度与玩家安全,2026-08-17,,真实语料/01酷明传奇/整服Envir严格预检,LFM2-2026-08-15-snapshot
LF-CMD-0523,动作,ADDATTACKSABUKALL,,ADDATTACKSABUKALL 参数,NPC ACT,沙巴克攻城全体对象,NPCSegment参数保留与LingFengExternalDependencyManifest,C,E1保留完整参数且不伪造攻城伤害,LingFeng/ConquestMassAttack领域契约在E2失败关闭,城堡归属与批量战斗调度,1,1,LingFengPlayerCommandTests.扩展界面与外部事务命令保留参数且不伪造服务端成功状态,Manual/Engine/docs/scripting/player-commands.md,攻城领域与脚本运行时,2026-08-17,,真实语料/01酷明传奇/整服Envir严格预检,LFM2-2026-08-15-snapshot
LF-CMD-0524,动作,AUTOTAKEONITEM,,AUTOTAKEONITEM 参数,NPC ACT,当前人物自动穿戴事务,NPCSegment参数保留与LingFengExternalDependencyManifest,C,E1保留完整参数且不移动物品,LingFeng/EquipmentTransaction领域契约在E2失败关闭,装备位置与原子物品事务,1,1,LingFengPlayerCommandTests.扩展界面与外部事务命令保留参数且不伪造服务端成功状态,Manual/Engine/docs/scripting/player-commands.md,物品安全与脚本运行时,2026-08-17,,真实语料/01酷明传奇/整服Envir严格预检,LFM2-2026-08-15-snapshot
LF-CMD-0525,动作,CHANGEHUMNAME,,CHANGEHUMNAME 新名称,NPC ACT,当前人物名称,NPCSegment参数保留与LingFengExternalDependencyManifest,C,E1保留名称且不修改角色数据库,LingFeng/CharacterRename领域契约在E2失败关闭,名称唯一性与角色持久化事务,1,1,LingFengPlayerCommandTests.扩展界面与外部事务命令保留参数且不伪造服务端成功状态,Manual/Engine/docs/scripting/player-commands.md,人物模型与数据库安全,2026-08-17,,真实语料/01酷明传奇/整服Envir严格预检,LFM2-2026-08-15-snapshot
LF-CMD-0526,动作,CREATEMYSHOP,,CREATEMYSHOP 参数,NPC ACT,当前人物个人商店,NPCSegment参数保留与LingFengExternalDependencyManifest,C,E1保留商店参数且不创建交易实体,LingFeng/PersonalShop领域契约在E2失败关闭,个人商店状态与交易事务,1,1,LingFengPlayerCommandTests.扩展界面与外部事务命令保留参数且不伪造服务端成功状态,Manual/Engine/docs/scripting/player-commands.md,交易领域与脚本运行时,2026-08-17,,真实语料/01酷明传奇/整服Envir严格预检,LFM2-2026-08-15-snapshot
LF-CMD-0527,动作,OPENGODBLESS,,OPENGODBLESS 参数,NPC ACT,当前人物祝福袋界面,NPCSegment参数保留与LingFengExternalDependencyManifest,C,E1保留界面参数且不发放奖励,LingFeng/GodBlessBag客户端契约在E2失败关闭,祝福袋资源与受托管会话,1,1,LingFengPlayerCommandTests.扩展界面与外部事务命令保留参数且不伪造服务端成功状态,Manual/Engine/docs/scripting/player-commands.md,客户端容器与脚本运行时,2026-08-17,,真实语料/01酷明传奇/整服Envir严格预检,LFM2-2026-08-15-snapshot
LF-CMD-0528,动作,SHOWGODBLESS,,SHOWGODBLESS 参数,NPC ACT,当前人物祝福袋显示,NPCSegment参数保留与LingFengExternalDependencyManifest,C,E1保留显示参数且不伪造奖励状态,LingFeng/GodBlessBag客户端契约在E2失败关闭,祝福袋资源与玩家显示状态,1,1,LingFengPlayerCommandTests.扩展界面与外部事务命令保留参数且不伪造服务端成功状态,Manual/Engine/docs/scripting/player-commands.md,客户端容器与脚本运行时,2026-08-17,,真实语料/01酷明传奇/整服Envir严格预检,LFM2-2026-08-15-snapshot
LF-CMD-0529,动作,STARTAUTOPLAYGAME,,STARTAUTOPLAYGAME 参数,NPC ACT,当前人物离线挂机生命周期,NPCSegment参数保留与LingFengExternalDependencyManifest,C,E1保留启动参数且不创建离线人物,LingFeng/OfflinePlay领域契约在E2失败关闭,玩家会话与离线生命周期,1,1,LingFengPlayerCommandTests.扩展界面与外部事务命令保留参数且不伪造服务端成功状态,Manual/Engine/docs/scripting/player-commands.md,玩家生命周期与脚本运行时,2026-08-17,,真实语料/01酷明传奇/整服Envir严格预检,LFM2-2026-08-15-snapshot
LF-CMD-0530,动作,STOPAUTOPLAYGAME,,STOPAUTOPLAYGAME,NPC ACT,当前人物离线挂机生命周期,NPCSegment参数保留与LingFengExternalDependencyManifest,C,E1接受停止语法且不伪造会话状态,LingFeng/OfflinePlay领域契约在E2失败关闭,玩家会话与离线生命周期,1,1,LingFengPlayerCommandTests.扩展界面与外部事务命令保留参数且不伪造服务端成功状态,Manual/Engine/docs/scripting/player-commands.md,玩家生命周期与脚本运行时,2026-08-17,,真实语料/01酷明传奇/整服Envir严格预检,LFM2-2026-08-15-snapshot
LF-CMD-0531,动作,STOPBUYUSER,,STOPBUYUSER,NPC ACT,当前人物玩家购买事务,NPCSegment参数保留与LingFengExternalDependencyManifest,C,E1接受停止语法且不提交未知交易,LingFeng/PlayerSaleTransaction领域契约在E2失败关闭,玩家交易状态与审计事务,1,1,LingFengPlayerCommandTests.扩展界面与外部事务命令保留参数且不伪造服务端成功状态,Manual/Engine/docs/scripting/player-commands.md,交易安全与脚本运行时,2026-08-17,,真实语料/01酷明传奇/整服Envir严格预检,LFM2-2026-08-15-snapshot
LF-CMD-0532,动作,STOPTAKEOFF,,STOPTAKEOFF,NPC ACT,当前人物脱卸事务,NPCSegment参数保留与LingFengExternalDependencyManifest,C,E1接受停止语法且不修改装备,LingFeng/EquipmentTransaction领域契约在E2失败关闭,装备事务与并发状态,1,1,LingFengPlayerCommandTests.扩展界面与外部事务命令保留参数且不伪造服务端成功状态,Manual/Engine/docs/scripting/player-commands.md,物品安全与脚本运行时,2026-08-17,,真实语料/01酷明传奇/整服Envir严格预检,LFM2-2026-08-15-snapshot
LF-CMD-0533,动作,SUPERMOVEMSG,,SUPERMOVEMSG 参数,NPC ACT,当前人物超级移动消息,NPCSegment参数保留与LingFengExternalDependencyManifest,C,E1保留完整参数且不误发普通移动包,LingFeng/SuperMoveMessage客户端契约在E2失败关闭,客户端传送表现与消息协议,1,1,LingFengPlayerCommandTests.扩展界面与外部事务命令保留参数且不伪造服务端成功状态,Manual/Engine/docs/scripting/player-commands.md,客户端协议与脚本运行时,2026-08-17,,真实语料/01酷明传奇/整服Envir严格预检,LFM2-2026-08-15-snapshot
LF-CMD-0534,检测,CHECKMYSHOP,,CHECKMYSHOP,NPC 检测,当前人物个人商店,NPCSegment失败关闭检测与LingFengExternalDependencyManifest,C,E1接受语法且在缺少领域适配时返回假,LingFeng/PersonalShop领域契约在E2失败关闭,个人商店状态与交易事务,1,1,LingFengPlayerCommandTests.扩展界面与外部事务命令保留参数且不伪造服务端成功状态,Manual/Engine/docs/scripting/player-commands.md,交易领域与脚本运行时,2026-08-17,,真实语料/01酷明传奇/整服Envir严格预检,LFM2-2026-08-15-snapshot
LF-CMD-0535,检测,CHECKSHOPNAME,,CHECKSHOPNAME 名称,NPC 检测,当前人物个人商店名称,NPCSegment失败关闭检测与LingFengExternalDependencyManifest,C,E1保留名称且在缺少领域适配时返回假,LingFeng/PersonalShop领域契约在E2失败关闭,商店名称唯一性与交易事务,1,1,LingFengPlayerCommandTests.扩展界面与外部事务命令保留参数且不伪造服务端成功状态,Manual/Engine/docs/scripting/player-commands.md,交易领域与脚本运行时,2026-08-17,,真实语料/01酷明传奇/整服Envir严格预检,LFM2-2026-08-15-snapshot
LF-CMD-0536,检测,CHECKBOXITEMCOUNT,,CHECKBOXITEMCOUNT 物品框编号,NPC 检测,当前人物怪物物品框会话,NPCSegment失败关闭检测与LingFengExternalDependencyManifest,C,E1保留编号且在缺少受托管物品框会话时返回假,LingFeng/MonsterItemBox领域契约在E2失败关闭,客户端物品框会话与物品身份,2,2,LingFengPlayerCommandTests.扩展界面与外部事务命令保留参数且不伪造服务端成功状态,Manual/Engine/docs/scripting/player-commands.md,客户端容器与物品安全,2026-08-17,,真实语料/封神/法宝玩法精简提取包严格预检,LFM2-2026-08-15-snapshot
LF-CMD-0537,动作,SENDMOVEHINTMSG,,SENDMOVEHINTMSG 消息 前景色 背景色 [X Y 时长 模式],NPC ACT,当前人物移动提示消息,NPCSegment参数保留与LingFengExternalDependencyManifest,C,E1保留短格式和完整格式参数且不误发普通聊天或传送消息,LingFeng/MoveHintMessage客户端契约在E2失败关闭,客户端移动提示布局与计时,1,1,LingFengPlayerCommandTests.扩展界面与外部事务命令保留参数且不伪造服务端成功状态,Manual/Engine/docs/scripting/player-commands.md,客户端提示与脚本运行时,2026-08-17,,真实语料/封神/法宝玩法精简提取包严格预检,LFM2-2026-08-15-snapshot
LF-CMD-0538,动作,DELACCOUNTLIST,,DELACCOUNTLIST 名单路径,NPC ACT,当前玩家登录账号,NPCSegment与Envir账号名单持久存储,B,按AccountID从安全逻辑路径映射的隔离名单删除且写入失败终止当前动作段,候选外路径要求LingFeng/ExternalAccountList领域适配器,受控账号名单与登录账号,10309,10309,LingFengPlayerCommandTests.账号名单按登录账号持久登记并与角色名隔离,Manual/Engine/docs/scripting/player-commands.md,账号系统与脚本运行时,2026-08-17,,游戏引擎反外挂系统/功能操作命令/删除人物帐号在列表中.html,LFM2-2026-08-15-snapshot
LF-CMD-0539,动作,GETCUSTOMITEMABIL,,GETCUSTOMITEMABIL 装备位置 属性位置 属性类型 结果变量,NPC ACT,当前人物或英雄装备实例,NPCSegment与UserItem自定义属性存储,B,属性类型0至4分别返回颜色绑定属性显示顺序显示模式和模块且支持数字或字符串变量,无新增客户端依赖,真实装备实例与自定义属性持久字段,416,416,LingFengPlayerCommandTests.翎风自定义装备属性经真实命令生效刷新并完成共享二进制往返,Manual/Engine/docs/scripting/player-commands.md,物品实例与脚本运行时,2026-08-17,,游戏引擎反外挂系统/游戏功能详解/自定义属性说明书.htm,LFM2-2026-08-15-snapshot
LF-CMD-0540,检测,CHECKITEMSTATE,,CHECKITEMSTATE 装备位置 项目0至7,NPC检测段,指定装备或OK框物品限制状态,NPCSegment与UserItem限制状态,B,读取与SETITEMSTATE完全相同的八类有效限制位且缺失物品失败关闭,无新增客户端依赖,物品实例限制位与人物绑定,4,4,LingFengPlayerCommandTests.翎风自定义装备属性经真实命令生效刷新并完成共享二进制往返,Manual/Engine/docs/scripting/player-commands.md,物品系统与脚本运行时,2026-08-17,,游戏引擎反外挂系统/兼容HeroM2/功能操作命令/设置装备绑定状态.htm,LFM2-2026-08-15-snapshot
LF-CMD-0541,地图配置,FB,,FB(容量 副本名称 模式 进入延长分钟 可选空图回收秒),MapInfo.txt,副本模板地图,LingFengWorldContentProvider与LingFengEctypeRuntime,B,严格校验容量模式时限并拒绝重名副本定义,沿用现有地图协议与镜像地图客户端物理名,地图模板与副本所有权,160,160,LingFengWorldContentProviderTests.InvalidEctypeDefinitionsRejectTheWholeCandidate;LingFengPlayerCommandTests.翎风个人副本按人物隔离刷怪并在空图和总时限到期后安全回收,Manual/Engine/docs/scripting/player-commands.md,地图与脚本运行时,2026-08-17,,游戏引擎反外挂系统/游戏功能详解/副本系统.htm,LFM2-2026-08-15-snapshot
LF-CMD-0542,检测,CANMOVEECTYPE,,CANMOVEECTYPE 副本名称,NPC检测段,当前人物可访问副本,LingFengEctypeRuntime与NPCSegment,B,个人组队行会所有权隔离且无实例时为假,无新增客户端依赖,人物队伍行会与副本实例,22,22,LingFengPlayerCommandTests.翎风组队与行会副本只允许合格队长会长创建并向成员开放,Manual/Engine/docs/scripting/player-commands.md,地图与脚本运行时,2026-08-17,,游戏引擎反外挂系统/功能检测命令/CANMOVEECTYPE.htm,LFM2-2026-08-15-snapshot
LF-CMD-0543,动作,CREATEECTYPE,,CREATEECTYPE 副本名称 有效分钟,NPC ACT,当前人物及其队伍或行会,LingFengEctypeRuntime与镜像地图接缝,B,按模式限制创建者并以分钟建立独立实例和回调,沿用现有地图协议与镜像地图客户端物理名,地图模板人物队伍行会,35,35,LingFengPlayerCommandTests.翎风个人副本按人物隔离刷怪并在空图和总时限到期后安全回收;LingFengPlayerCommandTests.翎风组队与行会副本只允许合格队长会长创建并向成员开放,Manual/Engine/docs/scripting/player-commands.md,地图与脚本运行时,2026-08-17,,游戏引擎反外挂系统/功能操作命令/CREATEECTYPE.htm,LFM2-2026-08-15-snapshot
LF-CMD-0544,动作,MOVEECTYPE,,MOVEECTYPE 副本名称 X Y,NPC ACT,当前人物可访问副本,LingFengEctypeRuntime与PlayerObject真实传送链,B,超出进入窗口坐标无效或无权限时失败并回调,沿用现有地图切换协议,副本实例与人物位置,34,34,LingFengPlayerCommandTests.翎风个人副本按人物隔离刷怪并在空图和总时限到期后安全回收,Manual/Engine/docs/scripting/player-commands.md,地图与脚本运行时,2026-08-17,,游戏引擎反外挂系统/功能操作命令/MOVEECTYPE.htm,LFM2-2026-08-15-snapshot
LF-CMD-0545,动作,MOBECTYPEMON,,MOBECTYPEMON SELF或FBMAP或NPCMAP X Y 怪物 数量 范围 可选名称颜色,NPC ACT,当前人物有权访问的副本实例,LingFengEctypeRuntime与MonsterObject真实生成链,B,共享地图与跨人物实例失败关闭且先验证全部坐标再生成,无新增客户端依赖,怪物定义地图格与副本所有权,376,376,LingFengPlayerCommandTests.翎风个人副本按人物隔离刷怪并在空图和总时限到期后安全回收,Manual/Engine/docs/scripting/player-commands.md,地图怪物与脚本运行时,2026-08-17,,游戏引擎反外挂系统/功能操作命令/MOBECTYPEMON.htm,LFM2-2026-08-15-snapshot
