[2026-08-09 08:58:39] 启动：Platform=Unix ClientRoot=/data/user/0/com.lommir.client.monogame.android/files RuntimeRoot=/data/user/0/com.lommir.client.monogame.android/files/Cache/Mobile/Runtime
[2026-08-09 08:58:41] FairyGUI: SafeArea(Overlay) px=0,0,1334,750 scaleFactor=1 -> ui=0,0,1334,750
[2026-08-09 08:58:41] FairyGUI: Stage 初始化完成（移动端 UI 接入 POC）
[2026-08-09 08:58:41] FairyGUI: 预登录更新阶段等待默认 FGUI 包资源同步，fui-retro=declared (hydrated=0/30, staged=0)，缺少探针=BaseRes_fui.bytes, UIRes_fui.bytes, Font_fui.bytes 等
[2026-08-09 08:58:41] FairyGUI: SafeArea(Overlay) px=0,0,1520,855 scaleFactor=1 -> ui=0,0,1520,855
[2026-08-09 08:58:47] FairyGUI: 预登录更新阶段等待默认 FGUI 包资源同步，fui-retro=declared (hydrated=0/30, staged=0)，缺少探针=BaseRes_fui.bytes, UIRes_fui.bytes, Font_fui.bytes 等
[2026-08-09 08:58:48] FairyGUI: publish 包加载完成（复古）
[2026-08-09 08:58:48] FairyGUI: 已导出包组件清单到 /data/user/0/com.lommir.client.monogame.android/files/Cache/Mobile/Runtime/FairyGui-PackageComponentList.txt
[2026-08-09 08:58:48] FairyGUI: MobileMainHud 后台预取启动，Pkg=UIRes Atlases=11
[2026-08-09 08:58:48] FairyGUI: MobileMainHud 后台字节预取 1/11 file=UIRes_atlas0
[2026-08-09 08:58:48] FairyGUI: MobileMainHud 后台字节预取 2/11 file=UIRes_atlas0_1
[2026-08-09 08:58:48] FairyGUI: MobileMainHud 后台字节预取 3/11 file=UIRes_atlas0_2
[2026-08-09 08:58:48] FairyGUI: MobileMainHud 后台字节预取 4/11 file=UIRes_atlas0_3
[2026-08-09 08:58:48] FairyGUI: MobileMainHud 后台字节预取 5/11 file=UIRes_atlas0_4
[2026-08-09 08:58:48] FairyGUI: MobileMainHud 后台字节预取 6/11 file=UIRes_atlas0_5
[2026-08-09 08:58:48] FairyGUI: MobileMainHud 后台字节预取 7/11 file=UIRes_atlas0_6
[2026-08-09 08:58:48] FairyGUI: MobileMainHud 后台字节预取 8/11 file=UIRes_atlas0_7
[2026-08-09 08:58:48] FairyGUI: MobileMainHud 后台字节预取 9/11 file=UIRes_atlas0_8
[2026-08-09 08:58:48] FairyGUI: MobileMainHud 后台字节预取 10/11 file=UIRes_atlas0_9
[2026-08-09 08:58:48] FairyGUI: MobileMainHud 后台字节预取 11/11 file=UIRes_atlas0_10
[2026-08-09 08:58:48] FairyGUI: MobileMainHud 后台字节预取完成，Pkg=UIRes Atlases=11 TotalMs=0
[2026-08-09 08:58:49] FairyGUI: MobileMainHud 贴图预热 1/11 file=UIRes_atlas0 Ms=1231
[2026-08-09 08:58:49] FairyGUI: DoubleDJoystick 动效绑定等待主界面创建（稍后自动重试）。
[2026-08-09 08:58:52] FairyGUI: MobileMainHud 贴图预热 2/11 file=UIRes_atlas0_1 Ms=2222
[2026-08-09 08:58:53] FairyGUI: DoubleDJoystick 动效绑定等待主界面创建（稍后自动重试）。
[2026-08-09 08:58:53] ClientVersionHash=aab3d05182c67c2f8bf22eef1016dd8f Source=/system/bin/app_process64
[2026-08-09 08:58:55] FairyGUI: MobileMainHud 贴图预热 3/11 file=UIRes_atlas0_2 Ms=2142
[2026-08-09 08:58:55] 握手通过：ClientVersion=OK，已进入登录界面。
[2026-08-09 08:58:57] FairyGUI: MobileMainHud 贴图预热 4/11 file=UIRes_atlas0_3 Ms=1945
[2026-08-09 08:58:57] FairyGUI: DoubleDJoystick 动效绑定等待主界面创建（稍后自动重试）。
[2026-08-09 08:58:59] FairyGUI: MobileMainHud 贴图预热 5/11 file=UIRes_atlas0_4 Ms=1334
[2026-08-09 08:59:00] FairyGUI: MobileMainHud 贴图预热 6/11 file=UIRes_atlas0_5 Ms=1584
[2026-08-09 08:59:00] FairyGUI: DoubleDJoystick 动效绑定等待主界面创建（稍后自动重试）。
[2026-08-09 08:59:02] FairyGUI: MobileMainHud 贴图预热 7/11 file=UIRes_atlas0_6 Ms=1320
[2026-08-09 08:59:03] FairyGUI: MobileMainHud 贴图预热 8/11 file=UIRes_atlas0_7 Ms=1397
[2026-08-09 08:59:05] FairyGUI: MobileMainHud 贴图预热 9/11 file=UIRes_atlas0_8 Ms=1632
[2026-08-09 08:59:05] FairyGUI: DoubleDJoystick 动效绑定等待主界面创建（稍后自动重试）。
[2026-08-09 08:59:06] FairyGUI: MobileMainHud 贴图预热 10/11 file=UIRes_atlas0_9 Ms=1328
[2026-08-09 08:59:07] FairyGUI: MobileMainHud 贴图预热 11/11 file=UIRes_atlas0_10 Ms=847
[2026-08-09 08:59:07] FairyGUI: MobileMainHud 贴图预热完成，Pkg=UIRes Atlases=11 TotalMs=17926
[2026-08-09 08:59:08] FairyGUI: DoubleDJoystick 动效绑定等待主界面创建（稍后自动重试）。
[2026-08-09 08:59:11] FairyGUI: DoubleDJoystick 动效绑定等待主界面创建（稍后自动重试）。
[2026-08-09 08:59:14] FairyGUI: DoubleDJoystick 动效绑定等待主界面创建（稍后自动重试）。
[2026-08-09 08:59:17] FairyGUI: DoubleDJoystick 动效绑定等待主界面创建（稍后自动重试）。
[2026-08-09 08:59:20] FairyGUI: DoubleDJoystick 动效绑定等待主界面创建（稍后自动重试）。
[2026-08-09 08:59:23] FairyGUI: DoubleDJoystick 动效绑定等待主界面创建（稍后自动重试）。
[2026-08-09 08:59:26] FairyGUI: DoubleDJoystick 动效绑定等待主界面创建（稍后自动重试）。
[2026-08-09 08:59:29] FairyGUI: DoubleDJoystick 动效绑定等待主界面创建（稍后自动重试）。
[2026-08-09 08:59:32] FairyGUI: DoubleDJoystick 动效绑定等待主界面创建（稍后自动重试）。
[2026-08-09 08:59:35] FairyGUI: DoubleDJoystick 动效绑定等待主界面创建（稍后自动重试）。
[2026-08-09 08:59:38] FairyGUI: DoubleDJoystick 动效绑定等待主界面创建（稍后自动重试）。
[2026-08-09 08:59:42] FairyGUI: DoubleDJoystick 动效绑定等待主界面创建（稍后自动重试）。
[2026-08-09 08:59:45] FairyGUI: DoubleDJoystick 动效绑定等待主界面创建（稍后自动重试）。
[2026-08-09 08:59:48] FairyGUI: DoubleDJoystick 动效绑定等待主界面创建（稍后自动重试）。
[2026-08-09 08:59:51] FairyGUI: DoubleDJoystick 动效绑定等待主界面创建（稍后自动重试）。
[2026-08-09 08:59:54] FairyGUI: DoubleDJoystick 动效绑定等待主界面创建（稍后自动重试）。
[2026-08-09 08:59:57] FairyGUI: DoubleDJoystick 动效绑定等待主界面创建（稍后自动重试）。
[2026-08-09 09:00:00] FairyGUI: DoubleDJoystick 动效绑定等待主界面创建（稍后自动重试）。
[2026-08-09 09:00:03] FairyGUI: DoubleDJoystick 动效绑定等待主界面创建（稍后自动重试）。
[2026-08-09 09:00:06] FairyGUI: DoubleDJoystick 动效绑定等待主界面创建（稍后自动重试）。
[2026-08-09 09:00:09] FairyGUI: DoubleDJoystick 动效绑定等待主界面创建（稍后自动重试）。
[2026-08-09 09:00:12] FairyGUI: DoubleDJoystick 动效绑定等待主界面创建（稍后自动重试）。
[2026-08-09 09:00:15] FairyGUI: DoubleDJoystick 动效绑定等待主界面创建（稍后自动重试）。
[2026-08-09 09:00:18] FairyGUI: DoubleDJoystick 动效绑定等待主界面创建（稍后自动重试）。
[2026-08-09 09:00:21] FairyGUI: DoubleDJoystick 动效绑定等待主界面创建（稍后自动重试）。
[2026-08-09 09:00:24] FairyGUI: DoubleDJoystick 动效绑定等待主界面创建（稍后自动重试）。
[2026-08-09 09:00:27] FairyGUI: DoubleDJoystick 动效绑定等待主界面创建（稍后自动重试）。
[2026-08-09 09:00:30] FairyGUI: DoubleDJoystick 动效绑定等待主界面创建（稍后自动重试）。
[2026-08-09 09:00:33] FairyGUI: DoubleDJoystick 动效绑定等待主界面创建（稍后自动重试）。
[2026-08-09 09:00:36] FairyGUI: DoubleDJoystick 动效绑定等待主界面创建（稍后自动重试）。
[2026-08-09 09:00:40] FairyGUI: DoubleDJoystick 动效绑定等待主界面创建（稍后自动重试）。
[2026-08-09 09:00:43] FairyGUI: DoubleDJoystick 动效绑定等待主界面创建（稍后自动重试）。
[2026-08-09 09:00:46] FairyGUI: DoubleDJoystick 动效绑定等待主界面创建（稍后自动重试）。
[2026-08-09 09:00:49] FairyGUI: DoubleDJoystick 动效绑定等待主界面创建（稍后自动重试）。
[2026-08-09 09:00:52] FairyGUI: DoubleDJoystick 动效绑定等待主界面创建（稍后自动重试）。
[2026-08-09 09:00:55] FairyGUI: DoubleDJoystick 动效绑定等待主界面创建（稍后自动重试）。
[2026-08-09 09:00:58] FairyGUI: DoubleDJoystick 动效绑定等待主界面创建（稍后自动重试）。
[2026-08-09 09:01:01] FairyGUI: DoubleDJoystick 动效绑定等待主界面创建（稍后自动重试）。
[2026-08-09 09:01:04] FairyGUI: DoubleDJoystick 动效绑定等待主界面创建（稍后自动重试）。
[2026-08-09 09:01:07] FairyGUI: DoubleDJoystick 动效绑定等待主界面创建（稍后自动重试）。
[2026-08-09 09:01:10] FairyGUI: DoubleDJoystick 动效绑定等待主界面创建（稍后自动重试）。
[2026-08-09 09:01:13] FairyGUI: DoubleDJoystick 动效绑定等待主界面创建（稍后自动重试）。
[2026-08-09 09:01:16] FairyGUI: DoubleDJoystick 动效绑定等待主界面创建（稍后自动重试）。
[2026-08-09 09:01:19] FairyGUI: DoubleDJoystick 动效绑定等待主界面创建（稍后自动重试）。
[2026-08-09 09:01:22] FairyGUI: DoubleDJoystick 动效绑定等待主界面创建（稍后自动重试）。
[2026-08-09 09:01:25] FairyGUI: DoubleDJoystick 动效绑定等待主界面创建（稍后自动重试）。
[2026-08-09 09:01:28] FairyGUI: DoubleDJoystick 动效绑定等待主界面创建（稍后自动重试）。
[2026-08-09 09:01:31] FairyGUI: DoubleDJoystick 动效绑定等待主界面创建（稍后自动重试）。
[2026-08-09 09:01:35] FairyGUI: DoubleDJoystick 动效绑定等待主界面创建（稍后自动重试）。
[2026-08-09 09:01:38] FairyGUI: DoubleDJoystick 动效绑定等待主界面创建（稍后自动重试）。
[2026-08-09 09:01:41] FairyGUI: DoubleDJoystick 动效绑定等待主界面创建（稍后自动重试）。
[2026-08-09 09:01:44] FairyGUI: DoubleDJoystick 动效绑定等待主界面创建（稍后自动重试）。
[2026-08-09 09:01:47] FairyGUI: DoubleDJoystick 动效绑定等待主界面创建（稍后自动重试）。
[2026-08-09 09:01:50] FairyGUI: DoubleDJoystick 动效绑定等待主界面创建（稍后自动重试）。
[2026-08-09 09:01:53] FairyGUI: DoubleDJoystick 动效绑定等待主界面创建（稍后自动重试）。
[2026-08-09 09:01:56] FairyGUI: DoubleDJoystick 动效绑定等待主界面创建（稍后自动重试）。
[2026-08-09 09:01:59] FairyGUI: DoubleDJoystick 动效绑定等待主界面创建（稍后自动重试）。
[2026-08-09 09:02:02] FairyGUI: DoubleDJoystick 动效绑定等待主界面创建（稍后自动重试）。
[2026-08-09 09:02:05] FairyGUI: DoubleDJoystick 动效绑定等待主界面创建（稍后自动重试）。
[2026-08-09 09:02:08] FairyGUI: DoubleDJoystick 动效绑定等待主界面创建（稍后自动重试）。
[2026-08-09 09:02:11] FairyGUI: DoubleDJoystick 动效绑定等待主界面创建（稍后自动重试）。
[2026-08-09 09:02:14] FairyGUI: DoubleDJoystick 动效绑定等待主界面创建（稍后自动重试）。
[2026-08-09 09:02:17] FairyGUI: DoubleDJoystick 动效绑定等待主界面创建（稍后自动重试）。
[2026-08-09 09:02:20] FairyGUI: DoubleDJoystick 动效绑定等待主界面创建（稍后自动重试）。
[2026-08-09 09:02:23] FairyGUI: DoubleDJoystick 动效绑定等待主界面创建（稍后自动重试）。
[2026-08-09 09:02:26] FairyGUI: DoubleDJoystick 动效绑定等待主界面创建（稍后自动重试）。
[2026-08-09 09:02:29] FairyGUI: DoubleDJoystick 动效绑定等待主界面创建（稍后自动重试）。
[2026-08-09 09:02:32] FairyGUI: DoubleDJoystick 动效绑定等待主界面创建（稍后自动重试）。
[2026-08-09 09:02:36] FairyGUI: DoubleDJoystick 动效绑定等待主界面创建（稍后自动重试）。
[2026-08-09 09:02:39] FairyGUI: DoubleDJoystick 动效绑定等待主界面创建（稍后自动重试）。
[2026-08-09 09:02:42] FairyGUI: DoubleDJoystick 动效绑定等待主界面创建（稍后自动重试）。
[2026-08-09 09:02:45] FairyGUI: DoubleDJoystick 动效绑定等待主界面创建（稍后自动重试）。
[2026-08-09 09:02:48] FairyGUI: DoubleDJoystick 动效绑定等待主界面创建（稍后自动重试）。
[2026-08-09 09:02:51] FairyGUI: DoubleDJoystick 动效绑定等待主界面创建（稍后自动重试）。
[2026-08-09 09:02:54] FairyGUI: DoubleDJoystick 动效绑定等待主界面创建（稍后自动重试）。
[2026-08-09 09:02:57] FairyGUI: DoubleDJoystick 动效绑定等待主界面创建（稍后自动重试）。
[2026-08-09 09:03:00] FairyGUI: DoubleDJoystick 动效绑定等待主界面创建（稍后自动重试）。
[2026-08-09 09:03:03] FairyGUI: DoubleDJoystick 动效绑定等待主界面创建（稍后自动重试）。
[2026-08-09 09:03:06] FairyGUI: DoubleDJoystick 动效绑定等待主界面创建（稍后自动重试）。
[2026-08-09 09:03:09] FairyGUI: DoubleDJoystick 动效绑定等待主界面创建（稍后自动重试）。
[2026-08-09 09:03:12] FairyGUI: DoubleDJoystick 动效绑定等待主界面创建（稍后自动重试）。
[2026-08-09 09:03:15] FairyGUI: DoubleDJoystick 动效绑定等待主界面创建（稍后自动重试）。
[2026-08-09 09:03:18] FairyGUI: DoubleDJoystick 动效绑定等待主界面创建（稍后自动重试）。
[2026-08-09 09:03:21] FairyGUI: DoubleDJoystick 动效绑定等待主界面创建（稍后自动重试）。
[2026-08-09 09:03:24] FairyGUI: DoubleDJoystick 动效绑定等待主界面创建（稍后自动重试）。
[2026-08-09 09:03:27] FairyGUI: DoubleDJoystick 动效绑定等待主界面创建（稍后自动重试）。
[2026-08-09 09:03:30] FairyGUI: DoubleDJoystick 动效绑定等待主界面创建（稍后自动重试）。
[2026-08-09 09:03:34] FairyGUI: DoubleDJoystick 动效绑定等待主界面创建（稍后自动重试）。
[2026-08-09 09:03:37] FairyGUI: DoubleDJoystick 动效绑定等待主界面创建（稍后自动重试）。
[2026-08-09 09:03:40] FairyGUI: DoubleDJoystick 动效绑定等待主界面创建（稍后自动重试）。
[2026-08-09 09:03:43] FairyGUI: DoubleDJoystick 动效绑定等待主界面创建（稍后自动重试）。
[2026-08-09 09:03:46] FairyGUI: DoubleDJoystick 动效绑定等待主界面创建（稍后自动重试）。
[2026-08-09 09:03:49] FairyGUI: DoubleDJoystick 动效绑定等待主界面创建（稍后自动重试）。
[2026-08-09 09:03:52] FairyGUI: DoubleDJoystick 动效绑定等待主界面创建（稍后自动重试）。
[2026-08-09 09:03:55] FairyGUI: DoubleDJoystick 动效绑定等待主界面创建（稍后自动重试）。
[2026-08-09 09:03:58] FairyGUI: DoubleDJoystick 动效绑定等待主界面创建（稍后自动重试）。
[2026-08-09 09:04:01] FairyGUI: DoubleDJoystick 动效绑定等待主界面创建（稍后自动重试）。
[2026-08-09 09:04:04] FairyGUI: DoubleDJoystick 动效绑定等待主界面创建（稍后自动重试）。
[2026-08-09 09:04:07] FairyGUI: DoubleDJoystick 动效绑定等待主界面创建（稍后自动重试）。
[2026-08-09 09:04:10] FairyGUI: DoubleDJoystick 动效绑定等待主界面创建（稍后自动重试）。
[2026-08-09 09:04:13] FairyGUI: DoubleDJoystick 动效绑定等待主界面创建（稍后自动重试）。
[2026-08-09 09:04:16] FairyGUI: DoubleDJoystick 动效绑定等待主界面创建（稍后自动重试）。
[2026-08-09 09:04:19] FairyGUI: DoubleDJoystick 动效绑定等待主界面创建（稍后自动重试）。
[2026-08-09 09:04:22] FairyGUI: DoubleDJoystick 动效绑定等待主界面创建（稍后自动重试）。
[2026-08-09 09:04:25] FairyGUI: DoubleDJoystick 动效绑定等待主界面创建（稍后自动重试）。
[2026-08-09 09:04:28] FairyGUI: DoubleDJoystick 动效绑定等待主界面创建（稍后自动重试）。
[2026-08-09 09:04:31] FairyGUI: DoubleDJoystick 动效绑定等待主界面创建（稍后自动重试）。
[2026-08-09 09:04:34] FairyGUI: DoubleDJoystick 动效绑定等待主界面创建（稍后自动重试）。
[2026-08-09 09:04:37] FairyGUI: DoubleDJoystick 动效绑定等待主界面创建（稍后自动重试）。
[2026-08-09 09:04:41] FairyGUI: DoubleDJoystick 动效绑定等待主界面创建（稍后自动重试）。
[2026-08-09 09:04:44] FairyGUI: DoubleDJoystick 动效绑定等待主界面创建（稍后自动重试）。
[2026-08-09 09:04:47] FairyGUI: DoubleDJoystick 动效绑定等待主界面创建（稍后自动重试）。
[2026-08-09 09:04:50] FairyGUI: DoubleDJoystick 动效绑定等待主界面创建（稍后自动重试）。
[2026-08-09 09:04:53] FairyGUI: DoubleDJoystick 动效绑定等待主界面创建（稍后自动重试）。
[2026-08-09 09:04:56] FairyGUI: DoubleDJoystick 动效绑定等待主界面创建（稍后自动重试）。
[2026-08-09 09:04:59] FairyGUI: DoubleDJoystick 动效绑定等待主界面创建（稍后自动重试）。
[2026-08-09 09:05:02] FairyGUI: DoubleDJoystick 动效绑定等待主界面创建（稍后自动重试）。
[2026-08-09 09:05:05] FairyGUI: DoubleDJoystick 动效绑定等待主界面创建（稍后自动重试）。
[2026-08-09 09:05:08] FairyGUI: DoubleDJoystick 动效绑定等待主界面创建（稍后自动重试）。
[2026-08-09 09:05:11] FairyGUI: DoubleDJoystick 动效绑定等待主界面创建（稍后自动重试）。
[2026-08-09 09:05:14] FairyGUI: DoubleDJoystick 动效绑定等待主界面创建（稍后自动重试）。
[2026-08-09 09:05:17] FairyGUI: DoubleDJoystick 动效绑定等待主界面创建（稍后自动重试）。
[2026-08-09 09:05:20] FairyGUI: DoubleDJoystick 动效绑定等待主界面创建（稍后自动重试）。
[2026-08-09 09:05:23] FairyGUI: DoubleDJoystick 动效绑定等待主界面创建（稍后自动重试）。
[2026-08-09 09:05:26] FairyGUI: DoubleDJoystick 动效绑定等待主界面创建（稍后自动重试）。
[2026-08-09 09:05:29] FairyGUI: DoubleDJoystick 动效绑定等待主界面创建（稍后自动重试）。
[2026-08-09 09:05:32] FairyGUI: DoubleDJoystick 动效绑定等待主界面创建（稍后自动重试）。
[2026-08-09 09:05:35] FairyGUI: DoubleDJoystick 动效绑定等待主界面创建（稍后自动重试）。
[2026-08-09 09:05:38] FairyGUI: DoubleDJoystick 动效绑定等待主界面创建（稍后自动重试）。
[2026-08-09 09:05:41] FairyGUI: DoubleDJoystick 动效绑定等待主界面创建（稍后自动重试）。
[2026-08-09 09:05:44] FairyGUI: DoubleDJoystick 动效绑定等待主界面创建（稍后自动重试）。
[2026-08-09 09:05:47] FairyGUI: DoubleDJoystick 动效绑定等待主界面创建（稍后自动重试）。
[2026-08-09 09:05:51] FairyGUI: DoubleDJoystick 动效绑定等待主界面创建（稍后自动重试）。
[2026-08-09 09:05:54] FairyGUI: DoubleDJoystick 动效绑定等待主界面创建（稍后自动重试）。
[2026-08-09 09:05:57] FairyGUI: DoubleDJoystick 动效绑定等待主界面创建（稍后自动重试）。
[2026-08-09 09:06:00] FairyGUI: DoubleDJoystick 动效绑定等待主界面创建（稍后自动重试）。
[2026-08-09 09:06:03] FairyGUI: DoubleDJoystick 动效绑定等待主界面创建（稍后自动重试）。
[2026-08-09 09:06:06] FairyGUI: DoubleDJoystick 动效绑定等待主界面创建（稍后自动重试）。
[2026-08-09 09:06:09] FairyGUI: DoubleDJoystick 动效绑定等待主界面创建（稍后自动重试）。
[2026-08-09 09:06:12] FairyGUI: DoubleDJoystick 动效绑定等待主界面创建（稍后自动重试）。
[2026-08-09 09:06:15] FairyGUI: DoubleDJoystick 动效绑定等待主界面创建（稍后自动重试）。
[2026-08-09 09:06:18] FairyGUI: DoubleDJoystick 动效绑定等待主界面创建（稍后自动重试）。
[2026-08-09 09:06:21] FairyGUI: DoubleDJoystick 动效绑定等待主界面创建（稍后自动重试）。
[2026-08-09 09:06:24] FairyGUI: DoubleDJoystick 动效绑定等待主界面创建（稍后自动重试）。
[2026-08-09 09:06:27] FairyGUI: DoubleDJoystick 动效绑定等待主界面创建（稍后自动重试）。
[2026-08-09 09:06:30] FairyGUI: DoubleDJoystick 动效绑定等待主界面创建（稍后自动重试）。
[2026-08-09 09:06:33] FairyGUI: DoubleDJoystick 动效绑定等待主界面创建（稍后自动重试）。
[2026-08-09 09:06:36] FairyGUI: DoubleDJoystick 动效绑定等待主界面创建（稍后自动重试）。
[2026-08-09 09:06:39] FairyGUI: DoubleDJoystick 动效绑定等待主界面创建（稍后自动重试）。
[2026-08-09 09:06:42] FairyGUI: DoubleDJoystick 动效绑定等待主界面创建（稍后自动重试）。
[2026-08-09 09:06:45] FairyGUI: DoubleDJoystick 动效绑定等待主界面创建（稍后自动重试）。
[2026-08-09 09:06:48] FairyGUI: DoubleDJoystick 动效绑定等待主界面创建（稍后自动重试）。
[2026-08-09 09:06:52] FairyGUI: DoubleDJoystick 动效绑定等待主界面创建（稍后自动重试）。
[2026-08-09 09:06:55] FairyGUI: DoubleDJoystick 动效绑定等待主界面创建（稍后自动重试）。
[2026-08-09 09:06:58] FairyGUI: DoubleDJoystick 动效绑定等待主界面创建（稍后自动重试）。
[2026-08-09 09:07:01] FairyGUI: DoubleDJoystick 动效绑定等待主界面创建（稍后自动重试）。
[2026-08-09 09:07:04] FairyGUI: DoubleDJoystick 动效绑定等待主界面创建（稍后自动重试）。
[2026-08-09 09:07:07] FairyGUI: DoubleDJoystick 动效绑定等待主界面创建（稍后自动重试）。
[2026-08-09 09:07:10] FairyGUI: DoubleDJoystick 动效绑定等待主界面创建（稍后自动重试）。
[2026-08-09 09:07:13] FairyGUI: DoubleDJoystick 动效绑定等待主界面创建（稍后自动重试）。
[2026-08-09 09:07:16] FairyGUI: DoubleDJoystick 动效绑定等待主界面创建（稍后自动重试）。
[2026-08-09 09:07:19] FairyGUI: DoubleDJoystick 动效绑定等待主界面创建（稍后自动重试）。
[2026-08-09 09:07:22] FairyGUI: DoubleDJoystick 动效绑定等待主界面创建（稍后自动重试）。
[2026-08-09 09:07:25] FairyGUI: DoubleDJoystick 动效绑定等待主界面创建（稍后自动重试）。
[2026-08-09 09:07:28] FairyGUI: DoubleDJoystick 动效绑定等待主界面创建（稍后自动重试）。
[2026-08-09 09:07:31] FairyGUI: DoubleDJoystick 动效绑定等待主界面创建（稍后自动重试）。
[2026-08-09 09:07:34] FairyGUI: DoubleDJoystick 动效绑定等待主界面创建（稍后自动重试）。
[2026-08-09 09:07:37] FairyGUI: DoubleDJoystick 动效绑定等待主界面创建（稍后自动重试）。
[2026-08-09 09:07:40] FairyGUI: DoubleDJoystick 动效绑定等待主界面创建（稍后自动重试）。
[2026-08-09 09:07:43] FairyGUI: DoubleDJoystick 动效绑定等待主界面创建（稍后自动重试）。
[2026-08-09 09:07:46] FairyGUI: DoubleDJoystick 动效绑定等待主界面创建（稍后自动重试）。
[2026-08-09 09:07:49] FairyGUI: DoubleDJoystick 动效绑定等待主界面创建（稍后自动重试）。
[2026-08-09 09:07:53] FairyGUI: DoubleDJoystick 动效绑定等待主界面创建（稍后自动重试）。
[2026-08-09 09:07:58] 启动：Platform=Unix ClientRoot=/data/user/0/com.lommir.client.monogame.android/files RuntimeRoot=/data/user/0/com.lommir.client.monogame.android/files/Cache/Mobile/Runtime
[2026-08-09 09:08:00] FairyGUI: SafeArea(Overlay) px=0,0,1334,750 scaleFactor=1 -> ui=0,0,1334,750
[2026-08-09 09:08:00] FairyGUI: Stage 初始化完成（移动端 UI 接入 POC）
[2026-08-09 09:08:00] FairyGUI: publish 包加载完成（复古）
[2026-08-09 09:08:00] FairyGUI: 已导出包组件清单到 /data/user/0/com.lommir.client.monogame.android/files/Cache/Mobile/Runtime/FairyGui-PackageComponentList.txt
[2026-08-09 09:08:00] FairyGUI: SafeArea(Overlay) px=0,0,1520,855 scaleFactor=1 -> ui=0,0,1520,855
[2026-08-09 09:08:00] FairyGUI: DoubleDJoystick 动效绑定等待主界面创建（稍后自动重试）。
[2026-08-09 09:08:00] FairyGUI: MobileMainHud 后台预取启动，Pkg=UIRes Atlases=11
[2026-08-09 09:08:00] FairyGUI: MobileMainHud 后台字节预取 1/11 file=UIRes_atlas0
[2026-08-09 09:08:00] FairyGUI: MobileMainHud 后台字节预取 2/11 file=UIRes_atlas0_1
[2026-08-09 09:08:00] FairyGUI: MobileMainHud 后台字节预取 3/11 file=UIRes_atlas0_2
[2026-08-09 09:08:00] FairyGUI: MobileMainHud 后台字节预取 4/11 file=UIRes_atlas0_3
[2026-08-09 09:08:00] FairyGUI: MobileMainHud 后台字节预取 5/11 file=UIRes_atlas0_4
[2026-08-09 09:08:00] FairyGUI: MobileMainHud 后台字节预取 6/11 file=UIRes_atlas0_5
[2026-08-09 09:08:00] FairyGUI: MobileMainHud 后台字节预取 7/11 file=UIRes_atlas0_6
[2026-08-09 09:08:00] FairyGUI: MobileMainHud 后台字节预取 8/11 file=UIRes_atlas0_7
[2026-08-09 09:08:00] FairyGUI: MobileMainHud 后台字节预取 9/11 file=UIRes_atlas0_8
[2026-08-09 09:08:00] FairyGUI: MobileMainHud 后台字节预取 10/11 file=UIRes_atlas0_9
[2026-08-09 09:08:00] FairyGUI: MobileMainHud 后台字节预取 11/11 file=UIRes_atlas0_10
[2026-08-09 09:08:00] FairyGUI: MobileMainHud 后台字节预取完成，Pkg=UIRes Atlases=11 TotalMs=0
[2026-08-09 09:08:01] FairyGUI: MobileMainHud 贴图预热 1/11 file=UIRes_atlas0 Ms=1216
[2026-08-09 09:08:04] FairyGUI: MobileMainHud 贴图预热 2/11 file=UIRes_atlas0_1 Ms=2185
[2026-08-09 09:08:05] FairyGUI: DoubleDJoystick 动效绑定等待主界面创建（稍后自动重试）。
[2026-08-09 09:08:05] ClientVersionHash=aab3d05182c67c2f8bf22eef1016dd8f Source=/system/bin/app_process64
[2026-08-09 09:08:07] FairyGUI: MobileMainHud 贴图预热 3/11 file=UIRes_atlas0_2 Ms=1841
[2026-08-09 09:08:07] 握手通过：ClientVersion=OK，已进入登录界面。
[2026-08-09 09:08:09] FairyGUI: MobileMainHud 贴图预热 4/11 file=UIRes_atlas0_3 Ms=1992
[2026-08-09 09:08:09] FairyGUI: DoubleDJoystick 动效绑定等待主界面创建（稍后自动重试）。
[2026-08-09 09:08:10] FairyGUI: MobileMainHud 贴图预热 5/11 file=UIRes_atlas0_4 Ms=1345
[2026-08-09 09:08:12] FairyGUI: MobileMainHud 贴图预热 6/11 file=UIRes_atlas0_5 Ms=1712
[2026-08-09 09:08:12] FairyGUI: DoubleDJoystick 动效绑定等待主界面创建（稍后自动重试）。
[2026-08-09 09:08:13] FairyGUI: MobileMainHud 贴图预热 7/11 file=UIRes_atlas0_6 Ms=1357
[2026-08-09 09:08:15] FairyGUI: MobileMainHud 贴图预热 8/11 file=UIRes_atlas0_7 Ms=1418
[2026-08-09 09:08:17] FairyGUI: MobileMainHud 贴图预热 9/11 file=UIRes_atlas0_8 Ms=1697
[2026-08-09 09:08:17] FairyGUI: DoubleDJoystick 动效绑定等待主界面创建（稍后自动重试）。
[2026-08-09 09:08:18] FairyGUI: MobileMainHud 贴图预热 10/11 file=UIRes_atlas0_9 Ms=1298
[2026-08-09 09:08:25] 启动：Platform=Unix ClientRoot=/data/user/0/com.lommir.client.monogame.android/files RuntimeRoot=/data/user/0/com.lommir.client.monogame.android/files/Cache/Mobile/Runtime
[2026-08-09 09:08:26] FairyGUI: SafeArea(Overlay) px=0,0,1334,750 scaleFactor=1 -> ui=0,0,1334,750
[2026-08-09 09:08:26] FairyGUI: Stage 初始化完成（移动端 UI 接入 POC）
[2026-08-09 09:08:26] FairyGUI: publish 包加载完成（复古）
[2026-08-09 09:08:26] FairyGUI: 已导出包组件清单到 /data/user/0/com.lommir.client.monogame.android/files/Cache/Mobile/Runtime/FairyGui-PackageComponentList.txt
[2026-08-09 09:08:26] FairyGUI: SafeArea(Overlay) px=0,0,1520,855 scaleFactor=1 -> ui=0,0,1520,855
[2026-08-09 09:08:26] FairyGUI: DoubleDJoystick 动效绑定等待主界面创建（稍后自动重试）。
[2026-08-09 09:08:26] FairyGUI: MobileMainHud 后台预取启动，Pkg=UIRes Atlases=11
[2026-08-09 09:08:26] FairyGUI: MobileMainHud 后台字节预取 1/11 file=UIRes_atlas0
[2026-08-09 09:08:26] FairyGUI: MobileMainHud 后台字节预取 2/11 file=UIRes_atlas0_1
[2026-08-09 09:08:26] FairyGUI: MobileMainHud 后台字节预取 3/11 file=UIRes_atlas0_2
[2026-08-09 09:08:27] FairyGUI: MobileMainHud 后台字节预取 4/11 file=UIRes_atlas0_3
[2026-08-09 09:08:27] FairyGUI: MobileMainHud 后台字节预取 5/11 file=UIRes_atlas0_4
[2026-08-09 09:08:27] FairyGUI: MobileMainHud 后台字节预取 6/11 file=UIRes_atlas0_5
[2026-08-09 09:08:27] FairyGUI: MobileMainHud 后台字节预取 7/11 file=UIRes_atlas0_6
[2026-08-09 09:08:27] FairyGUI: MobileMainHud 后台字节预取 8/11 file=UIRes_atlas0_7
[2026-08-09 09:08:27] FairyGUI: MobileMainHud 后台字节预取 9/11 file=UIRes_atlas0_8
[2026-08-09 09:08:27] FairyGUI: MobileMainHud 后台字节预取 10/11 file=UIRes_atlas0_9
[2026-08-09 09:08:27] FairyGUI: MobileMainHud 后台字节预取 11/11 file=UIRes_atlas0_10
[2026-08-09 09:08:27] FairyGUI: MobileMainHud 后台字节预取完成，Pkg=UIRes Atlases=11 TotalMs=0
[2026-08-09 09:08:28] FairyGUI: MobileMainHud 贴图预热 1/11 file=UIRes_atlas0 Ms=1143
[2026-08-09 09:08:30] FairyGUI: MobileMainHud 贴图预热 2/11 file=UIRes_atlas0_1 Ms=2249
[2026-08-09 09:08:31] FairyGUI: DoubleDJoystick 动效绑定等待主界面创建（稍后自动重试）。
[2026-08-09 09:08:31] ClientVersionHash=aab3d05182c67c2f8bf22eef1016dd8f Source=/system/bin/app_process64
[2026-08-09 09:08:33] FairyGUI: MobileMainHud 贴图预热 3/11 file=UIRes_atlas0_2 Ms=1773
[2026-08-09 09:08:33] 握手通过：ClientVersion=OK，已进入登录界面。
[2026-08-09 09:08:33] SmokeTest 自动注册发起：Account=codexp10809（PasswordLen=9）。
[2026-08-09 09:08:35] FairyGUI: MobileMainHud 贴图预热 4/11 file=UIRes_atlas0_3 Ms=1855
[2026-08-09 09:08:35] FairyGUI: DoubleDJoystick 动效绑定等待主界面创建（稍后自动重试）。
[2026-08-09 09:08:35] SmokeTest 自动注册返回：Result=8（0=禁用/限流 1=账号格式 2=密码格式 7=已存在 8=成功）。
[2026-08-09 09:08:35] SmokeTest 自动登录发起：Account=codexp10809（PasswordLen=9）。
[2026-08-09 09:08:36] FairyGUI: MobileMainHud 贴图预热 5/11 file=UIRes_atlas0_4 Ms=1275
[2026-08-09 09:08:36] 登录成功：Characters=0，准备进入选角。
[2026-08-09 09:08:38] FairyGUI: MobileMainHud 贴图预热 6/11 file=UIRes_atlas0_5 Ms=1582
[2026-08-09 09:08:39] FairyGUI: MobileMainHud 贴图预热 7/11 file=UIRes_atlas0_6 Ms=1434
[2026-08-09 09:08:39] FairyGUI: DoubleDJoystick 动效绑定等待主界面创建（稍后自动重试）。
[2026-08-09 09:08:41] FairyGUI: MobileMainHud 贴图预热 8/11 file=UIRes_atlas0_7 Ms=1432
[2026-08-09 09:08:43] FairyGUI: MobileMainHud 贴图预热 9/11 file=UIRes_atlas0_8 Ms=1799
[2026-08-09 09:08:43] FairyGUI: DoubleDJoystick 动效绑定等待主界面创建（稍后自动重试）。
[2026-08-09 09:08:44] FairyGUI: MobileMainHud 贴图预热 10/11 file=UIRes_atlas0_9 Ms=1297
[2026-08-09 09:08:45] FairyGUI: MobileMainHud 贴图预热 11/11 file=UIRes_atlas0_10 Ms=866
[2026-08-09 09:08:45] FairyGUI: MobileMainHud 贴图预热完成，Pkg=UIRes Atlases=11 TotalMs=17745
[2026-08-09 09:08:46] FairyGUI: DoubleDJoystick 动效绑定等待主界面创建（稍后自动重试）。
[2026-08-09 09:08:46] 进入选角界面：Characters=0
[2026-08-09 09:08:46] SmokeTest 自动建角：发送 NewCharacter（Name=P1Hero809）。
[2026-08-09 09:08:46] SmokeTest 建角成功：Name=P1Hero809 Index=11。
[2026-08-09 09:08:46] SmokeTest 自动进图：发送 StartGame（SelectedIndex=0, CharacterIndex=11）。
[2026-08-09 09:08:47] 进入地图：StartGame=OK，创建 GameScene。
[2026-08-09 09:08:47] 进入地图：准备 new GameScene（v20260328-asynclog）。
[2026-08-09 09:08:47] 进入地图：GameScene 构造开始（v20260328-asynclog）。
[2026-08-09 09:08:47] 进入地图：GameScene 已创建。
[2026-08-09 09:08:47] 进入地图：开始初始化移动端 Overlay（FairyGUI 主界面）。
[2026-08-09 09:08:47] FairyGUI: 开始创建主界面（UI/主界面_MainUI）
[2026-08-09 09:08:47] FairyGUI: CreateObject 前置：Stopwatch 已启动。
[2026-08-09 09:08:47] FairyGUI: CreateObject 前置：TraceDepth 已递增到 1。
[2026-08-09 09:08:47] FairyGUI: 即将调用 UIPackage.CreateObject（UI/主界面_MainUI）。
[2026-08-09 09:08:47] FairyGUI: [CreateObject] static 入口 pkgName=UI resName=主界面_MainUI
[2026-08-09 09:08:47] FairyGUI: [CreateObject] static GetByName 开始 pkgName=UI
[2026-08-09 09:08:47] FairyGUI: [GetByName] TryGetValue 开始 name=UI
[2026-08-09 09:08:47] FairyGUI: [GetByName] TryGetValue 命中（0ms） name=UI
[2026-08-09 09:08:47] FairyGUI: [CreateObject] static GetByName 返回（0ms） pkg=UI
[2026-08-09 09:08:47] FairyGUI: [CreateObject] static pkg.CreateObject 开始 pkg=UI resName=主界面_MainUI
[2026-08-09 09:08:47] FairyGUI: [CreateObject] pkg.CreateObject(string) 入口 pkg=UI resName=主界面_MainUI itemsByName=65
[2026-08-09 09:08:47] FairyGUI: [CreateObject] pkg._itemsByName.TryGetValue 开始 pkg=UI resName=主界面_MainUI
[2026-08-09 09:08:47] FairyGUI: [CreateObject] pkg._itemsByName.TryGetValue 命中（0ms） pkg=UI resName=主界面_MainUI itemType=Component
[2026-08-09 09:08:47] FairyGUI: [CreateObject] 开始 pkg=UI item=主界面_MainUI type=Component
[2026-08-09 09:08:47] FairyGUI: [CreateObject] GetItemAsset 完成（0ms） pkg=UI item=主界面_MainUI file=
[2026-08-09 09:08:47] FairyGUI: [CreateObject] ConstructFromResource 开始 obj=GComponent pkg=UI item=主界面_MainUI
[2026-08-09 09:08:47] FairyGUI: [LoadSound] 开始 pkg=Sounds file=Sounds_3272i
[2026-08-09 09:08:47] FairyGUI: [LoadSound] OpenSoundStream 开始 file=Sounds_3272i
[2026-08-09 09:08:47] FairyGUI: [LoadSound] OpenSoundStream 完成（0ms） file=Sounds_3272i
[2026-08-09 09:08:47] FairyGUI: [LoadSound] Decode 开始 file=Sounds_3272i
[2026-08-09 09:08:47] FairyGUI: [LoadSound] Decode 完成（0ms） file=Sounds_3272i
[2026-08-09 09:08:47] FairyGUI: [LoadSound] 完成（0ms） pkg=Sounds file=Sounds_3272i
[2026-08-09 09:08:47] FairyGUI: [CreateObject] 开始 pkg=UIRes item=BottomAuPickupBtn type=Component
[2026-08-09 09:08:47] FairyGUI: [CreateObject] GetItemAsset 完成（0ms） pkg=UIRes item=BottomAuPickupBtn file=
[2026-08-09 09:08:47] FairyGUI: [CreateObject] ConstructFromResource 开始 obj=GButton pkg=UIRes item=BottomAuPickupBtn
[2026-08-09 09:08:47] FairyGUI: [CreateObject] ConstructFromResource 完成（0ms） obj=GButton pkg=UIRes item=BottomAuPickupBtn
[2026-08-09 09:08:47] FairyGUI: [CreateObject] 开始 pkg=UIRes item=RightUIProWin type=Component
[2026-08-09 09:08:47] FairyGUI: [CreateObject] GetItemAsset 完成（0ms） pkg=UIRes item=RightUIProWin file=
[2026-08-09 09:08:47] FairyGUI: [CreateObject] ConstructFromResource 开始 obj=GComponent pkg=UIRes item=RightUIProWin
[2026-08-09 09:08:47] FairyGUI: [CreateObject] ConstructFromResource 完成（1ms） obj=GComponent pkg=UIRes item=RightUIProWin
[2026-08-09 09:08:47] FairyGUI: [CreateObject] 开始 pkg=UIRes item=ComPetWin type=Component
[2026-08-09 09:08:47] FairyGUI: [CreateObject] GetItemAsset 完成（0ms） pkg=UIRes item=ComPetWin file=
[2026-08-09 09:08:47] FairyGUI: [CreateObject] ConstructFromResource 开始 obj=GComponent pkg=UIRes item=ComPetWin
[2026-08-09 09:08:47] FairyGUI: [CreateObject] ConstructFromResource 完成（0ms） obj=GComponent pkg=UIRes item=ComPetWin
[2026-08-09 09:08:47] FairyGUI: [CreateObject] 开始 pkg=UIRes item=DBtnAuto type=Component
[2026-08-09 09:08:47] FairyGUI: [CreateObject] GetItemAsset 完成（0ms） pkg=UIRes item=DBtnAuto file=
[2026-08-09 09:08:47] FairyGUI: [CreateObject] ConstructFromResource 开始 obj=GButton pkg=UIRes item=DBtnAuto
[2026-08-09 09:08:47] FairyGUI: [CreateObject] ConstructFromResource 完成（0ms） obj=GButton pkg=UIRes item=DBtnAuto
[2026-08-09 09:08:47] FairyGUI: [CreateObject] 开始 pkg=UIRes item=RigPetItemBtn1 type=Component
[2026-08-09 09:08:47] FairyGUI: [CreateObject] GetItemAsset 完成（0ms） pkg=UIRes item=RigPetItemBtn1 file=
[2026-08-09 09:08:47] FairyGUI: [CreateObject] ConstructFromResource 开始 obj=GButton pkg=UIRes item=RigPetItemBtn1
[2026-08-09 09:08:47] FairyGUI: [CreateObject] ConstructFromResource 完成（0ms） obj=GButton pkg=UIRes item=RigPetItemBtn1
[2026-08-09 09:08:47] FairyGUI: [CreateObject] 开始 pkg=UIRes item=RigPetItemBtn3 type=Component
[2026-08-09 09:08:47] FairyGUI: [CreateObject] GetItemAsset 完成（0ms） pkg=UIRes item=RigPetItemBtn3 file=
[2026-08-09 09:08:47] FairyGUI: [CreateObject] ConstructFromResource 开始 obj=GButton pkg=UIRes item=RigPetItemBtn3
[2026-08-09 09:08:47] FairyGUI: [CreateObject] ConstructFromResource 完成（0ms） obj=GButton pkg=UIRes item=RigPetItemBtn3
[2026-08-09 09:08:47] FairyGUI: [CreateObject] 开始 pkg=UIRes item=RigPetItemBtn4 type=Component
[2026-08-09 09:08:47] FairyGUI: [CreateObject] GetItemAsset 完成（0ms） pkg=UIRes item=RigPetItemBtn4 file=
[2026-08-09 09:08:47] FairyGUI: [CreateObject] ConstructFromResource 开始 obj=GButton pkg=UIRes item=RigPetItemBtn4
[2026-08-09 09:08:47] FairyGUI: [CreateObject] ConstructFromResource 完成（0ms） obj=GButton pkg=UIRes item=RigPetItemBtn4
[2026-08-09 09:08:47] FairyGUI: [CreateObject] 开始 pkg=UIRes item=bagItem type=Component
[2026-08-09 09:08:47] FairyGUI: [CreateObject] GetItemAsset 完成（0ms） pkg=UIRes item=bagItem file=
[2026-08-09 09:08:47] FairyGUI: [CreateObject] ConstructFromResource 开始 obj=GComponent pkg=UIRes item=bagItem
[2026-08-09 09:08:47] FairyGUI: [CreateObject] ConstructFromResource 完成（0ms） obj=GComponent pkg=UIRes item=bagItem
[2026-08-09 09:08:47] FairyGUI: [CreateObject] 开始 pkg=UIRes item=bagItem type=Component
[2026-08-09 09:08:47] FairyGUI: [CreateObject] GetItemAsset 完成（0ms） pkg=UIRes item=bagItem file=
[2026-08-09 09:08:47] FairyGUI: [CreateObject] ConstructFromResource 开始 obj=GComponent pkg=UIRes item=bagItem
[2026-08-09 09:08:47] FairyGUI: [CreateObject] ConstructFromResource 完成（0ms） obj=GComponent pkg=UIRes item=bagItem
[2026-08-09 09:08:47] FairyGUI: [CreateObject] 开始 pkg=UIRes item=bagItem type=Component
[2026-08-09 09:08:47] FairyGUI: [CreateObject] GetItemAsset 完成（0ms） pkg=UIRes item=bagItem file=
[2026-08-09 09:08:47] FairyGUI: [CreateObject] ConstructFromResource 开始 obj=GComponent pkg=UIRes item=bagItem
[2026-08-09 09:08:47] FairyGUI: [CreateObject] ConstructFromResource 完成（0ms） obj=GComponent pkg=UIRes item=bagItem
[2026-08-09 09:08:47] FairyGUI: [CreateObject] 开始 pkg=UIRes item=bagItem type=Component
[2026-08-09 09:08:47] FairyGUI: [CreateObject] GetItemAsset 完成（0ms） pkg=UIRes item=bagItem file=
[2026-08-09 09:08:47] FairyGUI: [CreateObject] ConstructFromResource 开始 obj=GComponent pkg=UIRes item=bagItem
[2026-08-09 09:08:47] FairyGUI: [CreateObject] ConstructFromResource 完成（0ms） obj=GComponent pkg=UIRes item=bagItem
[2026-08-09 09:08:47] FairyGUI: [CreateObject] 开始 pkg=UIRes item=bagItem type=Component
[2026-08-09 09:08:47] FairyGUI: [CreateObject] GetItemAsset 完成（0ms） pkg=UIRes item=bagItem file=
[2026-08-09 09:08:47] FairyGUI: [CreateObject] ConstructFromResource 开始 obj=GComponent pkg=UIRes item=bagItem
[2026-08-09 09:08:47] FairyGUI: [CreateObject] ConstructFromResource 完成（0ms） obj=GComponent pkg=UIRes item=bagItem
[2026-08-09 09:08:47] FairyGUI: [CreateObject] 开始 pkg=UIRes item=bagItem type=Component
[2026-08-09 09:08:47] FairyGUI: [CreateObject] GetItemAsset 完成（0ms） pkg=UIRes item=bagItem file=
[2026-08-09 09:08:47] FairyGUI: [CreateObject] ConstructFromResource 开始 obj=GComponent pkg=UIRes item=bagItem
[2026-08-09 09:08:47] FairyGUI: [CreateObject] ConstructFromResource 完成（0ms） obj=GComponent pkg=UIRes item=bagItem
[2026-08-09 09:08:47] FairyGUI: [LoadSound] 开始 pkg=Sounds file=Sounds_g2d28
[2026-08-09 09:08:47] FairyGUI: [LoadSound] OpenSoundStream 开始 file=Sounds_g2d28
[2026-08-09 09:08:47] FairyGUI: [LoadSound] OpenSoundStream 完成（0ms） file=Sounds_g2d28
[2026-08-09 09:08:47] FairyGUI: [LoadSound] Decode 开始 file=Sounds_g2d28
[2026-08-09 09:08:47] FairyGUI: [LoadSound] Decode 完成（0ms） file=Sounds_g2d28
[2026-08-09 09:08:47] FairyGUI: [LoadSound] 完成（0ms） pkg=Sounds file=Sounds_g2d28
[2026-08-09 09:08:47] FairyGUI: [CreateObject] 开始 pkg=UIRes item=TargetListItem type=Component
[2026-08-09 09:08:47] FairyGUI: [CreateObject] GetItemAsset 完成（0ms） pkg=UIRes item=TargetListItem file=
[2026-08-09 09:08:47] FairyGUI: [CreateObject] ConstructFromResource 开始 obj=GButton pkg=UIRes item=TargetListItem
[2026-08-09 09:08:47] FairyGUI: [CreateObject] ConstructFromResource 完成（1ms） obj=GButton pkg=UIRes item=TargetListItem
[2026-08-09 09:08:47] FairyGUI: [CreateObject] 开始 pkg=UIRes item=TargetListItem type=Component
[2026-08-09 09:08:47] FairyGUI: [CreateObject] GetItemAsset 完成（0ms） pkg=UIRes item=TargetListItem file=
[2026-08-09 09:08:47] FairyGUI: [CreateObject] ConstructFromResource 开始 obj=GButton pkg=UIRes item=TargetListItem
[2026-08-09 09:08:47] FairyGUI: [CreateObject] ConstructFromResource 完成（1ms） obj=GButton pkg=UIRes item=TargetListItem
[2026-08-09 09:08:47] FairyGUI: [CreateObject] 开始 pkg=UIRes item=TargetListItem type=Component
[2026-08-09 09:08:47] FairyGUI: [CreateObject] GetItemAsset 完成（0ms） pkg=UIRes item=TargetListItem file=
[2026-08-09 09:08:47] FairyGUI: [CreateObject] ConstructFromResource 开始 obj=GButton pkg=UIRes item=TargetListItem
[2026-08-09 09:08:47] FairyGUI: [CreateObject] ConstructFromResource 完成（0ms） obj=GButton pkg=UIRes item=TargetListItem
[2026-08-09 09:08:47] FairyGUI: [CreateObject] 开始 pkg=UIRes item=TargetListItem type=Component
[2026-08-09 09:08:47] FairyGUI: [CreateObject] GetItemAsset 完成（0ms） pkg=UIRes item=TargetListItem file=
[2026-08-09 09:08:47] FairyGUI: [CreateObject] ConstructFromResource 开始 obj=GButton pkg=UIRes item=TargetListItem
[2026-08-09 09:08:47] FairyGUI: [CreateObject] ConstructFromResource 完成（0ms） obj=GButton pkg=UIRes item=TargetListItem
[2026-08-09 09:08:47] FairyGUI: [LoadSound] 开始 pkg=Sounds file=Sounds_w0d00
[2026-08-09 09:08:47] FairyGUI: [LoadSound] OpenSoundStream 开始 file=Sounds_w0d00
[2026-08-09 09:08:47] FairyGUI: [LoadSound] OpenSoundStream 完成（0ms） file=Sounds_w0d00
[2026-08-09 09:08:47] FairyGUI: [LoadSound] Decode 开始 file=Sounds_w0d00
[2026-08-09 09:08:47] FairyGUI: [LoadSound] Decode 完成（0ms） file=Sounds_w0d00
[2026-08-09 09:08:47] FairyGUI: [LoadSound] 完成（1ms） pkg=Sounds file=Sounds_w0d00
[2026-08-09 09:08:47] FairyGUI: [CreateObject] 开始 pkg=UIRes item=bagItem type=Component
[2026-08-09 09:08:47] FairyGUI: [CreateObject] GetItemAsset 完成（0ms） pkg=UIRes item=bagItem file=
[2026-08-09 09:08:47] FairyGUI: [CreateObject] ConstructFromResource 开始 obj=GComponent pkg=UIRes item=bagItem
[2026-08-09 09:08:47] FairyGUI: [CreateObject] ConstructFromResource 完成（1ms） obj=GComponent pkg=UIRes item=bagItem
[2026-08-09 09:08:47] FairyGUI: [CreateObject] 开始 pkg=UIRes item=bagItem type=Component
[2026-08-09 09:08:47] FairyGUI: [CreateObject] GetItemAsset 完成（0ms） pkg=UIRes item=bagItem file=
[2026-08-09 09:08:47] FairyGUI: [CreateObject] ConstructFromResource 开始 obj=GComponent pkg=UIRes item=bagItem
[2026-08-09 09:08:47] FairyGUI: [CreateObject] ConstructFromResource 完成（1ms） obj=GComponent pkg=UIRes item=bagItem
[2026-08-09 09:08:47] FairyGUI: [CreateObject] 开始 pkg=UIRes item=bagItem type=Component
[2026-08-09 09:08:47] FairyGUI: [CreateObject] GetItemAsset 完成（0ms） pkg=UIRes item=bagItem file=
[2026-08-09 09:08:47] FairyGUI: [CreateObject] ConstructFromResource 开始 obj=GComponent pkg=UIRes item=bagItem
[2026-08-09 09:08:47] FairyGUI: [CreateObject] ConstructFromResource 完成（2ms） obj=GComponent pkg=UIRes item=bagItem
[2026-08-09 09:08:47] FairyGUI: [CreateObject] 开始 pkg=UIRes item=bagItem type=Component
[2026-08-09 09:08:47] FairyGUI: [CreateObject] GetItemAsset 完成（0ms） pkg=UIRes item=bagItem file=
[2026-08-09 09:08:47] FairyGUI: [CreateObject] ConstructFromResource 开始 obj=GComponent pkg=UIRes item=bagItem
[2026-08-09 09:08:47] FairyGUI: [CreateObject] ConstructFromResource 完成（1ms） obj=GComponent pkg=UIRes item=bagItem
[2026-08-09 09:08:47] FairyGUI: [CreateObject] 开始 pkg=UIRes item=bagItem type=Component
[2026-08-09 09:08:47] FairyGUI: [CreateObject] GetItemAsset 完成（0ms） pkg=UIRes item=bagItem file=
[2026-08-09 09:08:47] FairyGUI: [CreateObject] ConstructFromResource 开始 obj=GComponent pkg=UIRes item=bagItem
[2026-08-09 09:08:47] FairyGUI: [CreateObject] ConstructFromResource 完成（2ms） obj=GComponent pkg=UIRes item=bagItem
[2026-08-09 09:08:47] FairyGUI: [CreateObject] 开始 pkg=UIRes item=bagItem type=Component
[2026-08-09 09:08:47] FairyGUI: [CreateObject] GetItemAsset 完成（0ms） pkg=UIRes item=bagItem file=
[2026-08-09 09:08:47] FairyGUI: [CreateObject] ConstructFromResource 开始 obj=GComponent pkg=UIRes item=bagItem
[2026-08-09 09:08:47] FairyGUI: [CreateObject] ConstructFromResource 完成（2ms） obj=GComponent pkg=UIRes item=bagItem
[2026-08-09 09:08:47] FairyGUI: [CreateObject] 开始 pkg=UIRes item=DScrollBar type=Component
[2026-08-09 09:08:47] FairyGUI: [CreateObject] GetItemAsset 完成（0ms） pkg=UIRes item=DScrollBar file=
[2026-08-09 09:08:47] FairyGUI: [CreateObject] ConstructFromResource 开始 obj=GScrollBar pkg=UIRes item=DScrollBar
[2026-08-09 09:08:47] FairyGUI: [CreateObject] ConstructFromResource 完成（1ms） obj=GScrollBar pkg=UIRes item=DScrollBar
[2026-08-09 09:08:47] FairyGUI: [CreateObject] ConstructFromResource 完成（98ms） obj=GComponent pkg=UI item=主界面_MainUI
[2026-08-09 09:08:47] FairyGUI: CreateObject 后置：TraceDepth 已递减到 0。
[2026-08-09 09:08:47] FairyGUI: CreateObject 完成（102ms）
[2026-08-09 09:08:47] FairyGUI: 主界面挂载完成（1ms）
[2026-08-09 09:08:47] FairyGUI: SafeArea(MainHud) px=0,0,1520,855 scaleFactor=1 -> ui=0,0,1520,855
[2026-08-09 09:08:47] FairyGUI: EnsureMobileMainHudLayout 完成（0ms）
[2026-08-09 09:08:47] FairyGUI: 主界面核心节点状态(ApplyDefaults)
  DMinMapUI=idx=0 path=DMinMapUI name=DMinMapUI item=DMinMapUI title=(null) url=ui://jk0io98jruoyn2r3 rect=1223.13,0,294.5,195.94 exported gfx=null touchable=True visible=True chain=DMinMapUI(v=1,a=1) <- (v=1,a=1)
  DStateWindow=idx=1 path=DStateWindow name=DStateWindow item=DStateWindow title=(null) url=ui://jk0io98jv9b16t rect=1.19,3.56,496.38,52.25 exported gfx=null touchable=True visible=True chain=DStateWindow(v=1,a=1) <- (v=1,a=1)
  TaskAndRanksPanel=idx=3 path=TaskAndRanksPanel name=TaskAndRanksPanel item=TaskAndRanksPanel title=(null) url=ui://jk0io98jtd9ga rect=2.38,81.94,356.25,249.38 exported gfx=null touchable=True visible=True chain=TaskAndRanksPanel(v=1,a=1) <- (v=1,a=1)
  DFunBtms=idx=4 path=DFunBtms name=DFunBtms item=DFunBtms title=(null) url=ui://jk0io98jk02tn1v2 rect=1056.88,197.13,460.75,359.81 exported gfx=null touchable=True visible=True chain=DFunBtms(v=1,a=1) <- (v=1,a=1)
  BottomUI=idx=5 path=BottomUI name=BottomUI item=BottomUI title=(null) url=ui://jk0io98jv9b119 rect=760,755.25,1520,199.5 exported gfx=null touchable=True visible=True chain=BottomUI(v=1,a=1) <- (v=1,a=1)
  BottomPCUI=idx=8 path=BottomPCUI name=BottomPCUI item=DBottom title=(null) url=ui://jk0io98jj3e21or rect=0,553.38,1520,301.63 exported gfx=null touchable=False visible=False chain=BottomPCUI(v=0,a=1) <- (v=1,a=1)
  DArrackModelUI=idx=7 path=DArrackModelUI name=DArrackModelUI item=DArrackModelUI title=(null) url=ui://jk0io98jv9b1g0 rect=1091.31,371.69,427.5,422.75 exported gfx=null touchable=True visible=True chain=DArrackModelUI(v=1,a=1) <- (v=1,a=1)
  DoubleDJoystick=idx=9 path=DoubleDJoystick name=DoubleDJoystick item=DoubleDJoystick title=(null) url=ui://jk0io98jgcp1n1pi rect=-2.38,376.44,498.75,375.25 exported gfx=null touchable=True visible=True chain=DoubleDJoystick(v=1,a=1) <- (v=1,a=1)
  BottomUI/bg=idx=5/0 path=BottomUI/bg name=bg item=Bottom_00135 title=(null) url=ui://jk0io98jldxan23d rect=482.13,686.38,99.75,99.75 exported gfx=84x84/root=2048x2048/rot=0 touchable=True visible=True chain=bg(v=1,a=1) <- BottomUI(v=1,a=1) <- (v=1,a=1)
  BottomUI/DHPBall=idx=5/1 path=BottomUI/DHPBall name=DHPBall item=Bottom_00138 title=(null) url=ui://jk0io98jldxan23e rect=480.94,686.38,49.88,99.75 exported gfx=42x84/root=2048x1024/rot=0 touchable=True visible=True chain=DHPBall(v=1,a=1) <- BottomUI(v=1,a=1) <- (v=1,a=1)
  BottomUI/DMPBall=idx=5/2 path=BottomUI/DMPBall name=DMPBall item=Bottom_00137 title=(null) url=ui://jk0io98jldxan23f rect=534.38,686.38,49.88,99.75 exported gfx=42x84/root=2048x1024/rot=0 touchable=True visible=True chain=DMPBall(v=1,a=1) <- BottomUI(v=1,a=1) <- (v=1,a=1)
  DoubleDJoystick/joystick_center_1=idx=9/4 path=DoubleDJoystick/joystick_center_1 name=joystick_center_1 item=Bottom_00343 title=(null) url=ui://jk0io98jldxan274 rect=47.5,559.31,142.5,140.13 exported gfx=160x158/root=2048x2048/rot=0 touchable=True visible=True chain=joystick_center_1(v=1,a=1) <- DoubleDJoystick(v=1,a=1) <- (v=1,a=1)
  DoubleDJoystick/joystick_center_2=idx=9/0 path=DoubleDJoystick/joystick_center_2 name=joystick_center_2 item=Bottom_00343 title=(null) url=ui://jk0io98jldxan274 rect=217.31,435.81,190,187.63 exported gfx=160x158/root=2048x2048/rot=0 touchable=True visible=True chain=joystick_center_2(v=1,a=1) <- DoubleDJoystick(v=1,a=1) <- (v=1,a=1)
  DoubleDJoystick/joystick_1=idx=9/6 path=DoubleDJoystick/joystick_1 name=joystick_1 item=joystick_1 title= url=ui://jk0io98jgcp1n1pg rect=78.38,587.81,84.31,84.31 exported gfx=null touchable=True visible=True chain=joystick_1(v=1,a=1) <- DoubleDJoystick(v=1,a=1) <- (v=1,a=1)
  DoubleDJoystick/joystick_2=idx=9/2 path=DoubleDJoystick/joystick_2 name=joystick_2 item=joystick_2 title= url=ui://jk0io98jgcp1n1ph rect=270.75,488.06,84.31,84.31 exported gfx=null touchable=True visible=True chain=joystick_2(v=1,a=1) <- DoubleDJoystick(v=1,a=1) <- (v=1,a=1)
[2026-08-09 09:08:47] FairyGUI: Clamp(DFunBtms) anchor=idx=4/4 path=DFunBtms/DBtnShow name=DBtnShow item=DBtnShow title= url=ui://jk0io98jk02tn1ut rect=1423.75,285,90.25,83.13 exported gfx=null touchable=True visible=True moveTarget=idx=4 path=DFunBtms name=DFunBtms item=DFunBtms title=(null) url=ui://jk0io98jk02tn1v2 rect=1054.44,197.13,460.75,359.81 exported gfx=null touchable=True visible=True move=(-2.44,0) rect=1426.19,285,90.25,83.13 safe=0,0,1520,855
[2026-08-09 09:08:47] FairyGUI: TryDumpMobileMainHudTreeIfDue 返回（0ms）
[2026-08-09 09:08:47] FairyGUI: 主界面按钮绑定未完全命中，待补充映射：攻击、英雄、商店、系统
[2026-08-09 09:08:47] FairyGUI: TryBindMobileMainHudButtonsIfDue 返回（176ms）
[2026-08-09 09:08:47] FairyGUI: 主界面已创建（UI/主界面_MainUI）
[2026-08-09 09:08:47] FairyGUI: 主界面创建总耗时 315ms
[2026-08-09 09:08:47] 进入地图：移动端 Overlay 初始化调用已返回。
[2026-08-09 09:08:47] 进入地图：GameScene 构造已返回，准备释放 SelectScene。
[2026-08-09 09:08:47] 进入地图：SelectScene 已释放。
[2026-08-09 09:08:47] FairyGUI: 系统消息输出绑定到 BottomUI/DChatWindow：idx=4/8/0 path=BottomUI/DChatWindow/__codex_mobile_chattxt name=__codex_mobile_chattxt item=(null) title=(null) url=(null) rect=651.94,736.25,418,81.94 internal gfx=null touchable=False visible=True (BottomUI/DChatWindow-fallback)
[2026-08-09 09:08:47] 进入地图：收到 MapInformation FileName=0
[2026-08-09 09:08:47] 进入地图：开始后台加载地图 FileName=/data/user/0/com.lommir.client.monogame.android/files/Cache/Mobile/Maps/0.map
[2026-08-09 09:08:47] 进入地图：MapControl 已切换为后台加载（4ms）
[2026-08-09 09:08:48] FairyGUI: 主界面小地图绑定完成：idx=0/3/0 path=DMinMapUI/DMap/item name=item item=(null) title=(null) url=(null) rect=1271.81,36.81,237.5,150.81 internal gfx=null touchable=True visible=True (DMinMapUI/DMap-largest)
[2026-08-09 09:08:48] 进入地图：地图资源尚未就绪，等待微端下载 FileName=/data/user/0/com.lommir.client.monogame.android/files/Cache/Mobile/Maps/0.map Pending=0.map
[2026-08-09 09:08:49] FairyGUI: DoubleDJoystick 动效绑定完成：
  Walk Root=idx=8/7 path=DoubleDJoystick/joystick_touch_1 name=joystick_touch_1 item=(null) title=(null) url=(null) rect=-2.38,547.44,235.13,194.75 internal gfx=gfx:1x1/root=1x1/rot=0/pkg:null touchable=True visible=True
  Walk Knob=idx=8/6 path=DoubleDJoystick/joystick_1 name=joystick_1 item=joystick_1 title= url=ui://jk0io98jgcp1n1pg rect=78.38,587.81,84.31,84.31 exported gfx=null touchable=True visible=True
  Walk Center=idx=8/4 path=DoubleDJoystick/joystick_center_1 name=joystick_center_1 item=Bottom_00343 title=(null) url=ui://jk0io98jldxan274 rect=47.5,559.31,142.5,140.13 exported gfx=160x158/root=2048x2048/rot=0 touchable=True visible=True
  Walk Thumb=idx=8/5 path=DoubleDJoystick/direct_1 name=direct_1 item=Bottom_00344 title=(null) url=ui://jk0io98jldxan275 rect=119.94,624.63,135.38,85.5 exported gfx=152x90/root=2048x2048/rot=0 touchable=True visible=False
  Run Root=idx=8/3 path=DoubleDJoystick/joystick_touch_2 name=joystick_touch_2 item=(null) title=(null) url=(null) rect=10.69,389.5,445.31,351.5 internal gfx=gfx:1x1/root=1x1/rot=0/pkg:null touchable=True visible=True
  Run Knob=idx=8/2 path=DoubleDJoystick/joystick_2 name=joystick_2 item=joystick_2 title= url=ui://jk0io98jgcp1n1ph rect=270.75,488.06,84.31,84.31 exported gfx=null touchable=True visible=True
  Run Center=idx=8/0 path=DoubleDJoystick/joystick_center_2 name=joystick_center_2 item=Bottom_00343 title=(null) url=ui://jk0io98jldxan274 rect=217.31,435.81,190,187.63 exported gfx=160x158/root=2048x2048/rot=0 touchable=True visible=True
  Run Thumb=idx=8/1 path=DoubleDJoystick/direct_2 name=direct_2 item=Bottom_00344 title=(null) url=ui://jk0io98jldxan275 rect=312.31,523.69,180.5,114 exported gfx=152x90/root=2048x2048/rot=0 touchable=True visible=False
[2026-08-09 09:08:49] FairyGUI: 主界面技能快捷栏绑定完成：Slots=8 GridRoot=idx=6 path=DArrackModelUI name=DArrackModelUI item=DArrackModelUI title=(null) url=ui://jk0io98jv9b1g0 rect=1091.31,371.69,427.5,422.75 exported gfx=null touchable=True visible=True (name:DArrackModelUI) (named)
[2026-08-09 09:08:58] 进入地图：开始后台加载地图 FileName=/data/user/0/com.lommir.client.monogame.android/files/Cache/Mobile/Maps/0.map
[2026-08-09 09:08:59] 进入地图：后台地图加载完成 FileName=/data/user/0/com.lommir.client.monogame.android/files/Cache/Mobile/Maps/0.map TotalMs=1575 Size=700x700 Objects=21 MiniMap=1/1
[2026-08-09 09:08:59] MicroSound: 已下载 000-1.wav -> /data/user/0/com.lommir.client.monogame.android/files/Cache/Mobile/Sounds/000-1.wav
[2026-08-09 09:08:59] MicroSound: 已下载 470-2.wav -> /data/user/0/com.lommir.client.monogame.android/files/Cache/Mobile/Sounds/470-2.wav
[2026-08-09 09:08:59] MicroSound: 已下载 138.wav -> /data/user/0/com.lommir.client.monogame.android/files/Cache/Mobile/Sounds/138.wav
[2026-08-09 09:09:00] MLibrary: 本帧贴图创建预算已用尽，延后到后续帧（避免卡顿/掉线）。Lib=Tiles.Lib Index=138 Budget=12/frame
[2026-08-09 09:09:03] MLibrary: 本帧贴图创建预算已用尽，延后到后续帧（避免卡顿/掉线）。Lib=00.Lib Index=360 Budget=12/frame
[2026-08-09 09:09:05] MLibrary: 本帧贴图创建预算已用尽，延后到后续帧（避免卡顿/掉线）。Lib=Objects.Lib Index=8530 Budget=12/frame
[2026-08-09 09:09:06] MicroSound: 已下载 000-4.wav -> /data/user/0/com.lommir.client.monogame.android/files/Cache/Mobile/Sounds/000-4.wav
[2026-08-09 09:09:06] MicroSound: 已下载 470-1.wav -> /data/user/0/com.lommir.client.monogame.android/files/Cache/Mobile/Sounds/470-1.wav
[2026-08-09 09:09:07] MLibrary: 本帧贴图创建预算已用尽，延后到后续帧（避免卡顿/掉线）。Lib=Smtiles.Lib Index=138 Budget=12/frame
[2026-08-09 09:09:09] MicroSound: 已下载 470-4.wav -> /data/user/0/com.lommir.client.monogame.android/files/Cache/Mobile/Sounds/470-4.wav
[2026-08-09 09:09:09] MLibrary: 本帧贴图创建预算已用尽，延后到后续帧（避免卡顿/掉线）。Lib=00.Lib Index=1 Budget=12/frame
[2026-08-09 09:09:11] MLibrary: 本帧贴图创建预算已用尽，延后到后续帧（避免卡顿/掉线）。Lib=Objects.Lib Index=4205 Budget=12/frame
[2026-08-09 09:09:13] MLibrary: 本帧贴图创建预算已用尽，延后到后续帧（避免卡顿/掉线）。Lib=Objects.Lib Index=8569 Budget=12/frame
[2026-08-09 09:09:40] MicroSound: 已下载 144.wav -> /data/user/0/com.lommir.client.monogame.android/files/Cache/Mobile/Sounds/144.wav
[2026-08-09 09:10:58] 启动：Platform=Unix ClientRoot=/data/user/0/com.lommir.client.monogame.android/files RuntimeRoot=/data/user/0/com.lommir.client.monogame.android/files/Cache/Mobile/Runtime
[2026-08-09 09:11:00] FairyGUI: SafeArea(Overlay) px=0,0,1334,750 scaleFactor=1 -> ui=0,0,1334,750
[2026-08-09 09:11:00] FairyGUI: Stage 初始化完成（移动端 UI 接入 POC）
[2026-08-09 09:11:00] FairyGUI: publish 包加载完成（复古）
[2026-08-09 09:11:00] FairyGUI: 已导出包组件清单到 /data/user/0/com.lommir.client.monogame.android/files/Cache/Mobile/Runtime/FairyGui-PackageComponentList.txt
[2026-08-09 09:11:00] FairyGUI: SafeArea(Overlay) px=0,0,1520,855 scaleFactor=1 -> ui=0,0,1520,855
[2026-08-09 09:11:00] FairyGUI: DoubleDJoystick 动效绑定等待主界面创建（稍后自动重试）。
[2026-08-09 09:11:00] FairyGUI: MobileMainHud 后台预取启动，Pkg=UIRes Atlases=11
[2026-08-09 09:11:00] FairyGUI: MobileMainHud 后台字节预取 1/11 file=UIRes_atlas0
[2026-08-09 09:11:00] FairyGUI: MobileMainHud 后台字节预取 2/11 file=UIRes_atlas0_1
[2026-08-09 09:11:00] FairyGUI: MobileMainHud 后台字节预取 3/11 file=UIRes_atlas0_2
[2026-08-09 09:11:00] FairyGUI: MobileMainHud 后台字节预取 4/11 file=UIRes_atlas0_3
[2026-08-09 09:11:00] FairyGUI: MobileMainHud 后台字节预取 5/11 file=UIRes_atlas0_4
[2026-08-09 09:11:00] FairyGUI: MobileMainHud 后台字节预取 6/11 file=UIRes_atlas0_5
[2026-08-09 09:11:00] FairyGUI: MobileMainHud 后台字节预取 7/11 file=UIRes_atlas0_6
[2026-08-09 09:11:00] FairyGUI: MobileMainHud 后台字节预取 8/11 file=UIRes_atlas0_7
[2026-08-09 09:11:00] FairyGUI: MobileMainHud 后台字节预取 9/11 file=UIRes_atlas0_8
[2026-08-09 09:11:00] FairyGUI: MobileMainHud 后台字节预取 10/11 file=UIRes_atlas0_9
[2026-08-09 09:11:00] FairyGUI: MobileMainHud 后台字节预取 11/11 file=UIRes_atlas0_10
[2026-08-09 09:11:00] FairyGUI: MobileMainHud 后台字节预取完成，Pkg=UIRes Atlases=11 TotalMs=0
[2026-08-09 09:11:01] FairyGUI: MobileMainHud 贴图预热 1/11 file=UIRes_atlas0 Ms=1251
[2026-08-09 09:11:04] FairyGUI: MobileMainHud 贴图预热 2/11 file=UIRes_atlas0_1 Ms=2453
[2026-08-09 09:11:06] FairyGUI: DoubleDJoystick 动效绑定等待主界面创建（稍后自动重试）。
[2026-08-09 09:11:06] ClientVersionHash=aab3d05182c67c2f8bf22eef1016dd8f Source=/system/bin/app_process64
[2026-08-09 09:11:08] FairyGUI: MobileMainHud 贴图预热 3/11 file=UIRes_atlas0_2 Ms=1910
[2026-08-09 09:11:08] 握手通过：ClientVersion=OK，已进入登录界面。
[2026-08-09 09:11:08] SmokeTest 自动注册发起：Account=codexp10809（PasswordLen=9）。
[2026-08-09 09:11:10] FairyGUI: MobileMainHud 贴图预热 4/11 file=UIRes_atlas0_3 Ms=2060
[2026-08-09 09:11:10] FairyGUI: DoubleDJoystick 动效绑定等待主界面创建（稍后自动重试）。
[2026-08-09 09:11:10] SmokeTest 自动注册返回：Result=7（0=禁用/限流 1=账号格式 2=密码格式 7=已存在 8=成功）。
[2026-08-09 09:11:10] SmokeTest 自动登录发起：Account=codexp10809（PasswordLen=9）。
[2026-08-09 09:11:11] FairyGUI: MobileMainHud 贴图预热 5/11 file=UIRes_atlas0_4 Ms=1394
[2026-08-09 09:11:11] 登录成功：Characters=1，准备进入选角。
[2026-08-09 09:11:13] FairyGUI: MobileMainHud 贴图预热 6/11 file=UIRes_atlas0_5 Ms=1888
[2026-08-09 09:11:13] FairyGUI: DoubleDJoystick 动效绑定等待主界面创建（稍后自动重试）。
[2026-08-09 09:11:15] FairyGUI: MobileMainHud 贴图预热 7/11 file=UIRes_atlas0_6 Ms=1517
[2026-08-09 09:11:16] FairyGUI: MobileMainHud 贴图预热 8/11 file=UIRes_atlas0_7 Ms=1513
[2026-08-09 09:11:16] FairyGUI: DoubleDJoystick 动效绑定等待主界面创建（稍后自动重试）。
[2026-08-09 09:11:18] FairyGUI: MobileMainHud 贴图预热 9/11 file=UIRes_atlas0_8 Ms=1749
[2026-08-09 09:11:19] FairyGUI: MobileMainHud 贴图预热 10/11 file=UIRes_atlas0_9 Ms=1364
[2026-08-09 09:11:19] FairyGUI: DoubleDJoystick 动效绑定等待主界面创建（稍后自动重试）。
[2026-08-09 09:11:20] FairyGUI: MobileMainHud 贴图预热 11/11 file=UIRes_atlas0_10 Ms=855
[2026-08-09 09:11:20] FairyGUI: MobileMainHud 贴图预热完成，Pkg=UIRes Atlases=11 TotalMs=19764
[2026-08-09 09:11:22] 进入选角界面：Characters=1
[2026-08-09 09:11:22] SmokeTest 选角命中：CharacterName=P1Hero809，SelectedIndex=0。
[2026-08-09 09:11:22] SmokeTest 自动进图：发送 StartGame（SelectedIndex=0, CharacterIndex=11）。
[2026-08-09 09:11:22] 进入地图：StartGame=OK，创建 GameScene。
[2026-08-09 09:11:22] 进入地图：准备 new GameScene（v20260328-asynclog）。
[2026-08-09 09:11:22] 进入地图：GameScene 构造开始（v20260328-asynclog）。
[2026-08-09 09:11:22] 进入地图：GameScene 已创建。
[2026-08-09 09:11:22] 进入地图：开始初始化移动端 Overlay（FairyGUI 主界面）。
[2026-08-09 09:11:22] FairyGUI: 开始创建主界面（UI/主界面_MainUI）
[2026-08-09 09:11:22] FairyGUI: CreateObject 前置：Stopwatch 已启动。
[2026-08-09 09:11:22] FairyGUI: CreateObject 前置：TraceDepth 已递增到 1。
[2026-08-09 09:11:22] FairyGUI: 即将调用 UIPackage.CreateObject（UI/主界面_MainUI）。
[2026-08-09 09:11:22] FairyGUI: [CreateObject] static 入口 pkgName=UI resName=主界面_MainUI
[2026-08-09 09:11:22] FairyGUI: [CreateObject] static GetByName 开始 pkgName=UI
[2026-08-09 09:11:22] FairyGUI: [GetByName] TryGetValue 开始 name=UI
[2026-08-09 09:11:22] FairyGUI: [GetByName] TryGetValue 命中（0ms） name=UI
[2026-08-09 09:11:22] FairyGUI: [CreateObject] static GetByName 返回（0ms） pkg=UI
[2026-08-09 09:11:22] FairyGUI: [CreateObject] static pkg.CreateObject 开始 pkg=UI resName=主界面_MainUI
[2026-08-09 09:11:22] FairyGUI: [CreateObject] pkg.CreateObject(string) 入口 pkg=UI resName=主界面_MainUI itemsByName=65
[2026-08-09 09:11:22] FairyGUI: [CreateObject] pkg._itemsByName.TryGetValue 开始 pkg=UI resName=主界面_MainUI
[2026-08-09 09:11:22] FairyGUI: [CreateObject] pkg._itemsByName.TryGetValue 命中（0ms） pkg=UI resName=主界面_MainUI itemType=Component
[2026-08-09 09:11:22] FairyGUI: [CreateObject] 开始 pkg=UI item=主界面_MainUI type=Component
[2026-08-09 09:11:22] FairyGUI: [CreateObject] GetItemAsset 完成（0ms） pkg=UI item=主界面_MainUI file=
[2026-08-09 09:11:22] FairyGUI: [CreateObject] ConstructFromResource 开始 obj=GComponent pkg=UI item=主界面_MainUI
[2026-08-09 09:11:22] FairyGUI: [LoadSound] 开始 pkg=Sounds file=Sounds_3272i
[2026-08-09 09:11:22] FairyGUI: [LoadSound] OpenSoundStream 开始 file=Sounds_3272i
[2026-08-09 09:11:22] FairyGUI: [LoadSound] OpenSoundStream 完成（0ms） file=Sounds_3272i
[2026-08-09 09:11:22] FairyGUI: [LoadSound] Decode 开始 file=Sounds_3272i
[2026-08-09 09:11:22] FairyGUI: [LoadSound] Decode 完成（4ms） file=Sounds_3272i
[2026-08-09 09:11:22] FairyGUI: [LoadSound] 完成（4ms） pkg=Sounds file=Sounds_3272i
[2026-08-09 09:11:22] FairyGUI: [CreateObject] 开始 pkg=UIRes item=BottomAuPickupBtn type=Component
[2026-08-09 09:11:22] FairyGUI: [CreateObject] GetItemAsset 完成（0ms） pkg=UIRes item=BottomAuPickupBtn file=
[2026-08-09 09:11:22] FairyGUI: [CreateObject] ConstructFromResource 开始 obj=GButton pkg=UIRes item=BottomAuPickupBtn
[2026-08-09 09:11:22] FairyGUI: [CreateObject] ConstructFromResource 完成（0ms） obj=GButton pkg=UIRes item=BottomAuPickupBtn
[2026-08-09 09:11:22] FairyGUI: [CreateObject] 开始 pkg=UIRes item=RightUIProWin type=Component
[2026-08-09 09:11:22] FairyGUI: [CreateObject] GetItemAsset 完成（0ms） pkg=UIRes item=RightUIProWin file=
[2026-08-09 09:11:22] FairyGUI: [CreateObject] ConstructFromResource 开始 obj=GComponent pkg=UIRes item=RightUIProWin
[2026-08-09 09:11:22] FairyGUI: [CreateObject] ConstructFromResource 完成（5ms） obj=GComponent pkg=UIRes item=RightUIProWin
[2026-08-09 09:11:22] FairyGUI: [CreateObject] 开始 pkg=UIRes item=ComPetWin type=Component
[2026-08-09 09:11:22] FairyGUI: [CreateObject] GetItemAsset 完成（0ms） pkg=UIRes item=ComPetWin file=
[2026-08-09 09:11:22] FairyGUI: [CreateObject] ConstructFromResource 开始 obj=GComponent pkg=UIRes item=ComPetWin
[2026-08-09 09:11:22] FairyGUI: [CreateObject] ConstructFromResource 完成（0ms） obj=GComponent pkg=UIRes item=ComPetWin
[2026-08-09 09:11:22] FairyGUI: [CreateObject] 开始 pkg=UIRes item=DBtnAuto type=Component
[2026-08-09 09:11:22] FairyGUI: [CreateObject] GetItemAsset 完成（0ms） pkg=UIRes item=DBtnAuto file=
[2026-08-09 09:11:22] FairyGUI: [CreateObject] ConstructFromResource 开始 obj=GButton pkg=UIRes item=DBtnAuto
[2026-08-09 09:11:22] FairyGUI: [CreateObject] ConstructFromResource 完成（0ms） obj=GButton pkg=UIRes item=DBtnAuto
[2026-08-09 09:11:22] FairyGUI: [CreateObject] 开始 pkg=UIRes item=RigPetItemBtn1 type=Component
[2026-08-09 09:11:22] FairyGUI: [CreateObject] GetItemAsset 完成（0ms） pkg=UIRes item=RigPetItemBtn1 file=
[2026-08-09 09:11:22] FairyGUI: [CreateObject] ConstructFromResource 开始 obj=GButton pkg=UIRes item=RigPetItemBtn1
[2026-08-09 09:11:22] FairyGUI: [CreateObject] ConstructFromResource 完成（0ms） obj=GButton pkg=UIRes item=RigPetItemBtn1
[2026-08-09 09:11:22] FairyGUI: [CreateObject] 开始 pkg=UIRes item=RigPetItemBtn3 type=Component
[2026-08-09 09:11:22] FairyGUI: [CreateObject] GetItemAsset 完成（0ms） pkg=UIRes item=RigPetItemBtn3 file=
[2026-08-09 09:11:22] FairyGUI: [CreateObject] ConstructFromResource 开始 obj=GButton pkg=UIRes item=RigPetItemBtn3
[2026-08-09 09:11:22] FairyGUI: [CreateObject] ConstructFromResource 完成（0ms） obj=GButton pkg=UIRes item=RigPetItemBtn3
[2026-08-09 09:11:22] FairyGUI: [CreateObject] 开始 pkg=UIRes item=RigPetItemBtn4 type=Component
[2026-08-09 09:11:22] FairyGUI: [CreateObject] GetItemAsset 完成（0ms） pkg=UIRes item=RigPetItemBtn4 file=
[2026-08-09 09:11:22] FairyGUI: [CreateObject] ConstructFromResource 开始 obj=GButton pkg=UIRes item=RigPetItemBtn4
[2026-08-09 09:11:22] FairyGUI: [CreateObject] ConstructFromResource 完成（0ms） obj=GButton pkg=UIRes item=RigPetItemBtn4
[2026-08-09 09:11:22] FairyGUI: [CreateObject] 开始 pkg=UIRes item=bagItem type=Component
[2026-08-09 09:11:22] FairyGUI: [CreateObject] GetItemAsset 完成（0ms） pkg=UIRes item=bagItem file=
[2026-08-09 09:11:22] FairyGUI: [CreateObject] ConstructFromResource 开始 obj=GComponent pkg=UIRes item=bagItem
[2026-08-09 09:11:22] FairyGUI: [CreateObject] ConstructFromResource 完成（1ms） obj=GComponent pkg=UIRes item=bagItem
[2026-08-09 09:11:22] FairyGUI: [CreateObject] 开始 pkg=UIRes item=bagItem type=Component
[2026-08-09 09:11:22] FairyGUI: [CreateObject] GetItemAsset 完成（0ms） pkg=UIRes item=bagItem file=
[2026-08-09 09:11:22] FairyGUI: [CreateObject] ConstructFromResource 开始 obj=GComponent pkg=UIRes item=bagItem
[2026-08-09 09:11:22] FairyGUI: [CreateObject] ConstructFromResource 完成（1ms） obj=GComponent pkg=UIRes item=bagItem
[2026-08-09 09:11:22] FairyGUI: [CreateObject] 开始 pkg=UIRes item=bagItem type=Component
[2026-08-09 09:11:22] FairyGUI: [CreateObject] GetItemAsset 完成（0ms） pkg=UIRes item=bagItem file=
[2026-08-09 09:11:22] FairyGUI: [CreateObject] ConstructFromResource 开始 obj=GComponent pkg=UIRes item=bagItem
[2026-08-09 09:11:22] FairyGUI: [CreateObject] ConstructFromResource 完成（1ms） obj=GComponent pkg=UIRes item=bagItem
[2026-08-09 09:11:22] FairyGUI: [CreateObject] 开始 pkg=UIRes item=bagItem type=Component
[2026-08-09 09:11:22] FairyGUI: [CreateObject] GetItemAsset 完成（0ms） pkg=UIRes item=bagItem file=
[2026-08-09 09:11:22] FairyGUI: [CreateObject] ConstructFromResource 开始 obj=GComponent pkg=UIRes item=bagItem
[2026-08-09 09:11:22] FairyGUI: [CreateObject] ConstructFromResource 完成（1ms） obj=GComponent pkg=UIRes item=bagItem
[2026-08-09 09:11:22] FairyGUI: [CreateObject] 开始 pkg=UIRes item=bagItem type=Component
[2026-08-09 09:11:22] FairyGUI: [CreateObject] GetItemAsset 完成（0ms） pkg=UIRes item=bagItem file=
[2026-08-09 09:11:22] FairyGUI: [CreateObject] ConstructFromResource 开始 obj=GComponent pkg=UIRes item=bagItem
[2026-08-09 09:11:22] FairyGUI: [CreateObject] ConstructFromResource 完成（0ms） obj=GComponent pkg=UIRes item=bagItem
[2026-08-09 09:11:22] FairyGUI: [CreateObject] 开始 pkg=UIRes item=bagItem type=Component
[2026-08-09 09:11:22] FairyGUI: [CreateObject] GetItemAsset 完成（0ms） pkg=UIRes item=bagItem file=
[2026-08-09 09:11:22] FairyGUI: [CreateObject] ConstructFromResource 开始 obj=GComponent pkg=UIRes item=bagItem
[2026-08-09 09:11:22] FairyGUI: [CreateObject] ConstructFromResource 完成（0ms） obj=GComponent pkg=UIRes item=bagItem
[2026-08-09 09:11:22] FairyGUI: [LoadSound] 开始 pkg=Sounds file=Sounds_g2d28
[2026-08-09 09:11:22] FairyGUI: [LoadSound] OpenSoundStream 开始 file=Sounds_g2d28
[2026-08-09 09:11:22] FairyGUI: [LoadSound] OpenSoundStream 完成（0ms） file=Sounds_g2d28
[2026-08-09 09:11:22] FairyGUI: [LoadSound] Decode 开始 file=Sounds_g2d28
[2026-08-09 09:11:22] FairyGUI: [LoadSound] Decode 完成（1ms） file=Sounds_g2d28
[2026-08-09 09:11:22] FairyGUI: [LoadSound] 完成（2ms） pkg=Sounds file=Sounds_g2d28
[2026-08-09 09:11:22] FairyGUI: [CreateObject] 开始 pkg=UIRes item=TargetListItem type=Component
[2026-08-09 09:11:22] FairyGUI: [CreateObject] GetItemAsset 完成（0ms） pkg=UIRes item=TargetListItem file=
[2026-08-09 09:11:22] FairyGUI: [CreateObject] ConstructFromResource 开始 obj=GButton pkg=UIRes item=TargetListItem
[2026-08-09 09:11:22] FairyGUI: [CreateObject] ConstructFromResource 完成（1ms） obj=GButton pkg=UIRes item=TargetListItem
[2026-08-09 09:11:22] FairyGUI: [CreateObject] 开始 pkg=UIRes item=TargetListItem type=Component
[2026-08-09 09:11:22] FairyGUI: [CreateObject] GetItemAsset 完成（0ms） pkg=UIRes item=TargetListItem file=
[2026-08-09 09:11:22] FairyGUI: [CreateObject] ConstructFromResource 开始 obj=GButton pkg=UIRes item=TargetListItem
[2026-08-09 09:11:22] FairyGUI: [CreateObject] ConstructFromResource 完成（0ms） obj=GButton pkg=UIRes item=TargetListItem
[2026-08-09 09:11:22] FairyGUI: [CreateObject] 开始 pkg=UIRes item=TargetListItem type=Component
[2026-08-09 09:11:22] FairyGUI: [CreateObject] GetItemAsset 完成（0ms） pkg=UIRes item=TargetListItem file=
[2026-08-09 09:11:22] FairyGUI: [CreateObject] ConstructFromResource 开始 obj=GButton pkg=UIRes item=TargetListItem
[2026-08-09 09:11:22] FairyGUI: [CreateObject] ConstructFromResource 完成（0ms） obj=GButton pkg=UIRes item=TargetListItem
[2026-08-09 09:11:22] FairyGUI: [CreateObject] 开始 pkg=UIRes item=TargetListItem type=Component
[2026-08-09 09:11:22] FairyGUI: [CreateObject] GetItemAsset 完成（0ms） pkg=UIRes item=TargetListItem file=
[2026-08-09 09:11:22] FairyGUI: [CreateObject] ConstructFromResource 开始 obj=GButton pkg=UIRes item=TargetListItem
[2026-08-09 09:11:22] FairyGUI: [CreateObject] ConstructFromResource 完成（0ms） obj=GButton pkg=UIRes item=TargetListItem
[2026-08-09 09:11:22] FairyGUI: [LoadSound] 开始 pkg=Sounds file=Sounds_w0d00
[2026-08-09 09:11:22] FairyGUI: [LoadSound] OpenSoundStream 开始 file=Sounds_w0d00
[2026-08-09 09:11:22] FairyGUI: [LoadSound] OpenSoundStream 完成（0ms） file=Sounds_w0d00
[2026-08-09 09:11:22] FairyGUI: [LoadSound] Decode 开始 file=Sounds_w0d00
[2026-08-09 09:11:22] FairyGUI: [LoadSound] Decode 完成（4ms） file=Sounds_w0d00
[2026-08-09 09:11:22] FairyGUI: [LoadSound] 完成（5ms） pkg=Sounds file=Sounds_w0d00
[2026-08-09 09:11:22] FairyGUI: [CreateObject] 开始 pkg=UIRes item=bagItem type=Component
[2026-08-09 09:11:22] FairyGUI: [CreateObject] GetItemAsset 完成（0ms） pkg=UIRes item=bagItem file=
[2026-08-09 09:11:22] FairyGUI: [CreateObject] ConstructFromResource 开始 obj=GComponent pkg=UIRes item=bagItem
[2026-08-09 09:11:22] FairyGUI: [CreateObject] ConstructFromResource 完成（0ms） obj=GComponent pkg=UIRes item=bagItem
[2026-08-09 09:11:22] FairyGUI: [CreateObject] 开始 pkg=UIRes item=bagItem type=Component
[2026-08-09 09:11:22] FairyGUI: [CreateObject] GetItemAsset 完成（0ms） pkg=UIRes item=bagItem file=
[2026-08-09 09:11:22] FairyGUI: [CreateObject] ConstructFromResource 开始 obj=GComponent pkg=UIRes item=bagItem
[2026-08-09 09:11:22] FairyGUI: [CreateObject] ConstructFromResource 完成（0ms） obj=GComponent pkg=UIRes item=bagItem
[2026-08-09 09:11:22] FairyGUI: [CreateObject] 开始 pkg=UIRes item=bagItem type=Component
[2026-08-09 09:11:22] FairyGUI: [CreateObject] GetItemAsset 完成（0ms） pkg=UIRes item=bagItem file=
[2026-08-09 09:11:22] FairyGUI: [CreateObject] ConstructFromResource 开始 obj=GComponent pkg=UIRes item=bagItem
[2026-08-09 09:11:22] FairyGUI: [CreateObject] ConstructFromResource 完成（2ms） obj=GComponent pkg=UIRes item=bagItem
[2026-08-09 09:11:22] FairyGUI: [CreateObject] 开始 pkg=UIRes item=bagItem type=Component
[2026-08-09 09:11:22] FairyGUI: [CreateObject] GetItemAsset 完成（0ms） pkg=UIRes item=bagItem file=
[2026-08-09 09:11:22] FairyGUI: [CreateObject] ConstructFromResource 开始 obj=GComponent pkg=UIRes item=bagItem
[2026-08-09 09:11:22] FairyGUI: [CreateObject] ConstructFromResource 完成（0ms） obj=GComponent pkg=UIRes item=bagItem
[2026-08-09 09:11:22] FairyGUI: [CreateObject] 开始 pkg=UIRes item=bagItem type=Component
[2026-08-09 09:11:22] FairyGUI: [CreateObject] GetItemAsset 完成（0ms） pkg=UIRes item=bagItem file=
[2026-08-09 09:11:22] FairyGUI: [CreateObject] ConstructFromResource 开始 obj=GComponent pkg=UIRes item=bagItem
[2026-08-09 09:11:22] FairyGUI: [CreateObject] ConstructFromResource 完成（1ms） obj=GComponent pkg=UIRes item=bagItem
[2026-08-09 09:11:22] FairyGUI: [CreateObject] 开始 pkg=UIRes item=bagItem type=Component
[2026-08-09 09:11:22] FairyGUI: [CreateObject] GetItemAsset 完成（0ms） pkg=UIRes item=bagItem file=
[2026-08-09 09:11:22] FairyGUI: [CreateObject] ConstructFromResource 开始 obj=GComponent pkg=UIRes item=bagItem
[2026-08-09 09:11:22] FairyGUI: [CreateObject] ConstructFromResource 完成（0ms） obj=GComponent pkg=UIRes item=bagItem
[2026-08-09 09:11:22] FairyGUI: [CreateObject] 开始 pkg=UIRes item=DScrollBar type=Component
[2026-08-09 09:11:22] FairyGUI: [CreateObject] GetItemAsset 完成（0ms） pkg=UIRes item=DScrollBar file=
[2026-08-09 09:11:22] FairyGUI: [CreateObject] ConstructFromResource 开始 obj=GScrollBar pkg=UIRes item=DScrollBar
[2026-08-09 09:11:22] FairyGUI: [CreateObject] ConstructFromResource 完成（1ms） obj=GScrollBar pkg=UIRes item=DScrollBar
[2026-08-09 09:11:22] FairyGUI: [CreateObject] ConstructFromResource 完成（104ms） obj=GComponent pkg=UI item=主界面_MainUI
[2026-08-09 09:11:22] FairyGUI: CreateObject 后置：TraceDepth 已递减到 0。
[2026-08-09 09:11:22] FairyGUI: CreateObject 完成（109ms）
[2026-08-09 09:11:22] FairyGUI: 主界面挂载完成（1ms）
[2026-08-09 09:11:22] FairyGUI: SafeArea(MainHud) px=0,0,1520,855 scaleFactor=1 -> ui=0,0,1520,855
[2026-08-09 09:11:22] FairyGUI: EnsureMobileMainHudLayout 完成（0ms）
[2026-08-09 09:11:22] FairyGUI: 主界面核心节点状态(ApplyDefaults)
  DMinMapUI=idx=0 path=DMinMapUI name=DMinMapUI item=DMinMapUI title=(null) url=ui://jk0io98jruoyn2r3 rect=1223.13,0,294.5,195.94 exported gfx=null touchable=True visible=True chain=DMinMapUI(v=1,a=1) <- (v=1,a=1)
  DStateWindow=idx=1 path=DStateWindow name=DStateWindow item=DStateWindow title=(null) url=ui://jk0io98jv9b16t rect=1.19,3.56,496.38,52.25 exported gfx=null touchable=True visible=True chain=DStateWindow(v=1,a=1) <- (v=1,a=1)
  TaskAndRanksPanel=idx=3 path=TaskAndRanksPanel name=TaskAndRanksPanel item=TaskAndRanksPanel title=(null) url=ui://jk0io98jtd9ga rect=2.38,81.94,356.25,249.38 exported gfx=null touchable=True visible=True chain=TaskAndRanksPanel(v=1,a=1) <- (v=1,a=1)
  DFunBtms=idx=4 path=DFunBtms name=DFunBtms item=DFunBtms title=(null) url=ui://jk0io98jk02tn1v2 rect=1056.88,197.13,460.75,359.81 exported gfx=null touchable=True visible=True chain=DFunBtms(v=1,a=1) <- (v=1,a=1)
  BottomUI=idx=5 path=BottomUI name=BottomUI item=BottomUI title=(null) url=ui://jk0io98jv9b119 rect=760,755.25,1520,199.5 exported gfx=null touchable=True visible=True chain=BottomUI(v=1,a=1) <- (v=1,a=1)
  BottomPCUI=idx=8 path=BottomPCUI name=BottomPCUI item=DBottom title=(null) url=ui://jk0io98jj3e21or rect=0,553.38,1520,301.63 exported gfx=null touchable=False visible=False chain=BottomPCUI(v=0,a=1) <- (v=1,a=1)
  DArrackModelUI=idx=7 path=DArrackModelUI name=DArrackModelUI item=DArrackModelUI title=(null) url=ui://jk0io98jv9b1g0 rect=1091.31,371.69,427.5,422.75 exported gfx=null touchable=True visible=True chain=DArrackModelUI(v=1,a=1) <- (v=1,a=1)
  DoubleDJoystick=idx=9 path=DoubleDJoystick name=DoubleDJoystick item=DoubleDJoystick title=(null) url=ui://jk0io98jgcp1n1pi rect=-2.38,376.44,498.75,375.25 exported gfx=null touchable=True visible=True chain=DoubleDJoystick(v=1,a=1) <- (v=1,a=1)
  BottomUI/bg=idx=5/0 path=BottomUI/bg name=bg item=Bottom_00135 title=(null) url=ui://jk0io98jldxan23d rect=482.13,686.38,99.75,99.75 exported gfx=84x84/root=2048x2048/rot=0 touchable=True visible=True chain=bg(v=1,a=1) <- BottomUI(v=1,a=1) <- (v=1,a=1)
  BottomUI/DHPBall=idx=5/1 path=BottomUI/DHPBall name=DHPBall item=Bottom_00138 title=(null) url=ui://jk0io98jldxan23e rect=480.94,686.38,49.88,99.75 exported gfx=42x84/root=2048x1024/rot=0 touchable=True visible=True chain=DHPBall(v=1,a=1) <- BottomUI(v=1,a=1) <- (v=1,a=1)
  BottomUI/DMPBall=idx=5/2 path=BottomUI/DMPBall name=DMPBall item=Bottom_00137 title=(null) url=ui://jk0io98jldxan23f rect=534.38,686.38,49.88,99.75 exported gfx=42x84/root=2048x1024/rot=0 touchable=True visible=True chain=DMPBall(v=1,a=1) <- BottomUI(v=1,a=1) <- (v=1,a=1)
  DoubleDJoystick/joystick_center_1=idx=9/4 path=DoubleDJoystick/joystick_center_1 name=joystick_center_1 item=Bottom_00343 title=(null) url=ui://jk0io98jldxan274 rect=47.5,559.31,142.5,140.13 exported gfx=160x158/root=2048x2048/rot=0 touchable=True visible=True chain=joystick_center_1(v=1,a=1) <- DoubleDJoystick(v=1,a=1) <- (v=1,a=1)
  DoubleDJoystick/joystick_center_2=idx=9/0 path=DoubleDJoystick/joystick_center_2 name=joystick_center_2 item=Bottom_00343 title=(null) url=ui://jk0io98jldxan274 rect=217.31,435.81,190,187.63 exported gfx=160x158/root=2048x2048/rot=0 touchable=True visible=True chain=joystick_center_2(v=1,a=1) <- DoubleDJoystick(v=1,a=1) <- (v=1,a=1)
  DoubleDJoystick/joystick_1=idx=9/6 path=DoubleDJoystick/joystick_1 name=joystick_1 item=joystick_1 title= url=ui://jk0io98jgcp1n1pg rect=78.38,587.81,84.31,84.31 exported gfx=null touchable=True visible=True chain=joystick_1(v=1,a=1) <- DoubleDJoystick(v=1,a=1) <- (v=1,a=1)
  DoubleDJoystick/joystick_2=idx=9/2 path=DoubleDJoystick/joystick_2 name=joystick_2 item=joystick_2 title= url=ui://jk0io98jgcp1n1ph rect=270.75,488.06,84.31,84.31 exported gfx=null touchable=True visible=True chain=joystick_2(v=1,a=1) <- DoubleDJoystick(v=1,a=1) <- (v=1,a=1)
[2026-08-09 09:11:22] FairyGUI: Clamp(DFunBtms) anchor=idx=4/4 path=DFunBtms/DBtnShow name=DBtnShow item=DBtnShow title= url=ui://jk0io98jk02tn1ut rect=1423.75,285,90.25,83.13 exported gfx=null touchable=True visible=True moveTarget=idx=4 path=DFunBtms name=DFunBtms item=DFunBtms title=(null) url=ui://jk0io98jk02tn1v2 rect=1054.44,197.13,460.75,359.81 exported gfx=null touchable=True visible=True move=(-2.44,0) rect=1426.19,285,90.25,83.13 safe=0,0,1520,855
[2026-08-09 09:11:22] FairyGUI: TryDumpMobileMainHudTreeIfDue 返回（0ms）
[2026-08-09 09:11:22] FairyGUI: 主界面按钮绑定未完全命中，待补充映射：攻击、英雄、商店、系统
[2026-08-09 09:11:22] FairyGUI: TryBindMobileMainHudButtonsIfDue 返回（174ms）
[2026-08-09 09:11:22] FairyGUI: 主界面已创建（UI/主界面_MainUI）
[2026-08-09 09:11:22] FairyGUI: 主界面创建总耗时 319ms
[2026-08-09 09:11:22] 进入地图：移动端 Overlay 初始化调用已返回。
[2026-08-09 09:11:22] 进入地图：GameScene 构造已返回，准备释放 SelectScene。
[2026-08-09 09:11:22] 进入地图：SelectScene 已释放。
[2026-08-09 09:11:22] FairyGUI: 系统消息输出绑定到 BottomUI/DChatWindow：idx=4/8/0 path=BottomUI/DChatWindow/__codex_mobile_chattxt name=__codex_mobile_chattxt item=(null) title=(null) url=(null) rect=651.94,736.25,418,81.94 internal gfx=null touchable=False visible=True (BottomUI/DChatWindow-fallback)
[2026-08-09 09:11:22] 进入地图：收到 MapInformation FileName=0
[2026-08-09 09:11:22] 进入地图：开始后台加载地图 FileName=/data/user/0/com.lommir.client.monogame.android/files/Cache/Mobile/Maps/0.map
[2026-08-09 09:11:22] 进入地图：MapControl 已切换为后台加载（1ms）
[2026-08-09 09:11:23] FairyGUI: DoubleDJoystick 动效绑定完成：
  Walk Root=idx=8/7 path=DoubleDJoystick/joystick_touch_1 name=joystick_touch_1 item=(null) title=(null) url=(null) rect=-2.38,547.44,235.13,194.75 internal gfx=gfx:1x1/root=1x1/rot=0/pkg:null touchable=True visible=True
  Walk Knob=idx=8/6 path=DoubleDJoystick/joystick_1 name=joystick_1 item=joystick_1 title= url=ui://jk0io98jgcp1n1pg rect=78.38,587.81,84.31,84.31 exported gfx=null touchable=True visible=True
  Walk Center=idx=8/4 path=DoubleDJoystick/joystick_center_1 name=joystick_center_1 item=Bottom_00343 title=(null) url=ui://jk0io98jldxan274 rect=47.5,559.31,142.5,140.13 exported gfx=160x158/root=2048x2048/rot=0 touchable=True visible=True
  Walk Thumb=idx=8/5 path=DoubleDJoystick/direct_1 name=direct_1 item=Bottom_00344 title=(null) url=ui://jk0io98jldxan275 rect=119.94,624.63,135.38,85.5 exported gfx=152x90/root=2048x2048/rot=0 touchable=True visible=False
  Run Root=idx=8/3 path=DoubleDJoystick/joystick_touch_2 name=joystick_touch_2 item=(null) title=(null) url=(null) rect=10.69,389.5,445.31,351.5 internal gfx=gfx:1x1/root=1x1/rot=0/pkg:null touchable=True visible=True
  Run Knob=idx=8/2 path=DoubleDJoystick/joystick_2 name=joystick_2 item=joystick_2 title= url=ui://jk0io98jgcp1n1ph rect=270.75,488.06,84.31,84.31 exported gfx=null touchable=True visible=True
  Run Center=idx=8/0 path=DoubleDJoystick/joystick_center_2 name=joystick_center_2 item=Bottom_00343 title=(null) url=ui://jk0io98jldxan274 rect=217.31,435.81,190,187.63 exported gfx=160x158/root=2048x2048/rot=0 touchable=True visible=True
  Run Thumb=idx=8/1 path=DoubleDJoystick/direct_2 name=direct_2 item=Bottom_00344 title=(null) url=ui://jk0io98jldxan275 rect=312.31,523.69,180.5,114 exported gfx=152x90/root=2048x2048/rot=0 touchable=True visible=False
[2026-08-09 09:11:23] FairyGUI: 主界面小地图绑定完成：idx=0/3/0 path=DMinMapUI/DMap/item name=item item=(null) title=(null) url=(null) rect=1271.81,36.81,237.5,150.81 internal gfx=null touchable=True visible=True (DMinMapUI/DMap-largest)
[2026-08-09 09:11:23] FairyGUI: 小地图贴图已更新：Index=1 View=full Target=idx=0/3/0 path=DMinMapUI/DMap/item name=item item=(null) title=(null) url=(null) rect=1271.81,36.81,237.5,150.81 internal gfx=null touchable=True visible=True (DMinMapUI/DMap-largest) Size=(200,127) Parent=(200,127) Fill=ScaleFree AutoSize=False
[2026-08-09 09:11:23] FairyGUI: 主界面技能快捷栏绑定完成：Slots=8 GridRoot=idx=6 path=DArrackModelUI name=DArrackModelUI item=DArrackModelUI title=(null) url=ui://jk0io98jv9b1g0 rect=1091.31,371.69,427.5,422.75 exported gfx=null touchable=True visible=True (name:DArrackModelUI) (named)
[2026-08-09 09:11:23] 进入地图：后台地图加载完成 FileName=/data/user/0/com.lommir.client.monogame.android/files/Cache/Mobile/Maps/0.map TotalMs=790 Size=700x700 Objects=21 MiniMap=1/1
[2026-08-09 09:11:23] MLibrary: 本帧贴图创建预算已用尽，延后到后续帧（避免卡顿/掉线）。Lib=Tiles.Lib Index=241 Budget=12/frame
[2026-08-09 09:11:25] MLibrary: 本帧贴图创建预算已用尽，延后到后续帧（避免卡顿/掉线）。Lib=Objects.Lib Index=1393 Budget=12/frame
[2026-08-09 09:14:18] FairyGUI: SafeArea(MainHud) px=0,0,1600,900 scaleFactor=1 -> ui=0,0,1600,900
[2026-08-09 09:14:18] FairyGUI: SafeArea(Overlay) px=0,0,1600,900 scaleFactor=1 -> ui=0,0,1600,900
[2026-08-09 09:14:18] MLibrary: 本帧贴图创建预算已用尽，延后到后续帧（避免卡顿/掉线）。Lib=Objects.Lib Index=8457 Budget=12/frame
[2026-08-09 09:17:08] 启动：Platform=Unix ClientRoot=/data/user/0/com.lommir.client.monogame.android/files RuntimeRoot=/data/user/0/com.lommir.client.monogame.android/files/Cache/Mobile/Runtime
[2026-08-09 09:17:09] FairyGUI: SafeArea(Overlay) px=0,0,1334,750 scaleFactor=1 -> ui=0,0,1334,750
[2026-08-09 09:17:09] FairyGUI: Stage 初始化完成（移动端 UI 接入 POC）
[2026-08-09 09:17:09] FairyGUI: publish 包加载完成（复古）
[2026-08-09 09:17:09] FairyGUI: 已导出包组件清单到 /data/user/0/com.lommir.client.monogame.android/files/Cache/Mobile/Runtime/FairyGui-PackageComponentList.txt
[2026-08-09 09:17:09] FairyGUI: SafeArea(Overlay) px=0,0,1520,855 scaleFactor=1 -> ui=0,0,1520,855
[2026-08-09 09:17:09] FairyGUI: DoubleDJoystick 动效绑定等待主界面创建（稍后自动重试）。
[2026-08-09 09:17:09] FairyGUI: MobileMainHud 后台预取启动，Pkg=UIRes Atlases=11
[2026-08-09 09:17:09] FairyGUI: MobileMainHud 后台字节预取 1/11 file=UIRes_atlas0
[2026-08-09 09:17:09] FairyGUI: MobileMainHud 后台字节预取 2/11 file=UIRes_atlas0_1
[2026-08-09 09:17:09] FairyGUI: MobileMainHud 后台字节预取 3/11 file=UIRes_atlas0_2
[2026-08-09 09:17:09] FairyGUI: MobileMainHud 后台字节预取 4/11 file=UIRes_atlas0_3
[2026-08-09 09:17:10] FairyGUI: MobileMainHud 后台字节预取 5/11 file=UIRes_atlas0_4
[2026-08-09 09:17:10] FairyGUI: MobileMainHud 后台字节预取 6/11 file=UIRes_atlas0_5
[2026-08-09 09:17:10] FairyGUI: MobileMainHud 后台字节预取 7/11 file=UIRes_atlas0_6
[2026-08-09 09:17:10] FairyGUI: MobileMainHud 后台字节预取 8/11 file=UIRes_atlas0_7
[2026-08-09 09:17:10] FairyGUI: MobileMainHud 后台字节预取 9/11 file=UIRes_atlas0_8
[2026-08-09 09:17:10] FairyGUI: MobileMainHud 后台字节预取 10/11 file=UIRes_atlas0_9
[2026-08-09 09:17:10] FairyGUI: MobileMainHud 后台字节预取 11/11 file=UIRes_atlas0_10
[2026-08-09 09:17:10] FairyGUI: MobileMainHud 后台字节预取完成，Pkg=UIRes Atlases=11 TotalMs=0
[2026-08-09 09:17:10] FairyGUI: MobileMainHud 贴图预热 1/11 file=UIRes_atlas0 Ms=1033
[2026-08-09 09:17:13] FairyGUI: MobileMainHud 贴图预热 2/11 file=UIRes_atlas0_1 Ms=1998
[2026-08-09 09:17:14] FairyGUI: DoubleDJoystick 动效绑定等待主界面创建（稍后自动重试）。
[2026-08-09 09:17:14] ClientVersionHash=aab3d05182c67c2f8bf22eef1016dd8f Source=/system/bin/app_process64
[2026-08-09 09:17:16] FairyGUI: MobileMainHud 贴图预热 3/11 file=UIRes_atlas0_2 Ms=1629
[2026-08-09 09:17:16] 握手通过：ClientVersion=OK，已进入登录界面。
[2026-08-09 09:17:16] SmokeTest 自动注册发起：Account=codexp10809（PasswordLen=9）。
[2026-08-09 09:17:18] FairyGUI: MobileMainHud 贴图预热 4/11 file=UIRes_atlas0_3 Ms=1872
[2026-08-09 09:17:18] FairyGUI: DoubleDJoystick 动效绑定等待主界面创建（稍后自动重试）。
[2026-08-09 09:17:18] SmokeTest 自动注册返回：Result=7（0=禁用/限流 1=账号格式 2=密码格式 7=已存在 8=成功）。
[2026-08-09 09:17:18] SmokeTest 自动登录发起：Account=codexp10809（PasswordLen=9）。
[2026-08-09 09:17:19] FairyGUI: MobileMainHud 贴图预热 5/11 file=UIRes_atlas0_4 Ms=1266
[2026-08-09 09:17:19] 登录成功：Characters=1，准备进入选角。
[2026-08-09 09:17:21] FairyGUI: MobileMainHud 贴图预热 6/11 file=UIRes_atlas0_5 Ms=1436
[2026-08-09 09:17:22] FairyGUI: MobileMainHud 贴图预热 7/11 file=UIRes_atlas0_6 Ms=1207
[2026-08-09 09:17:22] FairyGUI: DoubleDJoystick 动效绑定等待主界面创建（稍后自动重试）。
[2026-08-09 09:17:23] FairyGUI: MobileMainHud 贴图预热 8/11 file=UIRes_atlas0_7 Ms=1359
[2026-08-09 09:17:25] FairyGUI: MobileMainHud 贴图预热 9/11 file=UIRes_atlas0_8 Ms=1548
[2026-08-09 09:17:25] FairyGUI: DoubleDJoystick 动效绑定等待主界面创建（稍后自动重试）。
[2026-08-09 09:17:26] FairyGUI: MobileMainHud 贴图预热 10/11 file=UIRes_atlas0_9 Ms=1229
[2026-08-09 09:17:27] FairyGUI: MobileMainHud 贴图预热 11/11 file=UIRes_atlas0_10 Ms=768
[2026-08-09 09:17:27] FairyGUI: MobileMainHud 贴图预热完成，Pkg=UIRes Atlases=11 TotalMs=16965
[2026-08-09 09:17:28] FairyGUI: DoubleDJoystick 动效绑定等待主界面创建（稍后自动重试）。
[2026-08-09 09:17:28] 进入选角界面：Characters=1
[2026-08-09 09:17:28] SmokeTest 选角命中：CharacterName=P1Hero809，SelectedIndex=0。
[2026-08-09 09:17:28] SmokeTest 自动进图：发送 StartGame（SelectedIndex=0, CharacterIndex=11）。
[2026-08-09 09:17:29] 进入地图：StartGame=OK，创建 GameScene。
[2026-08-09 09:17:29] 进入地图：准备 new GameScene（v20260328-asynclog）。
[2026-08-09 09:17:29] 进入地图：GameScene 构造开始（v20260328-asynclog）。
[2026-08-09 09:17:29] 进入地图：GameScene 已创建。
[2026-08-09 09:17:29] 进入地图：开始初始化移动端 Overlay（FairyGUI 主界面）。
[2026-08-09 09:17:29] FairyGUI: 开始创建主界面（UI/主界面_MainUI）
[2026-08-09 09:17:29] FairyGUI: CreateObject 前置：Stopwatch 已启动。
[2026-08-09 09:17:29] FairyGUI: CreateObject 前置：TraceDepth 已递增到 1。
[2026-08-09 09:17:29] FairyGUI: 即将调用 UIPackage.CreateObject（UI/主界面_MainUI）。
[2026-08-09 09:17:29] FairyGUI: [CreateObject] static 入口 pkgName=UI resName=主界面_MainUI
[2026-08-09 09:17:29] FairyGUI: [CreateObject] static GetByName 开始 pkgName=UI
[2026-08-09 09:17:29] FairyGUI: [GetByName] TryGetValue 开始 name=UI
[2026-08-09 09:17:29] FairyGUI: [GetByName] TryGetValue 命中（0ms） name=UI
[2026-08-09 09:17:29] FairyGUI: [CreateObject] static GetByName 返回（0ms） pkg=UI
[2026-08-09 09:17:29] FairyGUI: [CreateObject] static pkg.CreateObject 开始 pkg=UI resName=主界面_MainUI
[2026-08-09 09:17:29] FairyGUI: [CreateObject] pkg.CreateObject(string) 入口 pkg=UI resName=主界面_MainUI itemsByName=65
[2026-08-09 09:17:29] FairyGUI: [CreateObject] pkg._itemsByName.TryGetValue 开始 pkg=UI resName=主界面_MainUI
[2026-08-09 09:17:29] FairyGUI: [CreateObject] pkg._itemsByName.TryGetValue 命中（0ms） pkg=UI resName=主界面_MainUI itemType=Component
[2026-08-09 09:17:29] FairyGUI: [CreateObject] 开始 pkg=UI item=主界面_MainUI type=Component
[2026-08-09 09:17:29] FairyGUI: [CreateObject] GetItemAsset 完成（0ms） pkg=UI item=主界面_MainUI file=
[2026-08-09 09:17:29] FairyGUI: [CreateObject] ConstructFromResource 开始 obj=GComponent pkg=UI item=主界面_MainUI
[2026-08-09 09:17:29] FairyGUI: [LoadSound] 开始 pkg=Sounds file=Sounds_3272i
[2026-08-09 09:17:29] FairyGUI: [LoadSound] OpenSoundStream 开始 file=Sounds_3272i
[2026-08-09 09:17:29] FairyGUI: [LoadSound] OpenSoundStream 完成（0ms） file=Sounds_3272i
[2026-08-09 09:17:29] FairyGUI: [LoadSound] Decode 开始 file=Sounds_3272i
[2026-08-09 09:17:29] FairyGUI: [LoadSound] Decode 完成（0ms） file=Sounds_3272i
[2026-08-09 09:17:29] FairyGUI: [LoadSound] 完成（1ms） pkg=Sounds file=Sounds_3272i
[2026-08-09 09:17:29] FairyGUI: [CreateObject] 开始 pkg=UIRes item=BottomAuPickupBtn type=Component
[2026-08-09 09:17:29] FairyGUI: [CreateObject] GetItemAsset 完成（0ms） pkg=UIRes item=BottomAuPickupBtn file=
[2026-08-09 09:17:29] FairyGUI: [CreateObject] ConstructFromResource 开始 obj=GButton pkg=UIRes item=BottomAuPickupBtn
[2026-08-09 09:17:29] FairyGUI: [CreateObject] ConstructFromResource 完成（0ms） obj=GButton pkg=UIRes item=BottomAuPickupBtn
[2026-08-09 09:17:29] FairyGUI: [CreateObject] 开始 pkg=UIRes item=RightUIProWin type=Component
[2026-08-09 09:17:29] FairyGUI: [CreateObject] GetItemAsset 完成（0ms） pkg=UIRes item=RightUIProWin file=
[2026-08-09 09:17:29] FairyGUI: [CreateObject] ConstructFromResource 开始 obj=GComponent pkg=UIRes item=RightUIProWin
[2026-08-09 09:17:29] FairyGUI: [CreateObject] ConstructFromResource 完成（4ms） obj=GComponent pkg=UIRes item=RightUIProWin
[2026-08-09 09:17:29] FairyGUI: [CreateObject] 开始 pkg=UIRes item=ComPetWin type=Component
[2026-08-09 09:17:29] FairyGUI: [CreateObject] GetItemAsset 完成（0ms） pkg=UIRes item=ComPetWin file=
[2026-08-09 09:17:29] FairyGUI: [CreateObject] ConstructFromResource 开始 obj=GComponent pkg=UIRes item=ComPetWin
[2026-08-09 09:17:29] FairyGUI: [CreateObject] ConstructFromResource 完成（0ms） obj=GComponent pkg=UIRes item=ComPetWin
[2026-08-09 09:17:29] FairyGUI: [CreateObject] 开始 pkg=UIRes item=DBtnAuto type=Component
[2026-08-09 09:17:29] FairyGUI: [CreateObject] GetItemAsset 完成（0ms） pkg=UIRes item=DBtnAuto file=
[2026-08-09 09:17:29] FairyGUI: [CreateObject] ConstructFromResource 开始 obj=GButton pkg=UIRes item=DBtnAuto
[2026-08-09 09:17:29] FairyGUI: [CreateObject] ConstructFromResource 完成（0ms） obj=GButton pkg=UIRes item=DBtnAuto
[2026-08-09 09:17:29] FairyGUI: [CreateObject] 开始 pkg=UIRes item=RigPetItemBtn1 type=Component
[2026-08-09 09:17:29] FairyGUI: [CreateObject] GetItemAsset 完成（0ms） pkg=UIRes item=RigPetItemBtn1 file=
[2026-08-09 09:17:29] FairyGUI: [CreateObject] ConstructFromResource 开始 obj=GButton pkg=UIRes item=RigPetItemBtn1
[2026-08-09 09:17:29] FairyGUI: [CreateObject] ConstructFromResource 完成（0ms） obj=GButton pkg=UIRes item=RigPetItemBtn1
[2026-08-09 09:17:29] FairyGUI: [CreateObject] 开始 pkg=UIRes item=RigPetItemBtn3 type=Component
[2026-08-09 09:17:29] FairyGUI: [CreateObject] GetItemAsset 完成（0ms） pkg=UIRes item=RigPetItemBtn3 file=
[2026-08-09 09:17:29] FairyGUI: [CreateObject] ConstructFromResource 开始 obj=GButton pkg=UIRes item=RigPetItemBtn3
[2026-08-09 09:17:29] FairyGUI: [CreateObject] ConstructFromResource 完成（0ms） obj=GButton pkg=UIRes item=RigPetItemBtn3
[2026-08-09 09:17:29] FairyGUI: [CreateObject] 开始 pkg=UIRes item=RigPetItemBtn4 type=Component
[2026-08-09 09:17:29] FairyGUI: [CreateObject] GetItemAsset 完成（0ms） pkg=UIRes item=RigPetItemBtn4 file=
[2026-08-09 09:17:29] FairyGUI: [CreateObject] ConstructFromResource 开始 obj=GButton pkg=UIRes item=RigPetItemBtn4
[2026-08-09 09:17:29] FairyGUI: [CreateObject] ConstructFromResource 完成（0ms） obj=GButton pkg=UIRes item=RigPetItemBtn4
[2026-08-09 09:17:29] FairyGUI: [CreateObject] 开始 pkg=UIRes item=bagItem type=Component
[2026-08-09 09:17:29] FairyGUI: [CreateObject] GetItemAsset 完成（0ms） pkg=UIRes item=bagItem file=
[2026-08-09 09:17:29] FairyGUI: [CreateObject] ConstructFromResource 开始 obj=GComponent pkg=UIRes item=bagItem
[2026-08-09 09:17:29] FairyGUI: [CreateObject] ConstructFromResource 完成（0ms） obj=GComponent pkg=UIRes item=bagItem
[2026-08-09 09:17:29] FairyGUI: [CreateObject] 开始 pkg=UIRes item=bagItem type=Component
[2026-08-09 09:17:29] FairyGUI: [CreateObject] GetItemAsset 完成（0ms） pkg=UIRes item=bagItem file=
[2026-08-09 09:17:29] FairyGUI: [CreateObject] ConstructFromResource 开始 obj=GComponent pkg=UIRes item=bagItem
[2026-08-09 09:17:29] FairyGUI: [CreateObject] ConstructFromResource 完成（0ms） obj=GComponent pkg=UIRes item=bagItem
[2026-08-09 09:17:29] FairyGUI: [CreateObject] 开始 pkg=UIRes item=bagItem type=Component
[2026-08-09 09:17:29] FairyGUI: [CreateObject] GetItemAsset 完成（0ms） pkg=UIRes item=bagItem file=
[2026-08-09 09:17:29] FairyGUI: [CreateObject] ConstructFromResource 开始 obj=GComponent pkg=UIRes item=bagItem
[2026-08-09 09:17:29] FairyGUI: [CreateObject] ConstructFromResource 完成（0ms） obj=GComponent pkg=UIRes item=bagItem
[2026-08-09 09:17:29] FairyGUI: [CreateObject] 开始 pkg=UIRes item=bagItem type=Component
[2026-08-09 09:17:29] FairyGUI: [CreateObject] GetItemAsset 完成（0ms） pkg=UIRes item=bagItem file=
[2026-08-09 09:17:29] FairyGUI: [CreateObject] ConstructFromResource 开始 obj=GComponent pkg=UIRes item=bagItem
[2026-08-09 09:17:29] FairyGUI: [CreateObject] ConstructFromResource 完成（0ms） obj=GComponent pkg=UIRes item=bagItem
[2026-08-09 09:17:29] FairyGUI: [CreateObject] 开始 pkg=UIRes item=bagItem type=Component
[2026-08-09 09:17:29] FairyGUI: [CreateObject] GetItemAsset 完成（0ms） pkg=UIRes item=bagItem file=
[2026-08-09 09:17:29] FairyGUI: [CreateObject] ConstructFromResource 开始 obj=GComponent pkg=UIRes item=bagItem
[2026-08-09 09:17:29] FairyGUI: [CreateObject] ConstructFromResource 完成（0ms） obj=GComponent pkg=UIRes item=bagItem
[2026-08-09 09:17:29] FairyGUI: [CreateObject] 开始 pkg=UIRes item=bagItem type=Component
[2026-08-09 09:17:29] FairyGUI: [CreateObject] GetItemAsset 完成（0ms） pkg=UIRes item=bagItem file=
[2026-08-09 09:17:29] FairyGUI: [CreateObject] ConstructFromResource 开始 obj=GComponent pkg=UIRes item=bagItem
[2026-08-09 09:17:29] FairyGUI: [CreateObject] ConstructFromResource 完成（0ms） obj=GComponent pkg=UIRes item=bagItem
[2026-08-09 09:17:29] FairyGUI: [LoadSound] 开始 pkg=Sounds file=Sounds_g2d28
[2026-08-09 09:17:29] FairyGUI: [LoadSound] OpenSoundStream 开始 file=Sounds_g2d28
[2026-08-09 09:17:29] FairyGUI: [LoadSound] OpenSoundStream 完成（0ms） file=Sounds_g2d28
[2026-08-09 09:17:29] FairyGUI: [LoadSound] Decode 开始 file=Sounds_g2d28
[2026-08-09 09:17:29] FairyGUI: [LoadSound] Decode 完成（0ms） file=Sounds_g2d28
[2026-08-09 09:17:29] FairyGUI: [LoadSound] 完成（0ms） pkg=Sounds file=Sounds_g2d28
[2026-08-09 09:17:29] FairyGUI: [CreateObject] 开始 pkg=UIRes item=TargetListItem type=Component
[2026-08-09 09:17:29] FairyGUI: [CreateObject] GetItemAsset 完成（0ms） pkg=UIRes item=TargetListItem file=
[2026-08-09 09:17:29] FairyGUI: [CreateObject] ConstructFromResource 开始 obj=GButton pkg=UIRes item=TargetListItem
[2026-08-09 09:17:29] FairyGUI: [CreateObject] ConstructFromResource 完成（0ms） obj=GButton pkg=UIRes item=TargetListItem
[2026-08-09 09:17:29] FairyGUI: [CreateObject] 开始 pkg=UIRes item=TargetListItem type=Component
[2026-08-09 09:17:29] FairyGUI: [CreateObject] GetItemAsset 完成（0ms） pkg=UIRes item=TargetListItem file=
[2026-08-09 09:17:29] FairyGUI: [CreateObject] ConstructFromResource 开始 obj=GButton pkg=UIRes item=TargetListItem
[2026-08-09 09:17:29] FairyGUI: [CreateObject] ConstructFromResource 完成（0ms） obj=GButton pkg=UIRes item=TargetListItem
[2026-08-09 09:17:29] FairyGUI: [CreateObject] 开始 pkg=UIRes item=TargetListItem type=Component
[2026-08-09 09:17:29] FairyGUI: [CreateObject] GetItemAsset 完成（0ms） pkg=UIRes item=TargetListItem file=
[2026-08-09 09:17:29] FairyGUI: [CreateObject] ConstructFromResource 开始 obj=GButton pkg=UIRes item=TargetListItem
[2026-08-09 09:17:29] FairyGUI: [CreateObject] ConstructFromResource 完成（0ms） obj=GButton pkg=UIRes item=TargetListItem
[2026-08-09 09:17:29] FairyGUI: [CreateObject] 开始 pkg=UIRes item=TargetListItem type=Component
[2026-08-09 09:17:29] FairyGUI: [CreateObject] GetItemAsset 完成（0ms） pkg=UIRes item=TargetListItem file=
[2026-08-09 09:17:29] FairyGUI: [CreateObject] ConstructFromResource 开始 obj=GButton pkg=UIRes item=TargetListItem
[2026-08-09 09:17:29] FairyGUI: [CreateObject] ConstructFromResource 完成（0ms） obj=GButton pkg=UIRes item=TargetListItem
[2026-08-09 09:17:29] FairyGUI: [LoadSound] 开始 pkg=Sounds file=Sounds_w0d00
[2026-08-09 09:17:29] FairyGUI: [LoadSound] OpenSoundStream 开始 file=Sounds_w0d00
[2026-08-09 09:17:29] FairyGUI: [LoadSound] OpenSoundStream 完成（0ms） file=Sounds_w0d00
[2026-08-09 09:17:29] FairyGUI: [LoadSound] Decode 开始 file=Sounds_w0d00
[2026-08-09 09:17:29] FairyGUI: [LoadSound] Decode 完成（0ms） file=Sounds_w0d00
[2026-08-09 09:17:29] FairyGUI: [LoadSound] 完成（0ms） pkg=Sounds file=Sounds_w0d00
[2026-08-09 09:17:29] FairyGUI: [CreateObject] 开始 pkg=UIRes item=bagItem type=Component
[2026-08-09 09:17:29] FairyGUI: [CreateObject] GetItemAsset 完成（0ms） pkg=UIRes item=bagItem file=
[2026-08-09 09:17:29] FairyGUI: [CreateObject] ConstructFromResource 开始 obj=GComponent pkg=UIRes item=bagItem
[2026-08-09 09:17:29] FairyGUI: [CreateObject] ConstructFromResource 完成（0ms） obj=GComponent pkg=UIRes item=bagItem
[2026-08-09 09:17:29] FairyGUI: [CreateObject] 开始 pkg=UIRes item=bagItem type=Component
[2026-08-09 09:17:29] FairyGUI: [CreateObject] GetItemAsset 完成（0ms） pkg=UIRes item=bagItem file=
[2026-08-09 09:17:29] FairyGUI: [CreateObject] ConstructFromResource 开始 obj=GComponent pkg=UIRes item=bagItem
[2026-08-09 09:17:29] FairyGUI: [CreateObject] ConstructFromResource 完成（1ms） obj=GComponent pkg=UIRes item=bagItem
[2026-08-09 09:17:29] FairyGUI: [CreateObject] 开始 pkg=UIRes item=bagItem type=Component
[2026-08-09 09:17:29] FairyGUI: [CreateObject] GetItemAsset 完成（0ms） pkg=UIRes item=bagItem file=
[2026-08-09 09:17:29] FairyGUI: [CreateObject] ConstructFromResource 开始 obj=GComponent pkg=UIRes item=bagItem
[2026-08-09 09:17:29] FairyGUI: [CreateObject] ConstructFromResource 完成（2ms） obj=GComponent pkg=UIRes item=bagItem
[2026-08-09 09:17:29] FairyGUI: [CreateObject] 开始 pkg=UIRes item=bagItem type=Component
[2026-08-09 09:17:29] FairyGUI: [CreateObject] GetItemAsset 完成（0ms） pkg=UIRes item=bagItem file=
[2026-08-09 09:17:29] FairyGUI: [CreateObject] ConstructFromResource 开始 obj=GComponent pkg=UIRes item=bagItem
[2026-08-09 09:17:29] FairyGUI: [CreateObject] ConstructFromResource 完成（0ms） obj=GComponent pkg=UIRes item=bagItem
[2026-08-09 09:17:29] FairyGUI: [CreateObject] 开始 pkg=UIRes item=bagItem type=Component
[2026-08-09 09:17:29] FairyGUI: [CreateObject] GetItemAsset 完成（0ms） pkg=UIRes item=bagItem file=
[2026-08-09 09:17:29] FairyGUI: [CreateObject] ConstructFromResource 开始 obj=GComponent pkg=UIRes item=bagItem
[2026-08-09 09:17:29] FairyGUI: [CreateObject] ConstructFromResource 完成（1ms） obj=GComponent pkg=UIRes item=bagItem
[2026-08-09 09:17:29] FairyGUI: [CreateObject] 开始 pkg=UIRes item=bagItem type=Component
[2026-08-09 09:17:29] FairyGUI: [CreateObject] GetItemAsset 完成（0ms） pkg=UIRes item=bagItem file=
[2026-08-09 09:17:29] FairyGUI: [CreateObject] ConstructFromResource 开始 obj=GComponent pkg=UIRes item=bagItem
[2026-08-09 09:17:29] FairyGUI: [CreateObject] ConstructFromResource 完成（0ms） obj=GComponent pkg=UIRes item=bagItem
[2026-08-09 09:17:29] FairyGUI: [CreateObject] 开始 pkg=UIRes item=DScrollBar type=Component
[2026-08-09 09:17:29] FairyGUI: [CreateObject] GetItemAsset 完成（0ms） pkg=UIRes item=DScrollBar file=
[2026-08-09 09:17:29] FairyGUI: [CreateObject] ConstructFromResource 开始 obj=GScrollBar pkg=UIRes item=DScrollBar
[2026-08-09 09:17:29] FairyGUI: [CreateObject] ConstructFromResource 完成（1ms） obj=GScrollBar pkg=UIRes item=DScrollBar
[2026-08-09 09:17:29] FairyGUI: [CreateObject] ConstructFromResource 完成（79ms） obj=GComponent pkg=UI item=主界面_MainUI
[2026-08-09 09:17:29] FairyGUI: CreateObject 后置：TraceDepth 已递减到 0。
[2026-08-09 09:17:29] FairyGUI: CreateObject 完成（82ms）
[2026-08-09 09:17:29] FairyGUI: 主界面挂载完成（1ms）
[2026-08-09 09:17:29] FairyGUI: SafeArea(MainHud) px=0,0,1520,855 scaleFactor=1 -> ui=0,0,1520,855
[2026-08-09 09:17:29] FairyGUI: EnsureMobileMainHudLayout 完成（0ms）
[2026-08-09 09:17:29] FairyGUI: 主界面核心节点状态(ApplyDefaults)
  DMinMapUI=idx=0 path=DMinMapUI name=DMinMapUI item=DMinMapUI title=(null) url=ui://jk0io98jruoyn2r3 rect=1223.13,0,294.5,195.94 exported gfx=null touchable=True visible=True chain=DMinMapUI(v=1,a=1) <- (v=1,a=1)
  DStateWindow=idx=1 path=DStateWindow name=DStateWindow item=DStateWindow title=(null) url=ui://jk0io98jv9b16t rect=1.19,3.56,496.38,52.25 exported gfx=null touchable=True visible=True chain=DStateWindow(v=1,a=1) <- (v=1,a=1)
  TaskAndRanksPanel=idx=3 path=TaskAndRanksPanel name=TaskAndRanksPanel item=TaskAndRanksPanel title=(null) url=ui://jk0io98jtd9ga rect=2.38,81.94,356.25,249.38 exported gfx=null touchable=True visible=True chain=TaskAndRanksPanel(v=1,a=1) <- (v=1,a=1)
  DFunBtms=idx=4 path=DFunBtms name=DFunBtms item=DFunBtms title=(null) url=ui://jk0io98jk02tn1v2 rect=1056.88,197.13,460.75,359.81 exported gfx=null touchable=True visible=True chain=DFunBtms(v=1,a=1) <- (v=1,a=1)
  BottomUI=idx=5 path=BottomUI name=BottomUI item=BottomUI title=(null) url=ui://jk0io98jv9b119 rect=760,755.25,1520,199.5 exported gfx=null touchable=True visible=True chain=BottomUI(v=1,a=1) <- (v=1,a=1)
  BottomPCUI=idx=8 path=BottomPCUI name=BottomPCUI item=DBottom title=(null) url=ui://jk0io98jj3e21or rect=0,553.38,1520,301.63 exported gfx=null touchable=False visible=False chain=BottomPCUI(v=0,a=1) <- (v=1,a=1)
  DArrackModelUI=idx=7 path=DArrackModelUI name=DArrackModelUI item=DArrackModelUI title=(null) url=ui://jk0io98jv9b1g0 rect=1091.31,371.69,427.5,422.75 exported gfx=null touchable=True visible=True chain=DArrackModelUI(v=1,a=1) <- (v=1,a=1)
  DoubleDJoystick=idx=9 path=DoubleDJoystick name=DoubleDJoystick item=DoubleDJoystick title=(null) url=ui://jk0io98jgcp1n1pi rect=-2.38,376.44,498.75,375.25 exported gfx=null touchable=True visible=True chain=DoubleDJoystick(v=1,a=1) <- (v=1,a=1)
  BottomUI/bg=idx=5/0 path=BottomUI/bg name=bg item=Bottom_00135 title=(null) url=ui://jk0io98jldxan23d rect=482.13,686.38,99.75,99.75 exported gfx=84x84/root=2048x2048/rot=0 touchable=True visible=True chain=bg(v=1,a=1) <- BottomUI(v=1,a=1) <- (v=1,a=1)
  BottomUI/DHPBall=idx=5/1 path=BottomUI/DHPBall name=DHPBall item=Bottom_00138 title=(null) url=ui://jk0io98jldxan23e rect=480.94,686.38,49.88,99.75 exported gfx=42x84/root=2048x1024/rot=0 touchable=True visible=True chain=DHPBall(v=1,a=1) <- BottomUI(v=1,a=1) <- (v=1,a=1)
  BottomUI/DMPBall=idx=5/2 path=BottomUI/DMPBall name=DMPBall item=Bottom_00137 title=(null) url=ui://jk0io98jldxan23f rect=534.38,686.38,49.88,99.75 exported gfx=42x84/root=2048x1024/rot=0 touchable=True visible=True chain=DMPBall(v=1,a=1) <- BottomUI(v=1,a=1) <- (v=1,a=1)
  DoubleDJoystick/joystick_center_1=idx=9/4 path=DoubleDJoystick/joystick_center_1 name=joystick_center_1 item=Bottom_00343 title=(null) url=ui://jk0io98jldxan274 rect=47.5,559.31,142.5,140.13 exported gfx=160x158/root=2048x2048/rot=0 touchable=True visible=True chain=joystick_center_1(v=1,a=1) <- DoubleDJoystick(v=1,a=1) <- (v=1,a=1)
  DoubleDJoystick/joystick_center_2=idx=9/0 path=DoubleDJoystick/joystick_center_2 name=joystick_center_2 item=Bottom_00343 title=(null) url=ui://jk0io98jldxan274 rect=217.31,435.81,190,187.63 exported gfx=160x158/root=2048x2048/rot=0 touchable=True visible=True chain=joystick_center_2(v=1,a=1) <- DoubleDJoystick(v=1,a=1) <- (v=1,a=1)
  DoubleDJoystick/joystick_1=idx=9/6 path=DoubleDJoystick/joystick_1 name=joystick_1 item=joystick_1 title= url=ui://jk0io98jgcp1n1pg rect=78.38,587.81,84.31,84.31 exported gfx=null touchable=True visible=True chain=joystick_1(v=1,a=1) <- DoubleDJoystick(v=1,a=1) <- (v=1,a=1)
  DoubleDJoystick/joystick_2=idx=9/2 path=DoubleDJoystick/joystick_2 name=joystick_2 item=joystick_2 title= url=ui://jk0io98jgcp1n1ph rect=270.75,488.06,84.31,84.31 exported gfx=null touchable=True visible=True chain=joystick_2(v=1,a=1) <- DoubleDJoystick(v=1,a=1) <- (v=1,a=1)
[2026-08-09 09:17:29] FairyGUI: Clamp(DFunBtms) anchor=idx=4/4 path=DFunBtms/DBtnShow name=DBtnShow item=DBtnShow title= url=ui://jk0io98jk02tn1ut rect=1423.75,285,90.25,83.13 exported gfx=null touchable=True visible=True moveTarget=idx=4 path=DFunBtms name=DFunBtms item=DFunBtms title=(null) url=ui://jk0io98jk02tn1v2 rect=1054.44,197.13,460.75,359.81 exported gfx=null touchable=True visible=True move=(-2.44,0) rect=1426.19,285,90.25,83.13 safe=0,0,1520,855
[2026-08-09 09:17:29] FairyGUI: 已导出主界面树到 /data/user/0/com.lommir.client.monogame.android/files/Cache/Mobile/Runtime/FairyGui-MobileMainHudTree.txt
[2026-08-09 09:17:29] FairyGUI: TryDumpMobileMainHudTreeIfDue 返回（28ms）
[2026-08-09 09:17:29] FairyGUI: 已绑定按钮[拾取] -> idx=10/7/2 path=DFunBtms/RigFunctionList/(null) name= item=BottomAuPickupBtn title= url=ui://jk0io98jk02tn1v0 rect=1079.38,289.75,74.81,74.81 exported touchable=True visible=True
[2026-08-09 09:17:29] FairyGUI: 已绑定按钮[自动跑] -> idx=4/11 path=BottomUI/DRun name=DRun item=(null) title=(null) url=(null) rect=4.75,720.81,108.06,93.81 internal touchable=True visible=True
[2026-08-09 09:17:29] FairyGUI: 已绑定按钮[自动打] -> idx=4/18/1 path=BottomUI/AutoFight/BtnAutoFight name=BtnAutoFight item=BtnAutoFight title= url=ui://jk0io98jv9b11h rect=874,590.19,49.88,51.06 exported touchable=True visible=True
[2026-08-09 09:17:29] FairyGUI: 已绑定按钮[模式] -> idx=6/4 path=DArrackModelUI/DBtnAttack0 name=DBtnAttack0 item=DBtnAttack0 title= url=ui://jk0io98jv9b1fd rect=1312.19,586.63,142.5,142.5 exported touchable=True visible=True
[2026-08-09 09:17:29] FairyGUI: 已绑定按钮[技能] -> idx=6/1/0 path=DArrackModelUI/DBtnAttack2/skill name=skill item=(null) title=(null) url=(null) rect=1201.75,572.38,95,95 internal touchable=True visible=True
[2026-08-09 09:17:29] FairyGUI: 已绑定按钮[角色] -> idx=10/10 path=DFunBtms/DBtnState name=DBtnState item=DBtnState title= url=ui://jk0io98jk02tn1ur rect=1379.81,237.5,80.75,80.75 exported touchable=True visible=True
[2026-08-09 09:17:29] FairyGUI: 已绑定按钮[背包] -> idx=10/11 path=DFunBtms/DBtnBag name=DBtnBag item=DBtnBag title= url=ui://jk0io98jk02tn1uq rect=1473.63,237.5,80.75,80.75 exported touchable=True visible=True
[2026-08-09 09:17:29] FairyGUI: 已绑定按钮[师徒] -> idx=10 path=__codex_mobile_mentor_hud_fallback name=__codex_mobile_mentor_hud_fallback item=(null) title=师徒 url=(null) rect=1368,779,133,57 internal touchable=True visible=True
[2026-08-09 09:17:29] FairyGUI: 已绑定按钮[关系] -> idx=11 path=__codex_mobile_marriage_hud_fallback name=__codex_mobile_marriage_hud_fallback item=(null) title=关系 url=(null) rect=1368,710.13,133,57 internal touchable=True visible=True
[2026-08-09 09:17:29] FairyGUI: 已绑定按钮[坐骑] -> idx=12 path=__codex_mobile_mount_hud_fallback name=__codex_mobile_mount_hud_fallback item=(null) title=坐骑 url=(null) rect=1368,643.63,133,57 internal touchable=True visible=True
[2026-08-09 09:17:29] FairyGUI: 已绑定按钮[钓鱼] -> idx=13 path=__codex_mobile_fishing_hud_fallback name=__codex_mobile_fishing_hud_fallback item=(null) title=钓鱼 url=(null) rect=1368,510.63,133,57 internal touchable=True visible=True
[2026-08-09 09:17:29] FairyGUI: 已绑定按钮[封印/租赁] -> idx=14 path=__codex_mobile_seal_rental_hud_fallback name=__codex_mobile_seal_rental_hud_fallback item=(null) title=封印/租赁 url=(null) rect=1368,577.13,133,57 internal touchable=True visible=True
[2026-08-09 09:17:29] FairyGUI: 已绑定按钮[活动/赏金] -> idx=15 path=__codex_mobile_activity_hud_fallback name=__codex_mobile_activity_hud_fallback item=(null) title=活动/赏金 url=(null) rect=1368,444.13,133,57 internal touchable=True visible=True
[2026-08-09 09:17:29] FairyGUI: 已绑定按钮[聊天] -> idx=4/8 path=BottomUI/DChatWindow name=DChatWindow item=(null) title=(null) url=(null) rect=651.94,736.25,418,81.94 internal touchable=True visible=True
[2026-08-09 09:17:29] FairyGUI: 已绑定按钮[大地图] -> idx=0/4 path=DMinMapUI/DBtnMinMap name=DBtnMinMap item=DBtnMinMap title= url=ui://jk0io98jruoyn2r1 rect=1224.31,0,42.75,42.75 exported touchable=True visible=True
[2026-08-09 09:17:29] FairyGUI: 主界面按钮绑定未完全命中，待补充映射：攻击、英雄、商店、系统
[2026-08-09 09:17:29] FairyGUI: TryBindMobileMainHudButtonsIfDue 返回（178ms）
[2026-08-09 09:17:29] FairyGUI: 主界面已创建（UI/主界面_MainUI）
[2026-08-09 09:17:29] FairyGUI: 主界面创建总耗时 330ms
[2026-08-09 09:17:29] 进入地图：移动端 Overlay 初始化调用已返回。
[2026-08-09 09:17:29] 进入地图：GameScene 构造已返回，准备释放 SelectScene。
[2026-08-09 09:17:29] 进入地图：SelectScene 已释放。
[2026-08-09 09:17:29] FairyGUI: 系统消息输出绑定到 BottomUI/DChatWindow：idx=4/8/0 path=BottomUI/DChatWindow/__codex_mobile_chattxt name=__codex_mobile_chattxt item=(null) title=(null) url=(null) rect=651.94,736.25,418,81.94 internal gfx=null touchable=False visible=True (BottomUI/DChatWindow-fallback)
[2026-08-09 09:17:29] 进入地图：收到 MapInformation FileName=0
[2026-08-09 09:17:29] 进入地图：开始后台加载地图 FileName=/data/user/0/com.lommir.client.monogame.android/files/Cache/Mobile/Maps/0.map
[2026-08-09 09:17:29] 进入地图：MapControl 已切换为后台加载（1ms）
[2026-08-09 09:17:29] FairyGUI: DoubleDJoystick 动效绑定完成：
  Walk Root=idx=8/7 path=DoubleDJoystick/joystick_touch_1 name=joystick_touch_1 item=(null) title=(null) url=(null) rect=-2.38,547.44,235.13,194.75 internal gfx=gfx:1x1/root=1x1/rot=0/pkg:null touchable=True visible=True
  Walk Knob=idx=8/6 path=DoubleDJoystick/joystick_1 name=joystick_1 item=joystick_1 title= url=ui://jk0io98jgcp1n1pg rect=78.38,587.81,84.31,84.31 exported gfx=null touchable=True visible=True
  Walk Center=idx=8/4 path=DoubleDJoystick/joystick_center_1 name=joystick_center_1 item=Bottom_00343 title=(null) url=ui://jk0io98jldxan274 rect=47.5,559.31,142.5,140.13 exported gfx=160x158/root=2048x2048/rot=0 touchable=True visible=True
  Walk Thumb=idx=8/5 path=DoubleDJoystick/direct_1 name=direct_1 item=Bottom_00344 title=(null) url=ui://jk0io98jldxan275 rect=119.94,624.63,135.38,85.5 exported gfx=152x90/root=2048x2048/rot=0 touchable=True visible=False
  Run Root=idx=8/3 path=DoubleDJoystick/joystick_touch_2 name=joystick_touch_2 item=(null) title=(null) url=(null) rect=10.69,389.5,445.31,351.5 internal gfx=gfx:1x1/root=1x1/rot=0/pkg:null touchable=True visible=True
  Run Knob=idx=8/2 path=DoubleDJoystick/joystick_2 name=joystick_2 item=joystick_2 title= url=ui://jk0io98jgcp1n1ph rect=270.75,488.06,84.31,84.31 exported gfx=null touchable=True visible=True
  Run Center=idx=8/0 path=DoubleDJoystick/joystick_center_2 name=joystick_center_2 item=Bottom_00343 title=(null) url=ui://jk0io98jldxan274 rect=217.31,435.81,190,187.63 exported gfx=160x158/root=2048x2048/rot=0 touchable=True visible=True
  Run Thumb=idx=8/1 path=DoubleDJoystick/direct_2 name=direct_2 item=Bottom_00344 title=(null) url=ui://jk0io98jldxan275 rect=312.31,523.69,180.5,114 exported gfx=152x90/root=2048x2048/rot=0 touchable=True visible=False
[2026-08-09 09:17:29] FairyGUI: 主界面小地图绑定完成：idx=0/3/0 path=DMinMapUI/DMap/item name=item item=(null) title=(null) url=(null) rect=1271.81,36.81,237.5,150.81 internal gfx=null touchable=True visible=True (DMinMapUI/DMap-largest)
[2026-08-09 09:17:29] FairyGUI: 小地图贴图已更新：Index=1 View=full Target=idx=0/3/0 path=DMinMapUI/DMap/item name=item item=(null) title=(null) url=(null) rect=1271.81,36.81,237.5,150.81 internal gfx=null touchable=True visible=True (DMinMapUI/DMap-largest) Size=(200,127) Parent=(200,127) Fill=ScaleFree AutoSize=False
[2026-08-09 09:17:29] FairyGUI: 已导出主界面技能快捷栏绑定报告到 /data/user/0/com.lommir.client.monogame.android/files/Cache/Mobile/Runtime/FairyGui-MobileMainHudSkillHotbarBindings.txt
[2026-08-09 09:17:29] FairyGUI: 主界面技能快捷栏绑定完成：Slots=8 GridRoot=idx=6 path=DArrackModelUI name=DArrackModelUI item=DArrackModelUI title=(null) url=ui://jk0io98jv9b1g0 rect=1091.31,371.69,427.5,422.75 exported gfx=null touchable=True visible=True (name:DArrackModelUI) (named)
[2026-08-09 09:17:29] FairyGUI: HUD底栏绑定 Level=idx=4/14/1 path=BottomUI/DLevel/DLevelText name=DLevelText item=(null) title=(null) url=(null) rect=381.19,827.69,92.63,20.19 internal gfx=gfx:2048x2048/root=2048x2048/rot=0/pkg:null touchable=True visible=True
[2026-08-09 09:17:29] FairyGUI: HUD底栏绑定 Weight=idx=4/8/0 path=BottomUI/DChatWindow/__codex_mobile_chattxt name=__codex_mobile_chattxt item=(null) title=(null) url=(null) rect=651.94,736.25,418,81.94 internal gfx=null touchable=False visible=True
[2026-08-09 09:17:29] FairyGUI: HUD底栏绑定 ExpBar=idx=4/16 path=BottomUI/DExpBar name=DExpBar item=DExpBar title=(null) url=ui://jk0io98jv9b11f rect=923.88,825.31,288.56,26.13 exported gfx=null touchable=True visible=True
[2026-08-09 09:17:29] FairyGUI: HUD底栏绑定 Volume=idx=4/33 path=BottomUI/textVolume name=textVolume item=(null) title=(null) url=(null) rect=1295.56,821.75,79.56,32.06 internal gfx=gfx:2048x2048/root=2048x2048/rot=0/pkg:null touchable=True visible=True
[2026-08-09 09:17:29] 进入地图：后台地图加载完成 FileName=/data/user/0/com.lommir.client.monogame.android/files/Cache/Mobile/Maps/0.map TotalMs=740 Size=700x700 Objects=22 MiniMap=1/1
[2026-08-09 09:17:29] MLibrary: 本帧贴图创建预算已用尽，延后到后续帧（避免卡顿/掉线）。Lib=Tiles.Lib Index=240 Budget=12/frame
[2026-08-09 09:17:31] FairyGUI: HUD底栏绑定 Level=idx=4/14/1 path=BottomUI/DLevel/DLevelText name=DLevelText item=(null) title=(null) url=(null) rect=381.19,827.69,92.63,20.19 internal gfx=gfx:2048x2048/root=2048x2048/rot=0/pkg:null touchable=True visible=True
[2026-08-09 09:17:31] FairyGUI: HUD底栏绑定 Weight=idx=4/8/0 path=BottomUI/DChatWindow/__codex_mobile_chattxt name=__codex_mobile_chattxt item=(null) title=(null) url=(null) rect=651.94,736.25,418,81.94 internal gfx=null touchable=False visible=True
[2026-08-09 09:17:31] FairyGUI: HUD底栏绑定 ExpBar=idx=4/16 path=BottomUI/DExpBar name=DExpBar item=DExpBar title=(null) url=ui://jk0io98jv9b11f rect=923.88,825.31,288.56,26.13 exported gfx=null touchable=True visible=True
[2026-08-09 09:17:31] FairyGUI: HUD底栏绑定 Volume=idx=4/33 path=BottomUI/textVolume name=textVolume item=(null) title=(null) url=(null) rect=1295.56,821.75,79.56,32.06 internal gfx=gfx:2048x2048/root=2048x2048/rot=0/pkg:null touchable=True visible=True
[2026-08-09 09:17:31] MLibrary: 本帧贴图创建预算已用尽，延后到后续帧（避免卡顿/掉线）。Lib=Objects.Lib Index=8465 Budget=12/frame
[2026-08-09 09:17:33] FairyGUI: HUD底栏绑定 Level=idx=4/14/1 path=BottomUI/DLevel/DLevelText name=DLevelText item=(null) title=(null) url=(null) rect=381.19,827.69,92.63,20.19 internal gfx=gfx:2048x2048/root=2048x2048/rot=0/pkg:null touchable=True visible=True
[2026-08-09 09:17:33] FairyGUI: HUD底栏绑定 Weight=idx=4/8/0 path=BottomUI/DChatWindow/__codex_mobile_chattxt name=__codex_mobile_chattxt item=(null) title=(null) url=(null) rect=651.94,736.25,418,81.94 internal gfx=null touchable=False visible=True
[2026-08-09 09:17:33] FairyGUI: HUD底栏绑定 ExpBar=idx=4/16 path=BottomUI/DExpBar name=DExpBar item=DExpBar title=(null) url=ui://jk0io98jv9b11f rect=923.88,825.31,288.56,26.13 exported gfx=null touchable=True visible=True
[2026-08-09 09:17:33] FairyGUI: HUD底栏绑定 Volume=idx=4/33 path=BottomUI/textVolume name=textVolume item=(null) title=(null) url=(null) rect=1295.56,821.75,79.56,32.06 internal gfx=gfx:2048x2048/root=2048x2048/rot=0/pkg:null touchable=True visible=True
[2026-08-09 09:17:35] FairyGUI: HUD底栏绑定 Level=idx=4/14/1 path=BottomUI/DLevel/DLevelText name=DLevelText item=(null) title=(null) url=(null) rect=381.19,827.69,92.63,20.19 internal gfx=gfx:2048x2048/root=2048x2048/rot=0/pkg:null touchable=True visible=True
[2026-08-09 09:17:35] FairyGUI: HUD底栏绑定 Weight=idx=4/8/0 path=BottomUI/DChatWindow/__codex_mobile_chattxt name=__codex_mobile_chattxt item=(null) title=(null) url=(null) rect=651.94,736.25,418,81.94 internal gfx=null touchable=False visible=True
[2026-08-09 09:17:35] FairyGUI: HUD底栏绑定 ExpBar=idx=4/16 path=BottomUI/DExpBar name=DExpBar item=DExpBar title=(null) url=ui://jk0io98jv9b11f rect=923.88,825.31,288.56,26.13 exported gfx=null touchable=True visible=True
[2026-08-09 09:17:35] FairyGUI: HUD底栏绑定 Volume=idx=4/33 path=BottomUI/textVolume name=textVolume item=(null) title=(null) url=(null) rect=1295.56,821.75,79.56,32.06 internal gfx=gfx:2048x2048/root=2048x2048/rot=0/pkg:null touchable=True visible=True
[2026-08-09 09:17:37] FairyGUI: HUD底栏绑定 Level=idx=4/14/1 path=BottomUI/DLevel/DLevelText name=DLevelText item=(null) title=(null) url=(null) rect=381.19,827.69,92.63,20.19 internal gfx=gfx:2048x2048/root=2048x2048/rot=0/pkg:null touchable=True visible=True
[2026-08-09 09:17:37] FairyGUI: HUD底栏绑定 Weight=idx=4/8/0 path=BottomUI/DChatWindow/__codex_mobile_chattxt name=__codex_mobile_chattxt item=(null) title=(null) url=(null) rect=651.94,736.25,418,81.94 internal gfx=null touchable=False visible=True
[2026-08-09 09:17:37] FairyGUI: HUD底栏绑定 ExpBar=idx=4/16 path=BottomUI/DExpBar name=DExpBar item=DExpBar title=(null) url=ui://jk0io98jv9b11f rect=923.88,825.31,288.56,26.13 exported gfx=null touchable=True visible=True
[2026-08-09 09:17:37] FairyGUI: HUD底栏绑定 Volume=idx=4/33 path=BottomUI/textVolume name=textVolume item=(null) title=(null) url=(null) rect=1295.56,821.75,79.56,32.06 internal gfx=gfx:2048x2048/root=2048x2048/rot=0/pkg:null touchable=True visible=True
[2026-08-09 09:17:39] FairyGUI: HUD底栏绑定 Level=idx=4/14/1 path=BottomUI/DLevel/DLevelText name=DLevelText item=(null) title=(null) url=(null) rect=381.19,827.69,92.63,20.19 internal gfx=gfx:2048x2048/root=2048x2048/rot=0/pkg:null touchable=True visible=True
[2026-08-09 09:17:39] FairyGUI: HUD底栏绑定 Weight=idx=4/8/0 path=BottomUI/DChatWindow/__codex_mobile_chattxt name=__codex_mobile_chattxt item=(null) title=(null) url=(null) rect=651.94,736.25,418,81.94 internal gfx=null touchable=False visible=True
[2026-08-09 09:17:39] FairyGUI: HUD底栏绑定 ExpBar=idx=4/16 path=BottomUI/DExpBar name=DExpBar item=DExpBar title=(null) url=ui://jk0io98jv9b11f rect=923.88,825.31,288.56,26.13 exported gfx=null touchable=True visible=True
[2026-08-09 09:17:39] FairyGUI: HUD底栏绑定 Volume=idx=4/33 path=BottomUI/textVolume name=textVolume item=(null) title=(null) url=(null) rect=1295.56,821.75,79.56,32.06 internal gfx=gfx:2048x2048/root=2048x2048/rot=0/pkg:null touchable=True visible=True
[2026-08-09 09:17:41] FairyGUI: HUD底栏绑定 Level=idx=4/14/1 path=BottomUI/DLevel/DLevelText name=DLevelText item=(null) title=(null) url=(null) rect=381.19,827.69,92.63,20.19 internal gfx=gfx:2048x2048/root=2048x2048/rot=0/pkg:null touchable=True visible=True
[2026-08-09 09:17:41] FairyGUI: HUD底栏绑定 Weight=idx=4/8/0 path=BottomUI/DChatWindow/__codex_mobile_chattxt name=__codex_mobile_chattxt item=(null) title=(null) url=(null) rect=651.94,736.25,418,81.94 internal gfx=null touchable=False visible=True
[2026-08-09 09:17:41] FairyGUI: HUD底栏绑定 ExpBar=idx=4/16 path=BottomUI/DExpBar name=DExpBar item=DExpBar title=(null) url=ui://jk0io98jv9b11f rect=923.88,825.31,288.56,26.13 exported gfx=null touchable=True visible=True
[2026-08-09 09:17:41] FairyGUI: HUD底栏绑定 Volume=idx=4/33 path=BottomUI/textVolume name=textVolume item=(null) title=(null) url=(null) rect=1295.56,821.75,79.56,32.06 internal gfx=gfx:2048x2048/root=2048x2048/rot=0/pkg:null touchable=True visible=True
[2026-08-09 09:17:43] FairyGUI: HUD底栏绑定 Level=idx=4/14/1 path=BottomUI/DLevel/DLevelText name=DLevelText item=(null) title=(null) url=(null) rect=381.19,827.69,92.63,20.19 internal gfx=gfx:2048x2048/root=2048x2048/rot=0/pkg:null touchable=True visible=True
[2026-08-09 09:17:43] FairyGUI: HUD底栏绑定 Weight=idx=4/8/0 path=BottomUI/DChatWindow/__codex_mobile_chattxt name=__codex_mobile_chattxt item=(null) title=(null) url=(null) rect=651.94,736.25,418,81.94 internal gfx=null touchable=False visible=True
[2026-08-09 09:17:43] FairyGUI: HUD底栏绑定 ExpBar=idx=4/16 path=BottomUI/DExpBar name=DExpBar item=DExpBar title=(null) url=ui://jk0io98jv9b11f rect=923.88,825.31,288.56,26.13 exported gfx=null touchable=True visible=True
[2026-08-09 09:17:43] FairyGUI: HUD底栏绑定 Volume=idx=4/33 path=BottomUI/textVolume name=textVolume item=(null) title=(null) url=(null) rect=1295.56,821.75,79.56,32.06 internal gfx=gfx:2048x2048/root=2048x2048/rot=0/pkg:null touchable=True visible=True
[2026-08-09 09:17:46] FairyGUI: HUD底栏绑定 Level=idx=4/14/1 path=BottomUI/DLevel/DLevelText name=DLevelText item=(null) title=(null) url=(null) rect=381.19,827.69,92.63,20.19 internal gfx=gfx:2048x2048/root=2048x2048/rot=0/pkg:null touchable=True visible=True
[2026-08-09 09:17:46] FairyGUI: HUD底栏绑定 Weight=idx=4/8/0 path=BottomUI/DChatWindow/__codex_mobile_chattxt name=__codex_mobile_chattxt item=(null) title=(null) url=(null) rect=651.94,736.25,418,81.94 internal gfx=null touchable=False visible=True
[2026-08-09 09:17:46] FairyGUI: HUD底栏绑定 ExpBar=idx=4/16 path=BottomUI/DExpBar name=DExpBar item=DExpBar title=(null) url=ui://jk0io98jv9b11f rect=923.88,825.31,288.56,26.13 exported gfx=null touchable=True visible=True
[2026-08-09 09:17:46] FairyGUI: HUD底栏绑定 Volume=idx=4/33 path=BottomUI/textVolume name=textVolume item=(null) title=(null) url=(null) rect=1295.56,821.75,79.56,32.06 internal gfx=gfx:2048x2048/root=2048x2048/rot=0/pkg:null touchable=True visible=True
[2026-08-09 09:17:48] FairyGUI: HUD底栏绑定 Level=idx=4/14/1 path=BottomUI/DLevel/DLevelText name=DLevelText item=(null) title=(null) url=(null) rect=381.19,827.69,92.63,20.19 internal gfx=gfx:2048x2048/root=2048x2048/rot=0/pkg:null touchable=True visible=True
[2026-08-09 09:17:48] FairyGUI: HUD底栏绑定 Weight=idx=4/8/0 path=BottomUI/DChatWindow/__codex_mobile_chattxt name=__codex_mobile_chattxt item=(null) title=(null) url=(null) rect=651.94,736.25,418,81.94 internal gfx=null touchable=False visible=True
[2026-08-09 09:17:48] FairyGUI: HUD底栏绑定 ExpBar=idx=4/16 path=BottomUI/DExpBar name=DExpBar item=DExpBar title=(null) url=ui://jk0io98jv9b11f rect=923.88,825.31,288.56,26.13 exported gfx=null touchable=True visible=True
[2026-08-09 09:17:48] FairyGUI: HUD底栏绑定 Volume=idx=4/33 path=BottomUI/textVolume name=textVolume item=(null) title=(null) url=(null) rect=1295.56,821.75,79.56,32.06 internal gfx=gfx:2048x2048/root=2048x2048/rot=0/pkg:null touchable=True visible=True
[2026-08-09 09:17:50] FairyGUI: HUD底栏绑定 Level=idx=4/14/1 path=BottomUI/DLevel/DLevelText name=DLevelText item=(null) title=(null) url=(null) rect=381.19,827.69,92.63,20.19 internal gfx=gfx:2048x2048/root=2048x2048/rot=0/pkg:null touchable=True visible=True
[2026-08-09 09:17:50] FairyGUI: HUD底栏绑定 Weight=idx=4/8/0 path=BottomUI/DChatWindow/__codex_mobile_chattxt name=__codex_mobile_chattxt item=(null) title=(null) url=(null) rect=651.94,736.25,418,81.94 internal gfx=null touchable=False visible=True
[2026-08-09 09:17:50] FairyGUI: HUD底栏绑定 ExpBar=idx=4/16 path=BottomUI/DExpBar name=DExpBar item=DExpBar title=(null) url=ui://jk0io98jv9b11f rect=923.88,825.31,288.56,26.13 exported gfx=null touchable=True visible=True
[2026-08-09 09:17:50] FairyGUI: HUD底栏绑定 Volume=idx=4/33 path=BottomUI/textVolume name=textVolume item=(null) title=(null) url=(null) rect=1295.56,821.75,79.56,32.06 internal gfx=gfx:2048x2048/root=2048x2048/rot=0/pkg:null touchable=True visible=True
[2026-08-09 09:17:52] FairyGUI: HUD底栏绑定 Level=idx=4/14/1 path=BottomUI/DLevel/DLevelText name=DLevelText item=(null) title=(null) url=(null) rect=381.19,827.69,92.63,20.19 internal gfx=gfx:2048x2048/root=2048x2048/rot=0/pkg:null touchable=True visible=True
[2026-08-09 09:17:52] FairyGUI: HUD底栏绑定 Weight=idx=4/8/0 path=BottomUI/DChatWindow/__codex_mobile_chattxt name=__codex_mobile_chattxt item=(null) title=(null) url=(null) rect=651.94,736.25,418,81.94 internal gfx=null touchable=False visible=True
[2026-08-09 09:17:52] FairyGUI: HUD底栏绑定 ExpBar=idx=4/16 path=BottomUI/DExpBar name=DExpBar item=DExpBar title=(null) url=ui://jk0io98jv9b11f rect=923.88,825.31,288.56,26.13 exported gfx=null touchable=True visible=True
[2026-08-09 09:17:52] FairyGUI: HUD底栏绑定 Volume=idx=4/33 path=BottomUI/textVolume name=textVolume item=(null) title=(null) url=(null) rect=1295.56,821.75,79.56,32.06 internal gfx=gfx:2048x2048/root=2048x2048/rot=0/pkg:null touchable=True visible=True
[2026-08-09 09:17:54] FairyGUI: HUD底栏绑定 Level=idx=4/14/1 path=BottomUI/DLevel/DLevelText name=DLevelText item=(null) title=(null) url=(null) rect=381.19,827.69,92.63,20.19 internal gfx=gfx:2048x2048/root=2048x2048/rot=0/pkg:null touchable=True visible=True
[2026-08-09 09:17:54] FairyGUI: HUD底栏绑定 Weight=idx=4/8/0 path=BottomUI/DChatWindow/__codex_mobile_chattxt name=__codex_mobile_chattxt item=(null) title=(null) url=(null) rect=651.94,736.25,418,81.94 internal gfx=null touchable=False visible=True
[2026-08-09 09:17:54] FairyGUI: HUD底栏绑定 ExpBar=idx=4/16 path=BottomUI/DExpBar name=DExpBar item=DExpBar title=(null) url=ui://jk0io98jv9b11f rect=923.88,825.31,288.56,26.13 exported gfx=null touchable=True visible=True
[2026-08-09 09:17:54] FairyGUI: HUD底栏绑定 Volume=idx=4/33 path=BottomUI/textVolume name=textVolume item=(null) title=(null) url=(null) rect=1295.56,821.75,79.56,32.06 internal gfx=gfx:2048x2048/root=2048x2048/rot=0/pkg:null touchable=True visible=True
[2026-08-09 09:17:56] FairyGUI: HUD底栏绑定 Level=idx=4/14/1 path=BottomUI/DLevel/DLevelText name=DLevelText item=(null) title=(null) url=(null) rect=381.19,827.69,92.63,20.19 internal gfx=gfx:2048x2048/root=2048x2048/rot=0/pkg:null touchable=True visible=True
[2026-08-09 09:17:56] FairyGUI: HUD底栏绑定 Weight=idx=4/8/0 path=BottomUI/DChatWindow/__codex_mobile_chattxt name=__codex_mobile_chattxt item=(null) title=(null) url=(null) rect=651.94,736.25,418,81.94 internal gfx=null touchable=False visible=True
[2026-08-09 09:17:56] FairyGUI: HUD底栏绑定 ExpBar=idx=4/16 path=BottomUI/DExpBar name=DExpBar item=DExpBar title=(null) url=ui://jk0io98jv9b11f rect=923.88,825.31,288.56,26.13 exported gfx=null touchable=True visible=True
[2026-08-09 09:17:56] FairyGUI: HUD底栏绑定 Volume=idx=4/33 path=BottomUI/textVolume name=textVolume item=(null) title=(null) url=(null) rect=1295.56,821.75,79.56,32.06 internal gfx=gfx:2048x2048/root=2048x2048/rot=0/pkg:null touchable=True visible=True
[2026-08-09 09:17:58] FairyGUI: HUD底栏绑定 Level=idx=4/14/1 path=BottomUI/DLevel/DLevelText name=DLevelText item=(null) title=(null) url=(null) rect=381.19,827.69,92.63,20.19 internal gfx=gfx:2048x2048/root=2048x2048/rot=0/pkg:null touchable=True visible=True
[2026-08-09 09:17:58] FairyGUI: HUD底栏绑定 Weight=idx=4/8/0 path=BottomUI/DChatWindow/__codex_mobile_chattxt name=__codex_mobile_chattxt item=(null) title=(null) url=(null) rect=651.94,736.25,418,81.94 internal gfx=null touchable=False visible=True
[2026-08-09 09:17:58] FairyGUI: HUD底栏绑定 ExpBar=idx=4/16 path=BottomUI/DExpBar name=DExpBar item=DExpBar title=(null) url=ui://jk0io98jv9b11f rect=923.88,825.31,288.56,26.13 exported gfx=null touchable=True visible=True
[2026-08-09 09:17:58] FairyGUI: HUD底栏绑定 Volume=idx=4/33 path=BottomUI/textVolume name=textVolume item=(null) title=(null) url=(null) rect=1295.56,821.75,79.56,32.06 internal gfx=gfx:2048x2048/root=2048x2048/rot=0/pkg:null touchable=True visible=True
[2026-08-09 09:18:00] FairyGUI: HUD底栏绑定 Level=idx=4/14/1 path=BottomUI/DLevel/DLevelText name=DLevelText item=(null) title=(null) url=(null) rect=381.19,827.69,92.63,20.19 internal gfx=gfx:2048x2048/root=2048x2048/rot=0/pkg:null touchable=True visible=True
[2026-08-09 09:18:00] FairyGUI: HUD底栏绑定 Weight=idx=4/8/0 path=BottomUI/DChatWindow/__codex_mobile_chattxt name=__codex_mobile_chattxt item=(null) title=(null) url=(null) rect=651.94,736.25,418,81.94 internal gfx=null touchable=False visible=True
[2026-08-09 09:18:00] FairyGUI: HUD底栏绑定 ExpBar=idx=4/16 path=BottomUI/DExpBar name=DExpBar item=DExpBar title=(null) url=ui://jk0io98jv9b11f rect=923.88,825.31,288.56,26.13 exported gfx=null touchable=True visible=True
[2026-08-09 09:18:00] FairyGUI: HUD底栏绑定 Volume=idx=4/33 path=BottomUI/textVolume name=textVolume item=(null) title=(null) url=(null) rect=1295.56,821.75,79.56,32.06 internal gfx=gfx:2048x2048/root=2048x2048/rot=0/pkg:null touchable=True visible=True
[2026-08-09 09:18:02] FairyGUI: HUD底栏绑定 Level=idx=4/14/1 path=BottomUI/DLevel/DLevelText name=DLevelText item=(null) title=(null) url=(null) rect=381.19,827.69,92.63,20.19 internal gfx=gfx:2048x2048/root=2048x2048/rot=0/pkg:null touchable=True visible=True
[2026-08-09 09:18:02] FairyGUI: HUD底栏绑定 Weight=idx=4/8/0 path=BottomUI/DChatWindow/__codex_mobile_chattxt name=__codex_mobile_chattxt item=(null) title=(null) url=(null) rect=651.94,736.25,418,81.94 internal gfx=null touchable=False visible=True
[2026-08-09 09:18:02] FairyGUI: HUD底栏绑定 ExpBar=idx=4/16 path=BottomUI/DExpBar name=DExpBar item=DExpBar title=(null) url=ui://jk0io98jv9b11f rect=923.88,825.31,288.56,26.13 exported gfx=null touchable=True visible=True
[2026-08-09 09:18:02] FairyGUI: HUD底栏绑定 Volume=idx=4/33 path=BottomUI/textVolume name=textVolume item=(null) title=(null) url=(null) rect=1295.56,821.75,79.56,32.06 internal gfx=gfx:2048x2048/root=2048x2048/rot=0/pkg:null touchable=True visible=True
[2026-08-09 09:18:04] FairyGUI: HUD底栏绑定 Level=idx=4/14/1 path=BottomUI/DLevel/DLevelText name=DLevelText item=(null) title=(null) url=(null) rect=381.19,827.69,92.63,20.19 internal gfx=gfx:2048x2048/root=2048x2048/rot=0/pkg:null touchable=True visible=True
[2026-08-09 09:18:04] FairyGUI: HUD底栏绑定 Weight=idx=4/8/0 path=BottomUI/DChatWindow/__codex_mobile_chattxt name=__codex_mobile_chattxt item=(null) title=(null) url=(null) rect=651.94,736.25,418,81.94 internal gfx=null touchable=False visible=True
[2026-08-09 09:18:04] FairyGUI: HUD底栏绑定 ExpBar=idx=4/16 path=BottomUI/DExpBar name=DExpBar item=DExpBar title=(null) url=ui://jk0io98jv9b11f rect=923.88,825.31,288.56,26.13 exported gfx=null touchable=True visible=True
[2026-08-09 09:18:04] FairyGUI: HUD底栏绑定 Volume=idx=4/33 path=BottomUI/textVolume name=textVolume item=(null) title=(null) url=(null) rect=1295.56,821.75,79.56,32.06 internal gfx=gfx:2048x2048/root=2048x2048/rot=0/pkg:null touchable=True visible=True
[2026-08-09 09:18:06] FairyGUI: HUD底栏绑定 Level=idx=4/14/1 path=BottomUI/DLevel/DLevelText name=DLevelText item=(null) title=(null) url=(null) rect=381.19,827.69,92.63,20.19 internal gfx=gfx:2048x2048/root=2048x2048/rot=0/pkg:null touchable=True visible=True
[2026-08-09 09:18:06] FairyGUI: HUD底栏绑定 Weight=idx=4/8/0 path=BottomUI/DChatWindow/__codex_mobile_chattxt name=__codex_mobile_chattxt item=(null) title=(null) url=(null) rect=651.94,736.25,418,81.94 internal gfx=null touchable=False visible=True
[2026-08-09 09:18:06] FairyGUI: HUD底栏绑定 ExpBar=idx=4/16 path=BottomUI/DExpBar name=DExpBar item=DExpBar title=(null) url=ui://jk0io98jv9b11f rect=923.88,825.31,288.56,26.13 exported gfx=null touchable=True visible=True
[2026-08-09 09:18:06] FairyGUI: HUD底栏绑定 Volume=idx=4/33 path=BottomUI/textVolume name=textVolume item=(null) title=(null) url=(null) rect=1295.56,821.75,79.56,32.06 internal gfx=gfx:2048x2048/root=2048x2048/rot=0/pkg:null touchable=True visible=True
[2026-08-09 09:18:08] FairyGUI: HUD底栏绑定 Level=idx=4/14/1 path=BottomUI/DLevel/DLevelText name=DLevelText item=(null) title=(null) url=(null) rect=381.19,827.69,92.63,20.19 internal gfx=gfx:2048x2048/root=2048x2048/rot=0/pkg:null touchable=True visible=True
[2026-08-09 09:18:08] FairyGUI: HUD底栏绑定 Weight=idx=4/8/0 path=BottomUI/DChatWindow/__codex_mobile_chattxt name=__codex_mobile_chattxt item=(null) title=(null) url=(null) rect=651.94,736.25,418,81.94 internal gfx=null touchable=False visible=True
[2026-08-09 09:18:08] FairyGUI: HUD底栏绑定 ExpBar=idx=4/16 path=BottomUI/DExpBar name=DExpBar item=DExpBar title=(null) url=ui://jk0io98jv9b11f rect=923.88,825.31,288.56,26.13 exported gfx=null touchable=True visible=True
[2026-08-09 09:18:08] FairyGUI: HUD底栏绑定 Volume=idx=4/33 path=BottomUI/textVolume name=textVolume item=(null) title=(null) url=(null) rect=1295.56,821.75,79.56,32.06 internal gfx=gfx:2048x2048/root=2048x2048/rot=0/pkg:null touchable=True visible=True
[2026-08-09 09:18:10] FairyGUI: HUD底栏绑定 Level=idx=4/14/1 path=BottomUI/DLevel/DLevelText name=DLevelText item=(null) title=(null) url=(null) rect=381.19,827.69,92.63,20.19 internal gfx=gfx:2048x2048/root=2048x2048/rot=0/pkg:null touchable=True visible=True
[2026-08-09 09:18:10] FairyGUI: HUD底栏绑定 Weight=idx=4/8/0 path=BottomUI/DChatWindow/__codex_mobile_chattxt name=__codex_mobile_chattxt item=(null) title=(null) url=(null) rect=651.94,736.25,418,81.94 internal gfx=null touchable=False visible=True
[2026-08-09 09:18:10] FairyGUI: HUD底栏绑定 ExpBar=idx=4/16 path=BottomUI/DExpBar name=DExpBar item=DExpBar title=(null) url=ui://jk0io98jv9b11f rect=923.88,825.31,288.56,26.13 exported gfx=null touchable=True visible=True
[2026-08-09 09:18:10] FairyGUI: HUD底栏绑定 Volume=idx=4/33 path=BottomUI/textVolume name=textVolume item=(null) title=(null) url=(null) rect=1295.56,821.75,79.56,32.06 internal gfx=gfx:2048x2048/root=2048x2048/rot=0/pkg:null touchable=True visible=True
[2026-08-09 09:18:12] FairyGUI: HUD底栏绑定 Level=idx=4/14/1 path=BottomUI/DLevel/DLevelText name=DLevelText item=(null) title=(null) url=(null) rect=381.19,827.69,92.63,20.19 internal gfx=gfx:2048x2048/root=2048x2048/rot=0/pkg:null touchable=True visible=True
[2026-08-09 09:18:12] FairyGUI: HUD底栏绑定 Weight=idx=4/8/0 path=BottomUI/DChatWindow/__codex_mobile_chattxt name=__codex_mobile_chattxt item=(null) title=(null) url=(null) rect=651.94,736.25,418,81.94 internal gfx=null touchable=False visible=True
[2026-08-09 09:18:12] FairyGUI: HUD底栏绑定 ExpBar=idx=4/16 path=BottomUI/DExpBar name=DExpBar item=DExpBar title=(null) url=ui://jk0io98jv9b11f rect=923.88,825.31,288.56,26.13 exported gfx=null touchable=True visible=True
[2026-08-09 09:18:12] FairyGUI: HUD底栏绑定 Volume=idx=4/33 path=BottomUI/textVolume name=textVolume item=(null) title=(null) url=(null) rect=1295.56,821.75,79.56,32.06 internal gfx=gfx:2048x2048/root=2048x2048/rot=0/pkg:null touchable=True visible=True
[2026-08-09 09:18:14] FairyGUI: HUD底栏绑定 Level=idx=4/14/1 path=BottomUI/DLevel/DLevelText name=DLevelText item=(null) title=(null) url=(null) rect=381.19,827.69,92.63,20.19 internal gfx=gfx:2048x2048/root=2048x2048/rot=0/pkg:null touchable=True visible=True
[2026-08-09 09:18:14] FairyGUI: HUD底栏绑定 Weight=idx=4/8/0 path=BottomUI/DChatWindow/__codex_mobile_chattxt name=__codex_mobile_chattxt item=(null) title=(null) url=(null) rect=651.94,736.25,418,81.94 internal gfx=null touchable=False visible=True
[2026-08-09 09:18:14] FairyGUI: HUD底栏绑定 ExpBar=idx=4/16 path=BottomUI/DExpBar name=DExpBar item=DExpBar title=(null) url=ui://jk0io98jv9b11f rect=923.88,825.31,288.56,26.13 exported gfx=null touchable=True visible=True
[2026-08-09 09:18:14] FairyGUI: HUD底栏绑定 Volume=idx=4/33 path=BottomUI/textVolume name=textVolume item=(null) title=(null) url=(null) rect=1295.56,821.75,79.56,32.06 internal gfx=gfx:2048x2048/root=2048x2048/rot=0/pkg:null touchable=True visible=True
[2026-08-09 09:18:16] FairyGUI: HUD底栏绑定 Level=idx=4/14/1 path=BottomUI/DLevel/DLevelText name=DLevelText item=(null) title=(null) url=(null) rect=381.19,827.69,92.63,20.19 internal gfx=gfx:2048x2048/root=2048x2048/rot=0/pkg:null touchable=True visible=True
[2026-08-09 09:18:16] FairyGUI: HUD底栏绑定 Weight=idx=4/8/0 path=BottomUI/DChatWindow/__codex_mobile_chattxt name=__codex_mobile_chattxt item=(null) title=(null) url=(null) rect=651.94,736.25,418,81.94 internal gfx=null touchable=False visible=True
[2026-08-09 09:18:16] FairyGUI: HUD底栏绑定 ExpBar=idx=4/16 path=BottomUI/DExpBar name=DExpBar item=DExpBar title=(null) url=ui://jk0io98jv9b11f rect=923.88,825.31,288.56,26.13 exported gfx=null touchable=True visible=True
[2026-08-09 09:18:16] FairyGUI: HUD底栏绑定 Volume=idx=4/33 path=BottomUI/textVolume name=textVolume item=(null) title=(null) url=(null) rect=1295.56,821.75,79.56,32.06 internal gfx=gfx:2048x2048/root=2048x2048/rot=0/pkg:null touchable=True visible=True
[2026-08-09 09:18:18] FairyGUI: HUD底栏绑定 Level=idx=4/14/1 path=BottomUI/DLevel/DLevelText name=DLevelText item=(null) title=(null) url=(null) rect=381.19,827.69,92.63,20.19 internal gfx=gfx:2048x2048/root=2048x2048/rot=0/pkg:null touchable=True visible=True
[2026-08-09 09:18:18] FairyGUI: HUD底栏绑定 Weight=idx=4/8/0 path=BottomUI/DChatWindow/__codex_mobile_chattxt name=__codex_mobile_chattxt item=(null) title=(null) url=(null) rect=651.94,736.25,418,81.94 internal gfx=null touchable=False visible=True
[2026-08-09 09:18:18] FairyGUI: HUD底栏绑定 ExpBar=idx=4/16 path=BottomUI/DExpBar name=DExpBar item=DExpBar title=(null) url=ui://jk0io98jv9b11f rect=923.88,825.31,288.56,26.13 exported gfx=null touchable=True visible=True
[2026-08-09 09:18:18] FairyGUI: HUD底栏绑定 Volume=idx=4/33 path=BottomUI/textVolume name=textVolume item=(null) title=(null) url=(null) rect=1295.56,821.75,79.56,32.06 internal gfx=gfx:2048x2048/root=2048x2048/rot=0/pkg:null touchable=True visible=True
[2026-08-09 09:18:20] FairyGUI: HUD底栏绑定 Level=idx=4/14/1 path=BottomUI/DLevel/DLevelText name=DLevelText item=(null) title=(null) url=(null) rect=381.19,827.69,92.63,20.19 internal gfx=gfx:2048x2048/root=2048x2048/rot=0/pkg:null touchable=True visible=True
[2026-08-09 09:18:20] FairyGUI: HUD底栏绑定 Weight=idx=4/8/0 path=BottomUI/DChatWindow/__codex_mobile_chattxt name=__codex_mobile_chattxt item=(null) title=(null) url=(null) rect=651.94,736.25,418,81.94 internal gfx=null touchable=False visible=True
[2026-08-09 09:18:20] FairyGUI: HUD底栏绑定 ExpBar=idx=4/16 path=BottomUI/DExpBar name=DExpBar item=DExpBar title=(null) url=ui://jk0io98jv9b11f rect=923.88,825.31,288.56,26.13 exported gfx=null touchable=True visible=True
[2026-08-09 09:18:20] FairyGUI: HUD底栏绑定 Volume=idx=4/33 path=BottomUI/textVolume name=textVolume item=(null) title=(null) url=(null) rect=1295.56,821.75,79.56,32.06 internal gfx=gfx:2048x2048/root=2048x2048/rot=0/pkg:null touchable=True visible=True
[2026-08-09 09:18:22] FairyGUI: HUD底栏绑定 Level=idx=4/14/1 path=BottomUI/DLevel/DLevelText name=DLevelText item=(null) title=(null) url=(null) rect=381.19,827.69,92.63,20.19 internal gfx=gfx:2048x2048/root=2048x2048/rot=0/pkg:null touchable=True visible=True
[2026-08-09 09:18:22] FairyGUI: HUD底栏绑定 Weight=idx=4/8/0 path=BottomUI/DChatWindow/__codex_mobile_chattxt name=__codex_mobile_chattxt item=(null) title=(null) url=(null) rect=651.94,736.25,418,81.94 internal gfx=null touchable=False visible=True
[2026-08-09 09:18:22] FairyGUI: HUD底栏绑定 ExpBar=idx=4/16 path=BottomUI/DExpBar name=DExpBar item=DExpBar title=(null) url=ui://jk0io98jv9b11f rect=923.88,825.31,288.56,26.13 exported gfx=null touchable=True visible=True
[2026-08-09 09:18:22] FairyGUI: HUD底栏绑定 Volume=idx=4/33 path=BottomUI/textVolume name=textVolume item=(null) title=(null) url=(null) rect=1295.56,821.75,79.56,32.06 internal gfx=gfx:2048x2048/root=2048x2048/rot=0/pkg:null touchable=True visible=True
[2026-08-09 09:18:24] FairyGUI: HUD底栏绑定 Level=idx=4/14/1 path=BottomUI/DLevel/DLevelText name=DLevelText item=(null) title=(null) url=(null) rect=381.19,827.69,92.63,20.19 internal gfx=gfx:2048x2048/root=2048x2048/rot=0/pkg:null touchable=True visible=True
[2026-08-09 09:18:24] FairyGUI: HUD底栏绑定 Weight=idx=4/8/0 path=BottomUI/DChatWindow/__codex_mobile_chattxt name=__codex_mobile_chattxt item=(null) title=(null) url=(null) rect=651.94,736.25,418,81.94 internal gfx=null touchable=False visible=True
[2026-08-09 09:18:24] FairyGUI: HUD底栏绑定 ExpBar=idx=4/16 path=BottomUI/DExpBar name=DExpBar item=DExpBar title=(null) url=ui://jk0io98jv9b11f rect=923.88,825.31,288.56,26.13 exported gfx=null touchable=True visible=True
[2026-08-09 09:18:24] FairyGUI: HUD底栏绑定 Volume=idx=4/33 path=BottomUI/textVolume name=textVolume item=(null) title=(null) url=(null) rect=1295.56,821.75,79.56,32.06 internal gfx=gfx:2048x2048/root=2048x2048/rot=0/pkg:null touchable=True visible=True
[2026-08-09 09:18:26] FairyGUI: HUD底栏绑定 Level=idx=4/14/1 path=BottomUI/DLevel/DLevelText name=DLevelText item=(null) title=(null) url=(null) rect=381.19,827.69,92.63,20.19 internal gfx=gfx:2048x2048/root=2048x2048/rot=0/pkg:null touchable=True visible=True
[2026-08-09 09:18:26] FairyGUI: HUD底栏绑定 Weight=idx=4/8/0 path=BottomUI/DChatWindow/__codex_mobile_chattxt name=__codex_mobile_chattxt item=(null) title=(null) url=(null) rect=651.94,736.25,418,81.94 internal gfx=null touchable=False visible=True
[2026-08-09 09:18:26] FairyGUI: HUD底栏绑定 ExpBar=idx=4/16 path=BottomUI/DExpBar name=DExpBar item=DExpBar title=(null) url=ui://jk0io98jv9b11f rect=923.88,825.31,288.56,26.13 exported gfx=null touchable=True visible=True
[2026-08-09 09:18:26] FairyGUI: HUD底栏绑定 Volume=idx=4/33 path=BottomUI/textVolume name=textVolume item=(null) title=(null) url=(null) rect=1295.56,821.75,79.56,32.06 internal gfx=gfx:2048x2048/root=2048x2048/rot=0/pkg:null touchable=True visible=True
[2026-08-09 09:18:28] FairyGUI: HUD底栏绑定 Level=idx=4/14/1 path=BottomUI/DLevel/DLevelText name=DLevelText item=(null) title=(null) url=(null) rect=381.19,827.69,92.63,20.19 internal gfx=gfx:2048x2048/root=2048x2048/rot=0/pkg:null touchable=True visible=True
[2026-08-09 09:18:28] FairyGUI: HUD底栏绑定 Weight=idx=4/8/0 path=BottomUI/DChatWindow/__codex_mobile_chattxt name=__codex_mobile_chattxt item=(null) title=(null) url=(null) rect=651.94,736.25,418,81.94 internal gfx=null touchable=False visible=True
[2026-08-09 09:18:28] FairyGUI: HUD底栏绑定 ExpBar=idx=4/16 path=BottomUI/DExpBar name=DExpBar item=DExpBar title=(null) url=ui://jk0io98jv9b11f rect=923.88,825.31,288.56,26.13 exported gfx=null touchable=True visible=True
[2026-08-09 09:18:28] FairyGUI: HUD底栏绑定 Volume=idx=4/33 path=BottomUI/textVolume name=textVolume item=(null) title=(null) url=(null) rect=1295.56,821.75,79.56,32.06 internal gfx=gfx:2048x2048/root=2048x2048/rot=0/pkg:null touchable=True visible=True
[2026-08-09 09:18:30] FairyGUI: HUD底栏绑定 Level=idx=4/14/1 path=BottomUI/DLevel/DLevelText name=DLevelText item=(null) title=(null) url=(null) rect=381.19,827.69,92.63,20.19 internal gfx=gfx:2048x2048/root=2048x2048/rot=0/pkg:null touchable=True visible=True
[2026-08-09 09:18:30] FairyGUI: HUD底栏绑定 Weight=idx=4/8/0 path=BottomUI/DChatWindow/__codex_mobile_chattxt name=__codex_mobile_chattxt item=(null) title=(null) url=(null) rect=651.94,736.25,418,81.94 internal gfx=null touchable=False visible=True
[2026-08-09 09:18:30] FairyGUI: HUD底栏绑定 ExpBar=idx=4/16 path=BottomUI/DExpBar name=DExpBar item=DExpBar title=(null) url=ui://jk0io98jv9b11f rect=923.88,825.31,288.56,26.13 exported gfx=null touchable=True visible=True
[2026-08-09 09:18:30] FairyGUI: HUD底栏绑定 Volume=idx=4/33 path=BottomUI/textVolume name=textVolume item=(null) title=(null) url=(null) rect=1295.56,821.75,79.56,32.06 internal gfx=gfx:2048x2048/root=2048x2048/rot=0/pkg:null touchable=True visible=True
[2026-08-09 09:18:32] FairyGUI: HUD底栏绑定 Level=idx=4/14/1 path=BottomUI/DLevel/DLevelText name=DLevelText item=(null) title=(null) url=(null) rect=381.19,827.69,92.63,20.19 internal gfx=gfx:2048x2048/root=2048x2048/rot=0/pkg:null touchable=True visible=True
[2026-08-09 09:18:32] FairyGUI: HUD底栏绑定 Weight=idx=4/8/0 path=BottomUI/DChatWindow/__codex_mobile_chattxt name=__codex_mobile_chattxt item=(null) title=(null) url=(null) rect=651.94,736.25,418,81.94 internal gfx=null touchable=False visible=True
[2026-08-09 09:18:32] FairyGUI: HUD底栏绑定 ExpBar=idx=4/16 path=BottomUI/DExpBar name=DExpBar item=DExpBar title=(null) url=ui://jk0io98jv9b11f rect=923.88,825.31,288.56,26.13 exported gfx=null touchable=True visible=True
[2026-08-09 09:18:32] FairyGUI: HUD底栏绑定 Volume=idx=4/33 path=BottomUI/textVolume name=textVolume item=(null) title=(null) url=(null) rect=1295.56,821.75,79.56,32.06 internal gfx=gfx:2048x2048/root=2048x2048/rot=0/pkg:null touchable=True visible=True
[2026-08-09 09:18:34] FairyGUI: HUD底栏绑定 Level=idx=4/14/1 path=BottomUI/DLevel/DLevelText name=DLevelText item=(null) title=(null) url=(null) rect=381.19,827.69,92.63,20.19 internal gfx=gfx:2048x2048/root=2048x2048/rot=0/pkg:null touchable=True visible=True
[2026-08-09 09:18:34] FairyGUI: HUD底栏绑定 Weight=idx=4/8/0 path=BottomUI/DChatWindow/__codex_mobile_chattxt name=__codex_mobile_chattxt item=(null) title=(null) url=(null) rect=651.94,736.25,418,81.94 internal gfx=null touchable=False visible=True
[2026-08-09 09:18:34] FairyGUI: HUD底栏绑定 ExpBar=idx=4/16 path=BottomUI/DExpBar name=DExpBar item=DExpBar title=(null) url=ui://jk0io98jv9b11f rect=923.88,825.31,288.56,26.13 exported gfx=null touchable=True visible=True
[2026-08-09 09:18:34] FairyGUI: HUD底栏绑定 Volume=idx=4/33 path=BottomUI/textVolume name=textVolume item=(null) title=(null) url=(null) rect=1295.56,821.75,79.56,32.06 internal gfx=gfx:2048x2048/root=2048x2048/rot=0/pkg:null touchable=True visible=True
[2026-08-09 09:18:36] FairyGUI: HUD底栏绑定 Level=idx=4/14/1 path=BottomUI/DLevel/DLevelText name=DLevelText item=(null) title=(null) url=(null) rect=381.19,827.69,92.63,20.19 internal gfx=gfx:2048x2048/root=2048x2048/rot=0/pkg:null touchable=True visible=True
[2026-08-09 09:18:36] FairyGUI: HUD底栏绑定 Weight=idx=4/8/0 path=BottomUI/DChatWindow/__codex_mobile_chattxt name=__codex_mobile_chattxt item=(null) title=(null) url=(null) rect=651.94,736.25,418,81.94 internal gfx=null touchable=False visible=True
[2026-08-09 09:18:36] FairyGUI: HUD底栏绑定 ExpBar=idx=4/16 path=BottomUI/DExpBar name=DExpBar item=DExpBar title=(null) url=ui://jk0io98jv9b11f rect=923.88,825.31,288.56,26.13 exported gfx=null touchable=True visible=True
[2026-08-09 09:18:36] FairyGUI: HUD底栏绑定 Volume=idx=4/33 path=BottomUI/textVolume name=textVolume item=(null) title=(null) url=(null) rect=1295.56,821.75,79.56,32.06 internal gfx=gfx:2048x2048/root=2048x2048/rot=0/pkg:null touchable=True visible=True
[2026-08-09 09:18:39] FairyGUI: HUD底栏绑定 Level=idx=4/14/1 path=BottomUI/DLevel/DLevelText name=DLevelText item=(null) title=(null) url=(null) rect=381.19,827.69,92.63,20.19 internal gfx=gfx:2048x2048/root=2048x2048/rot=0/pkg:null touchable=True visible=True
[2026-08-09 09:18:39] FairyGUI: HUD底栏绑定 Weight=idx=4/8/0 path=BottomUI/DChatWindow/__codex_mobile_chattxt name=__codex_mobile_chattxt item=(null) title=(null) url=(null) rect=651.94,736.25,418,81.94 internal gfx=null touchable=False visible=True
[2026-08-09 09:18:39] FairyGUI: HUD底栏绑定 ExpBar=idx=4/16 path=BottomUI/DExpBar name=DExpBar item=DExpBar title=(null) url=ui://jk0io98jv9b11f rect=923.88,825.31,288.56,26.13 exported gfx=null touchable=True visible=True
[2026-08-09 09:18:39] FairyGUI: HUD底栏绑定 Volume=idx=4/33 path=BottomUI/textVolume name=textVolume item=(null) title=(null) url=(null) rect=1295.56,821.75,79.56,32.06 internal gfx=gfx:2048x2048/root=2048x2048/rot=0/pkg:null touchable=True visible=True
[2026-08-09 09:18:41] FairyGUI: HUD底栏绑定 Level=idx=4/14/1 path=BottomUI/DLevel/DLevelText name=DLevelText item=(null) title=(null) url=(null) rect=381.19,827.69,92.63,20.19 internal gfx=gfx:2048x2048/root=2048x2048/rot=0/pkg:null touchable=True visible=True
[2026-08-09 09:18:41] FairyGUI: HUD底栏绑定 Weight=idx=4/8/0 path=BottomUI/DChatWindow/__codex_mobile_chattxt name=__codex_mobile_chattxt item=(null) title=(null) url=(null) rect=651.94,736.25,418,81.94 internal gfx=null touchable=False visible=True
[2026-08-09 09:18:41] FairyGUI: HUD底栏绑定 ExpBar=idx=4/16 path=BottomUI/DExpBar name=DExpBar item=DExpBar title=(null) url=ui://jk0io98jv9b11f rect=923.88,825.31,288.56,26.13 exported gfx=null touchable=True visible=True
[2026-08-09 09:18:41] FairyGUI: HUD底栏绑定 Volume=idx=4/33 path=BottomUI/textVolume name=textVolume item=(null) title=(null) url=(null) rect=1295.56,821.75,79.56,32.06 internal gfx=gfx:2048x2048/root=2048x2048/rot=0/pkg:null touchable=True visible=True
[2026-08-09 09:18:43] FairyGUI: HUD底栏绑定 Level=idx=4/14/1 path=BottomUI/DLevel/DLevelText name=DLevelText item=(null) title=(null) url=(null) rect=381.19,827.69,92.63,20.19 internal gfx=gfx:2048x2048/root=2048x2048/rot=0/pkg:null touchable=True visible=True
[2026-08-09 09:18:43] FairyGUI: HUD底栏绑定 Weight=idx=4/8/0 path=BottomUI/DChatWindow/__codex_mobile_chattxt name=__codex_mobile_chattxt item=(null) title=(null) url=(null) rect=651.94,736.25,418,81.94 internal gfx=null touchable=False visible=True
[2026-08-09 09:18:43] FairyGUI: HUD底栏绑定 ExpBar=idx=4/16 path=BottomUI/DExpBar name=DExpBar item=DExpBar title=(null) url=ui://jk0io98jv9b11f rect=923.88,825.31,288.56,26.13 exported gfx=null touchable=True visible=True
[2026-08-09 09:18:43] FairyGUI: HUD底栏绑定 Volume=idx=4/33 path=BottomUI/textVolume name=textVolume item=(null) title=(null) url=(null) rect=1295.56,821.75,79.56,32.06 internal gfx=gfx:2048x2048/root=2048x2048/rot=0/pkg:null touchable=True visible=True
[2026-08-09 09:18:45] FairyGUI: HUD底栏绑定 Level=idx=4/14/1 path=BottomUI/DLevel/DLevelText name=DLevelText item=(null) title=(null) url=(null) rect=381.19,827.69,92.63,20.19 internal gfx=gfx:2048x2048/root=2048x2048/rot=0/pkg:null touchable=True visible=True
[2026-08-09 09:18:45] FairyGUI: HUD底栏绑定 Weight=idx=4/8/0 path=BottomUI/DChatWindow/__codex_mobile_chattxt name=__codex_mobile_chattxt item=(null) title=(null) url=(null) rect=651.94,736.25,418,81.94 internal gfx=null touchable=False visible=True
[2026-08-09 09:18:45] FairyGUI: HUD底栏绑定 ExpBar=idx=4/16 path=BottomUI/DExpBar name=DExpBar item=DExpBar title=(null) url=ui://jk0io98jv9b11f rect=923.88,825.31,288.56,26.13 exported gfx=null touchable=True visible=True
[2026-08-09 09:18:45] FairyGUI: HUD底栏绑定 Volume=idx=4/33 path=BottomUI/textVolume name=textVolume item=(null) title=(null) url=(null) rect=1295.56,821.75,79.56,32.06 internal gfx=gfx:2048x2048/root=2048x2048/rot=0/pkg:null touchable=True visible=True
[2026-08-09 09:18:47] FairyGUI: HUD底栏绑定 Level=idx=4/14/1 path=BottomUI/DLevel/DLevelText name=DLevelText item=(null) title=(null) url=(null) rect=381.19,827.69,92.63,20.19 internal gfx=gfx:2048x2048/root=2048x2048/rot=0/pkg:null touchable=True visible=True
[2026-08-09 09:18:47] FairyGUI: HUD底栏绑定 Weight=idx=4/8/0 path=BottomUI/DChatWindow/__codex_mobile_chattxt name=__codex_mobile_chattxt item=(null) title=(null) url=(null) rect=651.94,736.25,418,81.94 internal gfx=null touchable=False visible=True
[2026-08-09 09:18:47] FairyGUI: HUD底栏绑定 ExpBar=idx=4/16 path=BottomUI/DExpBar name=DExpBar item=DExpBar title=(null) url=ui://jk0io98jv9b11f rect=923.88,825.31,288.56,26.13 exported gfx=null touchable=True visible=True
[2026-08-09 09:18:47] FairyGUI: HUD底栏绑定 Volume=idx=4/33 path=BottomUI/textVolume name=textVolume item=(null) title=(null) url=(null) rect=1295.56,821.75,79.56,32.06 internal gfx=gfx:2048x2048/root=2048x2048/rot=0/pkg:null touchable=True visible=True
[2026-08-09 09:18:49] FairyGUI: HUD底栏绑定 Level=idx=4/14/1 path=BottomUI/DLevel/DLevelText name=DLevelText item=(null) title=(null) url=(null) rect=381.19,827.69,92.63,20.19 internal gfx=gfx:2048x2048/root=2048x2048/rot=0/pkg:null touchable=True visible=True
[2026-08-09 09:18:49] FairyGUI: HUD底栏绑定 Weight=idx=4/8/0 path=BottomUI/DChatWindow/__codex_mobile_chattxt name=__codex_mobile_chattxt item=(null) title=(null) url=(null) rect=651.94,736.25,418,81.94 internal gfx=null touchable=False visible=True
[2026-08-09 09:18:49] FairyGUI: HUD底栏绑定 ExpBar=idx=4/16 path=BottomUI/DExpBar name=DExpBar item=DExpBar title=(null) url=ui://jk0io98jv9b11f rect=923.88,825.31,288.56,26.13 exported gfx=null touchable=True visible=True
[2026-08-09 09:18:49] FairyGUI: HUD底栏绑定 Volume=idx=4/33 path=BottomUI/textVolume name=textVolume item=(null) title=(null) url=(null) rect=1295.56,821.75,79.56,32.06 internal gfx=gfx:2048x2048/root=2048x2048/rot=0/pkg:null touchable=True visible=True
[2026-08-09 09:18:51] FairyGUI: HUD底栏绑定 Level=idx=4/14/1 path=BottomUI/DLevel/DLevelText name=DLevelText item=(null) title=(null) url=(null) rect=381.19,827.69,92.63,20.19 internal gfx=gfx:2048x2048/root=2048x2048/rot=0/pkg:null touchable=True visible=True
[2026-08-09 09:18:51] FairyGUI: HUD底栏绑定 Weight=idx=4/8/0 path=BottomUI/DChatWindow/__codex_mobile_chattxt name=__codex_mobile_chattxt item=(null) title=(null) url=(null) rect=651.94,736.25,418,81.94 internal gfx=null touchable=False visible=True
[2026-08-09 09:18:51] FairyGUI: HUD底栏绑定 ExpBar=idx=4/16 path=BottomUI/DExpBar name=DExpBar item=DExpBar title=(null) url=ui://jk0io98jv9b11f rect=923.88,825.31,288.56,26.13 exported gfx=null touchable=True visible=True
[2026-08-09 09:18:51] FairyGUI: HUD底栏绑定 Volume=idx=4/33 path=BottomUI/textVolume name=textVolume item=(null) title=(null) url=(null) rect=1295.56,821.75,79.56,32.06 internal gfx=gfx:2048x2048/root=2048x2048/rot=0/pkg:null touchable=True visible=True
[2026-08-09 09:18:53] FairyGUI: HUD底栏绑定 Level=idx=4/14/1 path=BottomUI/DLevel/DLevelText name=DLevelText item=(null) title=(null) url=(null) rect=381.19,827.69,92.63,20.19 internal gfx=gfx:2048x2048/root=2048x2048/rot=0/pkg:null touchable=True visible=True
[2026-08-09 09:18:53] FairyGUI: HUD底栏绑定 Weight=idx=4/8/0 path=BottomUI/DChatWindow/__codex_mobile_chattxt name=__codex_mobile_chattxt item=(null) title=(null) url=(null) rect=651.94,736.25,418,81.94 internal gfx=null touchable=False visible=True
[2026-08-09 09:18:53] FairyGUI: HUD底栏绑定 ExpBar=idx=4/16 path=BottomUI/DExpBar name=DExpBar item=DExpBar title=(null) url=ui://jk0io98jv9b11f rect=923.88,825.31,288.56,26.13 exported gfx=null touchable=True visible=True
[2026-08-09 09:18:53] FairyGUI: HUD底栏绑定 Volume=idx=4/33 path=BottomUI/textVolume name=textVolume item=(null) title=(null) url=(null) rect=1295.56,821.75,79.56,32.06 internal gfx=gfx:2048x2048/root=2048x2048/rot=0/pkg:null touchable=True visible=True
[2026-08-09 09:18:55] FairyGUI: HUD底栏绑定 Level=idx=4/14/1 path=BottomUI/DLevel/DLevelText name=DLevelText item=(null) title=(null) url=(null) rect=381.19,827.69,92.63,20.19 internal gfx=gfx:2048x2048/root=2048x2048/rot=0/pkg:null touchable=True visible=True
[2026-08-09 09:18:55] FairyGUI: HUD底栏绑定 Weight=idx=4/8/0 path=BottomUI/DChatWindow/__codex_mobile_chattxt name=__codex_mobile_chattxt item=(null) title=(null) url=(null) rect=651.94,736.25,418,81.94 internal gfx=null touchable=False visible=True
[2026-08-09 09:18:55] FairyGUI: HUD底栏绑定 ExpBar=idx=4/16 path=BottomUI/DExpBar name=DExpBar item=DExpBar title=(null) url=ui://jk0io98jv9b11f rect=923.88,825.31,288.56,26.13 exported gfx=null touchable=True visible=True
[2026-08-09 09:18:55] FairyGUI: HUD底栏绑定 Volume=idx=4/33 path=BottomUI/textVolume name=textVolume item=(null) title=(null) url=(null) rect=1295.56,821.75,79.56,32.06 internal gfx=gfx:2048x2048/root=2048x2048/rot=0/pkg:null touchable=True visible=True
[2026-08-09 09:18:57] FairyGUI: HUD底栏绑定 Level=idx=4/14/1 path=BottomUI/DLevel/DLevelText name=DLevelText item=(null) title=(null) url=(null) rect=381.19,827.69,92.63,20.19 internal gfx=gfx:2048x2048/root=2048x2048/rot=0/pkg:null touchable=True visible=True
[2026-08-09 09:18:57] FairyGUI: HUD底栏绑定 Weight=idx=4/8/0 path=BottomUI/DChatWindow/__codex_mobile_chattxt name=__codex_mobile_chattxt item=(null) title=(null) url=(null) rect=651.94,736.25,418,81.94 internal gfx=null touchable=False visible=True
[2026-08-09 09:18:57] FairyGUI: HUD底栏绑定 ExpBar=idx=4/16 path=BottomUI/DExpBar name=DExpBar item=DExpBar title=(null) url=ui://jk0io98jv9b11f rect=923.88,825.31,288.56,26.13 exported gfx=null touchable=True visible=True
[2026-08-09 09:18:57] FairyGUI: HUD底栏绑定 Volume=idx=4/33 path=BottomUI/textVolume name=textVolume item=(null) title=(null) url=(null) rect=1295.56,821.75,79.56,32.06 internal gfx=gfx:2048x2048/root=2048x2048/rot=0/pkg:null touchable=True visible=True
[2026-08-09 09:18:59] FairyGUI: HUD底栏绑定 Level=idx=4/14/1 path=BottomUI/DLevel/DLevelText name=DLevelText item=(null) title=(null) url=(null) rect=381.19,827.69,92.63,20.19 internal gfx=gfx:2048x2048/root=2048x2048/rot=0/pkg:null touchable=True visible=True
[2026-08-09 09:18:59] FairyGUI: HUD底栏绑定 Weight=idx=4/8/0 path=BottomUI/DChatWindow/__codex_mobile_chattxt name=__codex_mobile_chattxt item=(null) title=(null) url=(null) rect=651.94,736.25,418,81.94 internal gfx=null touchable=False visible=True
[2026-08-09 09:18:59] FairyGUI: HUD底栏绑定 ExpBar=idx=4/16 path=BottomUI/DExpBar name=DExpBar item=DExpBar title=(null) url=ui://jk0io98jv9b11f rect=923.88,825.31,288.56,26.13 exported gfx=null touchable=True visible=True
[2026-08-09 09:18:59] FairyGUI: HUD底栏绑定 Volume=idx=4/33 path=BottomUI/textVolume name=textVolume item=(null) title=(null) url=(null) rect=1295.56,821.75,79.56,32.06 internal gfx=gfx:2048x2048/root=2048x2048/rot=0/pkg:null touchable=True visible=True
[2026-08-09 09:19:01] FairyGUI: HUD底栏绑定 Level=idx=4/14/1 path=BottomUI/DLevel/DLevelText name=DLevelText item=(null) title=(null) url=(null) rect=381.19,827.69,92.63,20.19 internal gfx=gfx:2048x2048/root=2048x2048/rot=0/pkg:null touchable=True visible=True
[2026-08-09 09:19:01] FairyGUI: HUD底栏绑定 Weight=idx=4/8/0 path=BottomUI/DChatWindow/__codex_mobile_chattxt name=__codex_mobile_chattxt item=(null) title=(null) url=(null) rect=651.94,736.25,418,81.94 internal gfx=null touchable=False visible=True
[2026-08-09 09:19:01] FairyGUI: HUD底栏绑定 ExpBar=idx=4/16 path=BottomUI/DExpBar name=DExpBar item=DExpBar title=(null) url=ui://jk0io98jv9b11f rect=923.88,825.31,288.56,26.13 exported gfx=null touchable=True visible=True
[2026-08-09 09:19:01] FairyGUI: HUD底栏绑定 Volume=idx=4/33 path=BottomUI/textVolume name=textVolume item=(null) title=(null) url=(null) rect=1295.56,821.75,79.56,32.06 internal gfx=gfx:2048x2048/root=2048x2048/rot=0/pkg:null touchable=True visible=True
[2026-08-09 09:19:03] FairyGUI: HUD底栏绑定 Level=idx=4/14/1 path=BottomUI/DLevel/DLevelText name=DLevelText item=(null) title=(null) url=(null) rect=381.19,827.69,92.63,20.19 internal gfx=gfx:2048x2048/root=2048x2048/rot=0/pkg:null touchable=True visible=True
[2026-08-09 09:19:03] FairyGUI: HUD底栏绑定 Weight=idx=4/8/0 path=BottomUI/DChatWindow/__codex_mobile_chattxt name=__codex_mobile_chattxt item=(null) title=(null) url=(null) rect=651.94,736.25,418,81.94 internal gfx=null touchable=False visible=True
[2026-08-09 09:19:03] FairyGUI: HUD底栏绑定 ExpBar=idx=4/16 path=BottomUI/DExpBar name=DExpBar item=DExpBar title=(null) url=ui://jk0io98jv9b11f rect=923.88,825.31,288.56,26.13 exported gfx=null touchable=True visible=True
[2026-08-09 09:19:03] FairyGUI: HUD底栏绑定 Volume=idx=4/33 path=BottomUI/textVolume name=textVolume item=(null) title=(null) url=(null) rect=1295.56,821.75,79.56,32.06 internal gfx=gfx:2048x2048/root=2048x2048/rot=0/pkg:null touchable=True visible=True
[2026-08-09 09:19:05] FairyGUI: HUD底栏绑定 Level=idx=4/14/1 path=BottomUI/DLevel/DLevelText name=DLevelText item=(null) title=(null) url=(null) rect=381.19,827.69,92.63,20.19 internal gfx=gfx:2048x2048/root=2048x2048/rot=0/pkg:null touchable=True visible=True
[2026-08-09 09:19:05] FairyGUI: HUD底栏绑定 Weight=idx=4/8/0 path=BottomUI/DChatWindow/__codex_mobile_chattxt name=__codex_mobile_chattxt item=(null) title=(null) url=(null) rect=651.94,736.25,418,81.94 internal gfx=null touchable=False visible=True
[2026-08-09 09:19:05] FairyGUI: HUD底栏绑定 ExpBar=idx=4/16 path=BottomUI/DExpBar name=DExpBar item=DExpBar title=(null) url=ui://jk0io98jv9b11f rect=923.88,825.31,288.56,26.13 exported gfx=null touchable=True visible=True
[2026-08-09 09:19:05] FairyGUI: HUD底栏绑定 Volume=idx=4/33 path=BottomUI/textVolume name=textVolume item=(null) title=(null) url=(null) rect=1295.56,821.75,79.56,32.06 internal gfx=gfx:2048x2048/root=2048x2048/rot=0/pkg:null touchable=True visible=True
[2026-08-09 09:19:07] FairyGUI: HUD底栏绑定 Level=idx=4/14/1 path=BottomUI/DLevel/DLevelText name=DLevelText item=(null) title=(null) url=(null) rect=381.19,827.69,92.63,20.19 internal gfx=gfx:2048x2048/root=2048x2048/rot=0/pkg:null touchable=True visible=True
[2026-08-09 09:19:07] FairyGUI: HUD底栏绑定 Weight=idx=4/8/0 path=BottomUI/DChatWindow/__codex_mobile_chattxt name=__codex_mobile_chattxt item=(null) title=(null) url=(null) rect=651.94,736.25,418,81.94 internal gfx=null touchable=False visible=True
[2026-08-09 09:19:07] FairyGUI: HUD底栏绑定 ExpBar=idx=4/16 path=BottomUI/DExpBar name=DExpBar item=DExpBar title=(null) url=ui://jk0io98jv9b11f rect=923.88,825.31,288.56,26.13 exported gfx=null touchable=True visible=True
[2026-08-09 09:19:07] FairyGUI: HUD底栏绑定 Volume=idx=4/33 path=BottomUI/textVolume name=textVolume item=(null) title=(null) url=(null) rect=1295.56,821.75,79.56,32.06 internal gfx=gfx:2048x2048/root=2048x2048/rot=0/pkg:null touchable=True visible=True
[2026-08-09 09:19:09] FairyGUI: HUD底栏绑定 Level=idx=4/14/1 path=BottomUI/DLevel/DLevelText name=DLevelText item=(null) title=(null) url=(null) rect=381.19,827.69,92.63,20.19 internal gfx=gfx:2048x2048/root=2048x2048/rot=0/pkg:null touchable=True visible=True
[2026-08-09 09:19:09] FairyGUI: HUD底栏绑定 Weight=idx=4/8/0 path=BottomUI/DChatWindow/__codex_mobile_chattxt name=__codex_mobile_chattxt item=(null) title=(null) url=(null) rect=651.94,736.25,418,81.94 internal gfx=null touchable=False visible=True
[2026-08-09 09:19:09] FairyGUI: HUD底栏绑定 ExpBar=idx=4/16 path=BottomUI/DExpBar name=DExpBar item=DExpBar title=(null) url=ui://jk0io98jv9b11f rect=923.88,825.31,288.56,26.13 exported gfx=null touchable=True visible=True
[2026-08-09 09:19:09] FairyGUI: HUD底栏绑定 Volume=idx=4/33 path=BottomUI/textVolume name=textVolume item=(null) title=(null) url=(null) rect=1295.56,821.75,79.56,32.06 internal gfx=gfx:2048x2048/root=2048x2048/rot=0/pkg:null touchable=True visible=True
[2026-08-09 09:19:11] FairyGUI: HUD底栏绑定 Level=idx=4/14/1 path=BottomUI/DLevel/DLevelText name=DLevelText item=(null) title=(null) url=(null) rect=381.19,827.69,92.63,20.19 internal gfx=gfx:2048x2048/root=2048x2048/rot=0/pkg:null touchable=True visible=True
[2026-08-09 09:19:11] FairyGUI: HUD底栏绑定 Weight=idx=4/8/0 path=BottomUI/DChatWindow/__codex_mobile_chattxt name=__codex_mobile_chattxt item=(null) title=(null) url=(null) rect=651.94,736.25,418,81.94 internal gfx=null touchable=False visible=True
[2026-08-09 09:19:11] FairyGUI: HUD底栏绑定 ExpBar=idx=4/16 path=BottomUI/DExpBar name=DExpBar item=DExpBar title=(null) url=ui://jk0io98jv9b11f rect=923.88,825.31,288.56,26.13 exported gfx=null touchable=True visible=True
[2026-08-09 09:19:11] FairyGUI: HUD底栏绑定 Volume=idx=4/33 path=BottomUI/textVolume name=textVolume item=(null) title=(null) url=(null) rect=1295.56,821.75,79.56,32.06 internal gfx=gfx:2048x2048/root=2048x2048/rot=0/pkg:null touchable=True visible=True
[2026-08-09 09:19:13] FairyGUI: HUD底栏绑定 Level=idx=4/14/1 path=BottomUI/DLevel/DLevelText name=DLevelText item=(null) title=(null) url=(null) rect=381.19,827.69,92.63,20.19 internal gfx=gfx:2048x2048/root=2048x2048/rot=0/pkg:null touchable=True visible=True
[2026-08-09 09:19:13] FairyGUI: HUD底栏绑定 Weight=idx=4/8/0 path=BottomUI/DChatWindow/__codex_mobile_chattxt name=__codex_mobile_chattxt item=(null) title=(null) url=(null) rect=651.94,736.25,418,81.94 internal gfx=null touchable=False visible=True
[2026-08-09 09:19:13] FairyGUI: HUD底栏绑定 ExpBar=idx=4/16 path=BottomUI/DExpBar name=DExpBar item=DExpBar title=(null) url=ui://jk0io98jv9b11f rect=923.88,825.31,288.56,26.13 exported gfx=null touchable=True visible=True
[2026-08-09 09:19:13] FairyGUI: HUD底栏绑定 Volume=idx=4/33 path=BottomUI/textVolume name=textVolume item=(null) title=(null) url=(null) rect=1295.56,821.75,79.56,32.06 internal gfx=gfx:2048x2048/root=2048x2048/rot=0/pkg:null touchable=True visible=True
[2026-08-09 09:19:15] FairyGUI: HUD底栏绑定 Level=idx=4/14/1 path=BottomUI/DLevel/DLevelText name=DLevelText item=(null) title=(null) url=(null) rect=381.19,827.69,92.63,20.19 internal gfx=gfx:2048x2048/root=2048x2048/rot=0/pkg:null touchable=True visible=True
[2026-08-09 09:19:15] FairyGUI: HUD底栏绑定 Weight=idx=4/8/0 path=BottomUI/DChatWindow/__codex_mobile_chattxt name=__codex_mobile_chattxt item=(null) title=(null) url=(null) rect=651.94,736.25,418,81.94 internal gfx=null touchable=False visible=True
[2026-08-09 09:19:15] FairyGUI: HUD底栏绑定 ExpBar=idx=4/16 path=BottomUI/DExpBar name=DExpBar item=DExpBar title=(null) url=ui://jk0io98jv9b11f rect=923.88,825.31,288.56,26.13 exported gfx=null touchable=True visible=True
[2026-08-09 09:19:15] FairyGUI: HUD底栏绑定 Volume=idx=4/33 path=BottomUI/textVolume name=textVolume item=(null) title=(null) url=(null) rect=1295.56,821.75,79.56,32.06 internal gfx=gfx:2048x2048/root=2048x2048/rot=0/pkg:null touchable=True visible=True
[2026-08-09 09:19:17] FairyGUI: HUD底栏绑定 Level=idx=4/14/1 path=BottomUI/DLevel/DLevelText name=DLevelText item=(null) title=(null) url=(null) rect=381.19,827.69,92.63,20.19 internal gfx=gfx:2048x2048/root=2048x2048/rot=0/pkg:null touchable=True visible=True
[2026-08-09 09:19:17] FairyGUI: HUD底栏绑定 Weight=idx=4/8/0 path=BottomUI/DChatWindow/__codex_mobile_chattxt name=__codex_mobile_chattxt item=(null) title=(null) url=(null) rect=651.94,736.25,418,81.94 internal gfx=null touchable=False visible=True
[2026-08-09 09:19:17] FairyGUI: HUD底栏绑定 ExpBar=idx=4/16 path=BottomUI/DExpBar name=DExpBar item=DExpBar title=(null) url=ui://jk0io98jv9b11f rect=923.88,825.31,288.56,26.13 exported gfx=null touchable=True visible=True
[2026-08-09 09:19:17] FairyGUI: HUD底栏绑定 Volume=idx=4/33 path=BottomUI/textVolume name=textVolume item=(null) title=(null) url=(null) rect=1295.56,821.75,79.56,32.06 internal gfx=gfx:2048x2048/root=2048x2048/rot=0/pkg:null touchable=True visible=True
[2026-08-09 09:19:19] FairyGUI: HUD底栏绑定 Level=idx=4/14/1 path=BottomUI/DLevel/DLevelText name=DLevelText item=(null) title=(null) url=(null) rect=381.19,827.69,92.63,20.19 internal gfx=gfx:2048x2048/root=2048x2048/rot=0/pkg:null touchable=True visible=True
[2026-08-09 09:19:19] FairyGUI: HUD底栏绑定 Weight=idx=4/8/0 path=BottomUI/DChatWindow/__codex_mobile_chattxt name=__codex_mobile_chattxt item=(null) title=(null) url=(null) rect=651.94,736.25,418,81.94 internal gfx=null touchable=False visible=True
[2026-08-09 09:19:19] FairyGUI: HUD底栏绑定 ExpBar=idx=4/16 path=BottomUI/DExpBar name=DExpBar item=DExpBar title=(null) url=ui://jk0io98jv9b11f rect=923.88,825.31,288.56,26.13 exported gfx=null touchable=True visible=True
[2026-08-09 09:19:19] FairyGUI: HUD底栏绑定 Volume=idx=4/33 path=BottomUI/textVolume name=textVolume item=(null) title=(null) url=(null) rect=1295.56,821.75,79.56,32.06 internal gfx=gfx:2048x2048/root=2048x2048/rot=0/pkg:null touchable=True visible=True
[2026-08-09 09:19:21] FairyGUI: HUD底栏绑定 Level=idx=4/14/1 path=BottomUI/DLevel/DLevelText name=DLevelText item=(null) title=(null) url=(null) rect=381.19,827.69,92.63,20.19 internal gfx=gfx:2048x2048/root=2048x2048/rot=0/pkg:null touchable=True visible=True
[2026-08-09 09:19:21] FairyGUI: HUD底栏绑定 Weight=idx=4/8/0 path=BottomUI/DChatWindow/__codex_mobile_chattxt name=__codex_mobile_chattxt item=(null) title=(null) url=(null) rect=651.94,736.25,418,81.94 internal gfx=null touchable=False visible=True
[2026-08-09 09:19:21] FairyGUI: HUD底栏绑定 ExpBar=idx=4/16 path=BottomUI/DExpBar name=DExpBar item=DExpBar title=(null) url=ui://jk0io98jv9b11f rect=923.88,825.31,288.56,26.13 exported gfx=null touchable=True visible=True
[2026-08-09 09:19:21] FairyGUI: HUD底栏绑定 Volume=idx=4/33 path=BottomUI/textVolume name=textVolume item=(null) title=(null) url=(null) rect=1295.56,821.75,79.56,32.06 internal gfx=gfx:2048x2048/root=2048x2048/rot=0/pkg:null touchable=True visible=True
[2026-08-09 09:19:23] FairyGUI: HUD底栏绑定 Level=idx=4/14/1 path=BottomUI/DLevel/DLevelText name=DLevelText item=(null) title=(null) url=(null) rect=381.19,827.69,92.63,20.19 internal gfx=gfx:2048x2048/root=2048x2048/rot=0/pkg:null touchable=True visible=True
[2026-08-09 09:19:23] FairyGUI: HUD底栏绑定 Weight=idx=4/8/0 path=BottomUI/DChatWindow/__codex_mobile_chattxt name=__codex_mobile_chattxt item=(null) title=(null) url=(null) rect=651.94,736.25,418,81.94 internal gfx=null touchable=False visible=True
[2026-08-09 09:19:23] FairyGUI: HUD底栏绑定 ExpBar=idx=4/16 path=BottomUI/DExpBar name=DExpBar item=DExpBar title=(null) url=ui://jk0io98jv9b11f rect=923.88,825.31,288.56,26.13 exported gfx=null touchable=True visible=True
[2026-08-09 09:19:23] FairyGUI: HUD底栏绑定 Volume=idx=4/33 path=BottomUI/textVolume name=textVolume item=(null) title=(null) url=(null) rect=1295.56,821.75,79.56,32.06 internal gfx=gfx:2048x2048/root=2048x2048/rot=0/pkg:null touchable=True visible=True
[2026-08-09 09:19:25] FairyGUI: HUD底栏绑定 Level=idx=4/14/1 path=BottomUI/DLevel/DLevelText name=DLevelText item=(null) title=(null) url=(null) rect=381.19,827.69,92.63,20.19 internal gfx=gfx:2048x2048/root=2048x2048/rot=0/pkg:null touchable=True visible=True
[2026-08-09 09:19:25] FairyGUI: HUD底栏绑定 Weight=idx=4/8/0 path=BottomUI/DChatWindow/__codex_mobile_chattxt name=__codex_mobile_chattxt item=(null) title=(null) url=(null) rect=651.94,736.25,418,81.94 internal gfx=null touchable=False visible=True
[2026-08-09 09:19:25] FairyGUI: HUD底栏绑定 ExpBar=idx=4/16 path=BottomUI/DExpBar name=DExpBar item=DExpBar title=(null) url=ui://jk0io98jv9b11f rect=923.88,825.31,288.56,26.13 exported gfx=null touchable=True visible=True
[2026-08-09 09:19:25] FairyGUI: HUD底栏绑定 Volume=idx=4/33 path=BottomUI/textVolume name=textVolume item=(null) title=(null) url=(null) rect=1295.56,821.75,79.56,32.06 internal gfx=gfx:2048x2048/root=2048x2048/rot=0/pkg:null touchable=True visible=True
[2026-08-09 09:19:27] FairyGUI: HUD底栏绑定 Level=idx=4/14/1 path=BottomUI/DLevel/DLevelText name=DLevelText item=(null) title=(null) url=(null) rect=381.19,827.69,92.63,20.19 internal gfx=gfx:2048x2048/root=2048x2048/rot=0/pkg:null touchable=True visible=True
[2026-08-09 09:19:27] FairyGUI: HUD底栏绑定 Weight=idx=4/8/0 path=BottomUI/DChatWindow/__codex_mobile_chattxt name=__codex_mobile_chattxt item=(null) title=(null) url=(null) rect=651.94,736.25,418,81.94 internal gfx=null touchable=False visible=True
[2026-08-09 09:19:27] FairyGUI: HUD底栏绑定 ExpBar=idx=4/16 path=BottomUI/DExpBar name=DExpBar item=DExpBar title=(null) url=ui://jk0io98jv9b11f rect=923.88,825.31,288.56,26.13 exported gfx=null touchable=True visible=True
[2026-08-09 09:19:27] FairyGUI: HUD底栏绑定 Volume=idx=4/33 path=BottomUI/textVolume name=textVolume item=(null) title=(null) url=(null) rect=1295.56,821.75,79.56,32.06 internal gfx=gfx:2048x2048/root=2048x2048/rot=0/pkg:null touchable=True visible=True
[2026-08-09 09:19:29] FairyGUI: HUD底栏绑定 Level=idx=4/14/1 path=BottomUI/DLevel/DLevelText name=DLevelText item=(null) title=(null) url=(null) rect=381.19,827.69,92.63,20.19 internal gfx=gfx:2048x2048/root=2048x2048/rot=0/pkg:null touchable=True visible=True
[2026-08-09 09:19:29] FairyGUI: HUD底栏绑定 Weight=idx=4/8/0 path=BottomUI/DChatWindow/__codex_mobile_chattxt name=__codex_mobile_chattxt item=(null) title=(null) url=(null) rect=651.94,736.25,418,81.94 internal gfx=null touchable=False visible=True
[2026-08-09 09:19:29] FairyGUI: HUD底栏绑定 ExpBar=idx=4/16 path=BottomUI/DExpBar name=DExpBar item=DExpBar title=(null) url=ui://jk0io98jv9b11f rect=923.88,825.31,288.56,26.13 exported gfx=null touchable=True visible=True
[2026-08-09 09:19:29] FairyGUI: HUD底栏绑定 Volume=idx=4/33 path=BottomUI/textVolume name=textVolume item=(null) title=(null) url=(null) rect=1295.56,821.75,79.56,32.06 internal gfx=gfx:2048x2048/root=2048x2048/rot=0/pkg:null touchable=True visible=True
[2026-08-09 09:19:31] FairyGUI: HUD底栏绑定 Level=idx=4/14/1 path=BottomUI/DLevel/DLevelText name=DLevelText item=(null) title=(null) url=(null) rect=381.19,827.69,92.63,20.19 internal gfx=gfx:2048x2048/root=2048x2048/rot=0/pkg:null touchable=True visible=True
[2026-08-09 09:19:31] FairyGUI: HUD底栏绑定 Weight=idx=4/8/0 path=BottomUI/DChatWindow/__codex_mobile_chattxt name=__codex_mobile_chattxt item=(null) title=(null) url=(null) rect=651.94,736.25,418,81.94 internal gfx=null touchable=False visible=True
[2026-08-09 09:19:31] FairyGUI: HUD底栏绑定 ExpBar=idx=4/16 path=BottomUI/DExpBar name=DExpBar item=DExpBar title=(null) url=ui://jk0io98jv9b11f rect=923.88,825.31,288.56,26.13 exported gfx=null touchable=True visible=True
[2026-08-09 09:19:31] FairyGUI: HUD底栏绑定 Volume=idx=4/33 path=BottomUI/textVolume name=textVolume item=(null) title=(null) url=(null) rect=1295.56,821.75,79.56,32.06 internal gfx=gfx:2048x2048/root=2048x2048/rot=0/pkg:null touchable=True visible=True
[2026-08-09 09:19:33] FairyGUI: HUD底栏绑定 Level=idx=4/14/1 path=BottomUI/DLevel/DLevelText name=DLevelText item=(null) title=(null) url=(null) rect=381.19,827.69,92.63,20.19 internal gfx=gfx:2048x2048/root=2048x2048/rot=0/pkg:null touchable=True visible=True
[2026-08-09 09:19:33] FairyGUI: HUD底栏绑定 Weight=idx=4/8/0 path=BottomUI/DChatWindow/__codex_mobile_chattxt name=__codex_mobile_chattxt item=(null) title=(null) url=(null) rect=651.94,736.25,418,81.94 internal gfx=null touchable=False visible=True
[2026-08-09 09:19:33] FairyGUI: HUD底栏绑定 ExpBar=idx=4/16 path=BottomUI/DExpBar name=DExpBar item=DExpBar title=(null) url=ui://jk0io98jv9b11f rect=923.88,825.31,288.56,26.13 exported gfx=null touchable=True visible=True
[2026-08-09 09:19:33] FairyGUI: HUD底栏绑定 Volume=idx=4/33 path=BottomUI/textVolume name=textVolume item=(null) title=(null) url=(null) rect=1295.56,821.75,79.56,32.06 internal gfx=gfx:2048x2048/root=2048x2048/rot=0/pkg:null touchable=True visible=True
[2026-08-09 09:19:35] FairyGUI: HUD底栏绑定 Level=idx=4/14/1 path=BottomUI/DLevel/DLevelText name=DLevelText item=(null) title=(null) url=(null) rect=381.19,827.69,92.63,20.19 internal gfx=gfx:2048x2048/root=2048x2048/rot=0/pkg:null touchable=True visible=True
[2026-08-09 09:19:35] FairyGUI: HUD底栏绑定 Weight=idx=4/8/0 path=BottomUI/DChatWindow/__codex_mobile_chattxt name=__codex_mobile_chattxt item=(null) title=(null) url=(null) rect=651.94,736.25,418,81.94 internal gfx=null touchable=False visible=True
[2026-08-09 09:19:35] FairyGUI: HUD底栏绑定 ExpBar=idx=4/16 path=BottomUI/DExpBar name=DExpBar item=DExpBar title=(null) url=ui://jk0io98jv9b11f rect=923.88,825.31,288.56,26.13 exported gfx=null touchable=True visible=True
[2026-08-09 09:19:35] FairyGUI: HUD底栏绑定 Volume=idx=4/33 path=BottomUI/textVolume name=textVolume item=(null) title=(null) url=(null) rect=1295.56,821.75,79.56,32.06 internal gfx=gfx:2048x2048/root=2048x2048/rot=0/pkg:null touchable=True visible=True
[2026-08-09 09:19:38] FairyGUI: HUD底栏绑定 Level=idx=4/14/1 path=BottomUI/DLevel/DLevelText name=DLevelText item=(null) title=(null) url=(null) rect=381.19,827.69,92.63,20.19 internal gfx=gfx:2048x2048/root=2048x2048/rot=0/pkg:null touchable=True visible=True
[2026-08-09 09:19:38] FairyGUI: HUD底栏绑定 Weight=idx=4/8/0 path=BottomUI/DChatWindow/__codex_mobile_chattxt name=__codex_mobile_chattxt item=(null) title=(null) url=(null) rect=651.94,736.25,418,81.94 internal gfx=null touchable=False visible=True
[2026-08-09 09:19:38] FairyGUI: HUD底栏绑定 ExpBar=idx=4/16 path=BottomUI/DExpBar name=DExpBar item=DExpBar title=(null) url=ui://jk0io98jv9b11f rect=923.88,825.31,288.56,26.13 exported gfx=null touchable=True visible=True
[2026-08-09 09:19:38] FairyGUI: HUD底栏绑定 Volume=idx=4/33 path=BottomUI/textVolume name=textVolume item=(null) title=(null) url=(null) rect=1295.56,821.75,79.56,32.06 internal gfx=gfx:2048x2048/root=2048x2048/rot=0/pkg:null touchable=True visible=True
[2026-08-09 09:19:40] FairyGUI: HUD底栏绑定 Level=idx=4/14/1 path=BottomUI/DLevel/DLevelText name=DLevelText item=(null) title=(null) url=(null) rect=381.19,827.69,92.63,20.19 internal gfx=gfx:2048x2048/root=2048x2048/rot=0/pkg:null touchable=True visible=True
[2026-08-09 09:19:40] FairyGUI: HUD底栏绑定 Weight=idx=4/8/0 path=BottomUI/DChatWindow/__codex_mobile_chattxt name=__codex_mobile_chattxt item=(null) title=(null) url=(null) rect=651.94,736.25,418,81.94 internal gfx=null touchable=False visible=True
[2026-08-09 09:19:40] FairyGUI: HUD底栏绑定 ExpBar=idx=4/16 path=BottomUI/DExpBar name=DExpBar item=DExpBar title=(null) url=ui://jk0io98jv9b11f rect=923.88,825.31,288.56,26.13 exported gfx=null touchable=True visible=True
[2026-08-09 09:19:40] FairyGUI: HUD底栏绑定 Volume=idx=4/33 path=BottomUI/textVolume name=textVolume item=(null) title=(null) url=(null) rect=1295.56,821.75,79.56,32.06 internal gfx=gfx:2048x2048/root=2048x2048/rot=0/pkg:null touchable=True visible=True
[2026-08-09 09:19:42] FairyGUI: HUD底栏绑定 Level=idx=4/14/1 path=BottomUI/DLevel/DLevelText name=DLevelText item=(null) title=(null) url=(null) rect=381.19,827.69,92.63,20.19 internal gfx=gfx:2048x2048/root=2048x2048/rot=0/pkg:null touchable=True visible=True
[2026-08-09 09:19:42] FairyGUI: HUD底栏绑定 Weight=idx=4/8/0 path=BottomUI/DChatWindow/__codex_mobile_chattxt name=__codex_mobile_chattxt item=(null) title=(null) url=(null) rect=651.94,736.25,418,81.94 internal gfx=null touchable=False visible=True
[2026-08-09 09:19:42] FairyGUI: HUD底栏绑定 ExpBar=idx=4/16 path=BottomUI/DExpBar name=DExpBar item=DExpBar title=(null) url=ui://jk0io98jv9b11f rect=923.88,825.31,288.56,26.13 exported gfx=null touchable=True visible=True
[2026-08-09 09:19:42] FairyGUI: HUD底栏绑定 Volume=idx=4/33 path=BottomUI/textVolume name=textVolume item=(null) title=(null) url=(null) rect=1295.56,821.75,79.56,32.06 internal gfx=gfx:2048x2048/root=2048x2048/rot=0/pkg:null touchable=True visible=True
[2026-08-09 09:19:44] FairyGUI: HUD底栏绑定 Level=idx=4/14/1 path=BottomUI/DLevel/DLevelText name=DLevelText item=(null) title=(null) url=(null) rect=381.19,827.69,92.63,20.19 internal gfx=gfx:2048x2048/root=2048x2048/rot=0/pkg:null touchable=True visible=True
[2026-08-09 09:19:44] FairyGUI: HUD底栏绑定 Weight=idx=4/8/0 path=BottomUI/DChatWindow/__codex_mobile_chattxt name=__codex_mobile_chattxt item=(null) title=(null) url=(null) rect=651.94,736.25,418,81.94 internal gfx=null touchable=False visible=True
[2026-08-09 09:19:44] FairyGUI: HUD底栏绑定 ExpBar=idx=4/16 path=BottomUI/DExpBar name=DExpBar item=DExpBar title=(null) url=ui://jk0io98jv9b11f rect=923.88,825.31,288.56,26.13 exported gfx=null touchable=True visible=True
[2026-08-09 09:19:44] FairyGUI: HUD底栏绑定 Volume=idx=4/33 path=BottomUI/textVolume name=textVolume item=(null) title=(null) url=(null) rect=1295.56,821.75,79.56,32.06 internal gfx=gfx:2048x2048/root=2048x2048/rot=0/pkg:null touchable=True visible=True
[2026-08-09 09:19:46] FairyGUI: HUD底栏绑定 Level=idx=4/14/1 path=BottomUI/DLevel/DLevelText name=DLevelText item=(null) title=(null) url=(null) rect=381.19,827.69,92.63,20.19 internal gfx=gfx:2048x2048/root=2048x2048/rot=0/pkg:null touchable=True visible=True
[2026-08-09 09:19:46] FairyGUI: HUD底栏绑定 Weight=idx=4/8/0 path=BottomUI/DChatWindow/__codex_mobile_chattxt name=__codex_mobile_chattxt item=(null) title=(null) url=(null) rect=651.94,736.25,418,81.94 internal gfx=null touchable=False visible=True
[2026-08-09 09:19:46] FairyGUI: HUD底栏绑定 ExpBar=idx=4/16 path=BottomUI/DExpBar name=DExpBar item=DExpBar title=(null) url=ui://jk0io98jv9b11f rect=923.88,825.31,288.56,26.13 exported gfx=null touchable=True visible=True
[2026-08-09 09:19:46] FairyGUI: HUD底栏绑定 Volume=idx=4/33 path=BottomUI/textVolume name=textVolume item=(null) title=(null) url=(null) rect=1295.56,821.75,79.56,32.06 internal gfx=gfx:2048x2048/root=2048x2048/rot=0/pkg:null touchable=True visible=True
[2026-08-09 09:19:48] FairyGUI: HUD底栏绑定 Level=idx=4/14/1 path=BottomUI/DLevel/DLevelText name=DLevelText item=(null) title=(null) url=(null) rect=381.19,827.69,92.63,20.19 internal gfx=gfx:2048x2048/root=2048x2048/rot=0/pkg:null touchable=True visible=True
[2026-08-09 09:19:48] FairyGUI: HUD底栏绑定 Weight=idx=4/8/0 path=BottomUI/DChatWindow/__codex_mobile_chattxt name=__codex_mobile_chattxt item=(null) title=(null) url=(null) rect=651.94,736.25,418,81.94 internal gfx=null touchable=False visible=True
[2026-08-09 09:19:48] FairyGUI: HUD底栏绑定 ExpBar=idx=4/16 path=BottomUI/DExpBar name=DExpBar item=DExpBar title=(null) url=ui://jk0io98jv9b11f rect=923.88,825.31,288.56,26.13 exported gfx=null touchable=True visible=True
[2026-08-09 09:19:48] FairyGUI: HUD底栏绑定 Volume=idx=4/33 path=BottomUI/textVolume name=textVolume item=(null) title=(null) url=(null) rect=1295.56,821.75,79.56,32.06 internal gfx=gfx:2048x2048/root=2048x2048/rot=0/pkg:null touchable=True visible=True
[2026-08-09 09:19:50] FairyGUI Action: Activity (活动/赏金)
[2026-08-09 09:19:50] FairyGUI: HUD底栏绑定 Level=idx=4/14/1 path=BottomUI/DLevel/DLevelText name=DLevelText item=(null) title=(null) url=(null) rect=381.19,827.69,92.63,20.19 internal gfx=gfx:2048x2048/root=2048x2048/rot=0/pkg:null touchable=True visible=True
[2026-08-09 09:19:50] FairyGUI: HUD底栏绑定 Weight=idx=4/8/0 path=BottomUI/DChatWindow/__codex_mobile_chattxt name=__codex_mobile_chattxt item=(null) title=(null) url=(null) rect=651.94,736.25,418,81.94 internal gfx=null touchable=False visible=True
[2026-08-09 09:19:50] FairyGUI: HUD底栏绑定 ExpBar=idx=4/16 path=BottomUI/DExpBar name=DExpBar item=DExpBar title=(null) url=ui://jk0io98jv9b11f rect=923.88,825.31,288.56,26.13 exported gfx=null touchable=True visible=True
[2026-08-09 09:19:50] FairyGUI: HUD底栏绑定 Volume=idx=4/33 path=BottomUI/textVolume name=textVolume item=(null) title=(null) url=(null) rect=1295.56,821.75,79.56,32.06 internal gfx=gfx:2048x2048/root=2048x2048/rot=0/pkg:null touchable=True visible=True
[2026-08-09 09:19:52] FairyGUI: HUD底栏绑定 Level=idx=4/14/1 path=BottomUI/DLevel/DLevelText name=DLevelText item=(null) title=(null) url=(null) rect=381.19,827.69,92.63,20.19 internal gfx=gfx:2048x2048/root=2048x2048/rot=0/pkg:null touchable=True visible=True
[2026-08-09 09:19:52] FairyGUI: HUD底栏绑定 Weight=idx=4/8/0 path=BottomUI/DChatWindow/__codex_mobile_chattxt name=__codex_mobile_chattxt item=(null) title=(null) url=(null) rect=651.94,736.25,418,81.94 internal gfx=null touchable=False visible=True
[2026-08-09 09:19:52] FairyGUI: HUD底栏绑定 ExpBar=idx=4/16 path=BottomUI/DExpBar name=DExpBar item=DExpBar title=(null) url=ui://jk0io98jv9b11f rect=923.88,825.31,288.56,26.13 exported gfx=null touchable=True visible=True
[2026-08-09 09:19:52] FairyGUI: HUD底栏绑定 Volume=idx=4/33 path=BottomUI/textVolume name=textVolume item=(null) title=(null) url=(null) rect=1295.56,821.75,79.56,32.06 internal gfx=gfx:2048x2048/root=2048x2048/rot=0/pkg:null touchable=True visible=True
[2026-08-09 09:19:54] FairyGUI: HUD底栏绑定 Level=idx=4/14/1 path=BottomUI/DLevel/DLevelText name=DLevelText item=(null) title=(null) url=(null) rect=381.19,827.69,92.63,20.19 internal gfx=gfx:2048x2048/root=2048x2048/rot=0/pkg:null touchable=True visible=True
[2026-08-09 09:19:54] FairyGUI: HUD底栏绑定 Weight=idx=4/8/0 path=BottomUI/DChatWindow/__codex_mobile_chattxt name=__codex_mobile_chattxt item=(null) title=(null) url=(null) rect=651.94,736.25,418,81.94 internal gfx=null touchable=False visible=True
[2026-08-09 09:19:54] FairyGUI: HUD底栏绑定 ExpBar=idx=4/16 path=BottomUI/DExpBar name=DExpBar item=DExpBar title=(null) url=ui://jk0io98jv9b11f rect=923.88,825.31,288.56,26.13 exported gfx=null touchable=True visible=True
[2026-08-09 09:19:54] FairyGUI: HUD底栏绑定 Volume=idx=4/33 path=BottomUI/textVolume name=textVolume item=(null) title=(null) url=(null) rect=1295.56,821.75,79.56,32.06 internal gfx=gfx:2048x2048/root=2048x2048/rot=0/pkg:null touchable=True visible=True
[2026-08-09 09:19:56] FairyGUI: HUD底栏绑定 Level=idx=4/14/1 path=BottomUI/DLevel/DLevelText name=DLevelText item=(null) title=(null) url=(null) rect=381.19,827.69,92.63,20.19 internal gfx=gfx:2048x2048/root=2048x2048/rot=0/pkg:null touchable=True visible=True
[2026-08-09 09:19:56] FairyGUI: HUD底栏绑定 Weight=idx=4/8/0 path=BottomUI/DChatWindow/__codex_mobile_chattxt name=__codex_mobile_chattxt item=(null) title=(null) url=(null) rect=651.94,736.25,418,81.94 internal gfx=null touchable=False visible=True
[2026-08-09 09:19:56] FairyGUI: HUD底栏绑定 ExpBar=idx=4/16 path=BottomUI/DExpBar name=DExpBar item=DExpBar title=(null) url=ui://jk0io98jv9b11f rect=923.88,825.31,288.56,26.13 exported gfx=null touchable=True visible=True
[2026-08-09 09:19:56] FairyGUI: HUD底栏绑定 Volume=idx=4/33 path=BottomUI/textVolume name=textVolume item=(null) title=(null) url=(null) rect=1295.56,821.75,79.56,32.06 internal gfx=gfx:2048x2048/root=2048x2048/rot=0/pkg:null touchable=True visible=True
[2026-08-09 09:19:58] FairyGUI: HUD底栏绑定 Level=idx=4/14/1 path=BottomUI/DLevel/DLevelText name=DLevelText item=(null) title=(null) url=(null) rect=381.19,827.69,92.63,20.19 internal gfx=gfx:2048x2048/root=2048x2048/rot=0/pkg:null touchable=True visible=True
[2026-08-09 09:19:58] FairyGUI: HUD底栏绑定 Weight=idx=4/8/0 path=BottomUI/DChatWindow/__codex_mobile_chattxt name=__codex_mobile_chattxt item=(null) title=(null) url=(null) rect=651.94,736.25,418,81.94 internal gfx=null touchable=False visible=True
[2026-08-09 09:19:58] FairyGUI: HUD底栏绑定 ExpBar=idx=4/16 path=BottomUI/DExpBar name=DExpBar item=DExpBar title=(null) url=ui://jk0io98jv9b11f rect=923.88,825.31,288.56,26.13 exported gfx=null touchable=True visible=True
[2026-08-09 09:19:58] FairyGUI: HUD底栏绑定 Volume=idx=4/33 path=BottomUI/textVolume name=textVolume item=(null) title=(null) url=(null) rect=1295.56,821.75,79.56,32.06 internal gfx=gfx:2048x2048/root=2048x2048/rot=0/pkg:null touchable=True visible=True
[2026-08-09 09:20:00] FairyGUI: HUD底栏绑定 Level=idx=4/14/1 path=BottomUI/DLevel/DLevelText name=DLevelText item=(null) title=(null) url=(null) rect=381.19,827.69,92.63,20.19 internal gfx=gfx:2048x2048/root=2048x2048/rot=0/pkg:null touchable=True visible=True
[2026-08-09 09:20:00] FairyGUI: HUD底栏绑定 Weight=idx=4/8/0 path=BottomUI/DChatWindow/__codex_mobile_chattxt name=__codex_mobile_chattxt item=(null) title=(null) url=(null) rect=651.94,736.25,418,81.94 internal gfx=null touchable=False visible=True
[2026-08-09 09:20:00] FairyGUI: HUD底栏绑定 ExpBar=idx=4/16 path=BottomUI/DExpBar name=DExpBar item=DExpBar title=(null) url=ui://jk0io98jv9b11f rect=923.88,825.31,288.56,26.13 exported gfx=null touchable=True visible=True
[2026-08-09 09:20:00] FairyGUI: HUD底栏绑定 Volume=idx=4/33 path=BottomUI/textVolume name=textVolume item=(null) title=(null) url=(null) rect=1295.56,821.75,79.56,32.06 internal gfx=gfx:2048x2048/root=2048x2048/rot=0/pkg:null touchable=True visible=True
[2026-08-09 09:20:02] FairyGUI: HUD底栏绑定 Level=idx=4/14/1 path=BottomUI/DLevel/DLevelText name=DLevelText item=(null) title=(null) url=(null) rect=381.19,827.69,92.63,20.19 internal gfx=gfx:2048x2048/root=2048x2048/rot=0/pkg:null touchable=True visible=True
[2026-08-09 09:20:02] FairyGUI: HUD底栏绑定 Weight=idx=4/8/0 path=BottomUI/DChatWindow/__codex_mobile_chattxt name=__codex_mobile_chattxt item=(null) title=(null) url=(null) rect=651.94,736.25,418,81.94 internal gfx=null touchable=False visible=True
[2026-08-09 09:20:02] FairyGUI: HUD底栏绑定 ExpBar=idx=4/16 path=BottomUI/DExpBar name=DExpBar item=DExpBar title=(null) url=ui://jk0io98jv9b11f rect=923.88,825.31,288.56,26.13 exported gfx=null touchable=True visible=True
[2026-08-09 09:20:02] FairyGUI: HUD底栏绑定 Volume=idx=4/33 path=BottomUI/textVolume name=textVolume item=(null) title=(null) url=(null) rect=1295.56,821.75,79.56,32.06 internal gfx=gfx:2048x2048/root=2048x2048/rot=0/pkg:null touchable=True visible=True
[2026-08-09 09:20:04] FairyGUI: HUD底栏绑定 Level=idx=4/14/1 path=BottomUI/DLevel/DLevelText name=DLevelText item=(null) title=(null) url=(null) rect=381.19,827.69,92.63,20.19 internal gfx=gfx:2048x2048/root=2048x2048/rot=0/pkg:null touchable=True visible=True
[2026-08-09 09:20:04] FairyGUI: HUD底栏绑定 Weight=idx=4/8/0 path=BottomUI/DChatWindow/__codex_mobile_chattxt name=__codex_mobile_chattxt item=(null) title=(null) url=(null) rect=651.94,736.25,418,81.94 internal gfx=null touchable=False visible=True
[2026-08-09 09:20:04] FairyGUI: HUD底栏绑定 ExpBar=idx=4/16 path=BottomUI/DExpBar name=DExpBar item=DExpBar title=(null) url=ui://jk0io98jv9b11f rect=923.88,825.31,288.56,26.13 exported gfx=null touchable=True visible=True
[2026-08-09 09:20:04] FairyGUI: HUD底栏绑定 Volume=idx=4/33 path=BottomUI/textVolume name=textVolume item=(null) title=(null) url=(null) rect=1295.56,821.75,79.56,32.06 internal gfx=gfx:2048x2048/root=2048x2048/rot=0/pkg:null touchable=True visible=True
[2026-08-09 09:20:06] FairyGUI: HUD底栏绑定 Level=idx=4/14/1 path=BottomUI/DLevel/DLevelText name=DLevelText item=(null) title=(null) url=(null) rect=381.19,827.69,92.63,20.19 internal gfx=gfx:2048x2048/root=2048x2048/rot=0/pkg:null touchable=True visible=True
[2026-08-09 09:20:06] FairyGUI: HUD底栏绑定 Weight=idx=4/8/0 path=BottomUI/DChatWindow/__codex_mobile_chattxt name=__codex_mobile_chattxt item=(null) title=(null) url=(null) rect=651.94,736.25,418,81.94 internal gfx=null touchable=False visible=True
[2026-08-09 09:20:06] FairyGUI: HUD底栏绑定 ExpBar=idx=4/16 path=BottomUI/DExpBar name=DExpBar item=DExpBar title=(null) url=ui://jk0io98jv9b11f rect=923.88,825.31,288.56,26.13 exported gfx=null touchable=True visible=True
[2026-08-09 09:20:06] FairyGUI: HUD底栏绑定 Volume=idx=4/33 path=BottomUI/textVolume name=textVolume item=(null) title=(null) url=(null) rect=1295.56,821.75,79.56,32.06 internal gfx=gfx:2048x2048/root=2048x2048/rot=0/pkg:null touchable=True visible=True
[2026-08-09 09:20:08] FairyGUI: HUD底栏绑定 Level=idx=4/14/1 path=BottomUI/DLevel/DLevelText name=DLevelText item=(null) title=(null) url=(null) rect=381.19,827.69,92.63,20.19 internal gfx=gfx:2048x2048/root=2048x2048/rot=0/pkg:null touchable=True visible=True
[2026-08-09 09:20:08] FairyGUI: HUD底栏绑定 Weight=idx=4/8/0 path=BottomUI/DChatWindow/__codex_mobile_chattxt name=__codex_mobile_chattxt item=(null) title=(null) url=(null) rect=651.94,736.25,418,81.94 internal gfx=null touchable=False visible=True
[2026-08-09 09:20:08] FairyGUI: HUD底栏绑定 ExpBar=idx=4/16 path=BottomUI/DExpBar name=DExpBar item=DExpBar title=(null) url=ui://jk0io98jv9b11f rect=923.88,825.31,288.56,26.13 exported gfx=null touchable=True visible=True
[2026-08-09 09:20:08] FairyGUI: HUD底栏绑定 Volume=idx=4/33 path=BottomUI/textVolume name=textVolume item=(null) title=(null) url=(null) rect=1295.56,821.75,79.56,32.06 internal gfx=gfx:2048x2048/root=2048x2048/rot=0/pkg:null touchable=True visible=True
[2026-08-09 09:20:10] FairyGUI: HUD底栏绑定 Level=idx=4/14/1 path=BottomUI/DLevel/DLevelText name=DLevelText item=(null) title=(null) url=(null) rect=381.19,827.69,92.63,20.19 internal gfx=gfx:2048x2048/root=2048x2048/rot=0/pkg:null touchable=True visible=True
[2026-08-09 09:20:10] FairyGUI: HUD底栏绑定 Weight=idx=4/8/0 path=BottomUI/DChatWindow/__codex_mobile_chattxt name=__codex_mobile_chattxt item=(null) title=(null) url=(null) rect=651.94,736.25,418,81.94 internal gfx=null touchable=False visible=True
[2026-08-09 09:20:10] FairyGUI: HUD底栏绑定 ExpBar=idx=4/16 path=BottomUI/DExpBar name=DExpBar item=DExpBar title=(null) url=ui://jk0io98jv9b11f rect=923.88,825.31,288.56,26.13 exported gfx=null touchable=True visible=True
[2026-08-09 09:20:10] FairyGUI: HUD底栏绑定 Volume=idx=4/33 path=BottomUI/textVolume name=textVolume item=(null) title=(null) url=(null) rect=1295.56,821.75,79.56,32.06 internal gfx=gfx:2048x2048/root=2048x2048/rot=0/pkg:null touchable=True visible=True
[2026-08-09 09:20:12] FairyGUI: HUD底栏绑定 Level=idx=4/14/1 path=BottomUI/DLevel/DLevelText name=DLevelText item=(null) title=(null) url=(null) rect=381.19,827.69,92.63,20.19 internal gfx=gfx:2048x2048/root=2048x2048/rot=0/pkg:null touchable=True visible=True
[2026-08-09 09:20:12] FairyGUI: HUD底栏绑定 Weight=idx=4/8/0 path=BottomUI/DChatWindow/__codex_mobile_chattxt name=__codex_mobile_chattxt item=(null) title=(null) url=(null) rect=651.94,736.25,418,81.94 internal gfx=null touchable=False visible=True
[2026-08-09 09:20:12] FairyGUI: HUD底栏绑定 ExpBar=idx=4/16 path=BottomUI/DExpBar name=DExpBar item=DExpBar title=(null) url=ui://jk0io98jv9b11f rect=923.88,825.31,288.56,26.13 exported gfx=null touchable=True visible=True
[2026-08-09 09:20:12] FairyGUI: HUD底栏绑定 Volume=idx=4/33 path=BottomUI/textVolume name=textVolume item=(null) title=(null) url=(null) rect=1295.56,821.75,79.56,32.06 internal gfx=gfx:2048x2048/root=2048x2048/rot=0/pkg:null touchable=True visible=True
[2026-08-09 09:20:14] FairyGUI Action: Activity (活动/赏金)
[2026-08-09 09:20:14] FairyGUI: HUD底栏绑定 Level=idx=4/14/1 path=BottomUI/DLevel/DLevelText name=DLevelText item=(null) title=(null) url=(null) rect=381.19,827.69,92.63,20.19 internal gfx=gfx:2048x2048/root=2048x2048/rot=0/pkg:null touchable=True visible=True
[2026-08-09 09:20:14] FairyGUI: HUD底栏绑定 Weight=idx=4/8/0 path=BottomUI/DChatWindow/__codex_mobile_chattxt name=__codex_mobile_chattxt item=(null) title=(null) url=(null) rect=651.94,736.25,418,81.94 internal gfx=null touchable=False visible=True
[2026-08-09 09:20:14] FairyGUI: HUD底栏绑定 ExpBar=idx=4/16 path=BottomUI/DExpBar name=DExpBar item=DExpBar title=(null) url=ui://jk0io98jv9b11f rect=923.88,825.31,288.56,26.13 exported gfx=null touchable=True visible=True
[2026-08-09 09:20:14] FairyGUI: HUD底栏绑定 Volume=idx=4/33 path=BottomUI/textVolume name=textVolume item=(null) title=(null) url=(null) rect=1295.56,821.75,79.56,32.06 internal gfx=gfx:2048x2048/root=2048x2048/rot=0/pkg:null touchable=True visible=True
[2026-08-09 09:20:16] FairyGUI Action: Fishing (钓鱼)
[2026-08-09 09:20:16] FairyGUI: 窗口已创建（Fishing） -> fallback
[2026-08-09 09:20:16] FairyGUI: 已导出窗口(Fishing)树到 /data/user/0/com.lommir.client.monogame.android/files/Cache/Mobile/Runtime/FairyGui-MobileWindow-Fishing-Tree.txt
[2026-08-09 09:20:16] FairyGUI: 窗口(Fishing) 已绑定关闭按钮 name=closeButton item=(null)
[2026-08-09 09:20:16] FairyGUI: HUD底栏绑定 Level=idx=4/14/1 path=BottomUI/DLevel/DLevelText name=DLevelText item=(null) title=(null) url=(null) rect=381.19,827.69,92.63,20.19 internal gfx=gfx:2048x2048/root=2048x2048/rot=0/pkg:null touchable=True visible=True
[2026-08-09 09:20:16] FairyGUI: HUD底栏绑定 Weight=idx=4/8/0 path=BottomUI/DChatWindow/__codex_mobile_chattxt name=__codex_mobile_chattxt item=(null) title=(null) url=(null) rect=651.94,736.25,418,81.94 internal gfx=null touchable=False visible=True
[2026-08-09 09:20:16] FairyGUI: HUD底栏绑定 ExpBar=idx=4/16 path=BottomUI/DExpBar name=DExpBar item=DExpBar title=(null) url=ui://jk0io98jv9b11f rect=923.88,825.31,288.56,26.13 exported gfx=null touchable=True visible=True
[2026-08-09 09:20:16] FairyGUI: HUD底栏绑定 Volume=idx=4/33 path=BottomUI/textVolume name=textVolume item=(null) title=(null) url=(null) rect=1295.56,821.75,79.56,32.06 internal gfx=gfx:2048x2048/root=2048x2048/rot=0/pkg:null touchable=True visible=True
[2026-08-09 09:20:18] FairyGUI: HUD底栏绑定 Level=idx=4/14/1 path=BottomUI/DLevel/DLevelText name=DLevelText item=(null) title=(null) url=(null) rect=381.19,827.69,92.63,20.19 internal gfx=gfx:2048x2048/root=2048x2048/rot=0/pkg:null touchable=True visible=True
[2026-08-09 09:20:18] FairyGUI: HUD底栏绑定 Weight=idx=4/8/0 path=BottomUI/DChatWindow/__codex_mobile_chattxt name=__codex_mobile_chattxt item=(null) title=(null) url=(null) rect=651.94,736.25,418,81.94 internal gfx=null touchable=False visible=True
[2026-08-09 09:20:18] FairyGUI: HUD底栏绑定 ExpBar=idx=4/16 path=BottomUI/DExpBar name=DExpBar item=DExpBar title=(null) url=ui://jk0io98jv9b11f rect=923.88,825.31,288.56,26.13 exported gfx=null touchable=True visible=True
[2026-08-09 09:20:18] FairyGUI: HUD底栏绑定 Volume=idx=4/33 path=BottomUI/textVolume name=textVolume item=(null) title=(null) url=(null) rect=1295.56,821.75,79.56,32.06 internal gfx=gfx:2048x2048/root=2048x2048/rot=0/pkg:null touchable=True visible=True
[2026-08-09 09:20:20] FairyGUI: HUD底栏绑定 Level=idx=4/14/1 path=BottomUI/DLevel/DLevelText name=DLevelText item=(null) title=(null) url=(null) rect=381.19,827.69,92.63,20.19 internal gfx=gfx:2048x2048/root=2048x2048/rot=0/pkg:null touchable=True visible=True
[2026-08-09 09:20:20] FairyGUI: HUD底栏绑定 Weight=idx=4/8/0 path=BottomUI/DChatWindow/__codex_mobile_chattxt name=__codex_mobile_chattxt item=(null) title=(null) url=(null) rect=651.94,736.25,418,81.94 internal gfx=null touchable=False visible=True
[2026-08-09 09:20:20] FairyGUI: HUD底栏绑定 ExpBar=idx=4/16 path=BottomUI/DExpBar name=DExpBar item=DExpBar title=(null) url=ui://jk0io98jv9b11f rect=923.88,825.31,288.56,26.13 exported gfx=null touchable=True visible=True
[2026-08-09 09:20:20] FairyGUI: HUD底栏绑定 Volume=idx=4/33 path=BottomUI/textVolume name=textVolume item=(null) title=(null) url=(null) rect=1295.56,821.75,79.56,32.06 internal gfx=gfx:2048x2048/root=2048x2048/rot=0/pkg:null touchable=True visible=True
[2026-08-09 09:20:22] FairyGUI: HUD底栏绑定 Level=idx=4/14/1 path=BottomUI/DLevel/DLevelText name=DLevelText item=(null) title=(null) url=(null) rect=381.19,827.69,92.63,20.19 internal gfx=gfx:2048x2048/root=2048x2048/rot=0/pkg:null touchable=True visible=True
[2026-08-09 09:20:22] FairyGUI: HUD底栏绑定 Weight=idx=4/8/0 path=BottomUI/DChatWindow/__codex_mobile_chattxt name=__codex_mobile_chattxt item=(null) title=(null) url=(null) rect=651.94,736.25,418,81.94 internal gfx=null touchable=False visible=True
[2026-08-09 09:20:22] FairyGUI: HUD底栏绑定 ExpBar=idx=4/16 path=BottomUI/DExpBar name=DExpBar item=DExpBar title=(null) url=ui://jk0io98jv9b11f rect=923.88,825.31,288.56,26.13 exported gfx=null touchable=True visible=True
[2026-08-09 09:20:22] FairyGUI: HUD底栏绑定 Volume=idx=4/33 path=BottomUI/textVolume name=textVolume item=(null) title=(null) url=(null) rect=1295.56,821.75,79.56,32.06 internal gfx=gfx:2048x2048/root=2048x2048/rot=0/pkg:null touchable=True visible=True
[2026-08-09 09:20:24] FairyGUI: HUD底栏绑定 Level=idx=4/14/1 path=BottomUI/DLevel/DLevelText name=DLevelText item=(null) title=(null) url=(null) rect=381.19,827.69,92.63,20.19 internal gfx=gfx:2048x2048/root=2048x2048/rot=0/pkg:null touchable=True visible=True
[2026-08-09 09:20:24] FairyGUI: HUD底栏绑定 Weight=idx=4/8/0 path=BottomUI/DChatWindow/__codex_mobile_chattxt name=__codex_mobile_chattxt item=(null) title=(null) url=(null) rect=651.94,736.25,418,81.94 internal gfx=null touchable=False visible=True
[2026-08-09 09:20:24] FairyGUI: HUD底栏绑定 ExpBar=idx=4/16 path=BottomUI/DExpBar name=DExpBar item=DExpBar title=(null) url=ui://jk0io98jv9b11f rect=923.88,825.31,288.56,26.13 exported gfx=null touchable=True visible=True
[2026-08-09 09:20:24] FairyGUI: HUD底栏绑定 Volume=idx=4/33 path=BottomUI/textVolume name=textVolume item=(null) title=(null) url=(null) rect=1295.56,821.75,79.56,32.06 internal gfx=gfx:2048x2048/root=2048x2048/rot=0/pkg:null touchable=True visible=True
[2026-08-09 09:20:27] FairyGUI: HUD底栏绑定 Level=idx=4/14/1 path=BottomUI/DLevel/DLevelText name=DLevelText item=(null) title=(null) url=(null) rect=381.19,827.69,92.63,20.19 internal gfx=gfx:2048x2048/root=2048x2048/rot=0/pkg:null touchable=True visible=True
[2026-08-09 09:20:27] FairyGUI: HUD底栏绑定 Weight=idx=4/8/0 path=BottomUI/DChatWindow/__codex_mobile_chattxt name=__codex_mobile_chattxt item=(null) title=(null) url=(null) rect=651.94,736.25,418,81.94 internal gfx=null touchable=False visible=True
[2026-08-09 09:20:27] FairyGUI: HUD底栏绑定 ExpBar=idx=4/16 path=BottomUI/DExpBar name=DExpBar item=DExpBar title=(null) url=ui://jk0io98jv9b11f rect=923.88,825.31,288.56,26.13 exported gfx=null touchable=True visible=True
[2026-08-09 09:20:27] FairyGUI: HUD底栏绑定 Volume=idx=4/33 path=BottomUI/textVolume name=textVolume item=(null) title=(null) url=(null) rect=1295.56,821.75,79.56,32.06 internal gfx=gfx:2048x2048/root=2048x2048/rot=0/pkg:null touchable=True visible=True
[2026-08-09 09:20:29] FairyGUI: HUD底栏绑定 Level=idx=4/14/1 path=BottomUI/DLevel/DLevelText name=DLevelText item=(null) title=(null) url=(null) rect=381.19,827.69,92.63,20.19 internal gfx=gfx:2048x2048/root=2048x2048/rot=0/pkg:null touchable=True visible=True
[2026-08-09 09:20:29] FairyGUI: HUD底栏绑定 Weight=idx=4/8/0 path=BottomUI/DChatWindow/__codex_mobile_chattxt name=__codex_mobile_chattxt item=(null) title=(null) url=(null) rect=651.94,736.25,418,81.94 internal gfx=null touchable=False visible=True
[2026-08-09 09:20:29] FairyGUI: HUD底栏绑定 ExpBar=idx=4/16 path=BottomUI/DExpBar name=DExpBar item=DExpBar title=(null) url=ui://jk0io98jv9b11f rect=923.88,825.31,288.56,26.13 exported gfx=null touchable=True visible=True
[2026-08-09 09:20:29] FairyGUI: HUD底栏绑定 Volume=idx=4/33 path=BottomUI/textVolume name=textVolume item=(null) title=(null) url=(null) rect=1295.56,821.75,79.56,32.06 internal gfx=gfx:2048x2048/root=2048x2048/rot=0/pkg:null touchable=True visible=True
[2026-08-09 09:20:31] FairyGUI Action: Fishing (钓鱼)
[2026-08-09 09:20:31] FairyGUI: HUD底栏绑定 Level=idx=4/14/1 path=BottomUI/DLevel/DLevelText name=DLevelText item=(null) title=(null) url=(null) rect=381.19,827.69,92.63,20.19 internal gfx=gfx:2048x2048/root=2048x2048/rot=0/pkg:null touchable=True visible=True
[2026-08-09 09:20:31] FairyGUI: HUD底栏绑定 Weight=idx=4/8/0 path=BottomUI/DChatWindow/__codex_mobile_chattxt name=__codex_mobile_chattxt item=(null) title=(null) url=(null) rect=651.94,736.25,418,81.94 internal gfx=null touchable=False visible=True
[2026-08-09 09:20:31] FairyGUI: HUD底栏绑定 ExpBar=idx=4/16 path=BottomUI/DExpBar name=DExpBar item=DExpBar title=(null) url=ui://jk0io98jv9b11f rect=923.88,825.31,288.56,26.13 exported gfx=null touchable=True visible=True
[2026-08-09 09:20:31] FairyGUI: HUD底栏绑定 Volume=idx=4/33 path=BottomUI/textVolume name=textVolume item=(null) title=(null) url=(null) rect=1295.56,821.75,79.56,32.06 internal gfx=gfx:2048x2048/root=2048x2048/rot=0/pkg:null touchable=True visible=True
[2026-08-09 09:20:32] FairyGUI Action: SealRental (封印/租赁)
[2026-08-09 09:20:32] FairyGUI: 封印/租赁窗口已创建 -> fallback
[2026-08-09 09:20:33] FairyGUI: HUD底栏绑定 Level=idx=4/14/1 path=BottomUI/DLevel/DLevelText name=DLevelText item=(null) title=(null) url=(null) rect=381.19,827.69,92.63,20.19 internal gfx=gfx:2048x2048/root=2048x2048/rot=0/pkg:null touchable=True visible=True
[2026-08-09 09:20:33] FairyGUI: HUD底栏绑定 Weight=idx=4/8/0 path=BottomUI/DChatWindow/__codex_mobile_chattxt name=__codex_mobile_chattxt item=(null) title=(null) url=(null) rect=651.94,736.25,418,81.94 internal gfx=null touchable=False visible=True
[2026-08-09 09:20:33] FairyGUI: HUD底栏绑定 ExpBar=idx=4/16 path=BottomUI/DExpBar name=DExpBar item=DExpBar title=(null) url=ui://jk0io98jv9b11f rect=923.88,825.31,288.56,26.13 exported gfx=null touchable=True visible=True
[2026-08-09 09:20:33] FairyGUI: HUD底栏绑定 Volume=idx=4/33 path=BottomUI/textVolume name=textVolume item=(null) title=(null) url=(null) rect=1295.56,821.75,79.56,32.06 internal gfx=gfx:2048x2048/root=2048x2048/rot=0/pkg:null touchable=True visible=True
[2026-08-09 09:20:33] FairyGUI Action: SealRental (封印/租赁)
[2026-08-09 09:20:35] FairyGUI Action: Mount (坐骑)
[2026-08-09 09:20:35] FairyGUI: 窗口已创建（Mount） -> UIRes/RankingGrideItem (exported) score=48
[2026-08-09 09:20:35] FairyGUI: 已导出窗口(Mount)树到 /data/user/0/com.lommir.client.monogame.android/files/Cache/Mobile/Runtime/FairyGui-MobileWindow-Mount-Tree.txt
[2026-08-09 09:20:35] FairyGUI: HUD底栏绑定 Level=idx=4/14/1 path=BottomUI/DLevel/DLevelText name=DLevelText item=(null) title=(null) url=(null) rect=381.19,827.69,92.63,20.19 internal gfx=gfx:2048x2048/root=2048x2048/rot=0/pkg:null touchable=True visible=True
[2026-08-09 09:20:35] FairyGUI: HUD底栏绑定 Weight=idx=4/8/0 path=BottomUI/DChatWindow/__codex_mobile_chattxt name=__codex_mobile_chattxt item=(null) title=(null) url=(null) rect=651.94,736.25,418,81.94 internal gfx=null touchable=False visible=True
[2026-08-09 09:20:35] FairyGUI: HUD底栏绑定 ExpBar=idx=4/16 path=BottomUI/DExpBar name=DExpBar item=DExpBar title=(null) url=ui://jk0io98jv9b11f rect=923.88,825.31,288.56,26.13 exported gfx=null touchable=True visible=True
[2026-08-09 09:20:35] FairyGUI: HUD底栏绑定 Volume=idx=4/33 path=BottomUI/textVolume name=textVolume item=(null) title=(null) url=(null) rect=1295.56,821.75,79.56,32.06 internal gfx=gfx:2048x2048/root=2048x2048/rot=0/pkg:null touchable=True visible=True
[2026-08-09 09:20:36] FairyGUI Action: Mount (坐骑)
[2026-08-09 09:20:37] FairyGUI: HUD底栏绑定 Level=idx=4/14/1 path=BottomUI/DLevel/DLevelText name=DLevelText item=(null) title=(null) url=(null) rect=381.19,827.69,92.63,20.19 internal gfx=gfx:2048x2048/root=2048x2048/rot=0/pkg:null touchable=True visible=True
[2026-08-09 09:20:37] FairyGUI: HUD底栏绑定 Weight=idx=4/8/0 path=BottomUI/DChatWindow/__codex_mobile_chattxt name=__codex_mobile_chattxt item=(null) title=(null) url=(null) rect=651.94,736.25,418,81.94 internal gfx=null touchable=False visible=True
[2026-08-09 09:20:37] FairyGUI: HUD底栏绑定 ExpBar=idx=4/16 path=BottomUI/DExpBar name=DExpBar item=DExpBar title=(null) url=ui://jk0io98jv9b11f rect=923.88,825.31,288.56,26.13 exported gfx=null touchable=True visible=True
[2026-08-09 09:20:37] FairyGUI: HUD底栏绑定 Volume=idx=4/33 path=BottomUI/textVolume name=textVolume item=(null) title=(null) url=(null) rect=1295.56,821.75,79.56,32.06 internal gfx=gfx:2048x2048/root=2048x2048/rot=0/pkg:null touchable=True visible=True
[2026-08-09 09:20:37] FairyGUI Action: Relationship (关系)
[2026-08-09 09:20:37] FairyGUI: 窗口(Relationship) 已绑定关闭按钮 name=closeButton item=(null)
[2026-08-09 09:20:37] FairyGUI: 关系窗口已创建 -> fallback
[2026-08-09 09:20:39] FairyGUI Action: Relationship (关系)
[2026-08-09 09:20:39] FairyGUI: HUD底栏绑定 Level=idx=4/14/1 path=BottomUI/DLevel/DLevelText name=DLevelText item=(null) title=(null) url=(null) rect=381.19,827.69,92.63,20.19 internal gfx=gfx:2048x2048/root=2048x2048/rot=0/pkg:null touchable=True visible=True
[2026-08-09 09:20:39] FairyGUI: HUD底栏绑定 Weight=idx=4/8/0 path=BottomUI/DChatWindow/__codex_mobile_chattxt name=__codex_mobile_chattxt item=(null) title=(null) url=(null) rect=651.94,736.25,418,81.94 internal gfx=null touchable=False visible=True
[2026-08-09 09:20:39] FairyGUI: HUD底栏绑定 ExpBar=idx=4/16 path=BottomUI/DExpBar name=DExpBar item=DExpBar title=(null) url=ui://jk0io98jv9b11f rect=923.88,825.31,288.56,26.13 exported gfx=null touchable=True visible=True
[2026-08-09 09:20:39] FairyGUI: HUD底栏绑定 Volume=idx=4/33 path=BottomUI/textVolume name=textVolume item=(null) title=(null) url=(null) rect=1295.56,821.75,79.56,32.06 internal gfx=gfx:2048x2048/root=2048x2048/rot=0/pkg:null touchable=True visible=True
[2026-08-09 09:20:40] FairyGUI Action: Mentor (师徒)
[2026-08-09 09:20:40] FairyGUI: 窗口已创建（Mentor） -> fallback
[2026-08-09 09:20:40] FairyGUI: 已导出窗口(Mentor)树到 /data/user/0/com.lommir.client.monogame.android/files/Cache/Mobile/Runtime/FairyGui-MobileWindow-Mentor-Tree.txt
[2026-08-09 09:20:40] FairyGUI: 窗口(Mentor) 已绑定关闭按钮 name=closeButton item=(null)
[2026-08-09 09:20:41] FairyGUI: HUD底栏绑定 Level=idx=4/14/1 path=BottomUI/DLevel/DLevelText name=DLevelText item=(null) title=(null) url=(null) rect=381.19,827.69,92.63,20.19 internal gfx=gfx:2048x2048/root=2048x2048/rot=0/pkg:null touchable=True visible=True
[2026-08-09 09:20:41] FairyGUI: HUD底栏绑定 Weight=idx=4/8/0 path=BottomUI/DChatWindow/__codex_mobile_chattxt name=__codex_mobile_chattxt item=(null) title=(null) url=(null) rect=651.94,736.25,418,81.94 internal gfx=null touchable=False visible=True
[2026-08-09 09:20:41] FairyGUI: HUD底栏绑定 ExpBar=idx=4/16 path=BottomUI/DExpBar name=DExpBar item=DExpBar title=(null) url=ui://jk0io98jv9b11f rect=923.88,825.31,288.56,26.13 exported gfx=null touchable=True visible=True
[2026-08-09 09:20:41] FairyGUI: HUD底栏绑定 Volume=idx=4/33 path=BottomUI/textVolume name=textVolume item=(null) title=(null) url=(null) rect=1295.56,821.75,79.56,32.06 internal gfx=gfx:2048x2048/root=2048x2048/rot=0/pkg:null touchable=True visible=True
[2026-08-09 09:20:43] FairyGUI: HUD底栏绑定 Level=idx=4/14/1 path=BottomUI/DLevel/DLevelText name=DLevelText item=(null) title=(null) url=(null) rect=381.19,827.69,92.63,20.19 internal gfx=gfx:2048x2048/root=2048x2048/rot=0/pkg:null touchable=True visible=True
[2026-08-09 09:20:43] FairyGUI: HUD底栏绑定 Weight=idx=4/8/0 path=BottomUI/DChatWindow/__codex_mobile_chattxt name=__codex_mobile_chattxt item=(null) title=(null) url=(null) rect=651.94,736.25,418,81.94 internal gfx=null touchable=False visible=True
[2026-08-09 09:20:43] FairyGUI: HUD底栏绑定 ExpBar=idx=4/16 path=BottomUI/DExpBar name=DExpBar item=DExpBar title=(null) url=ui://jk0io98jv9b11f rect=923.88,825.31,288.56,26.13 exported gfx=null touchable=True visible=True
[2026-08-09 09:20:43] FairyGUI: HUD底栏绑定 Volume=idx=4/33 path=BottomUI/textVolume name=textVolume item=(null) title=(null) url=(null) rect=1295.56,821.75,79.56,32.06 internal gfx=gfx:2048x2048/root=2048x2048/rot=0/pkg:null touchable=True visible=True
[2026-08-09 09:20:45] FairyGUI: HUD底栏绑定 Level=idx=4/14/1 path=BottomUI/DLevel/DLevelText name=DLevelText item=(null) title=(null) url=(null) rect=381.19,827.69,92.63,20.19 internal gfx=gfx:2048x2048/root=2048x2048/rot=0/pkg:null touchable=True visible=True
[2026-08-09 09:20:45] FairyGUI: HUD底栏绑定 Weight=idx=4/8/0 path=BottomUI/DChatWindow/__codex_mobile_chattxt name=__codex_mobile_chattxt item=(null) title=(null) url=(null) rect=651.94,736.25,418,81.94 internal gfx=null touchable=False visible=True
[2026-08-09 09:20:45] FairyGUI: HUD底栏绑定 ExpBar=idx=4/16 path=BottomUI/DExpBar name=DExpBar item=DExpBar title=(null) url=ui://jk0io98jv9b11f rect=923.88,825.31,288.56,26.13 exported gfx=null touchable=True visible=True
[2026-08-09 09:20:45] FairyGUI: HUD底栏绑定 Volume=idx=4/33 path=BottomUI/textVolume name=textVolume item=(null) title=(null) url=(null) rect=1295.56,821.75,79.56,32.06 internal gfx=gfx:2048x2048/root=2048x2048/rot=0/pkg:null touchable=True visible=True
[2026-08-09 09:20:47] FairyGUI: HUD底栏绑定 Level=idx=4/14/1 path=BottomUI/DLevel/DLevelText name=DLevelText item=(null) title=(null) url=(null) rect=381.19,827.69,92.63,20.19 internal gfx=gfx:2048x2048/root=2048x2048/rot=0/pkg:null touchable=True visible=True
[2026-08-09 09:20:47] FairyGUI: HUD底栏绑定 Weight=idx=4/8/0 path=BottomUI/DChatWindow/__codex_mobile_chattxt name=__codex_mobile_chattxt item=(null) title=(null) url=(null) rect=651.94,736.25,418,81.94 internal gfx=null touchable=False visible=True
[2026-08-09 09:20:47] FairyGUI: HUD底栏绑定 ExpBar=idx=4/16 path=BottomUI/DExpBar name=DExpBar item=DExpBar title=(null) url=ui://jk0io98jv9b11f rect=923.88,825.31,288.56,26.13 exported gfx=null touchable=True visible=True
[2026-08-09 09:20:47] FairyGUI: HUD底栏绑定 Volume=idx=4/33 path=BottomUI/textVolume name=textVolume item=(null) title=(null) url=(null) rect=1295.56,821.75,79.56,32.06 internal gfx=gfx:2048x2048/root=2048x2048/rot=0/pkg:null touchable=True visible=True
[2026-08-09 09:20:49] FairyGUI: HUD底栏绑定 Level=idx=4/14/1 path=BottomUI/DLevel/DLevelText name=DLevelText item=(null) title=(null) url=(null) rect=381.19,827.69,92.63,20.19 internal gfx=gfx:2048x2048/root=2048x2048/rot=0/pkg:null touchable=True visible=True
[2026-08-09 09:20:49] FairyGUI: HUD底栏绑定 Weight=idx=4/8/0 path=BottomUI/DChatWindow/__codex_mobile_chattxt name=__codex_mobile_chattxt item=(null) title=(null) url=(null) rect=651.94,736.25,418,81.94 internal gfx=null touchable=False visible=True
[2026-08-09 09:20:49] FairyGUI: HUD底栏绑定 ExpBar=idx=4/16 path=BottomUI/DExpBar name=DExpBar item=DExpBar title=(null) url=ui://jk0io98jv9b11f rect=923.88,825.31,288.56,26.13 exported gfx=null touchable=True visible=True
[2026-08-09 09:20:49] FairyGUI: HUD底栏绑定 Volume=idx=4/33 path=BottomUI/textVolume name=textVolume item=(null) title=(null) url=(null) rect=1295.56,821.75,79.56,32.06 internal gfx=gfx:2048x2048/root=2048x2048/rot=0/pkg:null touchable=True visible=True
[2026-08-09 09:20:51] FairyGUI: HUD底栏绑定 Level=idx=4/14/1 path=BottomUI/DLevel/DLevelText name=DLevelText item=(null) title=(null) url=(null) rect=381.19,827.69,92.63,20.19 internal gfx=gfx:2048x2048/root=2048x2048/rot=0/pkg:null touchable=True visible=True
[2026-08-09 09:20:51] FairyGUI: HUD底栏绑定 Weight=idx=4/8/0 path=BottomUI/DChatWindow/__codex_mobile_chattxt name=__codex_mobile_chattxt item=(null) title=(null) url=(null) rect=651.94,736.25,418,81.94 internal gfx=null touchable=False visible=True
[2026-08-09 09:20:51] FairyGUI: HUD底栏绑定 ExpBar=idx=4/16 path=BottomUI/DExpBar name=DExpBar item=DExpBar title=(null) url=ui://jk0io98jv9b11f rect=923.88,825.31,288.56,26.13 exported gfx=null touchable=True visible=True
[2026-08-09 09:20:51] FairyGUI: HUD底栏绑定 Volume=idx=4/33 path=BottomUI/textVolume name=textVolume item=(null) title=(null) url=(null) rect=1295.56,821.75,79.56,32.06 internal gfx=gfx:2048x2048/root=2048x2048/rot=0/pkg:null touchable=True visible=True
[2026-08-09 09:20:53] FairyGUI: HUD底栏绑定 Level=idx=4/14/1 path=BottomUI/DLevel/DLevelText name=DLevelText item=(null) title=(null) url=(null) rect=381.19,827.69,92.63,20.19 internal gfx=gfx:2048x2048/root=2048x2048/rot=0/pkg:null touchable=True visible=True
[2026-08-09 09:20:53] FairyGUI: HUD底栏绑定 Weight=idx=4/8/0 path=BottomUI/DChatWindow/__codex_mobile_chattxt name=__codex_mobile_chattxt item=(null) title=(null) url=(null) rect=651.94,736.25,418,81.94 internal gfx=null touchable=False visible=True
[2026-08-09 09:20:53] FairyGUI: HUD底栏绑定 ExpBar=idx=4/16 path=BottomUI/DExpBar name=DExpBar item=DExpBar title=(null) url=ui://jk0io98jv9b11f rect=923.88,825.31,288.56,26.13 exported gfx=null touchable=True visible=True
[2026-08-09 09:20:53] FairyGUI: HUD底栏绑定 Volume=idx=4/33 path=BottomUI/textVolume name=textVolume item=(null) title=(null) url=(null) rect=1295.56,821.75,79.56,32.06 internal gfx=gfx:2048x2048/root=2048x2048/rot=0/pkg:null touchable=True visible=True
[2026-08-09 09:20:55] FairyGUI: HUD底栏绑定 Level=idx=4/14/1 path=BottomUI/DLevel/DLevelText name=DLevelText item=(null) title=(null) url=(null) rect=381.19,827.69,92.63,20.19 internal gfx=gfx:2048x2048/root=2048x2048/rot=0/pkg:null touchable=True visible=True
[2026-08-09 09:20:55] FairyGUI: HUD底栏绑定 Weight=idx=4/8/0 path=BottomUI/DChatWindow/__codex_mobile_chattxt name=__codex_mobile_chattxt item=(null) title=(null) url=(null) rect=651.94,736.25,418,81.94 internal gfx=null touchable=False visible=True
[2026-08-09 09:20:55] FairyGUI: HUD底栏绑定 ExpBar=idx=4/16 path=BottomUI/DExpBar name=DExpBar item=DExpBar title=(null) url=ui://jk0io98jv9b11f rect=923.88,825.31,288.56,26.13 exported gfx=null touchable=True visible=True
[2026-08-09 09:20:55] FairyGUI: HUD底栏绑定 Volume=idx=4/33 path=BottomUI/textVolume name=textVolume item=(null) title=(null) url=(null) rect=1295.56,821.75,79.56,32.06 internal gfx=gfx:2048x2048/root=2048x2048/rot=0/pkg:null touchable=True visible=True
[2026-08-09 09:20:57] FairyGUI: HUD底栏绑定 Level=idx=4/14/1 path=BottomUI/DLevel/DLevelText name=DLevelText item=(null) title=(null) url=(null) rect=381.19,827.69,92.63,20.19 internal gfx=gfx:2048x2048/root=2048x2048/rot=0/pkg:null touchable=True visible=True
[2026-08-09 09:20:57] FairyGUI: HUD底栏绑定 Weight=idx=4/8/0 path=BottomUI/DChatWindow/__codex_mobile_chattxt name=__codex_mobile_chattxt item=(null) title=(null) url=(null) rect=651.94,736.25,418,81.94 internal gfx=null touchable=False visible=True
[2026-08-09 09:20:57] FairyGUI: HUD底栏绑定 ExpBar=idx=4/16 path=BottomUI/DExpBar name=DExpBar item=DExpBar title=(null) url=ui://jk0io98jv9b11f rect=923.88,825.31,288.56,26.13 exported gfx=null touchable=True visible=True
[2026-08-09 09:20:57] FairyGUI: HUD底栏绑定 Volume=idx=4/33 path=BottomUI/textVolume name=textVolume item=(null) title=(null) url=(null) rect=1295.56,821.75,79.56,32.06 internal gfx=gfx:2048x2048/root=2048x2048/rot=0/pkg:null touchable=True visible=True
[2026-08-09 09:20:59] FairyGUI: HUD底栏绑定 Level=idx=4/14/1 path=BottomUI/DLevel/DLevelText name=DLevelText item=(null) title=(null) url=(null) rect=381.19,827.69,92.63,20.19 internal gfx=gfx:2048x2048/root=2048x2048/rot=0/pkg:null touchable=True visible=True
[2026-08-09 09:20:59] FairyGUI: HUD底栏绑定 Weight=idx=4/8/0 path=BottomUI/DChatWindow/__codex_mobile_chattxt name=__codex_mobile_chattxt item=(null) title=(null) url=(null) rect=651.94,736.25,418,81.94 internal gfx=null touchable=False visible=True
[2026-08-09 09:20:59] FairyGUI: HUD底栏绑定 ExpBar=idx=4/16 path=BottomUI/DExpBar name=DExpBar item=DExpBar title=(null) url=ui://jk0io98jv9b11f rect=923.88,825.31,288.56,26.13 exported gfx=null touchable=True visible=True
[2026-08-09 09:20:59] FairyGUI: HUD底栏绑定 Volume=idx=4/33 path=BottomUI/textVolume name=textVolume item=(null) title=(null) url=(null) rect=1295.56,821.75,79.56,32.06 internal gfx=gfx:2048x2048/root=2048x2048/rot=0/pkg:null touchable=True visible=True
[2026-08-09 09:21:01] FairyGUI: HUD底栏绑定 Level=idx=4/14/1 path=BottomUI/DLevel/DLevelText name=DLevelText item=(null) title=(null) url=(null) rect=381.19,827.69,92.63,20.19 internal gfx=gfx:2048x2048/root=2048x2048/rot=0/pkg:null touchable=True visible=True
[2026-08-09 09:21:01] FairyGUI: HUD底栏绑定 Weight=idx=4/8/0 path=BottomUI/DChatWindow/__codex_mobile_chattxt name=__codex_mobile_chattxt item=(null) title=(null) url=(null) rect=651.94,736.25,418,81.94 internal gfx=null touchable=False visible=True
[2026-08-09 09:21:01] FairyGUI: HUD底栏绑定 ExpBar=idx=4/16 path=BottomUI/DExpBar name=DExpBar item=DExpBar title=(null) url=ui://jk0io98jv9b11f rect=923.88,825.31,288.56,26.13 exported gfx=null touchable=True visible=True
[2026-08-09 09:21:01] FairyGUI: HUD底栏绑定 Volume=idx=4/33 path=BottomUI/textVolume name=textVolume item=(null) title=(null) url=(null) rect=1295.56,821.75,79.56,32.06 internal gfx=gfx:2048x2048/root=2048x2048/rot=0/pkg:null touchable=True visible=True
[2026-08-09 09:21:03] FairyGUI: HUD底栏绑定 Level=idx=4/14/1 path=BottomUI/DLevel/DLevelText name=DLevelText item=(null) title=(null) url=(null) rect=381.19,827.69,92.63,20.19 internal gfx=gfx:2048x2048/root=2048x2048/rot=0/pkg:null touchable=True visible=True
[2026-08-09 09:21:03] FairyGUI: HUD底栏绑定 Weight=idx=4/8/0 path=BottomUI/DChatWindow/__codex_mobile_chattxt name=__codex_mobile_chattxt item=(null) title=(null) url=(null) rect=651.94,736.25,418,81.94 internal gfx=null touchable=False visible=True
[2026-08-09 09:21:03] FairyGUI: HUD底栏绑定 ExpBar=idx=4/16 path=BottomUI/DExpBar name=DExpBar item=DExpBar title=(null) url=ui://jk0io98jv9b11f rect=923.88,825.31,288.56,26.13 exported gfx=null touchable=True visible=True
[2026-08-09 09:21:03] FairyGUI: HUD底栏绑定 Volume=idx=4/33 path=BottomUI/textVolume name=textVolume item=(null) title=(null) url=(null) rect=1295.56,821.75,79.56,32.06 internal gfx=gfx:2048x2048/root=2048x2048/rot=0/pkg:null touchable=True visible=True
[2026-08-09 09:21:05] FairyGUI: HUD底栏绑定 Level=idx=4/14/1 path=BottomUI/DLevel/DLevelText name=DLevelText item=(null) title=(null) url=(null) rect=381.19,827.69,92.63,20.19 internal gfx=gfx:2048x2048/root=2048x2048/rot=0/pkg:null touchable=True visible=True
[2026-08-09 09:21:05] FairyGUI: HUD底栏绑定 Weight=idx=4/8/0 path=BottomUI/DChatWindow/__codex_mobile_chattxt name=__codex_mobile_chattxt item=(null) title=(null) url=(null) rect=651.94,736.25,418,81.94 internal gfx=null touchable=False visible=True
[2026-08-09 09:21:05] FairyGUI: HUD底栏绑定 ExpBar=idx=4/16 path=BottomUI/DExpBar name=DExpBar item=DExpBar title=(null) url=ui://jk0io98jv9b11f rect=923.88,825.31,288.56,26.13 exported gfx=null touchable=True visible=True
[2026-08-09 09:21:05] FairyGUI: HUD底栏绑定 Volume=idx=4/33 path=BottomUI/textVolume name=textVolume item=(null) title=(null) url=(null) rect=1295.56,821.75,79.56,32.06 internal gfx=gfx:2048x2048/root=2048x2048/rot=0/pkg:null touchable=True visible=True
[2026-08-09 09:21:07] FairyGUI: HUD底栏绑定 Level=idx=4/14/1 path=BottomUI/DLevel/DLevelText name=DLevelText item=(null) title=(null) url=(null) rect=381.19,827.69,92.63,20.19 internal gfx=gfx:2048x2048/root=2048x2048/rot=0/pkg:null touchable=True visible=True
[2026-08-09 09:21:07] FairyGUI: HUD底栏绑定 Weight=idx=4/8/0 path=BottomUI/DChatWindow/__codex_mobile_chattxt name=__codex_mobile_chattxt item=(null) title=(null) url=(null) rect=651.94,736.25,418,81.94 internal gfx=null touchable=False visible=True
[2026-08-09 09:21:07] FairyGUI: HUD底栏绑定 ExpBar=idx=4/16 path=BottomUI/DExpBar name=DExpBar item=DExpBar title=(null) url=ui://jk0io98jv9b11f rect=923.88,825.31,288.56,26.13 exported gfx=null touchable=True visible=True
[2026-08-09 09:21:07] FairyGUI: HUD底栏绑定 Volume=idx=4/33 path=BottomUI/textVolume name=textVolume item=(null) title=(null) url=(null) rect=1295.56,821.75,79.56,32.06 internal gfx=gfx:2048x2048/root=2048x2048/rot=0/pkg:null touchable=True visible=True
[2026-08-09 09:21:09] FairyGUI: HUD底栏绑定 Level=idx=4/14/1 path=BottomUI/DLevel/DLevelText name=DLevelText item=(null) title=(null) url=(null) rect=381.19,827.69,92.63,20.19 internal gfx=gfx:2048x2048/root=2048x2048/rot=0/pkg:null touchable=True visible=True
[2026-08-09 09:21:09] FairyGUI: HUD底栏绑定 Weight=idx=4/8/0 path=BottomUI/DChatWindow/__codex_mobile_chattxt name=__codex_mobile_chattxt item=(null) title=(null) url=(null) rect=651.94,736.25,418,81.94 internal gfx=null touchable=False visible=True
[2026-08-09 09:21:09] FairyGUI: HUD底栏绑定 ExpBar=idx=4/16 path=BottomUI/DExpBar name=DExpBar item=DExpBar title=(null) url=ui://jk0io98jv9b11f rect=923.88,825.31,288.56,26.13 exported gfx=null touchable=True visible=True
[2026-08-09 09:21:09] FairyGUI: HUD底栏绑定 Volume=idx=4/33 path=BottomUI/textVolume name=textVolume item=(null) title=(null) url=(null) rect=1295.56,821.75,79.56,32.06 internal gfx=gfx:2048x2048/root=2048x2048/rot=0/pkg:null touchable=True visible=True
[2026-08-09 09:21:11] FairyGUI: HUD底栏绑定 Level=idx=4/14/1 path=BottomUI/DLevel/DLevelText name=DLevelText item=(null) title=(null) url=(null) rect=381.19,827.69,92.63,20.19 internal gfx=gfx:2048x2048/root=2048x2048/rot=0/pkg:null touchable=True visible=True
[2026-08-09 09:21:11] FairyGUI: HUD底栏绑定 Weight=idx=4/8/0 path=BottomUI/DChatWindow/__codex_mobile_chattxt name=__codex_mobile_chattxt item=(null) title=(null) url=(null) rect=651.94,736.25,418,81.94 internal gfx=null touchable=False visible=True
[2026-08-09 09:21:11] FairyGUI: HUD底栏绑定 ExpBar=idx=4/16 path=BottomUI/DExpBar name=DExpBar item=DExpBar title=(null) url=ui://jk0io98jv9b11f rect=923.88,825.31,288.56,26.13 exported gfx=null touchable=True visible=True
[2026-08-09 09:21:11] FairyGUI: HUD底栏绑定 Volume=idx=4/33 path=BottomUI/textVolume name=textVolume item=(null) title=(null) url=(null) rect=1295.56,821.75,79.56,32.06 internal gfx=gfx:2048x2048/root=2048x2048/rot=0/pkg:null touchable=True visible=True
[2026-08-09 09:21:13] FairyGUI: HUD底栏绑定 Level=idx=4/14/1 path=BottomUI/DLevel/DLevelText name=DLevelText item=(null) title=(null) url=(null) rect=381.19,827.69,92.63,20.19 internal gfx=gfx:2048x2048/root=2048x2048/rot=0/pkg:null touchable=True visible=True
[2026-08-09 09:21:13] FairyGUI: HUD底栏绑定 Weight=idx=4/8/0 path=BottomUI/DChatWindow/__codex_mobile_chattxt name=__codex_mobile_chattxt item=(null) title=(null) url=(null) rect=651.94,736.25,418,81.94 internal gfx=null touchable=False visible=True
[2026-08-09 09:21:13] FairyGUI: HUD底栏绑定 ExpBar=idx=4/16 path=BottomUI/DExpBar name=DExpBar item=DExpBar title=(null) url=ui://jk0io98jv9b11f rect=923.88,825.31,288.56,26.13 exported gfx=null touchable=True visible=True
[2026-08-09 09:21:13] FairyGUI: HUD底栏绑定 Volume=idx=4/33 path=BottomUI/textVolume name=textVolume item=(null) title=(null) url=(null) rect=1295.56,821.75,79.56,32.06 internal gfx=gfx:2048x2048/root=2048x2048/rot=0/pkg:null touchable=True visible=True
[2026-08-09 09:21:15] FairyGUI: HUD底栏绑定 Level=idx=4/14/1 path=BottomUI/DLevel/DLevelText name=DLevelText item=(null) title=(null) url=(null) rect=381.19,827.69,92.63,20.19 internal gfx=gfx:2048x2048/root=2048x2048/rot=0/pkg:null touchable=True visible=True
[2026-08-09 09:21:15] FairyGUI: HUD底栏绑定 Weight=idx=4/8/0 path=BottomUI/DChatWindow/__codex_mobile_chattxt name=__codex_mobile_chattxt item=(null) title=(null) url=(null) rect=651.94,736.25,418,81.94 internal gfx=null touchable=False visible=True
[2026-08-09 09:21:15] FairyGUI: HUD底栏绑定 ExpBar=idx=4/16 path=BottomUI/DExpBar name=DExpBar item=DExpBar title=(null) url=ui://jk0io98jv9b11f rect=923.88,825.31,288.56,26.13 exported gfx=null touchable=True visible=True
[2026-08-09 09:21:15] FairyGUI: HUD底栏绑定 Volume=idx=4/33 path=BottomUI/textVolume name=textVolume item=(null) title=(null) url=(null) rect=1295.56,821.75,79.56,32.06 internal gfx=gfx:2048x2048/root=2048x2048/rot=0/pkg:null touchable=True visible=True
[2026-08-09 09:21:17] FairyGUI: HUD底栏绑定 Level=idx=4/14/1 path=BottomUI/DLevel/DLevelText name=DLevelText item=(null) title=(null) url=(null) rect=381.19,827.69,92.63,20.19 internal gfx=gfx:2048x2048/root=2048x2048/rot=0/pkg:null touchable=True visible=True
[2026-08-09 09:21:17] FairyGUI: HUD底栏绑定 Weight=idx=4/8/0 path=BottomUI/DChatWindow/__codex_mobile_chattxt name=__codex_mobile_chattxt item=(null) title=(null) url=(null) rect=651.94,736.25,418,81.94 internal gfx=null touchable=False visible=True
[2026-08-09 09:21:17] FairyGUI: HUD底栏绑定 ExpBar=idx=4/16 path=BottomUI/DExpBar name=DExpBar item=DExpBar title=(null) url=ui://jk0io98jv9b11f rect=923.88,825.31,288.56,26.13 exported gfx=null touchable=True visible=True
[2026-08-09 09:21:17] FairyGUI: HUD底栏绑定 Volume=idx=4/33 path=BottomUI/textVolume name=textVolume item=(null) title=(null) url=(null) rect=1295.56,821.75,79.56,32.06 internal gfx=gfx:2048x2048/root=2048x2048/rot=0/pkg:null touchable=True visible=True
[2026-08-09 09:21:19] FairyGUI: HUD底栏绑定 Level=idx=4/14/1 path=BottomUI/DLevel/DLevelText name=DLevelText item=(null) title=(null) url=(null) rect=381.19,827.69,92.63,20.19 internal gfx=gfx:2048x2048/root=2048x2048/rot=0/pkg:null touchable=True visible=True
[2026-08-09 09:21:19] FairyGUI: HUD底栏绑定 Weight=idx=4/8/0 path=BottomUI/DChatWindow/__codex_mobile_chattxt name=__codex_mobile_chattxt item=(null) title=(null) url=(null) rect=651.94,736.25,418,81.94 internal gfx=null touchable=False visible=True
[2026-08-09 09:21:19] FairyGUI: HUD底栏绑定 ExpBar=idx=4/16 path=BottomUI/DExpBar name=DExpBar item=DExpBar title=(null) url=ui://jk0io98jv9b11f rect=923.88,825.31,288.56,26.13 exported gfx=null touchable=True visible=True
[2026-08-09 09:21:19] FairyGUI: HUD底栏绑定 Volume=idx=4/33 path=BottomUI/textVolume name=textVolume item=(null) title=(null) url=(null) rect=1295.56,821.75,79.56,32.06 internal gfx=gfx:2048x2048/root=2048x2048/rot=0/pkg:null touchable=True visible=True
[2026-08-09 09:21:21] FairyGUI: HUD底栏绑定 Level=idx=4/14/1 path=BottomUI/DLevel/DLevelText name=DLevelText item=(null) title=(null) url=(null) rect=381.19,827.69,92.63,20.19 internal gfx=gfx:2048x2048/root=2048x2048/rot=0/pkg:null touchable=True visible=True
[2026-08-09 09:21:21] FairyGUI: HUD底栏绑定 Weight=idx=4/8/0 path=BottomUI/DChatWindow/__codex_mobile_chattxt name=__codex_mobile_chattxt item=(null) title=(null) url=(null) rect=651.94,736.25,418,81.94 internal gfx=null touchable=False visible=True
[2026-08-09 09:21:21] FairyGUI: HUD底栏绑定 ExpBar=idx=4/16 path=BottomUI/DExpBar name=DExpBar item=DExpBar title=(null) url=ui://jk0io98jv9b11f rect=923.88,825.31,288.56,26.13 exported gfx=null touchable=True visible=True
[2026-08-09 09:21:21] FairyGUI: HUD底栏绑定 Volume=idx=4/33 path=BottomUI/textVolume name=textVolume item=(null) title=(null) url=(null) rect=1295.56,821.75,79.56,32.06 internal gfx=gfx:2048x2048/root=2048x2048/rot=0/pkg:null touchable=True visible=True
[2026-08-09 09:21:23] FairyGUI: HUD底栏绑定 Level=idx=4/14/1 path=BottomUI/DLevel/DLevelText name=DLevelText item=(null) title=(null) url=(null) rect=381.19,827.69,92.63,20.19 internal gfx=gfx:2048x2048/root=2048x2048/rot=0/pkg:null touchable=True visible=True
[2026-08-09 09:21:23] FairyGUI: HUD底栏绑定 Weight=idx=4/8/0 path=BottomUI/DChatWindow/__codex_mobile_chattxt name=__codex_mobile_chattxt item=(null) title=(null) url=(null) rect=651.94,736.25,418,81.94 internal gfx=null touchable=False visible=True
[2026-08-09 09:21:23] FairyGUI: HUD底栏绑定 ExpBar=idx=4/16 path=BottomUI/DExpBar name=DExpBar item=DExpBar title=(null) url=ui://jk0io98jv9b11f rect=923.88,825.31,288.56,26.13 exported gfx=null touchable=True visible=True
[2026-08-09 09:21:23] FairyGUI: HUD底栏绑定 Volume=idx=4/33 path=BottomUI/textVolume name=textVolume item=(null) title=(null) url=(null) rect=1295.56,821.75,79.56,32.06 internal gfx=gfx:2048x2048/root=2048x2048/rot=0/pkg:null touchable=True visible=True
[2026-08-09 09:21:25] FairyGUI: HUD底栏绑定 Level=idx=4/14/1 path=BottomUI/DLevel/DLevelText name=DLevelText item=(null) title=(null) url=(null) rect=381.19,827.69,92.63,20.19 internal gfx=gfx:2048x2048/root=2048x2048/rot=0/pkg:null touchable=True visible=True
[2026-08-09 09:21:25] FairyGUI: HUD底栏绑定 Weight=idx=4/8/0 path=BottomUI/DChatWindow/__codex_mobile_chattxt name=__codex_mobile_chattxt item=(null) title=(null) url=(null) rect=651.94,736.25,418,81.94 internal gfx=null touchable=False visible=True
[2026-08-09 09:21:25] FairyGUI: HUD底栏绑定 ExpBar=idx=4/16 path=BottomUI/DExpBar name=DExpBar item=DExpBar title=(null) url=ui://jk0io98jv9b11f rect=923.88,825.31,288.56,26.13 exported gfx=null touchable=True visible=True
[2026-08-09 09:21:25] FairyGUI: HUD底栏绑定 Volume=idx=4/33 path=BottomUI/textVolume name=textVolume item=(null) title=(null) url=(null) rect=1295.56,821.75,79.56,32.06 internal gfx=gfx:2048x2048/root=2048x2048/rot=0/pkg:null touchable=True visible=True
[2026-08-09 09:21:27] FairyGUI: HUD底栏绑定 Level=idx=4/14/1 path=BottomUI/DLevel/DLevelText name=DLevelText item=(null) title=(null) url=(null) rect=381.19,827.69,92.63,20.19 internal gfx=gfx:2048x2048/root=2048x2048/rot=0/pkg:null touchable=True visible=True
[2026-08-09 09:21:27] FairyGUI: HUD底栏绑定 Weight=idx=4/8/0 path=BottomUI/DChatWindow/__codex_mobile_chattxt name=__codex_mobile_chattxt item=(null) title=(null) url=(null) rect=651.94,736.25,418,81.94 internal gfx=null touchable=False visible=True
[2026-08-09 09:21:27] FairyGUI: HUD底栏绑定 ExpBar=idx=4/16 path=BottomUI/DExpBar name=DExpBar item=DExpBar title=(null) url=ui://jk0io98jv9b11f rect=923.88,825.31,288.56,26.13 exported gfx=null touchable=True visible=True
[2026-08-09 09:21:27] FairyGUI: HUD底栏绑定 Volume=idx=4/33 path=BottomUI/textVolume name=textVolume item=(null) title=(null) url=(null) rect=1295.56,821.75,79.56,32.06 internal gfx=gfx:2048x2048/root=2048x2048/rot=0/pkg:null touchable=True visible=True
[2026-08-09 09:21:29] FairyGUI: HUD底栏绑定 Level=idx=4/14/1 path=BottomUI/DLevel/DLevelText name=DLevelText item=(null) title=(null) url=(null) rect=381.19,827.69,92.63,20.19 internal gfx=gfx:2048x2048/root=2048x2048/rot=0/pkg:null touchable=True visible=True
[2026-08-09 09:21:29] FairyGUI: HUD底栏绑定 Weight=idx=4/8/0 path=BottomUI/DChatWindow/__codex_mobile_chattxt name=__codex_mobile_chattxt item=(null) title=(null) url=(null) rect=651.94,736.25,418,81.94 internal gfx=null touchable=False visible=True
[2026-08-09 09:21:29] FairyGUI: HUD底栏绑定 ExpBar=idx=4/16 path=BottomUI/DExpBar name=DExpBar item=DExpBar title=(null) url=ui://jk0io98jv9b11f rect=923.88,825.31,288.56,26.13 exported gfx=null touchable=True visible=True
[2026-08-09 09:21:29] FairyGUI: HUD底栏绑定 Volume=idx=4/33 path=BottomUI/textVolume name=textVolume item=(null) title=(null) url=(null) rect=1295.56,821.75,79.56,32.06 internal gfx=gfx:2048x2048/root=2048x2048/rot=0/pkg:null touchable=True visible=True
[2026-08-09 09:21:32] FairyGUI: HUD底栏绑定 Level=idx=4/14/1 path=BottomUI/DLevel/DLevelText name=DLevelText item=(null) title=(null) url=(null) rect=381.19,827.69,92.63,20.19 internal gfx=gfx:2048x2048/root=2048x2048/rot=0/pkg:null touchable=True visible=True
[2026-08-09 09:21:32] FairyGUI: HUD底栏绑定 Weight=idx=4/8/0 path=BottomUI/DChatWindow/__codex_mobile_chattxt name=__codex_mobile_chattxt item=(null) title=(null) url=(null) rect=651.94,736.25,418,81.94 internal gfx=null touchable=False visible=True
[2026-08-09 09:21:32] FairyGUI: HUD底栏绑定 ExpBar=idx=4/16 path=BottomUI/DExpBar name=DExpBar item=DExpBar title=(null) url=ui://jk0io98jv9b11f rect=923.88,825.31,288.56,26.13 exported gfx=null touchable=True visible=True
[2026-08-09 09:21:32] FairyGUI: HUD底栏绑定 Volume=idx=4/33 path=BottomUI/textVolume name=textVolume item=(null) title=(null) url=(null) rect=1295.56,821.75,79.56,32.06 internal gfx=gfx:2048x2048/root=2048x2048/rot=0/pkg:null touchable=True visible=True
[2026-08-09 09:21:34] FairyGUI: HUD底栏绑定 Level=idx=4/14/1 path=BottomUI/DLevel/DLevelText name=DLevelText item=(null) title=(null) url=(null) rect=381.19,827.69,92.63,20.19 internal gfx=gfx:2048x2048/root=2048x2048/rot=0/pkg:null touchable=True visible=True
[2026-08-09 09:21:34] FairyGUI: HUD底栏绑定 Weight=idx=4/8/0 path=BottomUI/DChatWindow/__codex_mobile_chattxt name=__codex_mobile_chattxt item=(null) title=(null) url=(null) rect=651.94,736.25,418,81.94 internal gfx=null touchable=False visible=True
[2026-08-09 09:21:34] FairyGUI: HUD底栏绑定 ExpBar=idx=4/16 path=BottomUI/DExpBar name=DExpBar item=DExpBar title=(null) url=ui://jk0io98jv9b11f rect=923.88,825.31,288.56,26.13 exported gfx=null touchable=True visible=True
[2026-08-09 09:21:34] FairyGUI: HUD底栏绑定 Volume=idx=4/33 path=BottomUI/textVolume name=textVolume item=(null) title=(null) url=(null) rect=1295.56,821.75,79.56,32.06 internal gfx=gfx:2048x2048/root=2048x2048/rot=0/pkg:null touchable=True visible=True
[2026-08-09 09:21:36] FairyGUI: HUD底栏绑定 Level=idx=4/14/1 path=BottomUI/DLevel/DLevelText name=DLevelText item=(null) title=(null) url=(null) rect=381.19,827.69,92.63,20.19 internal gfx=gfx:2048x2048/root=2048x2048/rot=0/pkg:null touchable=True visible=True
[2026-08-09 09:21:36] FairyGUI: HUD底栏绑定 Weight=idx=4/8/0 path=BottomUI/DChatWindow/__codex_mobile_chattxt name=__codex_mobile_chattxt item=(null) title=(null) url=(null) rect=651.94,736.25,418,81.94 internal gfx=null touchable=False visible=True
[2026-08-09 09:21:36] FairyGUI: HUD底栏绑定 ExpBar=idx=4/16 path=BottomUI/DExpBar name=DExpBar item=DExpBar title=(null) url=ui://jk0io98jv9b11f rect=923.88,825.31,288.56,26.13 exported gfx=null touchable=True visible=True
[2026-08-09 09:21:36] FairyGUI: HUD底栏绑定 Volume=idx=4/33 path=BottomUI/textVolume name=textVolume item=(null) title=(null) url=(null) rect=1295.56,821.75,79.56,32.06 internal gfx=gfx:2048x2048/root=2048x2048/rot=0/pkg:null touchable=True visible=True
[2026-08-09 09:21:38] FairyGUI: HUD底栏绑定 Level=idx=4/14/1 path=BottomUI/DLevel/DLevelText name=DLevelText item=(null) title=(null) url=(null) rect=381.19,827.69,92.63,20.19 internal gfx=gfx:2048x2048/root=2048x2048/rot=0/pkg:null touchable=True visible=True
[2026-08-09 09:21:38] FairyGUI: HUD底栏绑定 Weight=idx=4/8/0 path=BottomUI/DChatWindow/__codex_mobile_chattxt name=__codex_mobile_chattxt item=(null) title=(null) url=(null) rect=651.94,736.25,418,81.94 internal gfx=null touchable=False visible=True
[2026-08-09 09:21:38] FairyGUI: HUD底栏绑定 ExpBar=idx=4/16 path=BottomUI/DExpBar name=DExpBar item=DExpBar title=(null) url=ui://jk0io98jv9b11f rect=923.88,825.31,288.56,26.13 exported gfx=null touchable=True visible=True
[2026-08-09 09:21:38] FairyGUI: HUD底栏绑定 Volume=idx=4/33 path=BottomUI/textVolume name=textVolume item=(null) title=(null) url=(null) rect=1295.56,821.75,79.56,32.06 internal gfx=gfx:2048x2048/root=2048x2048/rot=0/pkg:null touchable=True visible=True
[2026-08-09 09:21:40] FairyGUI: HUD底栏绑定 Level=idx=4/14/1 path=BottomUI/DLevel/DLevelText name=DLevelText item=(null) title=(null) url=(null) rect=381.19,827.69,92.63,20.19 internal gfx=gfx:2048x2048/root=2048x2048/rot=0/pkg:null touchable=True visible=True
[2026-08-09 09:21:40] FairyGUI: HUD底栏绑定 Weight=idx=4/8/0 path=BottomUI/DChatWindow/__codex_mobile_chattxt name=__codex_mobile_chattxt item=(null) title=(null) url=(null) rect=651.94,736.25,418,81.94 internal gfx=null touchable=False visible=True
[2026-08-09 09:21:40] FairyGUI: HUD底栏绑定 ExpBar=idx=4/16 path=BottomUI/DExpBar name=DExpBar item=DExpBar title=(null) url=ui://jk0io98jv9b11f rect=923.88,825.31,288.56,26.13 exported gfx=null touchable=True visible=True
[2026-08-09 09:21:40] FairyGUI: HUD底栏绑定 Volume=idx=4/33 path=BottomUI/textVolume name=textVolume item=(null) title=(null) url=(null) rect=1295.56,821.75,79.56,32.06 internal gfx=gfx:2048x2048/root=2048x2048/rot=0/pkg:null touchable=True visible=True
[2026-08-09 09:21:42] FairyGUI: HUD底栏绑定 Level=idx=4/14/1 path=BottomUI/DLevel/DLevelText name=DLevelText item=(null) title=(null) url=(null) rect=381.19,827.69,92.63,20.19 internal gfx=gfx:2048x2048/root=2048x2048/rot=0/pkg:null touchable=True visible=True
[2026-08-09 09:21:42] FairyGUI: HUD底栏绑定 Weight=idx=4/8/0 path=BottomUI/DChatWindow/__codex_mobile_chattxt name=__codex_mobile_chattxt item=(null) title=(null) url=(null) rect=651.94,736.25,418,81.94 internal gfx=null touchable=False visible=True
[2026-08-09 09:21:42] FairyGUI: HUD底栏绑定 ExpBar=idx=4/16 path=BottomUI/DExpBar name=DExpBar item=DExpBar title=(null) url=ui://jk0io98jv9b11f rect=923.88,825.31,288.56,26.13 exported gfx=null touchable=True visible=True
[2026-08-09 09:21:42] FairyGUI: HUD底栏绑定 Volume=idx=4/33 path=BottomUI/textVolume name=textVolume item=(null) title=(null) url=(null) rect=1295.56,821.75,79.56,32.06 internal gfx=gfx:2048x2048/root=2048x2048/rot=0/pkg:null touchable=True visible=True
[2026-08-09 09:21:44] FairyGUI: HUD底栏绑定 Level=idx=4/14/1 path=BottomUI/DLevel/DLevelText name=DLevelText item=(null) title=(null) url=(null) rect=381.19,827.69,92.63,20.19 internal gfx=gfx:2048x2048/root=2048x2048/rot=0/pkg:null touchable=True visible=True
[2026-08-09 09:21:44] FairyGUI: HUD底栏绑定 Weight=idx=4/8/0 path=BottomUI/DChatWindow/__codex_mobile_chattxt name=__codex_mobile_chattxt item=(null) title=(null) url=(null) rect=651.94,736.25,418,81.94 internal gfx=null touchable=False visible=True
[2026-08-09 09:21:44] FairyGUI: HUD底栏绑定 ExpBar=idx=4/16 path=BottomUI/DExpBar name=DExpBar item=DExpBar title=(null) url=ui://jk0io98jv9b11f rect=923.88,825.31,288.56,26.13 exported gfx=null touchable=True visible=True
[2026-08-09 09:21:44] FairyGUI: HUD底栏绑定 Volume=idx=4/33 path=BottomUI/textVolume name=textVolume item=(null) title=(null) url=(null) rect=1295.56,821.75,79.56,32.06 internal gfx=gfx:2048x2048/root=2048x2048/rot=0/pkg:null touchable=True visible=True
[2026-08-09 09:21:46] FairyGUI: HUD底栏绑定 Level=idx=4/14/1 path=BottomUI/DLevel/DLevelText name=DLevelText item=(null) title=(null) url=(null) rect=381.19,827.69,92.63,20.19 internal gfx=gfx:2048x2048/root=2048x2048/rot=0/pkg:null touchable=True visible=True
[2026-08-09 09:21:46] FairyGUI: HUD底栏绑定 Weight=idx=4/8/0 path=BottomUI/DChatWindow/__codex_mobile_chattxt name=__codex_mobile_chattxt item=(null) title=(null) url=(null) rect=651.94,736.25,418,81.94 internal gfx=null touchable=False visible=True
[2026-08-09 09:21:46] FairyGUI: HUD底栏绑定 ExpBar=idx=4/16 path=BottomUI/DExpBar name=DExpBar item=DExpBar title=(null) url=ui://jk0io98jv9b11f rect=923.88,825.31,288.56,26.13 exported gfx=null touchable=True visible=True
[2026-08-09 09:21:46] FairyGUI: HUD底栏绑定 Volume=idx=4/33 path=BottomUI/textVolume name=textVolume item=(null) title=(null) url=(null) rect=1295.56,821.75,79.56,32.06 internal gfx=gfx:2048x2048/root=2048x2048/rot=0/pkg:null touchable=True visible=True
[2026-08-09 09:21:48] FairyGUI: HUD底栏绑定 Level=idx=4/14/1 path=BottomUI/DLevel/DLevelText name=DLevelText item=(null) title=(null) url=(null) rect=381.19,827.69,92.63,20.19 internal gfx=gfx:2048x2048/root=2048x2048/rot=0/pkg:null touchable=True visible=True
[2026-08-09 09:21:48] FairyGUI: HUD底栏绑定 Weight=idx=4/8/0 path=BottomUI/DChatWindow/__codex_mobile_chattxt name=__codex_mobile_chattxt item=(null) title=(null) url=(null) rect=651.94,736.25,418,81.94 internal gfx=null touchable=False visible=True
[2026-08-09 09:21:48] FairyGUI: HUD底栏绑定 ExpBar=idx=4/16 path=BottomUI/DExpBar name=DExpBar item=DExpBar title=(null) url=ui://jk0io98jv9b11f rect=923.88,825.31,288.56,26.13 exported gfx=null touchable=True visible=True
[2026-08-09 09:21:48] FairyGUI: HUD底栏绑定 Volume=idx=4/33 path=BottomUI/textVolume name=textVolume item=(null) title=(null) url=(null) rect=1295.56,821.75,79.56,32.06 internal gfx=gfx:2048x2048/root=2048x2048/rot=0/pkg:null touchable=True visible=True
[2026-08-09 09:21:50] FairyGUI: HUD底栏绑定 Level=idx=4/14/1 path=BottomUI/DLevel/DLevelText name=DLevelText item=(null) title=(null) url=(null) rect=381.19,827.69,92.63,20.19 internal gfx=gfx:2048x2048/root=2048x2048/rot=0/pkg:null touchable=True visible=True
[2026-08-09 09:21:50] FairyGUI: HUD底栏绑定 Weight=idx=4/8/0 path=BottomUI/DChatWindow/__codex_mobile_chattxt name=__codex_mobile_chattxt item=(null) title=(null) url=(null) rect=651.94,736.25,418,81.94 internal gfx=null touchable=False visible=True
[2026-08-09 09:21:50] FairyGUI: HUD底栏绑定 ExpBar=idx=4/16 path=BottomUI/DExpBar name=DExpBar item=DExpBar title=(null) url=ui://jk0io98jv9b11f rect=923.88,825.31,288.56,26.13 exported gfx=null touchable=True visible=True
[2026-08-09 09:21:50] FairyGUI: HUD底栏绑定 Volume=idx=4/33 path=BottomUI/textVolume name=textVolume item=(null) title=(null) url=(null) rect=1295.56,821.75,79.56,32.06 internal gfx=gfx:2048x2048/root=2048x2048/rot=0/pkg:null touchable=True visible=True
[2026-08-09 09:21:52] FairyGUI: HUD底栏绑定 Level=idx=4/14/1 path=BottomUI/DLevel/DLevelText name=DLevelText item=(null) title=(null) url=(null) rect=381.19,827.69,92.63,20.19 internal gfx=gfx:2048x2048/root=2048x2048/rot=0/pkg:null touchable=True visible=True
[2026-08-09 09:21:52] FairyGUI: HUD底栏绑定 Weight=idx=4/8/0 path=BottomUI/DChatWindow/__codex_mobile_chattxt name=__codex_mobile_chattxt item=(null) title=(null) url=(null) rect=651.94,736.25,418,81.94 internal gfx=null touchable=False visible=True
[2026-08-09 09:21:52] FairyGUI: HUD底栏绑定 ExpBar=idx=4/16 path=BottomUI/DExpBar name=DExpBar item=DExpBar title=(null) url=ui://jk0io98jv9b11f rect=923.88,825.31,288.56,26.13 exported gfx=null touchable=True visible=True
[2026-08-09 09:21:52] FairyGUI: HUD底栏绑定 Volume=idx=4/33 path=BottomUI/textVolume name=textVolume item=(null) title=(null) url=(null) rect=1295.56,821.75,79.56,32.06 internal gfx=gfx:2048x2048/root=2048x2048/rot=0/pkg:null touchable=True visible=True
[2026-08-09 09:21:54] FairyGUI: HUD底栏绑定 Level=idx=4/14/1 path=BottomUI/DLevel/DLevelText name=DLevelText item=(null) title=(null) url=(null) rect=381.19,827.69,92.63,20.19 internal gfx=gfx:2048x2048/root=2048x2048/rot=0/pkg:null touchable=True visible=True
[2026-08-09 09:21:54] FairyGUI: HUD底栏绑定 Weight=idx=4/8/0 path=BottomUI/DChatWindow/__codex_mobile_chattxt name=__codex_mobile_chattxt item=(null) title=(null) url=(null) rect=651.94,736.25,418,81.94 internal gfx=null touchable=False visible=True
[2026-08-09 09:21:54] FairyGUI: HUD底栏绑定 ExpBar=idx=4/16 path=BottomUI/DExpBar name=DExpBar item=DExpBar title=(null) url=ui://jk0io98jv9b11f rect=923.88,825.31,288.56,26.13 exported gfx=null touchable=True visible=True
[2026-08-09 09:21:54] FairyGUI: HUD底栏绑定 Volume=idx=4/33 path=BottomUI/textVolume name=textVolume item=(null) title=(null) url=(null) rect=1295.56,821.75,79.56,32.06 internal gfx=gfx:2048x2048/root=2048x2048/rot=0/pkg:null touchable=True visible=True
[2026-08-09 09:21:56] FairyGUI: HUD底栏绑定 Level=idx=4/14/1 path=BottomUI/DLevel/DLevelText name=DLevelText item=(null) title=(null) url=(null) rect=381.19,827.69,92.63,20.19 internal gfx=gfx:2048x2048/root=2048x2048/rot=0/pkg:null touchable=True visible=True
[2026-08-09 09:21:56] FairyGUI: HUD底栏绑定 Weight=idx=4/8/0 path=BottomUI/DChatWindow/__codex_mobile_chattxt name=__codex_mobile_chattxt item=(null) title=(null) url=(null) rect=651.94,736.25,418,81.94 internal gfx=null touchable=False visible=True
[2026-08-09 09:21:56] FairyGUI: HUD底栏绑定 ExpBar=idx=4/16 path=BottomUI/DExpBar name=DExpBar item=DExpBar title=(null) url=ui://jk0io98jv9b11f rect=923.88,825.31,288.56,26.13 exported gfx=null touchable=True visible=True
[2026-08-09 09:21:56] FairyGUI: HUD底栏绑定 Volume=idx=4/33 path=BottomUI/textVolume name=textVolume item=(null) title=(null) url=(null) rect=1295.56,821.75,79.56,32.06 internal gfx=gfx:2048x2048/root=2048x2048/rot=0/pkg:null touchable=True visible=True
[2026-08-09 09:21:58] FairyGUI: HUD底栏绑定 Level=idx=4/14/1 path=BottomUI/DLevel/DLevelText name=DLevelText item=(null) title=(null) url=(null) rect=381.19,827.69,92.63,20.19 internal gfx=gfx:2048x2048/root=2048x2048/rot=0/pkg:null touchable=True visible=True
[2026-08-09 09:21:58] FairyGUI: HUD底栏绑定 Weight=idx=4/8/0 path=BottomUI/DChatWindow/__codex_mobile_chattxt name=__codex_mobile_chattxt item=(null) title=(null) url=(null) rect=651.94,736.25,418,81.94 internal gfx=null touchable=False visible=True
[2026-08-09 09:21:58] FairyGUI: HUD底栏绑定 ExpBar=idx=4/16 path=BottomUI/DExpBar name=DExpBar item=DExpBar title=(null) url=ui://jk0io98jv9b11f rect=923.88,825.31,288.56,26.13 exported gfx=null touchable=True visible=True
[2026-08-09 09:21:58] FairyGUI: HUD底栏绑定 Volume=idx=4/33 path=BottomUI/textVolume name=textVolume item=(null) title=(null) url=(null) rect=1295.56,821.75,79.56,32.06 internal gfx=gfx:2048x2048/root=2048x2048/rot=0/pkg:null touchable=True visible=True
[2026-08-09 09:22:00] FairyGUI: HUD底栏绑定 Level=idx=4/14/1 path=BottomUI/DLevel/DLevelText name=DLevelText item=(null) title=(null) url=(null) rect=381.19,827.69,92.63,20.19 internal gfx=gfx:2048x2048/root=2048x2048/rot=0/pkg:null touchable=True visible=True
[2026-08-09 09:22:00] FairyGUI: HUD底栏绑定 Weight=idx=4/8/0 path=BottomUI/DChatWindow/__codex_mobile_chattxt name=__codex_mobile_chattxt item=(null) title=(null) url=(null) rect=651.94,736.25,418,81.94 internal gfx=null touchable=False visible=True
[2026-08-09 09:22:00] FairyGUI: HUD底栏绑定 ExpBar=idx=4/16 path=BottomUI/DExpBar name=DExpBar item=DExpBar title=(null) url=ui://jk0io98jv9b11f rect=923.88,825.31,288.56,26.13 exported gfx=null touchable=True visible=True
[2026-08-09 09:22:00] FairyGUI: HUD底栏绑定 Volume=idx=4/33 path=BottomUI/textVolume name=textVolume item=(null) title=(null) url=(null) rect=1295.56,821.75,79.56,32.06 internal gfx=gfx:2048x2048/root=2048x2048/rot=0/pkg:null touchable=True visible=True
[2026-08-09 09:22:02] FairyGUI: HUD底栏绑定 Level=idx=4/14/1 path=BottomUI/DLevel/DLevelText name=DLevelText item=(null) title=(null) url=(null) rect=381.19,827.69,92.63,20.19 internal gfx=gfx:2048x2048/root=2048x2048/rot=0/pkg:null touchable=True visible=True
[2026-08-09 09:22:02] FairyGUI: HUD底栏绑定 Weight=idx=4/8/0 path=BottomUI/DChatWindow/__codex_mobile_chattxt name=__codex_mobile_chattxt item=(null) title=(null) url=(null) rect=651.94,736.25,418,81.94 internal gfx=null touchable=False visible=True
[2026-08-09 09:22:02] FairyGUI: HUD底栏绑定 ExpBar=idx=4/16 path=BottomUI/DExpBar name=DExpBar item=DExpBar title=(null) url=ui://jk0io98jv9b11f rect=923.88,825.31,288.56,26.13 exported gfx=null touchable=True visible=True
[2026-08-09 09:22:02] FairyGUI: HUD底栏绑定 Volume=idx=4/33 path=BottomUI/textVolume name=textVolume item=(null) title=(null) url=(null) rect=1295.56,821.75,79.56,32.06 internal gfx=gfx:2048x2048/root=2048x2048/rot=0/pkg:null touchable=True visible=True
[2026-08-09 09:22:04] FairyGUI: HUD底栏绑定 Level=idx=4/14/1 path=BottomUI/DLevel/DLevelText name=DLevelText item=(null) title=(null) url=(null) rect=381.19,827.69,92.63,20.19 internal gfx=gfx:2048x2048/root=2048x2048/rot=0/pkg:null touchable=True visible=True
[2026-08-09 09:22:04] FairyGUI: HUD底栏绑定 Weight=idx=4/8/0 path=BottomUI/DChatWindow/__codex_mobile_chattxt name=__codex_mobile_chattxt item=(null) title=(null) url=(null) rect=651.94,736.25,418,81.94 internal gfx=null touchable=False visible=True
[2026-08-09 09:22:04] FairyGUI: HUD底栏绑定 ExpBar=idx=4/16 path=BottomUI/DExpBar name=DExpBar item=DExpBar title=(null) url=ui://jk0io98jv9b11f rect=923.88,825.31,288.56,26.13 exported gfx=null touchable=True visible=True
[2026-08-09 09:22:04] FairyGUI: HUD底栏绑定 Volume=idx=4/33 path=BottomUI/textVolume name=textVolume item=(null) title=(null) url=(null) rect=1295.56,821.75,79.56,32.06 internal gfx=gfx:2048x2048/root=2048x2048/rot=0/pkg:null touchable=True visible=True
[2026-08-09 09:22:06] FairyGUI: HUD底栏绑定 Level=idx=4/14/1 path=BottomUI/DLevel/DLevelText name=DLevelText item=(null) title=(null) url=(null) rect=381.19,827.69,92.63,20.19 internal gfx=gfx:2048x2048/root=2048x2048/rot=0/pkg:null touchable=True visible=True
[2026-08-09 09:22:06] FairyGUI: HUD底栏绑定 Weight=idx=4/8/0 path=BottomUI/DChatWindow/__codex_mobile_chattxt name=__codex_mobile_chattxt item=(null) title=(null) url=(null) rect=651.94,736.25,418,81.94 internal gfx=null touchable=False visible=True
[2026-08-09 09:22:06] FairyGUI: HUD底栏绑定 ExpBar=idx=4/16 path=BottomUI/DExpBar name=DExpBar item=DExpBar title=(null) url=ui://jk0io98jv9b11f rect=923.88,825.31,288.56,26.13 exported gfx=null touchable=True visible=True
[2026-08-09 09:22:06] FairyGUI: HUD底栏绑定 Volume=idx=4/33 path=BottomUI/textVolume name=textVolume item=(null) title=(null) url=(null) rect=1295.56,821.75,79.56,32.06 internal gfx=gfx:2048x2048/root=2048x2048/rot=0/pkg:null touchable=True visible=True
[2026-08-09 09:22:08] FairyGUI: HUD底栏绑定 Level=idx=4/14/1 path=BottomUI/DLevel/DLevelText name=DLevelText item=(null) title=(null) url=(null) rect=381.19,827.69,92.63,20.19 internal gfx=gfx:2048x2048/root=2048x2048/rot=0/pkg:null touchable=True visible=True
[2026-08-09 09:22:08] FairyGUI: HUD底栏绑定 Weight=idx=4/8/0 path=BottomUI/DChatWindow/__codex_mobile_chattxt name=__codex_mobile_chattxt item=(null) title=(null) url=(null) rect=651.94,736.25,418,81.94 internal gfx=null touchable=False visible=True
[2026-08-09 09:22:08] FairyGUI: HUD底栏绑定 ExpBar=idx=4/16 path=BottomUI/DExpBar name=DExpBar item=DExpBar title=(null) url=ui://jk0io98jv9b11f rect=923.88,825.31,288.56,26.13 exported gfx=null touchable=True visible=True
[2026-08-09 09:22:08] FairyGUI: HUD底栏绑定 Volume=idx=4/33 path=BottomUI/textVolume name=textVolume item=(null) title=(null) url=(null) rect=1295.56,821.75,79.56,32.06 internal gfx=gfx:2048x2048/root=2048x2048/rot=0/pkg:null touchable=True visible=True
[2026-08-09 09:22:10] FairyGUI: HUD底栏绑定 Level=idx=4/14/1 path=BottomUI/DLevel/DLevelText name=DLevelText item=(null) title=(null) url=(null) rect=381.19,827.69,92.63,20.19 internal gfx=gfx:2048x2048/root=2048x2048/rot=0/pkg:null touchable=True visible=True
[2026-08-09 09:22:10] FairyGUI: HUD底栏绑定 Weight=idx=4/8/0 path=BottomUI/DChatWindow/__codex_mobile_chattxt name=__codex_mobile_chattxt item=(null) title=(null) url=(null) rect=651.94,736.25,418,81.94 internal gfx=null touchable=False visible=True
[2026-08-09 09:22:10] FairyGUI: HUD底栏绑定 ExpBar=idx=4/16 path=BottomUI/DExpBar name=DExpBar item=DExpBar title=(null) url=ui://jk0io98jv9b11f rect=923.88,825.31,288.56,26.13 exported gfx=null touchable=True visible=True
[2026-08-09 09:22:10] FairyGUI: HUD底栏绑定 Volume=idx=4/33 path=BottomUI/textVolume name=textVolume item=(null) title=(null) url=(null) rect=1295.56,821.75,79.56,32.06 internal gfx=gfx:2048x2048/root=2048x2048/rot=0/pkg:null touchable=True visible=True
[2026-08-09 09:22:12] FairyGUI: HUD底栏绑定 Level=idx=4/14/1 path=BottomUI/DLevel/DLevelText name=DLevelText item=(null) title=(null) url=(null) rect=381.19,827.69,92.63,20.19 internal gfx=gfx:2048x2048/root=2048x2048/rot=0/pkg:null touchable=True visible=True
[2026-08-09 09:22:12] FairyGUI: HUD底栏绑定 Weight=idx=4/8/0 path=BottomUI/DChatWindow/__codex_mobile_chattxt name=__codex_mobile_chattxt item=(null) title=(null) url=(null) rect=651.94,736.25,418,81.94 internal gfx=null touchable=False visible=True
[2026-08-09 09:22:12] FairyGUI: HUD底栏绑定 ExpBar=idx=4/16 path=BottomUI/DExpBar name=DExpBar item=DExpBar title=(null) url=ui://jk0io98jv9b11f rect=923.88,825.31,288.56,26.13 exported gfx=null touchable=True visible=True
[2026-08-09 09:22:12] FairyGUI: HUD底栏绑定 Volume=idx=4/33 path=BottomUI/textVolume name=textVolume item=(null) title=(null) url=(null) rect=1295.56,821.75,79.56,32.06 internal gfx=gfx:2048x2048/root=2048x2048/rot=0/pkg:null touchable=True visible=True
[2026-08-09 09:22:14] FairyGUI: HUD底栏绑定 Level=idx=4/14/1 path=BottomUI/DLevel/DLevelText name=DLevelText item=(null) title=(null) url=(null) rect=381.19,827.69,92.63,20.19 internal gfx=gfx:2048x2048/root=2048x2048/rot=0/pkg:null touchable=True visible=True
[2026-08-09 09:22:14] FairyGUI: HUD底栏绑定 Weight=idx=4/8/0 path=BottomUI/DChatWindow/__codex_mobile_chattxt name=__codex_mobile_chattxt item=(null) title=(null) url=(null) rect=651.94,736.25,418,81.94 internal gfx=null touchable=False visible=True
[2026-08-09 09:22:14] FairyGUI: HUD底栏绑定 ExpBar=idx=4/16 path=BottomUI/DExpBar name=DExpBar item=DExpBar title=(null) url=ui://jk0io98jv9b11f rect=923.88,825.31,288.56,26.13 exported gfx=null touchable=True visible=True
[2026-08-09 09:22:14] FairyGUI: HUD底栏绑定 Volume=idx=4/33 path=BottomUI/textVolume name=textVolume item=(null) title=(null) url=(null) rect=1295.56,821.75,79.56,32.06 internal gfx=gfx:2048x2048/root=2048x2048/rot=0/pkg:null touchable=True visible=True
[2026-08-09 09:22:16] FairyGUI: HUD底栏绑定 Level=idx=4/14/1 path=BottomUI/DLevel/DLevelText name=DLevelText item=(null) title=(null) url=(null) rect=381.19,827.69,92.63,20.19 internal gfx=gfx:2048x2048/root=2048x2048/rot=0/pkg:null touchable=True visible=True
[2026-08-09 09:22:16] FairyGUI: HUD底栏绑定 Weight=idx=4/8/0 path=BottomUI/DChatWindow/__codex_mobile_chattxt name=__codex_mobile_chattxt item=(null) title=(null) url=(null) rect=651.94,736.25,418,81.94 internal gfx=null touchable=False visible=True
[2026-08-09 09:22:16] FairyGUI: HUD底栏绑定 ExpBar=idx=4/16 path=BottomUI/DExpBar name=DExpBar item=DExpBar title=(null) url=ui://jk0io98jv9b11f rect=923.88,825.31,288.56,26.13 exported gfx=null touchable=True visible=True
[2026-08-09 09:22:16] FairyGUI: HUD底栏绑定 Volume=idx=4/33 path=BottomUI/textVolume name=textVolume item=(null) title=(null) url=(null) rect=1295.56,821.75,79.56,32.06 internal gfx=gfx:2048x2048/root=2048x2048/rot=0/pkg:null touchable=True visible=True
[2026-08-09 09:22:18] FairyGUI: HUD底栏绑定 Level=idx=4/14/1 path=BottomUI/DLevel/DLevelText name=DLevelText item=(null) title=(null) url=(null) rect=381.19,827.69,92.63,20.19 internal gfx=gfx:2048x2048/root=2048x2048/rot=0/pkg:null touchable=True visible=True
[2026-08-09 09:22:18] FairyGUI: HUD底栏绑定 Weight=idx=4/8/0 path=BottomUI/DChatWindow/__codex_mobile_chattxt name=__codex_mobile_chattxt item=(null) title=(null) url=(null) rect=651.94,736.25,418,81.94 internal gfx=null touchable=False visible=True
[2026-08-09 09:22:18] FairyGUI: HUD底栏绑定 ExpBar=idx=4/16 path=BottomUI/DExpBar name=DExpBar item=DExpBar title=(null) url=ui://jk0io98jv9b11f rect=923.88,825.31,288.56,26.13 exported gfx=null touchable=True visible=True
[2026-08-09 09:22:18] FairyGUI: HUD底栏绑定 Volume=idx=4/33 path=BottomUI/textVolume name=textVolume item=(null) title=(null) url=(null) rect=1295.56,821.75,79.56,32.06 internal gfx=gfx:2048x2048/root=2048x2048/rot=0/pkg:null touchable=True visible=True
[2026-08-09 09:22:20] FairyGUI: HUD底栏绑定 Level=idx=4/14/1 path=BottomUI/DLevel/DLevelText name=DLevelText item=(null) title=(null) url=(null) rect=381.19,827.69,92.63,20.19 internal gfx=gfx:2048x2048/root=2048x2048/rot=0/pkg:null touchable=True visible=True
[2026-08-09 09:22:20] FairyGUI: HUD底栏绑定 Weight=idx=4/8/0 path=BottomUI/DChatWindow/__codex_mobile_chattxt name=__codex_mobile_chattxt item=(null) title=(null) url=(null) rect=651.94,736.25,418,81.94 internal gfx=null touchable=False visible=True
[2026-08-09 09:22:20] FairyGUI: HUD底栏绑定 ExpBar=idx=4/16 path=BottomUI/DExpBar name=DExpBar item=DExpBar title=(null) url=ui://jk0io98jv9b11f rect=923.88,825.31,288.56,26.13 exported gfx=null touchable=True visible=True
[2026-08-09 09:22:20] FairyGUI: HUD底栏绑定 Volume=idx=4/33 path=BottomUI/textVolume name=textVolume item=(null) title=(null) url=(null) rect=1295.56,821.75,79.56,32.06 internal gfx=gfx:2048x2048/root=2048x2048/rot=0/pkg:null touchable=True visible=True
[2026-08-09 09:22:23] FairyGUI: HUD底栏绑定 Level=idx=4/14/1 path=BottomUI/DLevel/DLevelText name=DLevelText item=(null) title=(null) url=(null) rect=381.19,827.69,92.63,20.19 internal gfx=gfx:2048x2048/root=2048x2048/rot=0/pkg:null touchable=True visible=True
[2026-08-09 09:22:23] FairyGUI: HUD底栏绑定 Weight=idx=4/8/0 path=BottomUI/DChatWindow/__codex_mobile_chattxt name=__codex_mobile_chattxt item=(null) title=(null) url=(null) rect=651.94,736.25,418,81.94 internal gfx=null touchable=False visible=True
[2026-08-09 09:22:23] FairyGUI: HUD底栏绑定 ExpBar=idx=4/16 path=BottomUI/DExpBar name=DExpBar item=DExpBar title=(null) url=ui://jk0io98jv9b11f rect=923.88,825.31,288.56,26.13 exported gfx=null touchable=True visible=True
[2026-08-09 09:22:23] FairyGUI: HUD底栏绑定 Volume=idx=4/33 path=BottomUI/textVolume name=textVolume item=(null) title=(null) url=(null) rect=1295.56,821.75,79.56,32.06 internal gfx=gfx:2048x2048/root=2048x2048/rot=0/pkg:null touchable=True visible=True
[2026-08-09 09:22:25] FairyGUI: HUD底栏绑定 Level=idx=4/14/1 path=BottomUI/DLevel/DLevelText name=DLevelText item=(null) title=(null) url=(null) rect=381.19,827.69,92.63,20.19 internal gfx=gfx:2048x2048/root=2048x2048/rot=0/pkg:null touchable=True visible=True
[2026-08-09 09:22:25] FairyGUI: HUD底栏绑定 Weight=idx=4/8/0 path=BottomUI/DChatWindow/__codex_mobile_chattxt name=__codex_mobile_chattxt item=(null) title=(null) url=(null) rect=651.94,736.25,418,81.94 internal gfx=null touchable=False visible=True
[2026-08-09 09:22:25] FairyGUI: HUD底栏绑定 ExpBar=idx=4/16 path=BottomUI/DExpBar name=DExpBar item=DExpBar title=(null) url=ui://jk0io98jv9b11f rect=923.88,825.31,288.56,26.13 exported gfx=null touchable=True visible=True
[2026-08-09 09:22:25] FairyGUI: HUD底栏绑定 Volume=idx=4/33 path=BottomUI/textVolume name=textVolume item=(null) title=(null) url=(null) rect=1295.56,821.75,79.56,32.06 internal gfx=gfx:2048x2048/root=2048x2048/rot=0/pkg:null touchable=True visible=True
[2026-08-09 09:22:27] FairyGUI: HUD底栏绑定 Level=idx=4/14/1 path=BottomUI/DLevel/DLevelText name=DLevelText item=(null) title=(null) url=(null) rect=381.19,827.69,92.63,20.19 internal gfx=gfx:2048x2048/root=2048x2048/rot=0/pkg:null touchable=True visible=True
[2026-08-09 09:22:27] FairyGUI: HUD底栏绑定 Weight=idx=4/8/0 path=BottomUI/DChatWindow/__codex_mobile_chattxt name=__codex_mobile_chattxt item=(null) title=(null) url=(null) rect=651.94,736.25,418,81.94 internal gfx=null touchable=False visible=True
[2026-08-09 09:22:27] FairyGUI: HUD底栏绑定 ExpBar=idx=4/16 path=BottomUI/DExpBar name=DExpBar item=DExpBar title=(null) url=ui://jk0io98jv9b11f rect=923.88,825.31,288.56,26.13 exported gfx=null touchable=True visible=True
[2026-08-09 09:22:27] FairyGUI: HUD底栏绑定 Volume=idx=4/33 path=BottomUI/textVolume name=textVolume item=(null) title=(null) url=(null) rect=1295.56,821.75,79.56,32.06 internal gfx=gfx:2048x2048/root=2048x2048/rot=0/pkg:null touchable=True visible=True
[2026-08-09 09:22:29] FairyGUI: HUD底栏绑定 Level=idx=4/14/1 path=BottomUI/DLevel/DLevelText name=DLevelText item=(null) title=(null) url=(null) rect=381.19,827.69,92.63,20.19 internal gfx=gfx:2048x2048/root=2048x2048/rot=0/pkg:null touchable=True visible=True
[2026-08-09 09:22:29] FairyGUI: HUD底栏绑定 Weight=idx=4/8/0 path=BottomUI/DChatWindow/__codex_mobile_chattxt name=__codex_mobile_chattxt item=(null) title=(null) url=(null) rect=651.94,736.25,418,81.94 internal gfx=null touchable=False visible=True
[2026-08-09 09:22:29] FairyGUI: HUD底栏绑定 ExpBar=idx=4/16 path=BottomUI/DExpBar name=DExpBar item=DExpBar title=(null) url=ui://jk0io98jv9b11f rect=923.88,825.31,288.56,26.13 exported gfx=null touchable=True visible=True
[2026-08-09 09:22:29] FairyGUI: HUD底栏绑定 Volume=idx=4/33 path=BottomUI/textVolume name=textVolume item=(null) title=(null) url=(null) rect=1295.56,821.75,79.56,32.06 internal gfx=gfx:2048x2048/root=2048x2048/rot=0/pkg:null touchable=True visible=True
[2026-08-09 09:22:31] FairyGUI: HUD底栏绑定 Level=idx=4/14/1 path=BottomUI/DLevel/DLevelText name=DLevelText item=(null) title=(null) url=(null) rect=381.19,827.69,92.63,20.19 internal gfx=gfx:2048x2048/root=2048x2048/rot=0/pkg:null touchable=True visible=True
[2026-08-09 09:22:31] FairyGUI: HUD底栏绑定 Weight=idx=4/8/0 path=BottomUI/DChatWindow/__codex_mobile_chattxt name=__codex_mobile_chattxt item=(null) title=(null) url=(null) rect=651.94,736.25,418,81.94 internal gfx=null touchable=False visible=True
[2026-08-09 09:22:31] FairyGUI: HUD底栏绑定 ExpBar=idx=4/16 path=BottomUI/DExpBar name=DExpBar item=DExpBar title=(null) url=ui://jk0io98jv9b11f rect=923.88,825.31,288.56,26.13 exported gfx=null touchable=True visible=True
[2026-08-09 09:22:31] FairyGUI: HUD底栏绑定 Volume=idx=4/33 path=BottomUI/textVolume name=textVolume item=(null) title=(null) url=(null) rect=1295.56,821.75,79.56,32.06 internal gfx=gfx:2048x2048/root=2048x2048/rot=0/pkg:null touchable=True visible=True
[2026-08-09 09:22:33] FairyGUI: HUD底栏绑定 Level=idx=4/14/1 path=BottomUI/DLevel/DLevelText name=DLevelText item=(null) title=(null) url=(null) rect=381.19,827.69,92.63,20.19 internal gfx=gfx:2048x2048/root=2048x2048/rot=0/pkg:null touchable=True visible=True
[2026-08-09 09:22:33] FairyGUI: HUD底栏绑定 Weight=idx=4/8/0 path=BottomUI/DChatWindow/__codex_mobile_chattxt name=__codex_mobile_chattxt item=(null) title=(null) url=(null) rect=651.94,736.25,418,81.94 internal gfx=null touchable=False visible=True
[2026-08-09 09:22:33] FairyGUI: HUD底栏绑定 ExpBar=idx=4/16 path=BottomUI/DExpBar name=DExpBar item=DExpBar title=(null) url=ui://jk0io98jv9b11f rect=923.88,825.31,288.56,26.13 exported gfx=null touchable=True visible=True
[2026-08-09 09:22:33] FairyGUI: HUD底栏绑定 Volume=idx=4/33 path=BottomUI/textVolume name=textVolume item=(null) title=(null) url=(null) rect=1295.56,821.75,79.56,32.06 internal gfx=gfx:2048x2048/root=2048x2048/rot=0/pkg:null touchable=True visible=True
[2026-08-09 09:22:35] FairyGUI: HUD底栏绑定 Level=idx=4/14/1 path=BottomUI/DLevel/DLevelText name=DLevelText item=(null) title=(null) url=(null) rect=381.19,827.69,92.63,20.19 internal gfx=gfx:2048x2048/root=2048x2048/rot=0/pkg:null touchable=True visible=True
[2026-08-09 09:22:35] FairyGUI: HUD底栏绑定 Weight=idx=4/8/0 path=BottomUI/DChatWindow/__codex_mobile_chattxt name=__codex_mobile_chattxt item=(null) title=(null) url=(null) rect=651.94,736.25,418,81.94 internal gfx=null touchable=False visible=True
[2026-08-09 09:22:35] FairyGUI: HUD底栏绑定 ExpBar=idx=4/16 path=BottomUI/DExpBar name=DExpBar item=DExpBar title=(null) url=ui://jk0io98jv9b11f rect=923.88,825.31,288.56,26.13 exported gfx=null touchable=True visible=True
[2026-08-09 09:22:35] FairyGUI: HUD底栏绑定 Volume=idx=4/33 path=BottomUI/textVolume name=textVolume item=(null) title=(null) url=(null) rect=1295.56,821.75,79.56,32.06 internal gfx=gfx:2048x2048/root=2048x2048/rot=0/pkg:null touchable=True visible=True
[2026-08-09 09:22:37] FairyGUI: HUD底栏绑定 Level=idx=4/14/1 path=BottomUI/DLevel/DLevelText name=DLevelText item=(null) title=(null) url=(null) rect=381.19,827.69,92.63,20.19 internal gfx=gfx:2048x2048/root=2048x2048/rot=0/pkg:null touchable=True visible=True
[2026-08-09 09:22:37] FairyGUI: HUD底栏绑定 Weight=idx=4/8/0 path=BottomUI/DChatWindow/__codex_mobile_chattxt name=__codex_mobile_chattxt item=(null) title=(null) url=(null) rect=651.94,736.25,418,81.94 internal gfx=null touchable=False visible=True
[2026-08-09 09:22:37] FairyGUI: HUD底栏绑定 ExpBar=idx=4/16 path=BottomUI/DExpBar name=DExpBar item=DExpBar title=(null) url=ui://jk0io98jv9b11f rect=923.88,825.31,288.56,26.13 exported gfx=null touchable=True visible=True
[2026-08-09 09:22:37] FairyGUI: HUD底栏绑定 Volume=idx=4/33 path=BottomUI/textVolume name=textVolume item=(null) title=(null) url=(null) rect=1295.56,821.75,79.56,32.06 internal gfx=gfx:2048x2048/root=2048x2048/rot=0/pkg:null touchable=True visible=True
[2026-08-09 09:22:39] FairyGUI: HUD底栏绑定 Level=idx=4/14/1 path=BottomUI/DLevel/DLevelText name=DLevelText item=(null) title=(null) url=(null) rect=381.19,827.69,92.63,20.19 internal gfx=gfx:2048x2048/root=2048x2048/rot=0/pkg:null touchable=True visible=True
[2026-08-09 09:22:39] FairyGUI: HUD底栏绑定 Weight=idx=4/8/0 path=BottomUI/DChatWindow/__codex_mobile_chattxt name=__codex_mobile_chattxt item=(null) title=(null) url=(null) rect=651.94,736.25,418,81.94 internal gfx=null touchable=False visible=True
[2026-08-09 09:22:39] FairyGUI: HUD底栏绑定 ExpBar=idx=4/16 path=BottomUI/DExpBar name=DExpBar item=DExpBar title=(null) url=ui://jk0io98jv9b11f rect=923.88,825.31,288.56,26.13 exported gfx=null touchable=True visible=True
[2026-08-09 09:22:39] FairyGUI: HUD底栏绑定 Volume=idx=4/33 path=BottomUI/textVolume name=textVolume item=(null) title=(null) url=(null) rect=1295.56,821.75,79.56,32.06 internal gfx=gfx:2048x2048/root=2048x2048/rot=0/pkg:null touchable=True visible=True
[2026-08-09 09:22:41] FairyGUI: HUD底栏绑定 Level=idx=4/14/1 path=BottomUI/DLevel/DLevelText name=DLevelText item=(null) title=(null) url=(null) rect=381.19,827.69,92.63,20.19 internal gfx=gfx:2048x2048/root=2048x2048/rot=0/pkg:null touchable=True visible=True
[2026-08-09 09:22:41] FairyGUI: HUD底栏绑定 Weight=idx=4/8/0 path=BottomUI/DChatWindow/__codex_mobile_chattxt name=__codex_mobile_chattxt item=(null) title=(null) url=(null) rect=651.94,736.25,418,81.94 internal gfx=null touchable=False visible=True
[2026-08-09 09:22:41] FairyGUI: HUD底栏绑定 ExpBar=idx=4/16 path=BottomUI/DExpBar name=DExpBar item=DExpBar title=(null) url=ui://jk0io98jv9b11f rect=923.88,825.31,288.56,26.13 exported gfx=null touchable=True visible=True
[2026-08-09 09:22:41] FairyGUI: HUD底栏绑定 Volume=idx=4/33 path=BottomUI/textVolume name=textVolume item=(null) title=(null) url=(null) rect=1295.56,821.75,79.56,32.06 internal gfx=gfx:2048x2048/root=2048x2048/rot=0/pkg:null touchable=True visible=True
[2026-08-09 09:22:43] FairyGUI: HUD底栏绑定 Level=idx=4/14/1 path=BottomUI/DLevel/DLevelText name=DLevelText item=(null) title=(null) url=(null) rect=381.19,827.69,92.63,20.19 internal gfx=gfx:2048x2048/root=2048x2048/rot=0/pkg:null touchable=True visible=True
[2026-08-09 09:22:43] FairyGUI: HUD底栏绑定 Weight=idx=4/8/0 path=BottomUI/DChatWindow/__codex_mobile_chattxt name=__codex_mobile_chattxt item=(null) title=(null) url=(null) rect=651.94,736.25,418,81.94 internal gfx=null touchable=False visible=True
[2026-08-09 09:22:43] FairyGUI: HUD底栏绑定 ExpBar=idx=4/16 path=BottomUI/DExpBar name=DExpBar item=DExpBar title=(null) url=ui://jk0io98jv9b11f rect=923.88,825.31,288.56,26.13 exported gfx=null touchable=True visible=True
[2026-08-09 09:22:43] FairyGUI: HUD底栏绑定 Volume=idx=4/33 path=BottomUI/textVolume name=textVolume item=(null) title=(null) url=(null) rect=1295.56,821.75,79.56,32.06 internal gfx=gfx:2048x2048/root=2048x2048/rot=0/pkg:null touchable=True visible=True
[2026-08-09 09:22:45] FairyGUI: HUD底栏绑定 Level=idx=4/14/1 path=BottomUI/DLevel/DLevelText name=DLevelText item=(null) title=(null) url=(null) rect=381.19,827.69,92.63,20.19 internal gfx=gfx:2048x2048/root=2048x2048/rot=0/pkg:null touchable=True visible=True
[2026-08-09 09:22:45] FairyGUI: HUD底栏绑定 Weight=idx=4/8/0 path=BottomUI/DChatWindow/__codex_mobile_chattxt name=__codex_mobile_chattxt item=(null) title=(null) url=(null) rect=651.94,736.25,418,81.94 internal gfx=null touchable=False visible=True
[2026-08-09 09:22:45] FairyGUI: HUD底栏绑定 ExpBar=idx=4/16 path=BottomUI/DExpBar name=DExpBar item=DExpBar title=(null) url=ui://jk0io98jv9b11f rect=923.88,825.31,288.56,26.13 exported gfx=null touchable=True visible=True
[2026-08-09 09:22:45] FairyGUI: HUD底栏绑定 Volume=idx=4/33 path=BottomUI/textVolume name=textVolume item=(null) title=(null) url=(null) rect=1295.56,821.75,79.56,32.06 internal gfx=gfx:2048x2048/root=2048x2048/rot=0/pkg:null touchable=True visible=True
[2026-08-09 09:22:47] FairyGUI: HUD底栏绑定 Level=idx=4/14/1 path=BottomUI/DLevel/DLevelText name=DLevelText item=(null) title=(null) url=(null) rect=381.19,827.69,92.63,20.19 internal gfx=gfx:2048x2048/root=2048x2048/rot=0/pkg:null touchable=True visible=True
[2026-08-09 09:22:47] FairyGUI: HUD底栏绑定 Weight=idx=4/8/0 path=BottomUI/DChatWindow/__codex_mobile_chattxt name=__codex_mobile_chattxt item=(null) title=(null) url=(null) rect=651.94,736.25,418,81.94 internal gfx=null touchable=False visible=True
[2026-08-09 09:22:47] FairyGUI: HUD底栏绑定 ExpBar=idx=4/16 path=BottomUI/DExpBar name=DExpBar item=DExpBar title=(null) url=ui://jk0io98jv9b11f rect=923.88,825.31,288.56,26.13 exported gfx=null touchable=True visible=True
[2026-08-09 09:22:47] FairyGUI: HUD底栏绑定 Volume=idx=4/33 path=BottomUI/textVolume name=textVolume item=(null) title=(null) url=(null) rect=1295.56,821.75,79.56,32.06 internal gfx=gfx:2048x2048/root=2048x2048/rot=0/pkg:null touchable=True visible=True
[2026-08-09 09:22:49] FairyGUI: HUD底栏绑定 Level=idx=4/14/1 path=BottomUI/DLevel/DLevelText name=DLevelText item=(null) title=(null) url=(null) rect=381.19,827.69,92.63,20.19 internal gfx=gfx:2048x2048/root=2048x2048/rot=0/pkg:null touchable=True visible=True
[2026-08-09 09:22:49] FairyGUI: HUD底栏绑定 Weight=idx=4/8/0 path=BottomUI/DChatWindow/__codex_mobile_chattxt name=__codex_mobile_chattxt item=(null) title=(null) url=(null) rect=651.94,736.25,418,81.94 internal gfx=null touchable=False visible=True
[2026-08-09 09:22:49] FairyGUI: HUD底栏绑定 ExpBar=idx=4/16 path=BottomUI/DExpBar name=DExpBar item=DExpBar title=(null) url=ui://jk0io98jv9b11f rect=923.88,825.31,288.56,26.13 exported gfx=null touchable=True visible=True
[2026-08-09 09:22:49] FairyGUI: HUD底栏绑定 Volume=idx=4/33 path=BottomUI/textVolume name=textVolume item=(null) title=(null) url=(null) rect=1295.56,821.75,79.56,32.06 internal gfx=gfx:2048x2048/root=2048x2048/rot=0/pkg:null touchable=True visible=True
[2026-08-09 09:22:51] FairyGUI: HUD底栏绑定 Level=idx=4/14/1 path=BottomUI/DLevel/DLevelText name=DLevelText item=(null) title=(null) url=(null) rect=381.19,827.69,92.63,20.19 internal gfx=gfx:2048x2048/root=2048x2048/rot=0/pkg:null touchable=True visible=True
[2026-08-09 09:22:51] FairyGUI: HUD底栏绑定 Weight=idx=4/8/0 path=BottomUI/DChatWindow/__codex_mobile_chattxt name=__codex_mobile_chattxt item=(null) title=(null) url=(null) rect=651.94,736.25,418,81.94 internal gfx=null touchable=False visible=True
[2026-08-09 09:22:51] FairyGUI: HUD底栏绑定 ExpBar=idx=4/16 path=BottomUI/DExpBar name=DExpBar item=DExpBar title=(null) url=ui://jk0io98jv9b11f rect=923.88,825.31,288.56,26.13 exported gfx=null touchable=True visible=True
[2026-08-09 09:22:51] FairyGUI: HUD底栏绑定 Volume=idx=4/33 path=BottomUI/textVolume name=textVolume item=(null) title=(null) url=(null) rect=1295.56,821.75,79.56,32.06 internal gfx=gfx:2048x2048/root=2048x2048/rot=0/pkg:null touchable=True visible=True
[2026-08-09 09:22:53] FairyGUI: HUD底栏绑定 Level=idx=4/14/1 path=BottomUI/DLevel/DLevelText name=DLevelText item=(null) title=(null) url=(null) rect=381.19,827.69,92.63,20.19 internal gfx=gfx:2048x2048/root=2048x2048/rot=0/pkg:null touchable=True visible=True
[2026-08-09 09:22:53] FairyGUI: HUD底栏绑定 Weight=idx=4/8/0 path=BottomUI/DChatWindow/__codex_mobile_chattxt name=__codex_mobile_chattxt item=(null) title=(null) url=(null) rect=651.94,736.25,418,81.94 internal gfx=null touchable=False visible=True
[2026-08-09 09:22:53] FairyGUI: HUD底栏绑定 ExpBar=idx=4/16 path=BottomUI/DExpBar name=DExpBar item=DExpBar title=(null) url=ui://jk0io98jv9b11f rect=923.88,825.31,288.56,26.13 exported gfx=null touchable=True visible=True
[2026-08-09 09:22:53] FairyGUI: HUD底栏绑定 Volume=idx=4/33 path=BottomUI/textVolume name=textVolume item=(null) title=(null) url=(null) rect=1295.56,821.75,79.56,32.06 internal gfx=gfx:2048x2048/root=2048x2048/rot=0/pkg:null touchable=True visible=True
[2026-08-09 09:22:55] FairyGUI: HUD底栏绑定 Level=idx=4/14/1 path=BottomUI/DLevel/DLevelText name=DLevelText item=(null) title=(null) url=(null) rect=381.19,827.69,92.63,20.19 internal gfx=gfx:2048x2048/root=2048x2048/rot=0/pkg:null touchable=True visible=True
[2026-08-09 09:22:55] FairyGUI: HUD底栏绑定 Weight=idx=4/8/0 path=BottomUI/DChatWindow/__codex_mobile_chattxt name=__codex_mobile_chattxt item=(null) title=(null) url=(null) rect=651.94,736.25,418,81.94 internal gfx=null touchable=False visible=True
[2026-08-09 09:22:55] FairyGUI: HUD底栏绑定 ExpBar=idx=4/16 path=BottomUI/DExpBar name=DExpBar item=DExpBar title=(null) url=ui://jk0io98jv9b11f rect=923.88,825.31,288.56,26.13 exported gfx=null touchable=True visible=True
[2026-08-09 09:22:55] FairyGUI: HUD底栏绑定 Volume=idx=4/33 path=BottomUI/textVolume name=textVolume item=(null) title=(null) url=(null) rect=1295.56,821.75,79.56,32.06 internal gfx=gfx:2048x2048/root=2048x2048/rot=0/pkg:null touchable=True visible=True
[2026-08-09 09:22:57] FairyGUI: HUD底栏绑定 Level=idx=4/14/1 path=BottomUI/DLevel/DLevelText name=DLevelText item=(null) title=(null) url=(null) rect=381.19,827.69,92.63,20.19 internal gfx=gfx:2048x2048/root=2048x2048/rot=0/pkg:null touchable=True visible=True
[2026-08-09 09:22:57] FairyGUI: HUD底栏绑定 Weight=idx=4/8/0 path=BottomUI/DChatWindow/__codex_mobile_chattxt name=__codex_mobile_chattxt item=(null) title=(null) url=(null) rect=651.94,736.25,418,81.94 internal gfx=null touchable=False visible=True
[2026-08-09 09:22:57] FairyGUI: HUD底栏绑定 ExpBar=idx=4/16 path=BottomUI/DExpBar name=DExpBar item=DExpBar title=(null) url=ui://jk0io98jv9b11f rect=923.88,825.31,288.56,26.13 exported gfx=null touchable=True visible=True
[2026-08-09 09:22:57] FairyGUI: HUD底栏绑定 Volume=idx=4/33 path=BottomUI/textVolume name=textVolume item=(null) title=(null) url=(null) rect=1295.56,821.75,79.56,32.06 internal gfx=gfx:2048x2048/root=2048x2048/rot=0/pkg:null touchable=True visible=True
[2026-08-09 09:22:59] FairyGUI: HUD底栏绑定 Level=idx=4/14/1 path=BottomUI/DLevel/DLevelText name=DLevelText item=(null) title=(null) url=(null) rect=381.19,827.69,92.63,20.19 internal gfx=gfx:2048x2048/root=2048x2048/rot=0/pkg:null touchable=True visible=True
[2026-08-09 09:22:59] FairyGUI: HUD底栏绑定 Weight=idx=4/8/0 path=BottomUI/DChatWindow/__codex_mobile_chattxt name=__codex_mobile_chattxt item=(null) title=(null) url=(null) rect=651.94,736.25,418,81.94 internal gfx=null touchable=False visible=True
[2026-08-09 09:22:59] FairyGUI: HUD底栏绑定 ExpBar=idx=4/16 path=BottomUI/DExpBar name=DExpBar item=DExpBar title=(null) url=ui://jk0io98jv9b11f rect=923.88,825.31,288.56,26.13 exported gfx=null touchable=True visible=True
[2026-08-09 09:22:59] FairyGUI: HUD底栏绑定 Volume=idx=4/33 path=BottomUI/textVolume name=textVolume item=(null) title=(null) url=(null) rect=1295.56,821.75,79.56,32.06 internal gfx=gfx:2048x2048/root=2048x2048/rot=0/pkg:null touchable=True visible=True
[2026-08-09 09:23:01] FairyGUI: HUD底栏绑定 Level=idx=4/14/1 path=BottomUI/DLevel/DLevelText name=DLevelText item=(null) title=(null) url=(null) rect=381.19,827.69,92.63,20.19 internal gfx=gfx:2048x2048/root=2048x2048/rot=0/pkg:null touchable=True visible=True
[2026-08-09 09:23:01] FairyGUI: HUD底栏绑定 Weight=idx=4/8/0 path=BottomUI/DChatWindow/__codex_mobile_chattxt name=__codex_mobile_chattxt item=(null) title=(null) url=(null) rect=651.94,736.25,418,81.94 internal gfx=null touchable=False visible=True
[2026-08-09 09:23:01] FairyGUI: HUD底栏绑定 ExpBar=idx=4/16 path=BottomUI/DExpBar name=DExpBar item=DExpBar title=(null) url=ui://jk0io98jv9b11f rect=923.88,825.31,288.56,26.13 exported gfx=null touchable=True visible=True
[2026-08-09 09:23:01] FairyGUI: HUD底栏绑定 Volume=idx=4/33 path=BottomUI/textVolume name=textVolume item=(null) title=(null) url=(null) rect=1295.56,821.75,79.56,32.06 internal gfx=gfx:2048x2048/root=2048x2048/rot=0/pkg:null touchable=True visible=True
[2026-08-09 09:23:03] FairyGUI: HUD底栏绑定 Level=idx=4/14/1 path=BottomUI/DLevel/DLevelText name=DLevelText item=(null) title=(null) url=(null) rect=381.19,827.69,92.63,20.19 internal gfx=gfx:2048x2048/root=2048x2048/rot=0/pkg:null touchable=True visible=True
[2026-08-09 09:23:03] FairyGUI: HUD底栏绑定 Weight=idx=4/8/0 path=BottomUI/DChatWindow/__codex_mobile_chattxt name=__codex_mobile_chattxt item=(null) title=(null) url=(null) rect=651.94,736.25,418,81.94 internal gfx=null touchable=False visible=True
[2026-08-09 09:23:03] FairyGUI: HUD底栏绑定 ExpBar=idx=4/16 path=BottomUI/DExpBar name=DExpBar item=DExpBar title=(null) url=ui://jk0io98jv9b11f rect=923.88,825.31,288.56,26.13 exported gfx=null touchable=True visible=True
[2026-08-09 09:23:03] FairyGUI: HUD底栏绑定 Volume=idx=4/33 path=BottomUI/textVolume name=textVolume item=(null) title=(null) url=(null) rect=1295.56,821.75,79.56,32.06 internal gfx=gfx:2048x2048/root=2048x2048/rot=0/pkg:null touchable=True visible=True
[2026-08-09 09:23:06] FairyGUI: HUD底栏绑定 Level=idx=4/14/1 path=BottomUI/DLevel/DLevelText name=DLevelText item=(null) title=(null) url=(null) rect=381.19,827.69,92.63,20.19 internal gfx=gfx:2048x2048/root=2048x2048/rot=0/pkg:null touchable=True visible=True
[2026-08-09 09:23:06] FairyGUI: HUD底栏绑定 Weight=idx=4/8/0 path=BottomUI/DChatWindow/__codex_mobile_chattxt name=__codex_mobile_chattxt item=(null) title=(null) url=(null) rect=651.94,736.25,418,81.94 internal gfx=null touchable=False visible=True
[2026-08-09 09:23:06] FairyGUI: HUD底栏绑定 ExpBar=idx=4/16 path=BottomUI/DExpBar name=DExpBar item=DExpBar title=(null) url=ui://jk0io98jv9b11f rect=923.88,825.31,288.56,26.13 exported gfx=null touchable=True visible=True
[2026-08-09 09:23:06] FairyGUI: HUD底栏绑定 Volume=idx=4/33 path=BottomUI/textVolume name=textVolume item=(null) title=(null) url=(null) rect=1295.56,821.75,79.56,32.06 internal gfx=gfx:2048x2048/root=2048x2048/rot=0/pkg:null touchable=True visible=True
[2026-08-09 09:23:08] FairyGUI: HUD底栏绑定 Level=idx=4/14/1 path=BottomUI/DLevel/DLevelText name=DLevelText item=(null) title=(null) url=(null) rect=381.19,827.69,92.63,20.19 internal gfx=gfx:2048x2048/root=2048x2048/rot=0/pkg:null touchable=True visible=True
[2026-08-09 09:23:08] FairyGUI: HUD底栏绑定 Weight=idx=4/8/0 path=BottomUI/DChatWindow/__codex_mobile_chattxt name=__codex_mobile_chattxt item=(null) title=(null) url=(null) rect=651.94,736.25,418,81.94 internal gfx=null touchable=False visible=True
[2026-08-09 09:23:08] FairyGUI: HUD底栏绑定 ExpBar=idx=4/16 path=BottomUI/DExpBar name=DExpBar item=DExpBar title=(null) url=ui://jk0io98jv9b11f rect=923.88,825.31,288.56,26.13 exported gfx=null touchable=True visible=True
[2026-08-09 09:23:08] FairyGUI: HUD底栏绑定 Volume=idx=4/33 path=BottomUI/textVolume name=textVolume item=(null) title=(null) url=(null) rect=1295.56,821.75,79.56,32.06 internal gfx=gfx:2048x2048/root=2048x2048/rot=0/pkg:null touchable=True visible=True
[2026-08-09 09:23:10] FairyGUI: HUD底栏绑定 Level=idx=4/14/1 path=BottomUI/DLevel/DLevelText name=DLevelText item=(null) title=(null) url=(null) rect=381.19,827.69,92.63,20.19 internal gfx=gfx:2048x2048/root=2048x2048/rot=0/pkg:null touchable=True visible=True
[2026-08-09 09:23:10] FairyGUI: HUD底栏绑定 Weight=idx=4/8/0 path=BottomUI/DChatWindow/__codex_mobile_chattxt name=__codex_mobile_chattxt item=(null) title=(null) url=(null) rect=651.94,736.25,418,81.94 internal gfx=null touchable=False visible=True
[2026-08-09 09:23:10] FairyGUI: HUD底栏绑定 ExpBar=idx=4/16 path=BottomUI/DExpBar name=DExpBar item=DExpBar title=(null) url=ui://jk0io98jv9b11f rect=923.88,825.31,288.56,26.13 exported gfx=null touchable=True visible=True
[2026-08-09 09:23:10] FairyGUI: HUD底栏绑定 Volume=idx=4/33 path=BottomUI/textVolume name=textVolume item=(null) title=(null) url=(null) rect=1295.56,821.75,79.56,32.06 internal gfx=gfx:2048x2048/root=2048x2048/rot=0/pkg:null touchable=True visible=True
[2026-08-09 09:23:12] FairyGUI: HUD底栏绑定 Level=idx=4/14/1 path=BottomUI/DLevel/DLevelText name=DLevelText item=(null) title=(null) url=(null) rect=381.19,827.69,92.63,20.19 internal gfx=gfx:2048x2048/root=2048x2048/rot=0/pkg:null touchable=True visible=True
[2026-08-09 09:23:12] FairyGUI: HUD底栏绑定 Weight=idx=4/8/0 path=BottomUI/DChatWindow/__codex_mobile_chattxt name=__codex_mobile_chattxt item=(null) title=(null) url=(null) rect=651.94,736.25,418,81.94 internal gfx=null touchable=False visible=True
[2026-08-09 09:23:12] FairyGUI: HUD底栏绑定 ExpBar=idx=4/16 path=BottomUI/DExpBar name=DExpBar item=DExpBar title=(null) url=ui://jk0io98jv9b11f rect=923.88,825.31,288.56,26.13 exported gfx=null touchable=True visible=True
[2026-08-09 09:23:12] FairyGUI: HUD底栏绑定 Volume=idx=4/33 path=BottomUI/textVolume name=textVolume item=(null) title=(null) url=(null) rect=1295.56,821.75,79.56,32.06 internal gfx=gfx:2048x2048/root=2048x2048/rot=0/pkg:null touchable=True visible=True
[2026-08-09 09:23:14] FairyGUI: HUD底栏绑定 Level=idx=4/14/1 path=BottomUI/DLevel/DLevelText name=DLevelText item=(null) title=(null) url=(null) rect=381.19,827.69,92.63,20.19 internal gfx=gfx:2048x2048/root=2048x2048/rot=0/pkg:null touchable=True visible=True
[2026-08-09 09:23:14] FairyGUI: HUD底栏绑定 Weight=idx=4/8/0 path=BottomUI/DChatWindow/__codex_mobile_chattxt name=__codex_mobile_chattxt item=(null) title=(null) url=(null) rect=651.94,736.25,418,81.94 internal gfx=null touchable=False visible=True
[2026-08-09 09:23:14] FairyGUI: HUD底栏绑定 ExpBar=idx=4/16 path=BottomUI/DExpBar name=DExpBar item=DExpBar title=(null) url=ui://jk0io98jv9b11f rect=923.88,825.31,288.56,26.13 exported gfx=null touchable=True visible=True
[2026-08-09 09:23:14] FairyGUI: HUD底栏绑定 Volume=idx=4/33 path=BottomUI/textVolume name=textVolume item=(null) title=(null) url=(null) rect=1295.56,821.75,79.56,32.06 internal gfx=gfx:2048x2048/root=2048x2048/rot=0/pkg:null touchable=True visible=True
[2026-08-09 09:23:16] FairyGUI: HUD底栏绑定 Level=idx=4/14/1 path=BottomUI/DLevel/DLevelText name=DLevelText item=(null) title=(null) url=(null) rect=381.19,827.69,92.63,20.19 internal gfx=gfx:2048x2048/root=2048x2048/rot=0/pkg:null touchable=True visible=True
[2026-08-09 09:23:16] FairyGUI: HUD底栏绑定 Weight=idx=4/8/0 path=BottomUI/DChatWindow/__codex_mobile_chattxt name=__codex_mobile_chattxt item=(null) title=(null) url=(null) rect=651.94,736.25,418,81.94 internal gfx=null touchable=False visible=True
[2026-08-09 09:23:16] FairyGUI: HUD底栏绑定 ExpBar=idx=4/16 path=BottomUI/DExpBar name=DExpBar item=DExpBar title=(null) url=ui://jk0io98jv9b11f rect=923.88,825.31,288.56,26.13 exported gfx=null touchable=True visible=True
[2026-08-09 09:23:16] FairyGUI: HUD底栏绑定 Volume=idx=4/33 path=BottomUI/textVolume name=textVolume item=(null) title=(null) url=(null) rect=1295.56,821.75,79.56,32.06 internal gfx=gfx:2048x2048/root=2048x2048/rot=0/pkg:null touchable=True visible=True
[2026-08-09 09:23:18] FairyGUI: HUD底栏绑定 Level=idx=4/14/1 path=BottomUI/DLevel/DLevelText name=DLevelText item=(null) title=(null) url=(null) rect=381.19,827.69,92.63,20.19 internal gfx=gfx:2048x2048/root=2048x2048/rot=0/pkg:null touchable=True visible=True
[2026-08-09 09:23:18] FairyGUI: HUD底栏绑定 Weight=idx=4/8/0 path=BottomUI/DChatWindow/__codex_mobile_chattxt name=__codex_mobile_chattxt item=(null) title=(null) url=(null) rect=651.94,736.25,418,81.94 internal gfx=null touchable=False visible=True
[2026-08-09 09:23:18] FairyGUI: HUD底栏绑定 ExpBar=idx=4/16 path=BottomUI/DExpBar name=DExpBar item=DExpBar title=(null) url=ui://jk0io98jv9b11f rect=923.88,825.31,288.56,26.13 exported gfx=null touchable=True visible=True
[2026-08-09 09:23:18] FairyGUI: HUD底栏绑定 Volume=idx=4/33 path=BottomUI/textVolume name=textVolume item=(null) title=(null) url=(null) rect=1295.56,821.75,79.56,32.06 internal gfx=gfx:2048x2048/root=2048x2048/rot=0/pkg:null touchable=True visible=True
[2026-08-09 09:23:20] FairyGUI: HUD底栏绑定 Level=idx=4/14/1 path=BottomUI/DLevel/DLevelText name=DLevelText item=(null) title=(null) url=(null) rect=381.19,827.69,92.63,20.19 internal gfx=gfx:2048x2048/root=2048x2048/rot=0/pkg:null touchable=True visible=True
[2026-08-09 09:23:20] FairyGUI: HUD底栏绑定 Weight=idx=4/8/0 path=BottomUI/DChatWindow/__codex_mobile_chattxt name=__codex_mobile_chattxt item=(null) title=(null) url=(null) rect=651.94,736.25,418,81.94 internal gfx=null touchable=False visible=True
[2026-08-09 09:23:20] FairyGUI: HUD底栏绑定 ExpBar=idx=4/16 path=BottomUI/DExpBar name=DExpBar item=DExpBar title=(null) url=ui://jk0io98jv9b11f rect=923.88,825.31,288.56,26.13 exported gfx=null touchable=True visible=True
[2026-08-09 09:23:20] FairyGUI: HUD底栏绑定 Volume=idx=4/33 path=BottomUI/textVolume name=textVolume item=(null) title=(null) url=(null) rect=1295.56,821.75,79.56,32.06 internal gfx=gfx:2048x2048/root=2048x2048/rot=0/pkg:null touchable=True visible=True
[2026-08-09 09:23:22] FairyGUI: HUD底栏绑定 Level=idx=4/14/1 path=BottomUI/DLevel/DLevelText name=DLevelText item=(null) title=(null) url=(null) rect=381.19,827.69,92.63,20.19 internal gfx=gfx:2048x2048/root=2048x2048/rot=0/pkg:null touchable=True visible=True
[2026-08-09 09:23:22] FairyGUI: HUD底栏绑定 Weight=idx=4/8/0 path=BottomUI/DChatWindow/__codex_mobile_chattxt name=__codex_mobile_chattxt item=(null) title=(null) url=(null) rect=651.94,736.25,418,81.94 internal gfx=null touchable=False visible=True
[2026-08-09 09:23:22] FairyGUI: HUD底栏绑定 ExpBar=idx=4/16 path=BottomUI/DExpBar name=DExpBar item=DExpBar title=(null) url=ui://jk0io98jv9b11f rect=923.88,825.31,288.56,26.13 exported gfx=null touchable=True visible=True
[2026-08-09 09:23:22] FairyGUI: HUD底栏绑定 Volume=idx=4/33 path=BottomUI/textVolume name=textVolume item=(null) title=(null) url=(null) rect=1295.56,821.75,79.56,32.06 internal gfx=gfx:2048x2048/root=2048x2048/rot=0/pkg:null touchable=True visible=True
[2026-08-09 09:23:24] FairyGUI: HUD底栏绑定 Level=idx=4/14/1 path=BottomUI/DLevel/DLevelText name=DLevelText item=(null) title=(null) url=(null) rect=381.19,827.69,92.63,20.19 internal gfx=gfx:2048x2048/root=2048x2048/rot=0/pkg:null touchable=True visible=True
[2026-08-09 09:23:24] FairyGUI: HUD底栏绑定 Weight=idx=4/8/0 path=BottomUI/DChatWindow/__codex_mobile_chattxt name=__codex_mobile_chattxt item=(null) title=(null) url=(null) rect=651.94,736.25,418,81.94 internal gfx=null touchable=False visible=True
[2026-08-09 09:23:24] FairyGUI: HUD底栏绑定 ExpBar=idx=4/16 path=BottomUI/DExpBar name=DExpBar item=DExpBar title=(null) url=ui://jk0io98jv9b11f rect=923.88,825.31,288.56,26.13 exported gfx=null touchable=True visible=True
[2026-08-09 09:23:24] FairyGUI: HUD底栏绑定 Volume=idx=4/33 path=BottomUI/textVolume name=textVolume item=(null) title=(null) url=(null) rect=1295.56,821.75,79.56,32.06 internal gfx=gfx:2048x2048/root=2048x2048/rot=0/pkg:null touchable=True visible=True
[2026-08-09 09:23:26] FairyGUI: HUD底栏绑定 Level=idx=4/14/1 path=BottomUI/DLevel/DLevelText name=DLevelText item=(null) title=(null) url=(null) rect=381.19,827.69,92.63,20.19 internal gfx=gfx:2048x2048/root=2048x2048/rot=0/pkg:null touchable=True visible=True
[2026-08-09 09:23:26] FairyGUI: HUD底栏绑定 Weight=idx=4/8/0 path=BottomUI/DChatWindow/__codex_mobile_chattxt name=__codex_mobile_chattxt item=(null) title=(null) url=(null) rect=651.94,736.25,418,81.94 internal gfx=null touchable=False visible=True
[2026-08-09 09:23:26] FairyGUI: HUD底栏绑定 ExpBar=idx=4/16 path=BottomUI/DExpBar name=DExpBar item=DExpBar title=(null) url=ui://jk0io98jv9b11f rect=923.88,825.31,288.56,26.13 exported gfx=null touchable=True visible=True
[2026-08-09 09:23:26] FairyGUI: HUD底栏绑定 Volume=idx=4/33 path=BottomUI/textVolume name=textVolume item=(null) title=(null) url=(null) rect=1295.56,821.75,79.56,32.06 internal gfx=gfx:2048x2048/root=2048x2048/rot=0/pkg:null touchable=True visible=True
[2026-08-09 09:23:28] FairyGUI: HUD底栏绑定 Level=idx=4/14/1 path=BottomUI/DLevel/DLevelText name=DLevelText item=(null) title=(null) url=(null) rect=381.19,827.69,92.63,20.19 internal gfx=gfx:2048x2048/root=2048x2048/rot=0/pkg:null touchable=True visible=True
[2026-08-09 09:23:28] FairyGUI: HUD底栏绑定 Weight=idx=4/8/0 path=BottomUI/DChatWindow/__codex_mobile_chattxt name=__codex_mobile_chattxt item=(null) title=(null) url=(null) rect=651.94,736.25,418,81.94 internal gfx=null touchable=False visible=True
[2026-08-09 09:23:28] FairyGUI: HUD底栏绑定 ExpBar=idx=4/16 path=BottomUI/DExpBar name=DExpBar item=DExpBar title=(null) url=ui://jk0io98jv9b11f rect=923.88,825.31,288.56,26.13 exported gfx=null touchable=True visible=True
[2026-08-09 09:23:28] FairyGUI: HUD底栏绑定 Volume=idx=4/33 path=BottomUI/textVolume name=textVolume item=(null) title=(null) url=(null) rect=1295.56,821.75,79.56,32.06 internal gfx=gfx:2048x2048/root=2048x2048/rot=0/pkg:null touchable=True visible=True
[2026-08-09 09:23:30] FairyGUI: HUD底栏绑定 Level=idx=4/14/1 path=BottomUI/DLevel/DLevelText name=DLevelText item=(null) title=(null) url=(null) rect=381.19,827.69,92.63,20.19 internal gfx=gfx:2048x2048/root=2048x2048/rot=0/pkg:null touchable=True visible=True
[2026-08-09 09:23:30] FairyGUI: HUD底栏绑定 Weight=idx=4/8/0 path=BottomUI/DChatWindow/__codex_mobile_chattxt name=__codex_mobile_chattxt item=(null) title=(null) url=(null) rect=651.94,736.25,418,81.94 internal gfx=null touchable=False visible=True
[2026-08-09 09:23:30] FairyGUI: HUD底栏绑定 ExpBar=idx=4/16 path=BottomUI/DExpBar name=DExpBar item=DExpBar title=(null) url=ui://jk0io98jv9b11f rect=923.88,825.31,288.56,26.13 exported gfx=null touchable=True visible=True
[2026-08-09 09:23:30] FairyGUI: HUD底栏绑定 Volume=idx=4/33 path=BottomUI/textVolume name=textVolume item=(null) title=(null) url=(null) rect=1295.56,821.75,79.56,32.06 internal gfx=gfx:2048x2048/root=2048x2048/rot=0/pkg:null touchable=True visible=True
[2026-08-09 09:23:32] FairyGUI: HUD底栏绑定 Level=idx=4/14/1 path=BottomUI/DLevel/DLevelText name=DLevelText item=(null) title=(null) url=(null) rect=381.19,827.69,92.63,20.19 internal gfx=gfx:2048x2048/root=2048x2048/rot=0/pkg:null touchable=True visible=True
[2026-08-09 09:23:32] FairyGUI: HUD底栏绑定 Weight=idx=4/8/0 path=BottomUI/DChatWindow/__codex_mobile_chattxt name=__codex_mobile_chattxt item=(null) title=(null) url=(null) rect=651.94,736.25,418,81.94 internal gfx=null touchable=False visible=True
[2026-08-09 09:23:32] FairyGUI: HUD底栏绑定 ExpBar=idx=4/16 path=BottomUI/DExpBar name=DExpBar item=DExpBar title=(null) url=ui://jk0io98jv9b11f rect=923.88,825.31,288.56,26.13 exported gfx=null touchable=True visible=True
[2026-08-09 09:23:32] FairyGUI: HUD底栏绑定 Volume=idx=4/33 path=BottomUI/textVolume name=textVolume item=(null) title=(null) url=(null) rect=1295.56,821.75,79.56,32.06 internal gfx=gfx:2048x2048/root=2048x2048/rot=0/pkg:null touchable=True visible=True
[2026-08-09 09:23:34] FairyGUI: HUD底栏绑定 Level=idx=4/14/1 path=BottomUI/DLevel/DLevelText name=DLevelText item=(null) title=(null) url=(null) rect=381.19,827.69,92.63,20.19 internal gfx=gfx:2048x2048/root=2048x2048/rot=0/pkg:null touchable=True visible=True
[2026-08-09 09:23:34] FairyGUI: HUD底栏绑定 Weight=idx=4/8/0 path=BottomUI/DChatWindow/__codex_mobile_chattxt name=__codex_mobile_chattxt item=(null) title=(null) url=(null) rect=651.94,736.25,418,81.94 internal gfx=null touchable=False visible=True
[2026-08-09 09:23:34] FairyGUI: HUD底栏绑定 ExpBar=idx=4/16 path=BottomUI/DExpBar name=DExpBar item=DExpBar title=(null) url=ui://jk0io98jv9b11f rect=923.88,825.31,288.56,26.13 exported gfx=null touchable=True visible=True
[2026-08-09 09:23:34] FairyGUI: HUD底栏绑定 Volume=idx=4/33 path=BottomUI/textVolume name=textVolume item=(null) title=(null) url=(null) rect=1295.56,821.75,79.56,32.06 internal gfx=gfx:2048x2048/root=2048x2048/rot=0/pkg:null touchable=True visible=True
[2026-08-09 09:23:36] FairyGUI: HUD底栏绑定 Level=idx=4/14/1 path=BottomUI/DLevel/DLevelText name=DLevelText item=(null) title=(null) url=(null) rect=381.19,827.69,92.63,20.19 internal gfx=gfx:2048x2048/root=2048x2048/rot=0/pkg:null touchable=True visible=True
[2026-08-09 09:23:36] FairyGUI: HUD底栏绑定 Weight=idx=4/8/0 path=BottomUI/DChatWindow/__codex_mobile_chattxt name=__codex_mobile_chattxt item=(null) title=(null) url=(null) rect=651.94,736.25,418,81.94 internal gfx=null touchable=False visible=True
[2026-08-09 09:23:36] FairyGUI: HUD底栏绑定 ExpBar=idx=4/16 path=BottomUI/DExpBar name=DExpBar item=DExpBar title=(null) url=ui://jk0io98jv9b11f rect=923.88,825.31,288.56,26.13 exported gfx=null touchable=True visible=True
[2026-08-09 09:23:36] FairyGUI: HUD底栏绑定 Volume=idx=4/33 path=BottomUI/textVolume name=textVolume item=(null) title=(null) url=(null) rect=1295.56,821.75,79.56,32.06 internal gfx=gfx:2048x2048/root=2048x2048/rot=0/pkg:null touchable=True visible=True
[2026-08-09 09:23:38] FairyGUI: HUD底栏绑定 Level=idx=4/14/1 path=BottomUI/DLevel/DLevelText name=DLevelText item=(null) title=(null) url=(null) rect=381.19,827.69,92.63,20.19 internal gfx=gfx:2048x2048/root=2048x2048/rot=0/pkg:null touchable=True visible=True
[2026-08-09 09:23:38] FairyGUI: HUD底栏绑定 Weight=idx=4/8/0 path=BottomUI/DChatWindow/__codex_mobile_chattxt name=__codex_mobile_chattxt item=(null) title=(null) url=(null) rect=651.94,736.25,418,81.94 internal gfx=null touchable=False visible=True
[2026-08-09 09:23:38] FairyGUI: HUD底栏绑定 ExpBar=idx=4/16 path=BottomUI/DExpBar name=DExpBar item=DExpBar title=(null) url=ui://jk0io98jv9b11f rect=923.88,825.31,288.56,26.13 exported gfx=null touchable=True visible=True
[2026-08-09 09:23:38] FairyGUI: HUD底栏绑定 Volume=idx=4/33 path=BottomUI/textVolume name=textVolume item=(null) title=(null) url=(null) rect=1295.56,821.75,79.56,32.06 internal gfx=gfx:2048x2048/root=2048x2048/rot=0/pkg:null touchable=True visible=True
[2026-08-09 09:23:40] FairyGUI: HUD底栏绑定 Level=idx=4/14/1 path=BottomUI/DLevel/DLevelText name=DLevelText item=(null) title=(null) url=(null) rect=381.19,827.69,92.63,20.19 internal gfx=gfx:2048x2048/root=2048x2048/rot=0/pkg:null touchable=True visible=True
[2026-08-09 09:23:40] FairyGUI: HUD底栏绑定 Weight=idx=4/8/0 path=BottomUI/DChatWindow/__codex_mobile_chattxt name=__codex_mobile_chattxt item=(null) title=(null) url=(null) rect=651.94,736.25,418,81.94 internal gfx=null touchable=False visible=True
[2026-08-09 09:23:40] FairyGUI: HUD底栏绑定 ExpBar=idx=4/16 path=BottomUI/DExpBar name=DExpBar item=DExpBar title=(null) url=ui://jk0io98jv9b11f rect=923.88,825.31,288.56,26.13 exported gfx=null touchable=True visible=True
[2026-08-09 09:23:40] FairyGUI: HUD底栏绑定 Volume=idx=4/33 path=BottomUI/textVolume name=textVolume item=(null) title=(null) url=(null) rect=1295.56,821.75,79.56,32.06 internal gfx=gfx:2048x2048/root=2048x2048/rot=0/pkg:null touchable=True visible=True
[2026-08-09 09:23:42] FairyGUI: HUD底栏绑定 Level=idx=4/14/1 path=BottomUI/DLevel/DLevelText name=DLevelText item=(null) title=(null) url=(null) rect=381.19,827.69,92.63,20.19 internal gfx=gfx:2048x2048/root=2048x2048/rot=0/pkg:null touchable=True visible=True
[2026-08-09 09:23:42] FairyGUI: HUD底栏绑定 Weight=idx=4/8/0 path=BottomUI/DChatWindow/__codex_mobile_chattxt name=__codex_mobile_chattxt item=(null) title=(null) url=(null) rect=651.94,736.25,418,81.94 internal gfx=null touchable=False visible=True
[2026-08-09 09:23:42] FairyGUI: HUD底栏绑定 ExpBar=idx=4/16 path=BottomUI/DExpBar name=DExpBar item=DExpBar title=(null) url=ui://jk0io98jv9b11f rect=923.88,825.31,288.56,26.13 exported gfx=null touchable=True visible=True
[2026-08-09 09:23:42] FairyGUI: HUD底栏绑定 Volume=idx=4/33 path=BottomUI/textVolume name=textVolume item=(null) title=(null) url=(null) rect=1295.56,821.75,79.56,32.06 internal gfx=gfx:2048x2048/root=2048x2048/rot=0/pkg:null touchable=True visible=True
[2026-08-09 09:23:44] FairyGUI: HUD底栏绑定 Level=idx=4/14/1 path=BottomUI/DLevel/DLevelText name=DLevelText item=(null) title=(null) url=(null) rect=381.19,827.69,92.63,20.19 internal gfx=gfx:2048x2048/root=2048x2048/rot=0/pkg:null touchable=True visible=True
[2026-08-09 09:23:44] FairyGUI: HUD底栏绑定 Weight=idx=4/8/0 path=BottomUI/DChatWindow/__codex_mobile_chattxt name=__codex_mobile_chattxt item=(null) title=(null) url=(null) rect=651.94,736.25,418,81.94 internal gfx=null touchable=False visible=True
[2026-08-09 09:23:44] FairyGUI: HUD底栏绑定 ExpBar=idx=4/16 path=BottomUI/DExpBar name=DExpBar item=DExpBar title=(null) url=ui://jk0io98jv9b11f rect=923.88,825.31,288.56,26.13 exported gfx=null touchable=True visible=True
[2026-08-09 09:23:44] FairyGUI: HUD底栏绑定 Volume=idx=4/33 path=BottomUI/textVolume name=textVolume item=(null) title=(null) url=(null) rect=1295.56,821.75,79.56,32.06 internal gfx=gfx:2048x2048/root=2048x2048/rot=0/pkg:null touchable=True visible=True
[2026-08-09 09:23:46] FairyGUI: HUD底栏绑定 Level=idx=4/14/1 path=BottomUI/DLevel/DLevelText name=DLevelText item=(null) title=(null) url=(null) rect=381.19,827.69,92.63,20.19 internal gfx=gfx:2048x2048/root=2048x2048/rot=0/pkg:null touchable=True visible=True
[2026-08-09 09:23:46] FairyGUI: HUD底栏绑定 Weight=idx=4/8/0 path=BottomUI/DChatWindow/__codex_mobile_chattxt name=__codex_mobile_chattxt item=(null) title=(null) url=(null) rect=651.94,736.25,418,81.94 internal gfx=null touchable=False visible=True
[2026-08-09 09:23:46] FairyGUI: HUD底栏绑定 ExpBar=idx=4/16 path=BottomUI/DExpBar name=DExpBar item=DExpBar title=(null) url=ui://jk0io98jv9b11f rect=923.88,825.31,288.56,26.13 exported gfx=null touchable=True visible=True
[2026-08-09 09:23:46] FairyGUI: HUD底栏绑定 Volume=idx=4/33 path=BottomUI/textVolume name=textVolume item=(null) title=(null) url=(null) rect=1295.56,821.75,79.56,32.06 internal gfx=gfx:2048x2048/root=2048x2048/rot=0/pkg:null touchable=True visible=True
[2026-08-09 09:23:49] FairyGUI: HUD底栏绑定 Level=idx=4/14/1 path=BottomUI/DLevel/DLevelText name=DLevelText item=(null) title=(null) url=(null) rect=381.19,827.69,92.63,20.19 internal gfx=gfx:2048x2048/root=2048x2048/rot=0/pkg:null touchable=True visible=True
[2026-08-09 09:23:49] FairyGUI: HUD底栏绑定 Weight=idx=4/8/0 path=BottomUI/DChatWindow/__codex_mobile_chattxt name=__codex_mobile_chattxt item=(null) title=(null) url=(null) rect=651.94,736.25,418,81.94 internal gfx=null touchable=False visible=True
[2026-08-09 09:23:49] FairyGUI: HUD底栏绑定 ExpBar=idx=4/16 path=BottomUI/DExpBar name=DExpBar item=DExpBar title=(null) url=ui://jk0io98jv9b11f rect=923.88,825.31,288.56,26.13 exported gfx=null touchable=True visible=True
[2026-08-09 09:23:49] FairyGUI: HUD底栏绑定 Volume=idx=4/33 path=BottomUI/textVolume name=textVolume item=(null) title=(null) url=(null) rect=1295.56,821.75,79.56,32.06 internal gfx=gfx:2048x2048/root=2048x2048/rot=0/pkg:null touchable=True visible=True
[2026-08-09 09:23:51] FairyGUI: HUD底栏绑定 Level=idx=4/14/1 path=BottomUI/DLevel/DLevelText name=DLevelText item=(null) title=(null) url=(null) rect=381.19,827.69,92.63,20.19 internal gfx=gfx:2048x2048/root=2048x2048/rot=0/pkg:null touchable=True visible=True
[2026-08-09 09:23:51] FairyGUI: HUD底栏绑定 Weight=idx=4/8/0 path=BottomUI/DChatWindow/__codex_mobile_chattxt name=__codex_mobile_chattxt item=(null) title=(null) url=(null) rect=651.94,736.25,418,81.94 internal gfx=null touchable=False visible=True
[2026-08-09 09:23:51] FairyGUI: HUD底栏绑定 ExpBar=idx=4/16 path=BottomUI/DExpBar name=DExpBar item=DExpBar title=(null) url=ui://jk0io98jv9b11f rect=923.88,825.31,288.56,26.13 exported gfx=null touchable=True visible=True
[2026-08-09 09:23:51] FairyGUI: HUD底栏绑定 Volume=idx=4/33 path=BottomUI/textVolume name=textVolume item=(null) title=(null) url=(null) rect=1295.56,821.75,79.56,32.06 internal gfx=gfx:2048x2048/root=2048x2048/rot=0/pkg:null touchable=True visible=True
[2026-08-09 09:23:53] FairyGUI: HUD底栏绑定 Level=idx=4/14/1 path=BottomUI/DLevel/DLevelText name=DLevelText item=(null) title=(null) url=(null) rect=381.19,827.69,92.63,20.19 internal gfx=gfx:2048x2048/root=2048x2048/rot=0/pkg:null touchable=True visible=True
[2026-08-09 09:23:53] FairyGUI: HUD底栏绑定 Weight=idx=4/8/0 path=BottomUI/DChatWindow/__codex_mobile_chattxt name=__codex_mobile_chattxt item=(null) title=(null) url=(null) rect=651.94,736.25,418,81.94 internal gfx=null touchable=False visible=True
[2026-08-09 09:23:53] FairyGUI: HUD底栏绑定 ExpBar=idx=4/16 path=BottomUI/DExpBar name=DExpBar item=DExpBar title=(null) url=ui://jk0io98jv9b11f rect=923.88,825.31,288.56,26.13 exported gfx=null touchable=True visible=True
[2026-08-09 09:23:53] FairyGUI: HUD底栏绑定 Volume=idx=4/33 path=BottomUI/textVolume name=textVolume item=(null) title=(null) url=(null) rect=1295.56,821.75,79.56,32.06 internal gfx=gfx:2048x2048/root=2048x2048/rot=0/pkg:null touchable=True visible=True
[2026-08-09 09:23:55] FairyGUI: HUD底栏绑定 Level=idx=4/14/1 path=BottomUI/DLevel/DLevelText name=DLevelText item=(null) title=(null) url=(null) rect=381.19,827.69,92.63,20.19 internal gfx=gfx:2048x2048/root=2048x2048/rot=0/pkg:null touchable=True visible=True
[2026-08-09 09:23:55] FairyGUI: HUD底栏绑定 Weight=idx=4/8/0 path=BottomUI/DChatWindow/__codex_mobile_chattxt name=__codex_mobile_chattxt item=(null) title=(null) url=(null) rect=651.94,736.25,418,81.94 internal gfx=null touchable=False visible=True
[2026-08-09 09:23:55] FairyGUI: HUD底栏绑定 ExpBar=idx=4/16 path=BottomUI/DExpBar name=DExpBar item=DExpBar title=(null) url=ui://jk0io98jv9b11f rect=923.88,825.31,288.56,26.13 exported gfx=null touchable=True visible=True
[2026-08-09 09:23:55] FairyGUI: HUD底栏绑定 Volume=idx=4/33 path=BottomUI/textVolume name=textVolume item=(null) title=(null) url=(null) rect=1295.56,821.75,79.56,32.06 internal gfx=gfx:2048x2048/root=2048x2048/rot=0/pkg:null touchable=True visible=True
[2026-08-09 09:23:57] FairyGUI: HUD底栏绑定 Level=idx=4/14/1 path=BottomUI/DLevel/DLevelText name=DLevelText item=(null) title=(null) url=(null) rect=381.19,827.69,92.63,20.19 internal gfx=gfx:2048x2048/root=2048x2048/rot=0/pkg:null touchable=True visible=True
[2026-08-09 09:23:57] FairyGUI: HUD底栏绑定 Weight=idx=4/8/0 path=BottomUI/DChatWindow/__codex_mobile_chattxt name=__codex_mobile_chattxt item=(null) title=(null) url=(null) rect=651.94,736.25,418,81.94 internal gfx=null touchable=False visible=True
[2026-08-09 09:23:57] FairyGUI: HUD底栏绑定 ExpBar=idx=4/16 path=BottomUI/DExpBar name=DExpBar item=DExpBar title=(null) url=ui://jk0io98jv9b11f rect=923.88,825.31,288.56,26.13 exported gfx=null touchable=True visible=True
[2026-08-09 09:23:57] FairyGUI: HUD底栏绑定 Volume=idx=4/33 path=BottomUI/textVolume name=textVolume item=(null) title=(null) url=(null) rect=1295.56,821.75,79.56,32.06 internal gfx=gfx:2048x2048/root=2048x2048/rot=0/pkg:null touchable=True visible=True
[2026-08-09 09:23:59] FairyGUI: HUD底栏绑定 Level=idx=4/14/1 path=BottomUI/DLevel/DLevelText name=DLevelText item=(null) title=(null) url=(null) rect=381.19,827.69,92.63,20.19 internal gfx=gfx:2048x2048/root=2048x2048/rot=0/pkg:null touchable=True visible=True
[2026-08-09 09:23:59] FairyGUI: HUD底栏绑定 Weight=idx=4/8/0 path=BottomUI/DChatWindow/__codex_mobile_chattxt name=__codex_mobile_chattxt item=(null) title=(null) url=(null) rect=651.94,736.25,418,81.94 internal gfx=null touchable=False visible=True
[2026-08-09 09:23:59] FairyGUI: HUD底栏绑定 ExpBar=idx=4/16 path=BottomUI/DExpBar name=DExpBar item=DExpBar title=(null) url=ui://jk0io98jv9b11f rect=923.88,825.31,288.56,26.13 exported gfx=null touchable=True visible=True
[2026-08-09 09:23:59] FairyGUI: HUD底栏绑定 Volume=idx=4/33 path=BottomUI/textVolume name=textVolume item=(null) title=(null) url=(null) rect=1295.56,821.75,79.56,32.06 internal gfx=gfx:2048x2048/root=2048x2048/rot=0/pkg:null touchable=True visible=True
[2026-08-09 09:24:01] FairyGUI: HUD底栏绑定 Level=idx=4/14/1 path=BottomUI/DLevel/DLevelText name=DLevelText item=(null) title=(null) url=(null) rect=381.19,827.69,92.63,20.19 internal gfx=gfx:2048x2048/root=2048x2048/rot=0/pkg:null touchable=True visible=True
[2026-08-09 09:24:01] FairyGUI: HUD底栏绑定 Weight=idx=4/8/0 path=BottomUI/DChatWindow/__codex_mobile_chattxt name=__codex_mobile_chattxt item=(null) title=(null) url=(null) rect=651.94,736.25,418,81.94 internal gfx=null touchable=False visible=True
[2026-08-09 09:24:01] FairyGUI: HUD底栏绑定 ExpBar=idx=4/16 path=BottomUI/DExpBar name=DExpBar item=DExpBar title=(null) url=ui://jk0io98jv9b11f rect=923.88,825.31,288.56,26.13 exported gfx=null touchable=True visible=True
[2026-08-09 09:24:01] FairyGUI: HUD底栏绑定 Volume=idx=4/33 path=BottomUI/textVolume name=textVolume item=(null) title=(null) url=(null) rect=1295.56,821.75,79.56,32.06 internal gfx=gfx:2048x2048/root=2048x2048/rot=0/pkg:null touchable=True visible=True
[2026-08-09 09:24:03] FairyGUI: HUD底栏绑定 Level=idx=4/14/1 path=BottomUI/DLevel/DLevelText name=DLevelText item=(null) title=(null) url=(null) rect=381.19,827.69,92.63,20.19 internal gfx=gfx:2048x2048/root=2048x2048/rot=0/pkg:null touchable=True visible=True
[2026-08-09 09:24:03] FairyGUI: HUD底栏绑定 Weight=idx=4/8/0 path=BottomUI/DChatWindow/__codex_mobile_chattxt name=__codex_mobile_chattxt item=(null) title=(null) url=(null) rect=651.94,736.25,418,81.94 internal gfx=null touchable=False visible=True
[2026-08-09 09:24:03] FairyGUI: HUD底栏绑定 ExpBar=idx=4/16 path=BottomUI/DExpBar name=DExpBar item=DExpBar title=(null) url=ui://jk0io98jv9b11f rect=923.88,825.31,288.56,26.13 exported gfx=null touchable=True visible=True
[2026-08-09 09:24:03] FairyGUI: HUD底栏绑定 Volume=idx=4/33 path=BottomUI/textVolume name=textVolume item=(null) title=(null) url=(null) rect=1295.56,821.75,79.56,32.06 internal gfx=gfx:2048x2048/root=2048x2048/rot=0/pkg:null touchable=True visible=True
[2026-08-09 09:24:05] FairyGUI: HUD底栏绑定 Level=idx=4/14/1 path=BottomUI/DLevel/DLevelText name=DLevelText item=(null) title=(null) url=(null) rect=381.19,827.69,92.63,20.19 internal gfx=gfx:2048x2048/root=2048x2048/rot=0/pkg:null touchable=True visible=True
[2026-08-09 09:24:05] FairyGUI: HUD底栏绑定 Weight=idx=4/8/0 path=BottomUI/DChatWindow/__codex_mobile_chattxt name=__codex_mobile_chattxt item=(null) title=(null) url=(null) rect=651.94,736.25,418,81.94 internal gfx=null touchable=False visible=True
[2026-08-09 09:24:05] FairyGUI: HUD底栏绑定 ExpBar=idx=4/16 path=BottomUI/DExpBar name=DExpBar item=DExpBar title=(null) url=ui://jk0io98jv9b11f rect=923.88,825.31,288.56,26.13 exported gfx=null touchable=True visible=True
[2026-08-09 09:24:05] FairyGUI: HUD底栏绑定 Volume=idx=4/33 path=BottomUI/textVolume name=textVolume item=(null) title=(null) url=(null) rect=1295.56,821.75,79.56,32.06 internal gfx=gfx:2048x2048/root=2048x2048/rot=0/pkg:null touchable=True visible=True
[2026-08-09 09:24:07] FairyGUI: HUD底栏绑定 Level=idx=4/14/1 path=BottomUI/DLevel/DLevelText name=DLevelText item=(null) title=(null) url=(null) rect=381.19,827.69,92.63,20.19 internal gfx=gfx:2048x2048/root=2048x2048/rot=0/pkg:null touchable=True visible=True
[2026-08-09 09:24:07] FairyGUI: HUD底栏绑定 Weight=idx=4/8/0 path=BottomUI/DChatWindow/__codex_mobile_chattxt name=__codex_mobile_chattxt item=(null) title=(null) url=(null) rect=651.94,736.25,418,81.94 internal gfx=null touchable=False visible=True
[2026-08-09 09:24:07] FairyGUI: HUD底栏绑定 ExpBar=idx=4/16 path=BottomUI/DExpBar name=DExpBar item=DExpBar title=(null) url=ui://jk0io98jv9b11f rect=923.88,825.31,288.56,26.13 exported gfx=null touchable=True visible=True
[2026-08-09 09:24:07] FairyGUI: HUD底栏绑定 Volume=idx=4/33 path=BottomUI/textVolume name=textVolume item=(null) title=(null) url=(null) rect=1295.56,821.75,79.56,32.06 internal gfx=gfx:2048x2048/root=2048x2048/rot=0/pkg:null touchable=True visible=True
[2026-08-09 09:24:09] FairyGUI: HUD底栏绑定 Level=idx=4/14/1 path=BottomUI/DLevel/DLevelText name=DLevelText item=(null) title=(null) url=(null) rect=381.19,827.69,92.63,20.19 internal gfx=gfx:2048x2048/root=2048x2048/rot=0/pkg:null touchable=True visible=True
[2026-08-09 09:24:09] FairyGUI: HUD底栏绑定 Weight=idx=4/8/0 path=BottomUI/DChatWindow/__codex_mobile_chattxt name=__codex_mobile_chattxt item=(null) title=(null) url=(null) rect=651.94,736.25,418,81.94 internal gfx=null touchable=False visible=True
[2026-08-09 09:24:09] FairyGUI: HUD底栏绑定 ExpBar=idx=4/16 path=BottomUI/DExpBar name=DExpBar item=DExpBar title=(null) url=ui://jk0io98jv9b11f rect=923.88,825.31,288.56,26.13 exported gfx=null touchable=True visible=True
[2026-08-09 09:24:09] FairyGUI: HUD底栏绑定 Volume=idx=4/33 path=BottomUI/textVolume name=textVolume item=(null) title=(null) url=(null) rect=1295.56,821.75,79.56,32.06 internal gfx=gfx:2048x2048/root=2048x2048/rot=0/pkg:null touchable=True visible=True
[2026-08-09 09:24:11] FairyGUI: HUD底栏绑定 Level=idx=4/14/1 path=BottomUI/DLevel/DLevelText name=DLevelText item=(null) title=(null) url=(null) rect=381.19,827.69,92.63,20.19 internal gfx=gfx:2048x2048/root=2048x2048/rot=0/pkg:null touchable=True visible=True
[2026-08-09 09:24:11] FairyGUI: HUD底栏绑定 Weight=idx=4/8/0 path=BottomUI/DChatWindow/__codex_mobile_chattxt name=__codex_mobile_chattxt item=(null) title=(null) url=(null) rect=651.94,736.25,418,81.94 internal gfx=null touchable=False visible=True
[2026-08-09 09:24:11] FairyGUI: HUD底栏绑定 ExpBar=idx=4/16 path=BottomUI/DExpBar name=DExpBar item=DExpBar title=(null) url=ui://jk0io98jv9b11f rect=923.88,825.31,288.56,26.13 exported gfx=null touchable=True visible=True
[2026-08-09 09:24:11] FairyGUI: HUD底栏绑定 Volume=idx=4/33 path=BottomUI/textVolume name=textVolume item=(null) title=(null) url=(null) rect=1295.56,821.75,79.56,32.06 internal gfx=gfx:2048x2048/root=2048x2048/rot=0/pkg:null touchable=True visible=True
[2026-08-09 09:24:13] FairyGUI: HUD底栏绑定 Level=idx=4/14/1 path=BottomUI/DLevel/DLevelText name=DLevelText item=(null) title=(null) url=(null) rect=381.19,827.69,92.63,20.19 internal gfx=gfx:2048x2048/root=2048x2048/rot=0/pkg:null touchable=True visible=True
[2026-08-09 09:24:13] FairyGUI: HUD底栏绑定 Weight=idx=4/8/0 path=BottomUI/DChatWindow/__codex_mobile_chattxt name=__codex_mobile_chattxt item=(null) title=(null) url=(null) rect=651.94,736.25,418,81.94 internal gfx=null touchable=False visible=True
[2026-08-09 09:24:13] FairyGUI: HUD底栏绑定 ExpBar=idx=4/16 path=BottomUI/DExpBar name=DExpBar item=DExpBar title=(null) url=ui://jk0io98jv9b11f rect=923.88,825.31,288.56,26.13 exported gfx=null touchable=True visible=True
[2026-08-09 09:24:13] FairyGUI: HUD底栏绑定 Volume=idx=4/33 path=BottomUI/textVolume name=textVolume item=(null) title=(null) url=(null) rect=1295.56,821.75,79.56,32.06 internal gfx=gfx:2048x2048/root=2048x2048/rot=0/pkg:null touchable=True visible=True
[2026-08-09 09:24:15] FairyGUI: HUD底栏绑定 Level=idx=4/14/1 path=BottomUI/DLevel/DLevelText name=DLevelText item=(null) title=(null) url=(null) rect=381.19,827.69,92.63,20.19 internal gfx=gfx:2048x2048/root=2048x2048/rot=0/pkg:null touchable=True visible=True
[2026-08-09 09:24:15] FairyGUI: HUD底栏绑定 Weight=idx=4/8/0 path=BottomUI/DChatWindow/__codex_mobile_chattxt name=__codex_mobile_chattxt item=(null) title=(null) url=(null) rect=651.94,736.25,418,81.94 internal gfx=null touchable=False visible=True
[2026-08-09 09:24:15] FairyGUI: HUD底栏绑定 ExpBar=idx=4/16 path=BottomUI/DExpBar name=DExpBar item=DExpBar title=(null) url=ui://jk0io98jv9b11f rect=923.88,825.31,288.56,26.13 exported gfx=null touchable=True visible=True
[2026-08-09 09:24:15] FairyGUI: HUD底栏绑定 Volume=idx=4/33 path=BottomUI/textVolume name=textVolume item=(null) title=(null) url=(null) rect=1295.56,821.75,79.56,32.06 internal gfx=gfx:2048x2048/root=2048x2048/rot=0/pkg:null touchable=True visible=True
[2026-08-09 09:24:17] FairyGUI: HUD底栏绑定 Level=idx=4/14/1 path=BottomUI/DLevel/DLevelText name=DLevelText item=(null) title=(null) url=(null) rect=381.19,827.69,92.63,20.19 internal gfx=gfx:2048x2048/root=2048x2048/rot=0/pkg:null touchable=True visible=True
[2026-08-09 09:24:17] FairyGUI: HUD底栏绑定 Weight=idx=4/8/0 path=BottomUI/DChatWindow/__codex_mobile_chattxt name=__codex_mobile_chattxt item=(null) title=(null) url=(null) rect=651.94,736.25,418,81.94 internal gfx=null touchable=False visible=True
[2026-08-09 09:24:17] FairyGUI: HUD底栏绑定 ExpBar=idx=4/16 path=BottomUI/DExpBar name=DExpBar item=DExpBar title=(null) url=ui://jk0io98jv9b11f rect=923.88,825.31,288.56,26.13 exported gfx=null touchable=True visible=True
[2026-08-09 09:24:17] FairyGUI: HUD底栏绑定 Volume=idx=4/33 path=BottomUI/textVolume name=textVolume item=(null) title=(null) url=(null) rect=1295.56,821.75,79.56,32.06 internal gfx=gfx:2048x2048/root=2048x2048/rot=0/pkg:null touchable=True visible=True
[2026-08-09 09:24:19] FairyGUI: HUD底栏绑定 Level=idx=4/14/1 path=BottomUI/DLevel/DLevelText name=DLevelText item=(null) title=(null) url=(null) rect=381.19,827.69,92.63,20.19 internal gfx=gfx:2048x2048/root=2048x2048/rot=0/pkg:null touchable=True visible=True
[2026-08-09 09:24:19] FairyGUI: HUD底栏绑定 Weight=idx=4/8/0 path=BottomUI/DChatWindow/__codex_mobile_chattxt name=__codex_mobile_chattxt item=(null) title=(null) url=(null) rect=651.94,736.25,418,81.94 internal gfx=null touchable=False visible=True
[2026-08-09 09:24:19] FairyGUI: HUD底栏绑定 ExpBar=idx=4/16 path=BottomUI/DExpBar name=DExpBar item=DExpBar title=(null) url=ui://jk0io98jv9b11f rect=923.88,825.31,288.56,26.13 exported gfx=null touchable=True visible=True
[2026-08-09 09:24:19] FairyGUI: HUD底栏绑定 Volume=idx=4/33 path=BottomUI/textVolume name=textVolume item=(null) title=(null) url=(null) rect=1295.56,821.75,79.56,32.06 internal gfx=gfx:2048x2048/root=2048x2048/rot=0/pkg:null touchable=True visible=True
[2026-08-09 09:24:21] FairyGUI: HUD底栏绑定 Level=idx=4/14/1 path=BottomUI/DLevel/DLevelText name=DLevelText item=(null) title=(null) url=(null) rect=381.19,827.69,92.63,20.19 internal gfx=gfx:2048x2048/root=2048x2048/rot=0/pkg:null touchable=True visible=True
[2026-08-09 09:24:21] FairyGUI: HUD底栏绑定 Weight=idx=4/8/0 path=BottomUI/DChatWindow/__codex_mobile_chattxt name=__codex_mobile_chattxt item=(null) title=(null) url=(null) rect=651.94,736.25,418,81.94 internal gfx=null touchable=False visible=True
[2026-08-09 09:24:21] FairyGUI: HUD底栏绑定 ExpBar=idx=4/16 path=BottomUI/DExpBar name=DExpBar item=DExpBar title=(null) url=ui://jk0io98jv9b11f rect=923.88,825.31,288.56,26.13 exported gfx=null touchable=True visible=True
[2026-08-09 09:24:21] FairyGUI: HUD底栏绑定 Volume=idx=4/33 path=BottomUI/textVolume name=textVolume item=(null) title=(null) url=(null) rect=1295.56,821.75,79.56,32.06 internal gfx=gfx:2048x2048/root=2048x2048/rot=0/pkg:null touchable=True visible=True
[2026-08-09 09:24:23] FairyGUI: HUD底栏绑定 Level=idx=4/14/1 path=BottomUI/DLevel/DLevelText name=DLevelText item=(null) title=(null) url=(null) rect=381.19,827.69,92.63,20.19 internal gfx=gfx:2048x2048/root=2048x2048/rot=0/pkg:null touchable=True visible=True
[2026-08-09 09:24:23] FairyGUI: HUD底栏绑定 Weight=idx=4/8/0 path=BottomUI/DChatWindow/__codex_mobile_chattxt name=__codex_mobile_chattxt item=(null) title=(null) url=(null) rect=651.94,736.25,418,81.94 internal gfx=null touchable=False visible=True
[2026-08-09 09:24:23] FairyGUI: HUD底栏绑定 ExpBar=idx=4/16 path=BottomUI/DExpBar name=DExpBar item=DExpBar title=(null) url=ui://jk0io98jv9b11f rect=923.88,825.31,288.56,26.13 exported gfx=null touchable=True visible=True
[2026-08-09 09:24:23] FairyGUI: HUD底栏绑定 Volume=idx=4/33 path=BottomUI/textVolume name=textVolume item=(null) title=(null) url=(null) rect=1295.56,821.75,79.56,32.06 internal gfx=gfx:2048x2048/root=2048x2048/rot=0/pkg:null touchable=True visible=True
[2026-08-09 09:24:25] FairyGUI: HUD底栏绑定 Level=idx=4/14/1 path=BottomUI/DLevel/DLevelText name=DLevelText item=(null) title=(null) url=(null) rect=381.19,827.69,92.63,20.19 internal gfx=gfx:2048x2048/root=2048x2048/rot=0/pkg:null touchable=True visible=True
[2026-08-09 09:24:25] FairyGUI: HUD底栏绑定 Weight=idx=4/8/0 path=BottomUI/DChatWindow/__codex_mobile_chattxt name=__codex_mobile_chattxt item=(null) title=(null) url=(null) rect=651.94,736.25,418,81.94 internal gfx=null touchable=False visible=True
[2026-08-09 09:24:25] FairyGUI: HUD底栏绑定 ExpBar=idx=4/16 path=BottomUI/DExpBar name=DExpBar item=DExpBar title=(null) url=ui://jk0io98jv9b11f rect=923.88,825.31,288.56,26.13 exported gfx=null touchable=True visible=True
[2026-08-09 09:24:25] FairyGUI: HUD底栏绑定 Volume=idx=4/33 path=BottomUI/textVolume name=textVolume item=(null) title=(null) url=(null) rect=1295.56,821.75,79.56,32.06 internal gfx=gfx:2048x2048/root=2048x2048/rot=0/pkg:null touchable=True visible=True
[2026-08-09 09:24:27] FairyGUI: HUD底栏绑定 Level=idx=4/14/1 path=BottomUI/DLevel/DLevelText name=DLevelText item=(null) title=(null) url=(null) rect=381.19,827.69,92.63,20.19 internal gfx=gfx:2048x2048/root=2048x2048/rot=0/pkg:null touchable=True visible=True
[2026-08-09 09:24:27] FairyGUI: HUD底栏绑定 Weight=idx=4/8/0 path=BottomUI/DChatWindow/__codex_mobile_chattxt name=__codex_mobile_chattxt item=(null) title=(null) url=(null) rect=651.94,736.25,418,81.94 internal gfx=null touchable=False visible=True
[2026-08-09 09:24:27] FairyGUI: HUD底栏绑定 ExpBar=idx=4/16 path=BottomUI/DExpBar name=DExpBar item=DExpBar title=(null) url=ui://jk0io98jv9b11f rect=923.88,825.31,288.56,26.13 exported gfx=null touchable=True visible=True
[2026-08-09 09:24:27] FairyGUI: HUD底栏绑定 Volume=idx=4/33 path=BottomUI/textVolume name=textVolume item=(null) title=(null) url=(null) rect=1295.56,821.75,79.56,32.06 internal gfx=gfx:2048x2048/root=2048x2048/rot=0/pkg:null touchable=True visible=True
[2026-08-09 09:24:29] FairyGUI: HUD底栏绑定 Level=idx=4/14/1 path=BottomUI/DLevel/DLevelText name=DLevelText item=(null) title=(null) url=(null) rect=381.19,827.69,92.63,20.19 internal gfx=gfx:2048x2048/root=2048x2048/rot=0/pkg:null touchable=True visible=True
[2026-08-09 09:24:29] FairyGUI: HUD底栏绑定 Weight=idx=4/8/0 path=BottomUI/DChatWindow/__codex_mobile_chattxt name=__codex_mobile_chattxt item=(null) title=(null) url=(null) rect=651.94,736.25,418,81.94 internal gfx=null touchable=False visible=True
[2026-08-09 09:24:29] FairyGUI: HUD底栏绑定 ExpBar=idx=4/16 path=BottomUI/DExpBar name=DExpBar item=DExpBar title=(null) url=ui://jk0io98jv9b11f rect=923.88,825.31,288.56,26.13 exported gfx=null touchable=True visible=True
[2026-08-09 09:24:29] FairyGUI: HUD底栏绑定 Volume=idx=4/33 path=BottomUI/textVolume name=textVolume item=(null) title=(null) url=(null) rect=1295.56,821.75,79.56,32.06 internal gfx=gfx:2048x2048/root=2048x2048/rot=0/pkg:null touchable=True visible=True
[2026-08-09 09:24:31] FairyGUI: HUD底栏绑定 Level=idx=4/14/1 path=BottomUI/DLevel/DLevelText name=DLevelText item=(null) title=(null) url=(null) rect=381.19,827.69,92.63,20.19 internal gfx=gfx:2048x2048/root=2048x2048/rot=0/pkg:null touchable=True visible=True
[2026-08-09 09:24:31] FairyGUI: HUD底栏绑定 Weight=idx=4/8/0 path=BottomUI/DChatWindow/__codex_mobile_chattxt name=__codex_mobile_chattxt item=(null) title=(null) url=(null) rect=651.94,736.25,418,81.94 internal gfx=null touchable=False visible=True
[2026-08-09 09:24:31] FairyGUI: HUD底栏绑定 ExpBar=idx=4/16 path=BottomUI/DExpBar name=DExpBar item=DExpBar title=(null) url=ui://jk0io98jv9b11f rect=923.88,825.31,288.56,26.13 exported gfx=null touchable=True visible=True
[2026-08-09 09:24:31] FairyGUI: HUD底栏绑定 Volume=idx=4/33 path=BottomUI/textVolume name=textVolume item=(null) title=(null) url=(null) rect=1295.56,821.75,79.56,32.06 internal gfx=gfx:2048x2048/root=2048x2048/rot=0/pkg:null touchable=True visible=True
[2026-08-09 09:24:33] FairyGUI: HUD底栏绑定 Level=idx=4/14/1 path=BottomUI/DLevel/DLevelText name=DLevelText item=(null) title=(null) url=(null) rect=381.19,827.69,92.63,20.19 internal gfx=gfx:2048x2048/root=2048x2048/rot=0/pkg:null touchable=True visible=True
[2026-08-09 09:24:33] FairyGUI: HUD底栏绑定 Weight=idx=4/8/0 path=BottomUI/DChatWindow/__codex_mobile_chattxt name=__codex_mobile_chattxt item=(null) title=(null) url=(null) rect=651.94,736.25,418,81.94 internal gfx=null touchable=False visible=True
[2026-08-09 09:24:33] FairyGUI: HUD底栏绑定 ExpBar=idx=4/16 path=BottomUI/DExpBar name=DExpBar item=DExpBar title=(null) url=ui://jk0io98jv9b11f rect=923.88,825.31,288.56,26.13 exported gfx=null touchable=True visible=True
[2026-08-09 09:24:33] FairyGUI: HUD底栏绑定 Volume=idx=4/33 path=BottomUI/textVolume name=textVolume item=(null) title=(null) url=(null) rect=1295.56,821.75,79.56,32.06 internal gfx=gfx:2048x2048/root=2048x2048/rot=0/pkg:null touchable=True visible=True
[2026-08-09 09:24:35] FairyGUI: HUD底栏绑定 Level=idx=4/14/1 path=BottomUI/DLevel/DLevelText name=DLevelText item=(null) title=(null) url=(null) rect=381.19,827.69,92.63,20.19 internal gfx=gfx:2048x2048/root=2048x2048/rot=0/pkg:null touchable=True visible=True
[2026-08-09 09:24:35] FairyGUI: HUD底栏绑定 Weight=idx=4/8/0 path=BottomUI/DChatWindow/__codex_mobile_chattxt name=__codex_mobile_chattxt item=(null) title=(null) url=(null) rect=651.94,736.25,418,81.94 internal gfx=null touchable=False visible=True
[2026-08-09 09:24:35] FairyGUI: HUD底栏绑定 ExpBar=idx=4/16 path=BottomUI/DExpBar name=DExpBar item=DExpBar title=(null) url=ui://jk0io98jv9b11f rect=923.88,825.31,288.56,26.13 exported gfx=null touchable=True visible=True
[2026-08-09 09:24:35] FairyGUI: HUD底栏绑定 Volume=idx=4/33 path=BottomUI/textVolume name=textVolume item=(null) title=(null) url=(null) rect=1295.56,821.75,79.56,32.06 internal gfx=gfx:2048x2048/root=2048x2048/rot=0/pkg:null touchable=True visible=True
[2026-08-09 09:24:38] FairyGUI: HUD底栏绑定 Level=idx=4/14/1 path=BottomUI/DLevel/DLevelText name=DLevelText item=(null) title=(null) url=(null) rect=381.19,827.69,92.63,20.19 internal gfx=gfx:2048x2048/root=2048x2048/rot=0/pkg:null touchable=True visible=True
[2026-08-09 09:24:38] FairyGUI: HUD底栏绑定 Weight=idx=4/8/0 path=BottomUI/DChatWindow/__codex_mobile_chattxt name=__codex_mobile_chattxt item=(null) title=(null) url=(null) rect=651.94,736.25,418,81.94 internal gfx=null touchable=False visible=True
[2026-08-09 09:24:38] FairyGUI: HUD底栏绑定 ExpBar=idx=4/16 path=BottomUI/DExpBar name=DExpBar item=DExpBar title=(null) url=ui://jk0io98jv9b11f rect=923.88,825.31,288.56,26.13 exported gfx=null touchable=True visible=True
[2026-08-09 09:24:38] FairyGUI: HUD底栏绑定 Volume=idx=4/33 path=BottomUI/textVolume name=textVolume item=(null) title=(null) url=(null) rect=1295.56,821.75,79.56,32.06 internal gfx=gfx:2048x2048/root=2048x2048/rot=0/pkg:null touchable=True visible=True
[2026-08-09 09:24:40] FairyGUI: HUD底栏绑定 Level=idx=4/14/1 path=BottomUI/DLevel/DLevelText name=DLevelText item=(null) title=(null) url=(null) rect=381.19,827.69,92.63,20.19 internal gfx=gfx:2048x2048/root=2048x2048/rot=0/pkg:null touchable=True visible=True
[2026-08-09 09:24:40] FairyGUI: HUD底栏绑定 Weight=idx=4/8/0 path=BottomUI/DChatWindow/__codex_mobile_chattxt name=__codex_mobile_chattxt item=(null) title=(null) url=(null) rect=651.94,736.25,418,81.94 internal gfx=null touchable=False visible=True
[2026-08-09 09:24:40] FairyGUI: HUD底栏绑定 ExpBar=idx=4/16 path=BottomUI/DExpBar name=DExpBar item=DExpBar title=(null) url=ui://jk0io98jv9b11f rect=923.88,825.31,288.56,26.13 exported gfx=null touchable=True visible=True
[2026-08-09 09:24:40] FairyGUI: HUD底栏绑定 Volume=idx=4/33 path=BottomUI/textVolume name=textVolume item=(null) title=(null) url=(null) rect=1295.56,821.75,79.56,32.06 internal gfx=gfx:2048x2048/root=2048x2048/rot=0/pkg:null touchable=True visible=True
[2026-08-09 09:24:42] FairyGUI: HUD底栏绑定 Level=idx=4/14/1 path=BottomUI/DLevel/DLevelText name=DLevelText item=(null) title=(null) url=(null) rect=381.19,827.69,92.63,20.19 internal gfx=gfx:2048x2048/root=2048x2048/rot=0/pkg:null touchable=True visible=True
[2026-08-09 09:24:42] FairyGUI: HUD底栏绑定 Weight=idx=4/8/0 path=BottomUI/DChatWindow/__codex_mobile_chattxt name=__codex_mobile_chattxt item=(null) title=(null) url=(null) rect=651.94,736.25,418,81.94 internal gfx=null touchable=False visible=True
[2026-08-09 09:24:42] FairyGUI: HUD底栏绑定 ExpBar=idx=4/16 path=BottomUI/DExpBar name=DExpBar item=DExpBar title=(null) url=ui://jk0io98jv9b11f rect=923.88,825.31,288.56,26.13 exported gfx=null touchable=True visible=True
[2026-08-09 09:24:42] FairyGUI: HUD底栏绑定 Volume=idx=4/33 path=BottomUI/textVolume name=textVolume item=(null) title=(null) url=(null) rect=1295.56,821.75,79.56,32.06 internal gfx=gfx:2048x2048/root=2048x2048/rot=0/pkg:null touchable=True visible=True
[2026-08-09 09:24:44] FairyGUI: HUD底栏绑定 Level=idx=4/14/1 path=BottomUI/DLevel/DLevelText name=DLevelText item=(null) title=(null) url=(null) rect=381.19,827.69,92.63,20.19 internal gfx=gfx:2048x2048/root=2048x2048/rot=0/pkg:null touchable=True visible=True
[2026-08-09 09:24:44] FairyGUI: HUD底栏绑定 Weight=idx=4/8/0 path=BottomUI/DChatWindow/__codex_mobile_chattxt name=__codex_mobile_chattxt item=(null) title=(null) url=(null) rect=651.94,736.25,418,81.94 internal gfx=null touchable=False visible=True
[2026-08-09 09:24:44] FairyGUI: HUD底栏绑定 ExpBar=idx=4/16 path=BottomUI/DExpBar name=DExpBar item=DExpBar title=(null) url=ui://jk0io98jv9b11f rect=923.88,825.31,288.56,26.13 exported gfx=null touchable=True visible=True
[2026-08-09 09:24:44] FairyGUI: HUD底栏绑定 Volume=idx=4/33 path=BottomUI/textVolume name=textVolume item=(null) title=(null) url=(null) rect=1295.56,821.75,79.56,32.06 internal gfx=gfx:2048x2048/root=2048x2048/rot=0/pkg:null touchable=True visible=True
[2026-08-09 09:24:46] FairyGUI: HUD底栏绑定 Level=idx=4/14/1 path=BottomUI/DLevel/DLevelText name=DLevelText item=(null) title=(null) url=(null) rect=381.19,827.69,92.63,20.19 internal gfx=gfx:2048x2048/root=2048x2048/rot=0/pkg:null touchable=True visible=True
[2026-08-09 09:24:46] FairyGUI: HUD底栏绑定 Weight=idx=4/8/0 path=BottomUI/DChatWindow/__codex_mobile_chattxt name=__codex_mobile_chattxt item=(null) title=(null) url=(null) rect=651.94,736.25,418,81.94 internal gfx=null touchable=False visible=True
[2026-08-09 09:24:46] FairyGUI: HUD底栏绑定 ExpBar=idx=4/16 path=BottomUI/DExpBar name=DExpBar item=DExpBar title=(null) url=ui://jk0io98jv9b11f rect=923.88,825.31,288.56,26.13 exported gfx=null touchable=True visible=True
[2026-08-09 09:24:46] FairyGUI: HUD底栏绑定 Volume=idx=4/33 path=BottomUI/textVolume name=textVolume item=(null) title=(null) url=(null) rect=1295.56,821.75,79.56,32.06 internal gfx=gfx:2048x2048/root=2048x2048/rot=0/pkg:null touchable=True visible=True
[2026-08-09 09:24:48] FairyGUI: HUD底栏绑定 Level=idx=4/14/1 path=BottomUI/DLevel/DLevelText name=DLevelText item=(null) title=(null) url=(null) rect=381.19,827.69,92.63,20.19 internal gfx=gfx:2048x2048/root=2048x2048/rot=0/pkg:null touchable=True visible=True
[2026-08-09 09:24:48] FairyGUI: HUD底栏绑定 Weight=idx=4/8/0 path=BottomUI/DChatWindow/__codex_mobile_chattxt name=__codex_mobile_chattxt item=(null) title=(null) url=(null) rect=651.94,736.25,418,81.94 internal gfx=null touchable=False visible=True
[2026-08-09 09:24:48] FairyGUI: HUD底栏绑定 ExpBar=idx=4/16 path=BottomUI/DExpBar name=DExpBar item=DExpBar title=(null) url=ui://jk0io98jv9b11f rect=923.88,825.31,288.56,26.13 exported gfx=null touchable=True visible=True
[2026-08-09 09:24:48] FairyGUI: HUD底栏绑定 Volume=idx=4/33 path=BottomUI/textVolume name=textVolume item=(null) title=(null) url=(null) rect=1295.56,821.75,79.56,32.06 internal gfx=gfx:2048x2048/root=2048x2048/rot=0/pkg:null touchable=True visible=True
[2026-08-09 09:24:50] FairyGUI: HUD底栏绑定 Level=idx=4/14/1 path=BottomUI/DLevel/DLevelText name=DLevelText item=(null) title=(null) url=(null) rect=381.19,827.69,92.63,20.19 internal gfx=gfx:2048x2048/root=2048x2048/rot=0/pkg:null touchable=True visible=True
[2026-08-09 09:24:50] FairyGUI: HUD底栏绑定 Weight=idx=4/8/0 path=BottomUI/DChatWindow/__codex_mobile_chattxt name=__codex_mobile_chattxt item=(null) title=(null) url=(null) rect=651.94,736.25,418,81.94 internal gfx=null touchable=False visible=True
[2026-08-09 09:24:50] FairyGUI: HUD底栏绑定 ExpBar=idx=4/16 path=BottomUI/DExpBar name=DExpBar item=DExpBar title=(null) url=ui://jk0io98jv9b11f rect=923.88,825.31,288.56,26.13 exported gfx=null touchable=True visible=True
[2026-08-09 09:24:50] FairyGUI: HUD底栏绑定 Volume=idx=4/33 path=BottomUI/textVolume name=textVolume item=(null) title=(null) url=(null) rect=1295.56,821.75,79.56,32.06 internal gfx=gfx:2048x2048/root=2048x2048/rot=0/pkg:null touchable=True visible=True
[2026-08-09 09:24:52] FairyGUI: HUD底栏绑定 Level=idx=4/14/1 path=BottomUI/DLevel/DLevelText name=DLevelText item=(null) title=(null) url=(null) rect=381.19,827.69,92.63,20.19 internal gfx=gfx:2048x2048/root=2048x2048/rot=0/pkg:null touchable=True visible=True
[2026-08-09 09:24:52] FairyGUI: HUD底栏绑定 Weight=idx=4/8/0 path=BottomUI/DChatWindow/__codex_mobile_chattxt name=__codex_mobile_chattxt item=(null) title=(null) url=(null) rect=651.94,736.25,418,81.94 internal gfx=null touchable=False visible=True
[2026-08-09 09:24:52] FairyGUI: HUD底栏绑定 ExpBar=idx=4/16 path=BottomUI/DExpBar name=DExpBar item=DExpBar title=(null) url=ui://jk0io98jv9b11f rect=923.88,825.31,288.56,26.13 exported gfx=null touchable=True visible=True
[2026-08-09 09:24:52] FairyGUI: HUD底栏绑定 Volume=idx=4/33 path=BottomUI/textVolume name=textVolume item=(null) title=(null) url=(null) rect=1295.56,821.75,79.56,32.06 internal gfx=gfx:2048x2048/root=2048x2048/rot=0/pkg:null touchable=True visible=True
[2026-08-09 09:24:54] FairyGUI: HUD底栏绑定 Level=idx=4/14/1 path=BottomUI/DLevel/DLevelText name=DLevelText item=(null) title=(null) url=(null) rect=381.19,827.69,92.63,20.19 internal gfx=gfx:2048x2048/root=2048x2048/rot=0/pkg:null touchable=True visible=True
[2026-08-09 09:24:54] FairyGUI: HUD底栏绑定 Weight=idx=4/8/0 path=BottomUI/DChatWindow/__codex_mobile_chattxt name=__codex_mobile_chattxt item=(null) title=(null) url=(null) rect=651.94,736.25,418,81.94 internal gfx=null touchable=False visible=True
[2026-08-09 09:24:54] FairyGUI: HUD底栏绑定 ExpBar=idx=4/16 path=BottomUI/DExpBar name=DExpBar item=DExpBar title=(null) url=ui://jk0io98jv9b11f rect=923.88,825.31,288.56,26.13 exported gfx=null touchable=True visible=True
[2026-08-09 09:24:54] FairyGUI: HUD底栏绑定 Volume=idx=4/33 path=BottomUI/textVolume name=textVolume item=(null) title=(null) url=(null) rect=1295.56,821.75,79.56,32.06 internal gfx=gfx:2048x2048/root=2048x2048/rot=0/pkg:null touchable=True visible=True
[2026-08-09 09:24:56] FairyGUI: HUD底栏绑定 Level=idx=4/14/1 path=BottomUI/DLevel/DLevelText name=DLevelText item=(null) title=(null) url=(null) rect=381.19,827.69,92.63,20.19 internal gfx=gfx:2048x2048/root=2048x2048/rot=0/pkg:null touchable=True visible=True
[2026-08-09 09:24:56] FairyGUI: HUD底栏绑定 Weight=idx=4/8/0 path=BottomUI/DChatWindow/__codex_mobile_chattxt name=__codex_mobile_chattxt item=(null) title=(null) url=(null) rect=651.94,736.25,418,81.94 internal gfx=null touchable=False visible=True
[2026-08-09 09:24:56] FairyGUI: HUD底栏绑定 ExpBar=idx=4/16 path=BottomUI/DExpBar name=DExpBar item=DExpBar title=(null) url=ui://jk0io98jv9b11f rect=923.88,825.31,288.56,26.13 exported gfx=null touchable=True visible=True
[2026-08-09 09:24:56] FairyGUI: HUD底栏绑定 Volume=idx=4/33 path=BottomUI/textVolume name=textVolume item=(null) title=(null) url=(null) rect=1295.56,821.75,79.56,32.06 internal gfx=gfx:2048x2048/root=2048x2048/rot=0/pkg:null touchable=True visible=True
[2026-08-09 09:24:58] FairyGUI: HUD底栏绑定 Level=idx=4/14/1 path=BottomUI/DLevel/DLevelText name=DLevelText item=(null) title=(null) url=(null) rect=381.19,827.69,92.63,20.19 internal gfx=gfx:2048x2048/root=2048x2048/rot=0/pkg:null touchable=True visible=True
[2026-08-09 09:24:58] FairyGUI: HUD底栏绑定 Weight=idx=4/8/0 path=BottomUI/DChatWindow/__codex_mobile_chattxt name=__codex_mobile_chattxt item=(null) title=(null) url=(null) rect=651.94,736.25,418,81.94 internal gfx=null touchable=False visible=True
[2026-08-09 09:24:58] FairyGUI: HUD底栏绑定 ExpBar=idx=4/16 path=BottomUI/DExpBar name=DExpBar item=DExpBar title=(null) url=ui://jk0io98jv9b11f rect=923.88,825.31,288.56,26.13 exported gfx=null touchable=True visible=True
[2026-08-09 09:24:58] FairyGUI: HUD底栏绑定 Volume=idx=4/33 path=BottomUI/textVolume name=textVolume item=(null) title=(null) url=(null) rect=1295.56,821.75,79.56,32.06 internal gfx=gfx:2048x2048/root=2048x2048/rot=0/pkg:null touchable=True visible=True
[2026-08-09 09:25:00] FairyGUI: HUD底栏绑定 Level=idx=4/14/1 path=BottomUI/DLevel/DLevelText name=DLevelText item=(null) title=(null) url=(null) rect=381.19,827.69,92.63,20.19 internal gfx=gfx:2048x2048/root=2048x2048/rot=0/pkg:null touchable=True visible=True
[2026-08-09 09:25:00] FairyGUI: HUD底栏绑定 Weight=idx=4/8/0 path=BottomUI/DChatWindow/__codex_mobile_chattxt name=__codex_mobile_chattxt item=(null) title=(null) url=(null) rect=651.94,736.25,418,81.94 internal gfx=null touchable=False visible=True
[2026-08-09 09:25:00] FairyGUI: HUD底栏绑定 ExpBar=idx=4/16 path=BottomUI/DExpBar name=DExpBar item=DExpBar title=(null) url=ui://jk0io98jv9b11f rect=923.88,825.31,288.56,26.13 exported gfx=null touchable=True visible=True
[2026-08-09 09:25:00] FairyGUI: HUD底栏绑定 Volume=idx=4/33 path=BottomUI/textVolume name=textVolume item=(null) title=(null) url=(null) rect=1295.56,821.75,79.56,32.06 internal gfx=gfx:2048x2048/root=2048x2048/rot=0/pkg:null touchable=True visible=True
[2026-08-09 09:25:02] FairyGUI: HUD底栏绑定 Level=idx=4/14/1 path=BottomUI/DLevel/DLevelText name=DLevelText item=(null) title=(null) url=(null) rect=381.19,827.69,92.63,20.19 internal gfx=gfx:2048x2048/root=2048x2048/rot=0/pkg:null touchable=True visible=True
[2026-08-09 09:25:02] FairyGUI: HUD底栏绑定 Weight=idx=4/8/0 path=BottomUI/DChatWindow/__codex_mobile_chattxt name=__codex_mobile_chattxt item=(null) title=(null) url=(null) rect=651.94,736.25,418,81.94 internal gfx=null touchable=False visible=True
[2026-08-09 09:25:02] FairyGUI: HUD底栏绑定 ExpBar=idx=4/16 path=BottomUI/DExpBar name=DExpBar item=DExpBar title=(null) url=ui://jk0io98jv9b11f rect=923.88,825.31,288.56,26.13 exported gfx=null touchable=True visible=True
[2026-08-09 09:25:02] FairyGUI: HUD底栏绑定 Volume=idx=4/33 path=BottomUI/textVolume name=textVolume item=(null) title=(null) url=(null) rect=1295.56,821.75,79.56,32.06 internal gfx=gfx:2048x2048/root=2048x2048/rot=0/pkg:null touchable=True visible=True
[2026-08-09 09:25:04] FairyGUI: HUD底栏绑定 Level=idx=4/14/1 path=BottomUI/DLevel/DLevelText name=DLevelText item=(null) title=(null) url=(null) rect=381.19,827.69,92.63,20.19 internal gfx=gfx:2048x2048/root=2048x2048/rot=0/pkg:null touchable=True visible=True
[2026-08-09 09:25:04] FairyGUI: HUD底栏绑定 Weight=idx=4/8/0 path=BottomUI/DChatWindow/__codex_mobile_chattxt name=__codex_mobile_chattxt item=(null) title=(null) url=(null) rect=651.94,736.25,418,81.94 internal gfx=null touchable=False visible=True
[2026-08-09 09:25:04] FairyGUI: HUD底栏绑定 ExpBar=idx=4/16 path=BottomUI/DExpBar name=DExpBar item=DExpBar title=(null) url=ui://jk0io98jv9b11f rect=923.88,825.31,288.56,26.13 exported gfx=null touchable=True visible=True
[2026-08-09 09:25:04] FairyGUI: HUD底栏绑定 Volume=idx=4/33 path=BottomUI/textVolume name=textVolume item=(null) title=(null) url=(null) rect=1295.56,821.75,79.56,32.06 internal gfx=gfx:2048x2048/root=2048x2048/rot=0/pkg:null touchable=True visible=True
[2026-08-09 09:25:06] FairyGUI: HUD底栏绑定 Level=idx=4/14/1 path=BottomUI/DLevel/DLevelText name=DLevelText item=(null) title=(null) url=(null) rect=381.19,827.69,92.63,20.19 internal gfx=gfx:2048x2048/root=2048x2048/rot=0/pkg:null touchable=True visible=True
[2026-08-09 09:25:06] FairyGUI: HUD底栏绑定 Weight=idx=4/8/0 path=BottomUI/DChatWindow/__codex_mobile_chattxt name=__codex_mobile_chattxt item=(null) title=(null) url=(null) rect=651.94,736.25,418,81.94 internal gfx=null touchable=False visible=True
[2026-08-09 09:25:06] FairyGUI: HUD底栏绑定 ExpBar=idx=4/16 path=BottomUI/DExpBar name=DExpBar item=DExpBar title=(null) url=ui://jk0io98jv9b11f rect=923.88,825.31,288.56,26.13 exported gfx=null touchable=True visible=True
[2026-08-09 09:25:06] FairyGUI: HUD底栏绑定 Volume=idx=4/33 path=BottomUI/textVolume name=textVolume item=(null) title=(null) url=(null) rect=1295.56,821.75,79.56,32.06 internal gfx=gfx:2048x2048/root=2048x2048/rot=0/pkg:null touchable=True visible=True
[2026-08-09 09:25:08] FairyGUI: HUD底栏绑定 Level=idx=4/14/1 path=BottomUI/DLevel/DLevelText name=DLevelText item=(null) title=(null) url=(null) rect=381.19,827.69,92.63,20.19 internal gfx=gfx:2048x2048/root=2048x2048/rot=0/pkg:null touchable=True visible=True
[2026-08-09 09:25:08] FairyGUI: HUD底栏绑定 Weight=idx=4/8/0 path=BottomUI/DChatWindow/__codex_mobile_chattxt name=__codex_mobile_chattxt item=(null) title=(null) url=(null) rect=651.94,736.25,418,81.94 internal gfx=null touchable=False visible=True
[2026-08-09 09:25:08] FairyGUI: HUD底栏绑定 ExpBar=idx=4/16 path=BottomUI/DExpBar name=DExpBar item=DExpBar title=(null) url=ui://jk0io98jv9b11f rect=923.88,825.31,288.56,26.13 exported gfx=null touchable=True visible=True
[2026-08-09 09:25:08] FairyGUI: HUD底栏绑定 Volume=idx=4/33 path=BottomUI/textVolume name=textVolume item=(null) title=(null) url=(null) rect=1295.56,821.75,79.56,32.06 internal gfx=gfx:2048x2048/root=2048x2048/rot=0/pkg:null touchable=True visible=True
[2026-08-09 09:25:10] FairyGUI: HUD底栏绑定 Level=idx=4/14/1 path=BottomUI/DLevel/DLevelText name=DLevelText item=(null) title=(null) url=(null) rect=381.19,827.69,92.63,20.19 internal gfx=gfx:2048x2048/root=2048x2048/rot=0/pkg:null touchable=True visible=True
[2026-08-09 09:25:10] FairyGUI: HUD底栏绑定 Weight=idx=4/8/0 path=BottomUI/DChatWindow/__codex_mobile_chattxt name=__codex_mobile_chattxt item=(null) title=(null) url=(null) rect=651.94,736.25,418,81.94 internal gfx=null touchable=False visible=True
[2026-08-09 09:25:10] FairyGUI: HUD底栏绑定 ExpBar=idx=4/16 path=BottomUI/DExpBar name=DExpBar item=DExpBar title=(null) url=ui://jk0io98jv9b11f rect=923.88,825.31,288.56,26.13 exported gfx=null touchable=True visible=True
[2026-08-09 09:25:10] FairyGUI: HUD底栏绑定 Volume=idx=4/33 path=BottomUI/textVolume name=textVolume item=(null) title=(null) url=(null) rect=1295.56,821.75,79.56,32.06 internal gfx=gfx:2048x2048/root=2048x2048/rot=0/pkg:null touchable=True visible=True
[2026-08-09 09:25:12] FairyGUI: HUD底栏绑定 Level=idx=4/14/1 path=BottomUI/DLevel/DLevelText name=DLevelText item=(null) title=(null) url=(null) rect=381.19,827.69,92.63,20.19 internal gfx=gfx:2048x2048/root=2048x2048/rot=0/pkg:null touchable=True visible=True
[2026-08-09 09:25:12] FairyGUI: HUD底栏绑定 Weight=idx=4/8/0 path=BottomUI/DChatWindow/__codex_mobile_chattxt name=__codex_mobile_chattxt item=(null) title=(null) url=(null) rect=651.94,736.25,418,81.94 internal gfx=null touchable=False visible=True
[2026-08-09 09:25:12] FairyGUI: HUD底栏绑定 ExpBar=idx=4/16 path=BottomUI/DExpBar name=DExpBar item=DExpBar title=(null) url=ui://jk0io98jv9b11f rect=923.88,825.31,288.56,26.13 exported gfx=null touchable=True visible=True
[2026-08-09 09:25:12] FairyGUI: HUD底栏绑定 Volume=idx=4/33 path=BottomUI/textVolume name=textVolume item=(null) title=(null) url=(null) rect=1295.56,821.75,79.56,32.06 internal gfx=gfx:2048x2048/root=2048x2048/rot=0/pkg:null touchable=True visible=True
[2026-08-09 09:25:14] FairyGUI: HUD底栏绑定 Level=idx=4/14/1 path=BottomUI/DLevel/DLevelText name=DLevelText item=(null) title=(null) url=(null) rect=381.19,827.69,92.63,20.19 internal gfx=gfx:2048x2048/root=2048x2048/rot=0/pkg:null touchable=True visible=True
[2026-08-09 09:25:14] FairyGUI: HUD底栏绑定 Weight=idx=4/8/0 path=BottomUI/DChatWindow/__codex_mobile_chattxt name=__codex_mobile_chattxt item=(null) title=(null) url=(null) rect=651.94,736.25,418,81.94 internal gfx=null touchable=False visible=True
[2026-08-09 09:25:14] FairyGUI: HUD底栏绑定 ExpBar=idx=4/16 path=BottomUI/DExpBar name=DExpBar item=DExpBar title=(null) url=ui://jk0io98jv9b11f rect=923.88,825.31,288.56,26.13 exported gfx=null touchable=True visible=True
[2026-08-09 09:25:14] FairyGUI: HUD底栏绑定 Volume=idx=4/33 path=BottomUI/textVolume name=textVolume item=(null) title=(null) url=(null) rect=1295.56,821.75,79.56,32.06 internal gfx=gfx:2048x2048/root=2048x2048/rot=0/pkg:null touchable=True visible=True
[2026-08-09 09:25:16] FairyGUI: HUD底栏绑定 Level=idx=4/14/1 path=BottomUI/DLevel/DLevelText name=DLevelText item=(null) title=(null) url=(null) rect=381.19,827.69,92.63,20.19 internal gfx=gfx:2048x2048/root=2048x2048/rot=0/pkg:null touchable=True visible=True
[2026-08-09 09:25:16] FairyGUI: HUD底栏绑定 Weight=idx=4/8/0 path=BottomUI/DChatWindow/__codex_mobile_chattxt name=__codex_mobile_chattxt item=(null) title=(null) url=(null) rect=651.94,736.25,418,81.94 internal gfx=null touchable=False visible=True
[2026-08-09 09:25:16] FairyGUI: HUD底栏绑定 ExpBar=idx=4/16 path=BottomUI/DExpBar name=DExpBar item=DExpBar title=(null) url=ui://jk0io98jv9b11f rect=923.88,825.31,288.56,26.13 exported gfx=null touchable=True visible=True
[2026-08-09 09:25:16] FairyGUI: HUD底栏绑定 Volume=idx=4/33 path=BottomUI/textVolume name=textVolume item=(null) title=(null) url=(null) rect=1295.56,821.75,79.56,32.06 internal gfx=gfx:2048x2048/root=2048x2048/rot=0/pkg:null touchable=True visible=True
[2026-08-09 09:25:18] FairyGUI: HUD底栏绑定 Level=idx=4/14/1 path=BottomUI/DLevel/DLevelText name=DLevelText item=(null) title=(null) url=(null) rect=381.19,827.69,92.63,20.19 internal gfx=gfx:2048x2048/root=2048x2048/rot=0/pkg:null touchable=True visible=True
[2026-08-09 09:25:18] FairyGUI: HUD底栏绑定 Weight=idx=4/8/0 path=BottomUI/DChatWindow/__codex_mobile_chattxt name=__codex_mobile_chattxt item=(null) title=(null) url=(null) rect=651.94,736.25,418,81.94 internal gfx=null touchable=False visible=True
[2026-08-09 09:25:18] FairyGUI: HUD底栏绑定 ExpBar=idx=4/16 path=BottomUI/DExpBar name=DExpBar item=DExpBar title=(null) url=ui://jk0io98jv9b11f rect=923.88,825.31,288.56,26.13 exported gfx=null touchable=True visible=True
[2026-08-09 09:25:18] FairyGUI: HUD底栏绑定 Volume=idx=4/33 path=BottomUI/textVolume name=textVolume item=(null) title=(null) url=(null) rect=1295.56,821.75,79.56,32.06 internal gfx=gfx:2048x2048/root=2048x2048/rot=0/pkg:null touchable=True visible=True
[2026-08-09 09:25:20] FairyGUI: HUD底栏绑定 Level=idx=4/14/1 path=BottomUI/DLevel/DLevelText name=DLevelText item=(null) title=(null) url=(null) rect=381.19,827.69,92.63,20.19 internal gfx=gfx:2048x2048/root=2048x2048/rot=0/pkg:null touchable=True visible=True
[2026-08-09 09:25:20] FairyGUI: HUD底栏绑定 Weight=idx=4/8/0 path=BottomUI/DChatWindow/__codex_mobile_chattxt name=__codex_mobile_chattxt item=(null) title=(null) url=(null) rect=651.94,736.25,418,81.94 internal gfx=null touchable=False visible=True
[2026-08-09 09:25:20] FairyGUI: HUD底栏绑定 ExpBar=idx=4/16 path=BottomUI/DExpBar name=DExpBar item=DExpBar title=(null) url=ui://jk0io98jv9b11f rect=923.88,825.31,288.56,26.13 exported gfx=null touchable=True visible=True
[2026-08-09 09:25:20] FairyGUI: HUD底栏绑定 Volume=idx=4/33 path=BottomUI/textVolume name=textVolume item=(null) title=(null) url=(null) rect=1295.56,821.75,79.56,32.06 internal gfx=gfx:2048x2048/root=2048x2048/rot=0/pkg:null touchable=True visible=True
[2026-08-09 09:25:22] FairyGUI: HUD底栏绑定 Level=idx=4/14/1 path=BottomUI/DLevel/DLevelText name=DLevelText item=(null) title=(null) url=(null) rect=381.19,827.69,92.63,20.19 internal gfx=gfx:2048x2048/root=2048x2048/rot=0/pkg:null touchable=True visible=True
[2026-08-09 09:25:22] FairyGUI: HUD底栏绑定 Weight=idx=4/8/0 path=BottomUI/DChatWindow/__codex_mobile_chattxt name=__codex_mobile_chattxt item=(null) title=(null) url=(null) rect=651.94,736.25,418,81.94 internal gfx=null touchable=False visible=True
[2026-08-09 09:25:22] FairyGUI: HUD底栏绑定 ExpBar=idx=4/16 path=BottomUI/DExpBar name=DExpBar item=DExpBar title=(null) url=ui://jk0io98jv9b11f rect=923.88,825.31,288.56,26.13 exported gfx=null touchable=True visible=True
[2026-08-09 09:25:22] FairyGUI: HUD底栏绑定 Volume=idx=4/33 path=BottomUI/textVolume name=textVolume item=(null) title=(null) url=(null) rect=1295.56,821.75,79.56,32.06 internal gfx=gfx:2048x2048/root=2048x2048/rot=0/pkg:null touchable=True visible=True
[2026-08-09 09:25:24] FairyGUI: HUD底栏绑定 Level=idx=4/14/1 path=BottomUI/DLevel/DLevelText name=DLevelText item=(null) title=(null) url=(null) rect=381.19,827.69,92.63,20.19 internal gfx=gfx:2048x2048/root=2048x2048/rot=0/pkg:null touchable=True visible=True
[2026-08-09 09:25:24] FairyGUI: HUD底栏绑定 Weight=idx=4/8/0 path=BottomUI/DChatWindow/__codex_mobile_chattxt name=__codex_mobile_chattxt item=(null) title=(null) url=(null) rect=651.94,736.25,418,81.94 internal gfx=null touchable=False visible=True
[2026-08-09 09:25:24] FairyGUI: HUD底栏绑定 ExpBar=idx=4/16 path=BottomUI/DExpBar name=DExpBar item=DExpBar title=(null) url=ui://jk0io98jv9b11f rect=923.88,825.31,288.56,26.13 exported gfx=null touchable=True visible=True
[2026-08-09 09:25:24] FairyGUI: HUD底栏绑定 Volume=idx=4/33 path=BottomUI/textVolume name=textVolume item=(null) title=(null) url=(null) rect=1295.56,821.75,79.56,32.06 internal gfx=gfx:2048x2048/root=2048x2048/rot=0/pkg:null touchable=True visible=True
[2026-08-09 09:25:26] FairyGUI: HUD底栏绑定 Level=idx=4/14/1 path=BottomUI/DLevel/DLevelText name=DLevelText item=(null) title=(null) url=(null) rect=381.19,827.69,92.63,20.19 internal gfx=gfx:2048x2048/root=2048x2048/rot=0/pkg:null touchable=True visible=True
[2026-08-09 09:25:26] FairyGUI: HUD底栏绑定 Weight=idx=4/8/0 path=BottomUI/DChatWindow/__codex_mobile_chattxt name=__codex_mobile_chattxt item=(null) title=(null) url=(null) rect=651.94,736.25,418,81.94 internal gfx=null touchable=False visible=True
[2026-08-09 09:25:26] FairyGUI: HUD底栏绑定 ExpBar=idx=4/16 path=BottomUI/DExpBar name=DExpBar item=DExpBar title=(null) url=ui://jk0io98jv9b11f rect=923.88,825.31,288.56,26.13 exported gfx=null touchable=True visible=True
[2026-08-09 09:25:26] FairyGUI: HUD底栏绑定 Volume=idx=4/33 path=BottomUI/textVolume name=textVolume item=(null) title=(null) url=(null) rect=1295.56,821.75,79.56,32.06 internal gfx=gfx:2048x2048/root=2048x2048/rot=0/pkg:null touchable=True visible=True
[2026-08-09 09:25:29] FairyGUI: HUD底栏绑定 Level=idx=4/14/1 path=BottomUI/DLevel/DLevelText name=DLevelText item=(null) title=(null) url=(null) rect=381.19,827.69,92.63,20.19 internal gfx=gfx:2048x2048/root=2048x2048/rot=0/pkg:null touchable=True visible=True
[2026-08-09 09:25:29] FairyGUI: HUD底栏绑定 Weight=idx=4/8/0 path=BottomUI/DChatWindow/__codex_mobile_chattxt name=__codex_mobile_chattxt item=(null) title=(null) url=(null) rect=651.94,736.25,418,81.94 internal gfx=null touchable=False visible=True
[2026-08-09 09:25:29] FairyGUI: HUD底栏绑定 ExpBar=idx=4/16 path=BottomUI/DExpBar name=DExpBar item=DExpBar title=(null) url=ui://jk0io98jv9b11f rect=923.88,825.31,288.56,26.13 exported gfx=null touchable=True visible=True
[2026-08-09 09:25:29] FairyGUI: HUD底栏绑定 Volume=idx=4/33 path=BottomUI/textVolume name=textVolume item=(null) title=(null) url=(null) rect=1295.56,821.75,79.56,32.06 internal gfx=gfx:2048x2048/root=2048x2048/rot=0/pkg:null touchable=True visible=True
[2026-08-09 09:25:31] FairyGUI: HUD底栏绑定 Level=idx=4/14/1 path=BottomUI/DLevel/DLevelText name=DLevelText item=(null) title=(null) url=(null) rect=381.19,827.69,92.63,20.19 internal gfx=gfx:2048x2048/root=2048x2048/rot=0/pkg:null touchable=True visible=True
[2026-08-09 09:25:31] FairyGUI: HUD底栏绑定 Weight=idx=4/8/0 path=BottomUI/DChatWindow/__codex_mobile_chattxt name=__codex_mobile_chattxt item=(null) title=(null) url=(null) rect=651.94,736.25,418,81.94 internal gfx=null touchable=False visible=True
[2026-08-09 09:25:31] FairyGUI: HUD底栏绑定 ExpBar=idx=4/16 path=BottomUI/DExpBar name=DExpBar item=DExpBar title=(null) url=ui://jk0io98jv9b11f rect=923.88,825.31,288.56,26.13 exported gfx=null touchable=True visible=True
[2026-08-09 09:25:31] FairyGUI: HUD底栏绑定 Volume=idx=4/33 path=BottomUI/textVolume name=textVolume item=(null) title=(null) url=(null) rect=1295.56,821.75,79.56,32.06 internal gfx=gfx:2048x2048/root=2048x2048/rot=0/pkg:null touchable=True visible=True
[2026-08-09 09:25:33] FairyGUI: HUD底栏绑定 Level=idx=4/14/1 path=BottomUI/DLevel/DLevelText name=DLevelText item=(null) title=(null) url=(null) rect=381.19,827.69,92.63,20.19 internal gfx=gfx:2048x2048/root=2048x2048/rot=0/pkg:null touchable=True visible=True
[2026-08-09 09:25:33] FairyGUI: HUD底栏绑定 Weight=idx=4/8/0 path=BottomUI/DChatWindow/__codex_mobile_chattxt name=__codex_mobile_chattxt item=(null) title=(null) url=(null) rect=651.94,736.25,418,81.94 internal gfx=null touchable=False visible=True
[2026-08-09 09:25:33] FairyGUI: HUD底栏绑定 ExpBar=idx=4/16 path=BottomUI/DExpBar name=DExpBar item=DExpBar title=(null) url=ui://jk0io98jv9b11f rect=923.88,825.31,288.56,26.13 exported gfx=null touchable=True visible=True
[2026-08-09 09:25:33] FairyGUI: HUD底栏绑定 Volume=idx=4/33 path=BottomUI/textVolume name=textVolume item=(null) title=(null) url=(null) rect=1295.56,821.75,79.56,32.06 internal gfx=gfx:2048x2048/root=2048x2048/rot=0/pkg:null touchable=True visible=True
[2026-08-09 09:25:35] FairyGUI: HUD底栏绑定 Level=idx=4/14/1 path=BottomUI/DLevel/DLevelText name=DLevelText item=(null) title=(null) url=(null) rect=381.19,827.69,92.63,20.19 internal gfx=gfx:2048x2048/root=2048x2048/rot=0/pkg:null touchable=True visible=True
[2026-08-09 09:25:35] FairyGUI: HUD底栏绑定 Weight=idx=4/8/0 path=BottomUI/DChatWindow/__codex_mobile_chattxt name=__codex_mobile_chattxt item=(null) title=(null) url=(null) rect=651.94,736.25,418,81.94 internal gfx=null touchable=False visible=True
[2026-08-09 09:25:35] FairyGUI: HUD底栏绑定 ExpBar=idx=4/16 path=BottomUI/DExpBar name=DExpBar item=DExpBar title=(null) url=ui://jk0io98jv9b11f rect=923.88,825.31,288.56,26.13 exported gfx=null touchable=True visible=True
[2026-08-09 09:25:35] FairyGUI: HUD底栏绑定 Volume=idx=4/33 path=BottomUI/textVolume name=textVolume item=(null) title=(null) url=(null) rect=1295.56,821.75,79.56,32.06 internal gfx=gfx:2048x2048/root=2048x2048/rot=0/pkg:null touchable=True visible=True
[2026-08-09 09:25:37] FairyGUI: HUD底栏绑定 Level=idx=4/14/1 path=BottomUI/DLevel/DLevelText name=DLevelText item=(null) title=(null) url=(null) rect=381.19,827.69,92.63,20.19 internal gfx=gfx:2048x2048/root=2048x2048/rot=0/pkg:null touchable=True visible=True
[2026-08-09 09:25:37] FairyGUI: HUD底栏绑定 Weight=idx=4/8/0 path=BottomUI/DChatWindow/__codex_mobile_chattxt name=__codex_mobile_chattxt item=(null) title=(null) url=(null) rect=651.94,736.25,418,81.94 internal gfx=null touchable=False visible=True
[2026-08-09 09:25:37] FairyGUI: HUD底栏绑定 ExpBar=idx=4/16 path=BottomUI/DExpBar name=DExpBar item=DExpBar title=(null) url=ui://jk0io98jv9b11f rect=923.88,825.31,288.56,26.13 exported gfx=null touchable=True visible=True
[2026-08-09 09:25:37] FairyGUI: HUD底栏绑定 Volume=idx=4/33 path=BottomUI/textVolume name=textVolume item=(null) title=(null) url=(null) rect=1295.56,821.75,79.56,32.06 internal gfx=gfx:2048x2048/root=2048x2048/rot=0/pkg:null touchable=True visible=True
[2026-08-09 09:25:39] FairyGUI: HUD底栏绑定 Level=idx=4/14/1 path=BottomUI/DLevel/DLevelText name=DLevelText item=(null) title=(null) url=(null) rect=381.19,827.69,92.63,20.19 internal gfx=gfx:2048x2048/root=2048x2048/rot=0/pkg:null touchable=True visible=True
[2026-08-09 09:25:39] FairyGUI: HUD底栏绑定 Weight=idx=4/8/0 path=BottomUI/DChatWindow/__codex_mobile_chattxt name=__codex_mobile_chattxt item=(null) title=(null) url=(null) rect=651.94,736.25,418,81.94 internal gfx=null touchable=False visible=True
[2026-08-09 09:25:39] FairyGUI: HUD底栏绑定 ExpBar=idx=4/16 path=BottomUI/DExpBar name=DExpBar item=DExpBar title=(null) url=ui://jk0io98jv9b11f rect=923.88,825.31,288.56,26.13 exported gfx=null touchable=True visible=True
[2026-08-09 09:25:39] FairyGUI: HUD底栏绑定 Volume=idx=4/33 path=BottomUI/textVolume name=textVolume item=(null) title=(null) url=(null) rect=1295.56,821.75,79.56,32.06 internal gfx=gfx:2048x2048/root=2048x2048/rot=0/pkg:null touchable=True visible=True
[2026-08-09 09:25:41] FairyGUI: HUD底栏绑定 Level=idx=4/14/1 path=BottomUI/DLevel/DLevelText name=DLevelText item=(null) title=(null) url=(null) rect=381.19,827.69,92.63,20.19 internal gfx=gfx:2048x2048/root=2048x2048/rot=0/pkg:null touchable=True visible=True
[2026-08-09 09:25:41] FairyGUI: HUD底栏绑定 Weight=idx=4/8/0 path=BottomUI/DChatWindow/__codex_mobile_chattxt name=__codex_mobile_chattxt item=(null) title=(null) url=(null) rect=651.94,736.25,418,81.94 internal gfx=null touchable=False visible=True
[2026-08-09 09:25:41] FairyGUI: HUD底栏绑定 ExpBar=idx=4/16 path=BottomUI/DExpBar name=DExpBar item=DExpBar title=(null) url=ui://jk0io98jv9b11f rect=923.88,825.31,288.56,26.13 exported gfx=null touchable=True visible=True
[2026-08-09 09:25:41] FairyGUI: HUD底栏绑定 Volume=idx=4/33 path=BottomUI/textVolume name=textVolume item=(null) title=(null) url=(null) rect=1295.56,821.75,79.56,32.06 internal gfx=gfx:2048x2048/root=2048x2048/rot=0/pkg:null touchable=True visible=True
[2026-08-09 09:25:43] FairyGUI: HUD底栏绑定 Level=idx=4/14/1 path=BottomUI/DLevel/DLevelText name=DLevelText item=(null) title=(null) url=(null) rect=381.19,827.69,92.63,20.19 internal gfx=gfx:2048x2048/root=2048x2048/rot=0/pkg:null touchable=True visible=True
[2026-08-09 09:25:43] FairyGUI: HUD底栏绑定 Weight=idx=4/8/0 path=BottomUI/DChatWindow/__codex_mobile_chattxt name=__codex_mobile_chattxt item=(null) title=(null) url=(null) rect=651.94,736.25,418,81.94 internal gfx=null touchable=False visible=True
[2026-08-09 09:25:43] FairyGUI: HUD底栏绑定 ExpBar=idx=4/16 path=BottomUI/DExpBar name=DExpBar item=DExpBar title=(null) url=ui://jk0io98jv9b11f rect=923.88,825.31,288.56,26.13 exported gfx=null touchable=True visible=True
[2026-08-09 09:25:43] FairyGUI: HUD底栏绑定 Volume=idx=4/33 path=BottomUI/textVolume name=textVolume item=(null) title=(null) url=(null) rect=1295.56,821.75,79.56,32.06 internal gfx=gfx:2048x2048/root=2048x2048/rot=0/pkg:null touchable=True visible=True
[2026-08-09 09:25:45] FairyGUI: HUD底栏绑定 Level=idx=4/14/1 path=BottomUI/DLevel/DLevelText name=DLevelText item=(null) title=(null) url=(null) rect=381.19,827.69,92.63,20.19 internal gfx=gfx:2048x2048/root=2048x2048/rot=0/pkg:null touchable=True visible=True
[2026-08-09 09:25:45] FairyGUI: HUD底栏绑定 Weight=idx=4/8/0 path=BottomUI/DChatWindow/__codex_mobile_chattxt name=__codex_mobile_chattxt item=(null) title=(null) url=(null) rect=651.94,736.25,418,81.94 internal gfx=null touchable=False visible=True
[2026-08-09 09:25:45] FairyGUI: HUD底栏绑定 ExpBar=idx=4/16 path=BottomUI/DExpBar name=DExpBar item=DExpBar title=(null) url=ui://jk0io98jv9b11f rect=923.88,825.31,288.56,26.13 exported gfx=null touchable=True visible=True
[2026-08-09 09:25:45] FairyGUI: HUD底栏绑定 Volume=idx=4/33 path=BottomUI/textVolume name=textVolume item=(null) title=(null) url=(null) rect=1295.56,821.75,79.56,32.06 internal gfx=gfx:2048x2048/root=2048x2048/rot=0/pkg:null touchable=True visible=True
[2026-08-09 09:25:47] FairyGUI: HUD底栏绑定 Level=idx=4/14/1 path=BottomUI/DLevel/DLevelText name=DLevelText item=(null) title=(null) url=(null) rect=381.19,827.69,92.63,20.19 internal gfx=gfx:2048x2048/root=2048x2048/rot=0/pkg:null touchable=True visible=True
[2026-08-09 09:25:47] FairyGUI: HUD底栏绑定 Weight=idx=4/8/0 path=BottomUI/DChatWindow/__codex_mobile_chattxt name=__codex_mobile_chattxt item=(null) title=(null) url=(null) rect=651.94,736.25,418,81.94 internal gfx=null touchable=False visible=True
[2026-08-09 09:25:47] FairyGUI: HUD底栏绑定 ExpBar=idx=4/16 path=BottomUI/DExpBar name=DExpBar item=DExpBar title=(null) url=ui://jk0io98jv9b11f rect=923.88,825.31,288.56,26.13 exported gfx=null touchable=True visible=True
[2026-08-09 09:25:47] FairyGUI: HUD底栏绑定 Volume=idx=4/33 path=BottomUI/textVolume name=textVolume item=(null) title=(null) url=(null) rect=1295.56,821.75,79.56,32.06 internal gfx=gfx:2048x2048/root=2048x2048/rot=0/pkg:null touchable=True visible=True
[2026-08-09 09:25:49] FairyGUI: HUD底栏绑定 Level=idx=4/14/1 path=BottomUI/DLevel/DLevelText name=DLevelText item=(null) title=(null) url=(null) rect=381.19,827.69,92.63,20.19 internal gfx=gfx:2048x2048/root=2048x2048/rot=0/pkg:null touchable=True visible=True
[2026-08-09 09:25:49] FairyGUI: HUD底栏绑定 Weight=idx=4/8/0 path=BottomUI/DChatWindow/__codex_mobile_chattxt name=__codex_mobile_chattxt item=(null) title=(null) url=(null) rect=651.94,736.25,418,81.94 internal gfx=null touchable=False visible=True
[2026-08-09 09:25:49] FairyGUI: HUD底栏绑定 ExpBar=idx=4/16 path=BottomUI/DExpBar name=DExpBar item=DExpBar title=(null) url=ui://jk0io98jv9b11f rect=923.88,825.31,288.56,26.13 exported gfx=null touchable=True visible=True
[2026-08-09 09:25:49] FairyGUI: HUD底栏绑定 Volume=idx=4/33 path=BottomUI/textVolume name=textVolume item=(null) title=(null) url=(null) rect=1295.56,821.75,79.56,32.06 internal gfx=gfx:2048x2048/root=2048x2048/rot=0/pkg:null touchable=True visible=True
[2026-08-09 09:25:51] FairyGUI: HUD底栏绑定 Level=idx=4/14/1 path=BottomUI/DLevel/DLevelText name=DLevelText item=(null) title=(null) url=(null) rect=381.19,827.69,92.63,20.19 internal gfx=gfx:2048x2048/root=2048x2048/rot=0/pkg:null touchable=True visible=True
[2026-08-09 09:25:51] FairyGUI: HUD底栏绑定 Weight=idx=4/8/0 path=BottomUI/DChatWindow/__codex_mobile_chattxt name=__codex_mobile_chattxt item=(null) title=(null) url=(null) rect=651.94,736.25,418,81.94 internal gfx=null touchable=False visible=True
[2026-08-09 09:25:51] FairyGUI: HUD底栏绑定 ExpBar=idx=4/16 path=BottomUI/DExpBar name=DExpBar item=DExpBar title=(null) url=ui://jk0io98jv9b11f rect=923.88,825.31,288.56,26.13 exported gfx=null touchable=True visible=True
[2026-08-09 09:25:51] FairyGUI: HUD底栏绑定 Volume=idx=4/33 path=BottomUI/textVolume name=textVolume item=(null) title=(null) url=(null) rect=1295.56,821.75,79.56,32.06 internal gfx=gfx:2048x2048/root=2048x2048/rot=0/pkg:null touchable=True visible=True
[2026-08-09 09:25:53] FairyGUI: HUD底栏绑定 Level=idx=4/14/1 path=BottomUI/DLevel/DLevelText name=DLevelText item=(null) title=(null) url=(null) rect=381.19,827.69,92.63,20.19 internal gfx=gfx:2048x2048/root=2048x2048/rot=0/pkg:null touchable=True visible=True
[2026-08-09 09:25:53] FairyGUI: HUD底栏绑定 Weight=idx=4/8/0 path=BottomUI/DChatWindow/__codex_mobile_chattxt name=__codex_mobile_chattxt item=(null) title=(null) url=(null) rect=651.94,736.25,418,81.94 internal gfx=null touchable=False visible=True
[2026-08-09 09:25:53] FairyGUI: HUD底栏绑定 ExpBar=idx=4/16 path=BottomUI/DExpBar name=DExpBar item=DExpBar title=(null) url=ui://jk0io98jv9b11f rect=923.88,825.31,288.56,26.13 exported gfx=null touchable=True visible=True
[2026-08-09 09:25:53] FairyGUI: HUD底栏绑定 Volume=idx=4/33 path=BottomUI/textVolume name=textVolume item=(null) title=(null) url=(null) rect=1295.56,821.75,79.56,32.06 internal gfx=gfx:2048x2048/root=2048x2048/rot=0/pkg:null touchable=True visible=True
[2026-08-09 09:25:55] FairyGUI: HUD底栏绑定 Level=idx=4/14/1 path=BottomUI/DLevel/DLevelText name=DLevelText item=(null) title=(null) url=(null) rect=381.19,827.69,92.63,20.19 internal gfx=gfx:2048x2048/root=2048x2048/rot=0/pkg:null touchable=True visible=True
[2026-08-09 09:25:55] FairyGUI: HUD底栏绑定 Weight=idx=4/8/0 path=BottomUI/DChatWindow/__codex_mobile_chattxt name=__codex_mobile_chattxt item=(null) title=(null) url=(null) rect=651.94,736.25,418,81.94 internal gfx=null touchable=False visible=True
[2026-08-09 09:25:55] FairyGUI: HUD底栏绑定 ExpBar=idx=4/16 path=BottomUI/DExpBar name=DExpBar item=DExpBar title=(null) url=ui://jk0io98jv9b11f rect=923.88,825.31,288.56,26.13 exported gfx=null touchable=True visible=True
[2026-08-09 09:25:55] FairyGUI: HUD底栏绑定 Volume=idx=4/33 path=BottomUI/textVolume name=textVolume item=(null) title=(null) url=(null) rect=1295.56,821.75,79.56,32.06 internal gfx=gfx:2048x2048/root=2048x2048/rot=0/pkg:null touchable=True visible=True
[2026-08-09 09:25:57] FairyGUI: HUD底栏绑定 Level=idx=4/14/1 path=BottomUI/DLevel/DLevelText name=DLevelText item=(null) title=(null) url=(null) rect=381.19,827.69,92.63,20.19 internal gfx=gfx:2048x2048/root=2048x2048/rot=0/pkg:null touchable=True visible=True
[2026-08-09 09:25:57] FairyGUI: HUD底栏绑定 Weight=idx=4/8/0 path=BottomUI/DChatWindow/__codex_mobile_chattxt name=__codex_mobile_chattxt item=(null) title=(null) url=(null) rect=651.94,736.25,418,81.94 internal gfx=null touchable=False visible=True
[2026-08-09 09:25:57] FairyGUI: HUD底栏绑定 ExpBar=idx=4/16 path=BottomUI/DExpBar name=DExpBar item=DExpBar title=(null) url=ui://jk0io98jv9b11f rect=923.88,825.31,288.56,26.13 exported gfx=null touchable=True visible=True
[2026-08-09 09:25:57] FairyGUI: HUD底栏绑定 Volume=idx=4/33 path=BottomUI/textVolume name=textVolume item=(null) title=(null) url=(null) rect=1295.56,821.75,79.56,32.06 internal gfx=gfx:2048x2048/root=2048x2048/rot=0/pkg:null touchable=True visible=True
[2026-08-09 09:25:59] FairyGUI: HUD底栏绑定 Level=idx=4/14/1 path=BottomUI/DLevel/DLevelText name=DLevelText item=(null) title=(null) url=(null) rect=381.19,827.69,92.63,20.19 internal gfx=gfx:2048x2048/root=2048x2048/rot=0/pkg:null touchable=True visible=True
[2026-08-09 09:25:59] FairyGUI: HUD底栏绑定 Weight=idx=4/8/0 path=BottomUI/DChatWindow/__codex_mobile_chattxt name=__codex_mobile_chattxt item=(null) title=(null) url=(null) rect=651.94,736.25,418,81.94 internal gfx=null touchable=False visible=True
[2026-08-09 09:25:59] FairyGUI: HUD底栏绑定 ExpBar=idx=4/16 path=BottomUI/DExpBar name=DExpBar item=DExpBar title=(null) url=ui://jk0io98jv9b11f rect=923.88,825.31,288.56,26.13 exported gfx=null touchable=True visible=True
[2026-08-09 09:25:59] FairyGUI: HUD底栏绑定 Volume=idx=4/33 path=BottomUI/textVolume name=textVolume item=(null) title=(null) url=(null) rect=1295.56,821.75,79.56,32.06 internal gfx=gfx:2048x2048/root=2048x2048/rot=0/pkg:null touchable=True visible=True
[2026-08-09 09:26:01] FairyGUI: HUD底栏绑定 Level=idx=4/14/1 path=BottomUI/DLevel/DLevelText name=DLevelText item=(null) title=(null) url=(null) rect=381.19,827.69,92.63,20.19 internal gfx=gfx:2048x2048/root=2048x2048/rot=0/pkg:null touchable=True visible=True
[2026-08-09 09:26:01] FairyGUI: HUD底栏绑定 Weight=idx=4/8/0 path=BottomUI/DChatWindow/__codex_mobile_chattxt name=__codex_mobile_chattxt item=(null) title=(null) url=(null) rect=651.94,736.25,418,81.94 internal gfx=null touchable=False visible=True
[2026-08-09 09:26:01] FairyGUI: HUD底栏绑定 ExpBar=idx=4/16 path=BottomUI/DExpBar name=DExpBar item=DExpBar title=(null) url=ui://jk0io98jv9b11f rect=923.88,825.31,288.56,26.13 exported gfx=null touchable=True visible=True
[2026-08-09 09:26:01] FairyGUI: HUD底栏绑定 Volume=idx=4/33 path=BottomUI/textVolume name=textVolume item=(null) title=(null) url=(null) rect=1295.56,821.75,79.56,32.06 internal gfx=gfx:2048x2048/root=2048x2048/rot=0/pkg:null touchable=True visible=True
[2026-08-09 09:26:03] FairyGUI: HUD底栏绑定 Level=idx=4/14/1 path=BottomUI/DLevel/DLevelText name=DLevelText item=(null) title=(null) url=(null) rect=381.19,827.69,92.63,20.19 internal gfx=gfx:2048x2048/root=2048x2048/rot=0/pkg:null touchable=True visible=True
[2026-08-09 09:26:03] FairyGUI: HUD底栏绑定 Weight=idx=4/8/0 path=BottomUI/DChatWindow/__codex_mobile_chattxt name=__codex_mobile_chattxt item=(null) title=(null) url=(null) rect=651.94,736.25,418,81.94 internal gfx=null touchable=False visible=True
[2026-08-09 09:26:03] FairyGUI: HUD底栏绑定 ExpBar=idx=4/16 path=BottomUI/DExpBar name=DExpBar item=DExpBar title=(null) url=ui://jk0io98jv9b11f rect=923.88,825.31,288.56,26.13 exported gfx=null touchable=True visible=True
[2026-08-09 09:26:03] FairyGUI: HUD底栏绑定 Volume=idx=4/33 path=BottomUI/textVolume name=textVolume item=(null) title=(null) url=(null) rect=1295.56,821.75,79.56,32.06 internal gfx=gfx:2048x2048/root=2048x2048/rot=0/pkg:null touchable=True visible=True
[2026-08-09 09:26:06] FairyGUI: HUD底栏绑定 Level=idx=4/14/1 path=BottomUI/DLevel/DLevelText name=DLevelText item=(null) title=(null) url=(null) rect=381.19,827.69,92.63,20.19 internal gfx=gfx:2048x2048/root=2048x2048/rot=0/pkg:null touchable=True visible=True
[2026-08-09 09:26:06] FairyGUI: HUD底栏绑定 Weight=idx=4/8/0 path=BottomUI/DChatWindow/__codex_mobile_chattxt name=__codex_mobile_chattxt item=(null) title=(null) url=(null) rect=651.94,736.25,418,81.94 internal gfx=null touchable=False visible=True
[2026-08-09 09:26:06] FairyGUI: HUD底栏绑定 ExpBar=idx=4/16 path=BottomUI/DExpBar name=DExpBar item=DExpBar title=(null) url=ui://jk0io98jv9b11f rect=923.88,825.31,288.56,26.13 exported gfx=null touchable=True visible=True
[2026-08-09 09:26:06] FairyGUI: HUD底栏绑定 Volume=idx=4/33 path=BottomUI/textVolume name=textVolume item=(null) title=(null) url=(null) rect=1295.56,821.75,79.56,32.06 internal gfx=gfx:2048x2048/root=2048x2048/rot=0/pkg:null touchable=True visible=True
[2026-08-09 09:26:08] FairyGUI: HUD底栏绑定 Level=idx=4/14/1 path=BottomUI/DLevel/DLevelText name=DLevelText item=(null) title=(null) url=(null) rect=381.19,827.69,92.63,20.19 internal gfx=gfx:2048x2048/root=2048x2048/rot=0/pkg:null touchable=True visible=True
[2026-08-09 09:26:08] FairyGUI: HUD底栏绑定 Weight=idx=4/8/0 path=BottomUI/DChatWindow/__codex_mobile_chattxt name=__codex_mobile_chattxt item=(null) title=(null) url=(null) rect=651.94,736.25,418,81.94 internal gfx=null touchable=False visible=True
[2026-08-09 09:26:08] FairyGUI: HUD底栏绑定 ExpBar=idx=4/16 path=BottomUI/DExpBar name=DExpBar item=DExpBar title=(null) url=ui://jk0io98jv9b11f rect=923.88,825.31,288.56,26.13 exported gfx=null touchable=True visible=True
[2026-08-09 09:26:08] FairyGUI: HUD底栏绑定 Volume=idx=4/33 path=BottomUI/textVolume name=textVolume item=(null) title=(null) url=(null) rect=1295.56,821.75,79.56,32.06 internal gfx=gfx:2048x2048/root=2048x2048/rot=0/pkg:null touchable=True visible=True
[2026-08-09 09:26:10] FairyGUI: HUD底栏绑定 Level=idx=4/14/1 path=BottomUI/DLevel/DLevelText name=DLevelText item=(null) title=(null) url=(null) rect=381.19,827.69,92.63,20.19 internal gfx=gfx:2048x2048/root=2048x2048/rot=0/pkg:null touchable=True visible=True
[2026-08-09 09:26:10] FairyGUI: HUD底栏绑定 Weight=idx=4/8/0 path=BottomUI/DChatWindow/__codex_mobile_chattxt name=__codex_mobile_chattxt item=(null) title=(null) url=(null) rect=651.94,736.25,418,81.94 internal gfx=null touchable=False visible=True
[2026-08-09 09:26:10] FairyGUI: HUD底栏绑定 ExpBar=idx=4/16 path=BottomUI/DExpBar name=DExpBar item=DExpBar title=(null) url=ui://jk0io98jv9b11f rect=923.88,825.31,288.56,26.13 exported gfx=null touchable=True visible=True
[2026-08-09 09:26:10] FairyGUI: HUD底栏绑定 Volume=idx=4/33 path=BottomUI/textVolume name=textVolume item=(null) title=(null) url=(null) rect=1295.56,821.75,79.56,32.06 internal gfx=gfx:2048x2048/root=2048x2048/rot=0/pkg:null touchable=True visible=True
[2026-08-09 09:26:12] FairyGUI: HUD底栏绑定 Level=idx=4/14/1 path=BottomUI/DLevel/DLevelText name=DLevelText item=(null) title=(null) url=(null) rect=381.19,827.69,92.63,20.19 internal gfx=gfx:2048x2048/root=2048x2048/rot=0/pkg:null touchable=True visible=True
[2026-08-09 09:26:12] FairyGUI: HUD底栏绑定 Weight=idx=4/8/0 path=BottomUI/DChatWindow/__codex_mobile_chattxt name=__codex_mobile_chattxt item=(null) title=(null) url=(null) rect=651.94,736.25,418,81.94 internal gfx=null touchable=False visible=True
[2026-08-09 09:26:12] FairyGUI: HUD底栏绑定 ExpBar=idx=4/16 path=BottomUI/DExpBar name=DExpBar item=DExpBar title=(null) url=ui://jk0io98jv9b11f rect=923.88,825.31,288.56,26.13 exported gfx=null touchable=True visible=True
[2026-08-09 09:26:12] FairyGUI: HUD底栏绑定 Volume=idx=4/33 path=BottomUI/textVolume name=textVolume item=(null) title=(null) url=(null) rect=1295.56,821.75,79.56,32.06 internal gfx=gfx:2048x2048/root=2048x2048/rot=0/pkg:null touchable=True visible=True
[2026-08-09 09:26:14] FairyGUI: HUD底栏绑定 Level=idx=4/14/1 path=BottomUI/DLevel/DLevelText name=DLevelText item=(null) title=(null) url=(null) rect=381.19,827.69,92.63,20.19 internal gfx=gfx:2048x2048/root=2048x2048/rot=0/pkg:null touchable=True visible=True
[2026-08-09 09:26:14] FairyGUI: HUD底栏绑定 Weight=idx=4/8/0 path=BottomUI/DChatWindow/__codex_mobile_chattxt name=__codex_mobile_chattxt item=(null) title=(null) url=(null) rect=651.94,736.25,418,81.94 internal gfx=null touchable=False visible=True
[2026-08-09 09:26:14] FairyGUI: HUD底栏绑定 ExpBar=idx=4/16 path=BottomUI/DExpBar name=DExpBar item=DExpBar title=(null) url=ui://jk0io98jv9b11f rect=923.88,825.31,288.56,26.13 exported gfx=null touchable=True visible=True
[2026-08-09 09:26:14] FairyGUI: HUD底栏绑定 Volume=idx=4/33 path=BottomUI/textVolume name=textVolume item=(null) title=(null) url=(null) rect=1295.56,821.75,79.56,32.06 internal gfx=gfx:2048x2048/root=2048x2048/rot=0/pkg:null touchable=True visible=True
[2026-08-09 09:26:16] FairyGUI: HUD底栏绑定 Level=idx=4/14/1 path=BottomUI/DLevel/DLevelText name=DLevelText item=(null) title=(null) url=(null) rect=381.19,827.69,92.63,20.19 internal gfx=gfx:2048x2048/root=2048x2048/rot=0/pkg:null touchable=True visible=True
[2026-08-09 09:26:16] FairyGUI: HUD底栏绑定 Weight=idx=4/8/0 path=BottomUI/DChatWindow/__codex_mobile_chattxt name=__codex_mobile_chattxt item=(null) title=(null) url=(null) rect=651.94,736.25,418,81.94 internal gfx=null touchable=False visible=True
[2026-08-09 09:26:16] FairyGUI: HUD底栏绑定 ExpBar=idx=4/16 path=BottomUI/DExpBar name=DExpBar item=DExpBar title=(null) url=ui://jk0io98jv9b11f rect=923.88,825.31,288.56,26.13 exported gfx=null touchable=True visible=True
[2026-08-09 09:26:16] FairyGUI: HUD底栏绑定 Volume=idx=4/33 path=BottomUI/textVolume name=textVolume item=(null) title=(null) url=(null) rect=1295.56,821.75,79.56,32.06 internal gfx=gfx:2048x2048/root=2048x2048/rot=0/pkg:null touchable=True visible=True
[2026-08-09 09:26:18] FairyGUI: HUD底栏绑定 Level=idx=4/14/1 path=BottomUI/DLevel/DLevelText name=DLevelText item=(null) title=(null) url=(null) rect=381.19,827.69,92.63,20.19 internal gfx=gfx:2048x2048/root=2048x2048/rot=0/pkg:null touchable=True visible=True
[2026-08-09 09:26:18] FairyGUI: HUD底栏绑定 Weight=idx=4/8/0 path=BottomUI/DChatWindow/__codex_mobile_chattxt name=__codex_mobile_chattxt item=(null) title=(null) url=(null) rect=651.94,736.25,418,81.94 internal gfx=null touchable=False visible=True
[2026-08-09 09:26:18] FairyGUI: HUD底栏绑定 ExpBar=idx=4/16 path=BottomUI/DExpBar name=DExpBar item=DExpBar title=(null) url=ui://jk0io98jv9b11f rect=923.88,825.31,288.56,26.13 exported gfx=null touchable=True visible=True
[2026-08-09 09:26:18] FairyGUI: HUD底栏绑定 Volume=idx=4/33 path=BottomUI/textVolume name=textVolume item=(null) title=(null) url=(null) rect=1295.56,821.75,79.56,32.06 internal gfx=gfx:2048x2048/root=2048x2048/rot=0/pkg:null touchable=True visible=True
[2026-08-09 09:26:20] FairyGUI: HUD底栏绑定 Level=idx=4/14/1 path=BottomUI/DLevel/DLevelText name=DLevelText item=(null) title=(null) url=(null) rect=381.19,827.69,92.63,20.19 internal gfx=gfx:2048x2048/root=2048x2048/rot=0/pkg:null touchable=True visible=True
[2026-08-09 09:26:20] FairyGUI: HUD底栏绑定 Weight=idx=4/8/0 path=BottomUI/DChatWindow/__codex_mobile_chattxt name=__codex_mobile_chattxt item=(null) title=(null) url=(null) rect=651.94,736.25,418,81.94 internal gfx=null touchable=False visible=True
[2026-08-09 09:26:20] FairyGUI: HUD底栏绑定 ExpBar=idx=4/16 path=BottomUI/DExpBar name=DExpBar item=DExpBar title=(null) url=ui://jk0io98jv9b11f rect=923.88,825.31,288.56,26.13 exported gfx=null touchable=True visible=True
[2026-08-09 09:26:20] FairyGUI: HUD底栏绑定 Volume=idx=4/33 path=BottomUI/textVolume name=textVolume item=(null) title=(null) url=(null) rect=1295.56,821.75,79.56,32.06 internal gfx=gfx:2048x2048/root=2048x2048/rot=0/pkg:null touchable=True visible=True
[2026-08-09 09:26:22] FairyGUI: HUD底栏绑定 Level=idx=4/14/1 path=BottomUI/DLevel/DLevelText name=DLevelText item=(null) title=(null) url=(null) rect=381.19,827.69,92.63,20.19 internal gfx=gfx:2048x2048/root=2048x2048/rot=0/pkg:null touchable=True visible=True
[2026-08-09 09:26:22] FairyGUI: HUD底栏绑定 Weight=idx=4/8/0 path=BottomUI/DChatWindow/__codex_mobile_chattxt name=__codex_mobile_chattxt item=(null) title=(null) url=(null) rect=651.94,736.25,418,81.94 internal gfx=null touchable=False visible=True
[2026-08-09 09:26:22] FairyGUI: HUD底栏绑定 ExpBar=idx=4/16 path=BottomUI/DExpBar name=DExpBar item=DExpBar title=(null) url=ui://jk0io98jv9b11f rect=923.88,825.31,288.56,26.13 exported gfx=null touchable=True visible=True
[2026-08-09 09:26:22] FairyGUI: HUD底栏绑定 Volume=idx=4/33 path=BottomUI/textVolume name=textVolume item=(null) title=(null) url=(null) rect=1295.56,821.75,79.56,32.06 internal gfx=gfx:2048x2048/root=2048x2048/rot=0/pkg:null touchable=True visible=True
[2026-08-09 09:26:24] FairyGUI: HUD底栏绑定 Level=idx=4/14/1 path=BottomUI/DLevel/DLevelText name=DLevelText item=(null) title=(null) url=(null) rect=381.19,827.69,92.63,20.19 internal gfx=gfx:2048x2048/root=2048x2048/rot=0/pkg:null touchable=True visible=True
[2026-08-09 09:26:24] FairyGUI: HUD底栏绑定 Weight=idx=4/8/0 path=BottomUI/DChatWindow/__codex_mobile_chattxt name=__codex_mobile_chattxt item=(null) title=(null) url=(null) rect=651.94,736.25,418,81.94 internal gfx=null touchable=False visible=True
[2026-08-09 09:26:24] FairyGUI: HUD底栏绑定 ExpBar=idx=4/16 path=BottomUI/DExpBar name=DExpBar item=DExpBar title=(null) url=ui://jk0io98jv9b11f rect=923.88,825.31,288.56,26.13 exported gfx=null touchable=True visible=True
[2026-08-09 09:26:24] FairyGUI: HUD底栏绑定 Volume=idx=4/33 path=BottomUI/textVolume name=textVolume item=(null) title=(null) url=(null) rect=1295.56,821.75,79.56,32.06 internal gfx=gfx:2048x2048/root=2048x2048/rot=0/pkg:null touchable=True visible=True
[2026-08-09 09:26:26] FairyGUI: HUD底栏绑定 Level=idx=4/14/1 path=BottomUI/DLevel/DLevelText name=DLevelText item=(null) title=(null) url=(null) rect=381.19,827.69,92.63,20.19 internal gfx=gfx:2048x2048/root=2048x2048/rot=0/pkg:null touchable=True visible=True
[2026-08-09 09:26:26] FairyGUI: HUD底栏绑定 Weight=idx=4/8/0 path=BottomUI/DChatWindow/__codex_mobile_chattxt name=__codex_mobile_chattxt item=(null) title=(null) url=(null) rect=651.94,736.25,418,81.94 internal gfx=null touchable=False visible=True
[2026-08-09 09:26:26] FairyGUI: HUD底栏绑定 ExpBar=idx=4/16 path=BottomUI/DExpBar name=DExpBar item=DExpBar title=(null) url=ui://jk0io98jv9b11f rect=923.88,825.31,288.56,26.13 exported gfx=null touchable=True visible=True
[2026-08-09 09:26:26] FairyGUI: HUD底栏绑定 Volume=idx=4/33 path=BottomUI/textVolume name=textVolume item=(null) title=(null) url=(null) rect=1295.56,821.75,79.56,32.06 internal gfx=gfx:2048x2048/root=2048x2048/rot=0/pkg:null touchable=True visible=True
[2026-08-09 09:26:28] FairyGUI: HUD底栏绑定 Level=idx=4/14/1 path=BottomUI/DLevel/DLevelText name=DLevelText item=(null) title=(null) url=(null) rect=381.19,827.69,92.63,20.19 internal gfx=gfx:2048x2048/root=2048x2048/rot=0/pkg:null touchable=True visible=True
[2026-08-09 09:26:28] FairyGUI: HUD底栏绑定 Weight=idx=4/8/0 path=BottomUI/DChatWindow/__codex_mobile_chattxt name=__codex_mobile_chattxt item=(null) title=(null) url=(null) rect=651.94,736.25,418,81.94 internal gfx=null touchable=False visible=True
[2026-08-09 09:26:28] FairyGUI: HUD底栏绑定 ExpBar=idx=4/16 path=BottomUI/DExpBar name=DExpBar item=DExpBar title=(null) url=ui://jk0io98jv9b11f rect=923.88,825.31,288.56,26.13 exported gfx=null touchable=True visible=True
[2026-08-09 09:26:28] FairyGUI: HUD底栏绑定 Volume=idx=4/33 path=BottomUI/textVolume name=textVolume item=(null) title=(null) url=(null) rect=1295.56,821.75,79.56,32.06 internal gfx=gfx:2048x2048/root=2048x2048/rot=0/pkg:null touchable=True visible=True
[2026-08-09 09:26:30] FairyGUI: HUD底栏绑定 Level=idx=4/14/1 path=BottomUI/DLevel/DLevelText name=DLevelText item=(null) title=(null) url=(null) rect=381.19,827.69,92.63,20.19 internal gfx=gfx:2048x2048/root=2048x2048/rot=0/pkg:null touchable=True visible=True
[2026-08-09 09:26:30] FairyGUI: HUD底栏绑定 Weight=idx=4/8/0 path=BottomUI/DChatWindow/__codex_mobile_chattxt name=__codex_mobile_chattxt item=(null) title=(null) url=(null) rect=651.94,736.25,418,81.94 internal gfx=null touchable=False visible=True
[2026-08-09 09:26:30] FairyGUI: HUD底栏绑定 ExpBar=idx=4/16 path=BottomUI/DExpBar name=DExpBar item=DExpBar title=(null) url=ui://jk0io98jv9b11f rect=923.88,825.31,288.56,26.13 exported gfx=null touchable=True visible=True
[2026-08-09 09:26:30] FairyGUI: HUD底栏绑定 Volume=idx=4/33 path=BottomUI/textVolume name=textVolume item=(null) title=(null) url=(null) rect=1295.56,821.75,79.56,32.06 internal gfx=gfx:2048x2048/root=2048x2048/rot=0/pkg:null touchable=True visible=True
[2026-08-09 09:26:32] FairyGUI: HUD底栏绑定 Level=idx=4/14/1 path=BottomUI/DLevel/DLevelText name=DLevelText item=(null) title=(null) url=(null) rect=381.19,827.69,92.63,20.19 internal gfx=gfx:2048x2048/root=2048x2048/rot=0/pkg:null touchable=True visible=True
[2026-08-09 09:26:32] FairyGUI: HUD底栏绑定 Weight=idx=4/8/0 path=BottomUI/DChatWindow/__codex_mobile_chattxt name=__codex_mobile_chattxt item=(null) title=(null) url=(null) rect=651.94,736.25,418,81.94 internal gfx=null touchable=False visible=True
[2026-08-09 09:26:32] FairyGUI: HUD底栏绑定 ExpBar=idx=4/16 path=BottomUI/DExpBar name=DExpBar item=DExpBar title=(null) url=ui://jk0io98jv9b11f rect=923.88,825.31,288.56,26.13 exported gfx=null touchable=True visible=True
[2026-08-09 09:26:32] FairyGUI: HUD底栏绑定 Volume=idx=4/33 path=BottomUI/textVolume name=textVolume item=(null) title=(null) url=(null) rect=1295.56,821.75,79.56,32.06 internal gfx=gfx:2048x2048/root=2048x2048/rot=0/pkg:null touchable=True visible=True
[2026-08-09 09:26:34] FairyGUI: HUD底栏绑定 Level=idx=4/14/1 path=BottomUI/DLevel/DLevelText name=DLevelText item=(null) title=(null) url=(null) rect=381.19,827.69,92.63,20.19 internal gfx=gfx:2048x2048/root=2048x2048/rot=0/pkg:null touchable=True visible=True
[2026-08-09 09:26:34] FairyGUI: HUD底栏绑定 Weight=idx=4/8/0 path=BottomUI/DChatWindow/__codex_mobile_chattxt name=__codex_mobile_chattxt item=(null) title=(null) url=(null) rect=651.94,736.25,418,81.94 internal gfx=null touchable=False visible=True
[2026-08-09 09:26:34] FairyGUI: HUD底栏绑定 ExpBar=idx=4/16 path=BottomUI/DExpBar name=DExpBar item=DExpBar title=(null) url=ui://jk0io98jv9b11f rect=923.88,825.31,288.56,26.13 exported gfx=null touchable=True visible=True
[2026-08-09 09:26:34] FairyGUI: HUD底栏绑定 Volume=idx=4/33 path=BottomUI/textVolume name=textVolume item=(null) title=(null) url=(null) rect=1295.56,821.75,79.56,32.06 internal gfx=gfx:2048x2048/root=2048x2048/rot=0/pkg:null touchable=True visible=True
[2026-08-09 09:26:36] FairyGUI: HUD底栏绑定 Level=idx=4/14/1 path=BottomUI/DLevel/DLevelText name=DLevelText item=(null) title=(null) url=(null) rect=381.19,827.69,92.63,20.19 internal gfx=gfx:2048x2048/root=2048x2048/rot=0/pkg:null touchable=True visible=True
[2026-08-09 09:26:36] FairyGUI: HUD底栏绑定 Weight=idx=4/8/0 path=BottomUI/DChatWindow/__codex_mobile_chattxt name=__codex_mobile_chattxt item=(null) title=(null) url=(null) rect=651.94,736.25,418,81.94 internal gfx=null touchable=False visible=True
[2026-08-09 09:26:36] FairyGUI: HUD底栏绑定 ExpBar=idx=4/16 path=BottomUI/DExpBar name=DExpBar item=DExpBar title=(null) url=ui://jk0io98jv9b11f rect=923.88,825.31,288.56,26.13 exported gfx=null touchable=True visible=True
[2026-08-09 09:26:36] FairyGUI: HUD底栏绑定 Volume=idx=4/33 path=BottomUI/textVolume name=textVolume item=(null) title=(null) url=(null) rect=1295.56,821.75,79.56,32.06 internal gfx=gfx:2048x2048/root=2048x2048/rot=0/pkg:null touchable=True visible=True
[2026-08-09 09:26:38] FairyGUI: HUD底栏绑定 Level=idx=4/14/1 path=BottomUI/DLevel/DLevelText name=DLevelText item=(null) title=(null) url=(null) rect=381.19,827.69,92.63,20.19 internal gfx=gfx:2048x2048/root=2048x2048/rot=0/pkg:null touchable=True visible=True
[2026-08-09 09:26:38] FairyGUI: HUD底栏绑定 Weight=idx=4/8/0 path=BottomUI/DChatWindow/__codex_mobile_chattxt name=__codex_mobile_chattxt item=(null) title=(null) url=(null) rect=651.94,736.25,418,81.94 internal gfx=null touchable=False visible=True
[2026-08-09 09:26:38] FairyGUI: HUD底栏绑定 ExpBar=idx=4/16 path=BottomUI/DExpBar name=DExpBar item=DExpBar title=(null) url=ui://jk0io98jv9b11f rect=923.88,825.31,288.56,26.13 exported gfx=null touchable=True visible=True
[2026-08-09 09:26:38] FairyGUI: HUD底栏绑定 Volume=idx=4/33 path=BottomUI/textVolume name=textVolume item=(null) title=(null) url=(null) rect=1295.56,821.75,79.56,32.06 internal gfx=gfx:2048x2048/root=2048x2048/rot=0/pkg:null touchable=True visible=True
[2026-08-09 09:26:40] FairyGUI: HUD底栏绑定 Level=idx=4/14/1 path=BottomUI/DLevel/DLevelText name=DLevelText item=(null) title=(null) url=(null) rect=381.19,827.69,92.63,20.19 internal gfx=gfx:2048x2048/root=2048x2048/rot=0/pkg:null touchable=True visible=True
[2026-08-09 09:26:40] FairyGUI: HUD底栏绑定 Weight=idx=4/8/0 path=BottomUI/DChatWindow/__codex_mobile_chattxt name=__codex_mobile_chattxt item=(null) title=(null) url=(null) rect=651.94,736.25,418,81.94 internal gfx=null touchable=False visible=True
[2026-08-09 09:26:40] FairyGUI: HUD底栏绑定 ExpBar=idx=4/16 path=BottomUI/DExpBar name=DExpBar item=DExpBar title=(null) url=ui://jk0io98jv9b11f rect=923.88,825.31,288.56,26.13 exported gfx=null touchable=True visible=True
[2026-08-09 09:26:40] FairyGUI: HUD底栏绑定 Volume=idx=4/33 path=BottomUI/textVolume name=textVolume item=(null) title=(null) url=(null) rect=1295.56,821.75,79.56,32.06 internal gfx=gfx:2048x2048/root=2048x2048/rot=0/pkg:null touchable=True visible=True
[2026-08-09 09:26:42] FairyGUI: HUD底栏绑定 Level=idx=4/14/1 path=BottomUI/DLevel/DLevelText name=DLevelText item=(null) title=(null) url=(null) rect=381.19,827.69,92.63,20.19 internal gfx=gfx:2048x2048/root=2048x2048/rot=0/pkg:null touchable=True visible=True
[2026-08-09 09:26:42] FairyGUI: HUD底栏绑定 Weight=idx=4/8/0 path=BottomUI/DChatWindow/__codex_mobile_chattxt name=__codex_mobile_chattxt item=(null) title=(null) url=(null) rect=651.94,736.25,418,81.94 internal gfx=null touchable=False visible=True
[2026-08-09 09:26:42] FairyGUI: HUD底栏绑定 ExpBar=idx=4/16 path=BottomUI/DExpBar name=DExpBar item=DExpBar title=(null) url=ui://jk0io98jv9b11f rect=923.88,825.31,288.56,26.13 exported gfx=null touchable=True visible=True
[2026-08-09 09:26:42] FairyGUI: HUD底栏绑定 Volume=idx=4/33 path=BottomUI/textVolume name=textVolume item=(null) title=(null) url=(null) rect=1295.56,821.75,79.56,32.06 internal gfx=gfx:2048x2048/root=2048x2048/rot=0/pkg:null touchable=True visible=True
[2026-08-09 09:26:44] FairyGUI: HUD底栏绑定 Level=idx=4/14/1 path=BottomUI/DLevel/DLevelText name=DLevelText item=(null) title=(null) url=(null) rect=381.19,827.69,92.63,20.19 internal gfx=gfx:2048x2048/root=2048x2048/rot=0/pkg:null touchable=True visible=True
[2026-08-09 09:26:44] FairyGUI: HUD底栏绑定 Weight=idx=4/8/0 path=BottomUI/DChatWindow/__codex_mobile_chattxt name=__codex_mobile_chattxt item=(null) title=(null) url=(null) rect=651.94,736.25,418,81.94 internal gfx=null touchable=False visible=True
[2026-08-09 09:26:44] FairyGUI: HUD底栏绑定 ExpBar=idx=4/16 path=BottomUI/DExpBar name=DExpBar item=DExpBar title=(null) url=ui://jk0io98jv9b11f rect=923.88,825.31,288.56,26.13 exported gfx=null touchable=True visible=True
[2026-08-09 09:26:44] FairyGUI: HUD底栏绑定 Volume=idx=4/33 path=BottomUI/textVolume name=textVolume item=(null) title=(null) url=(null) rect=1295.56,821.75,79.56,32.06 internal gfx=gfx:2048x2048/root=2048x2048/rot=0/pkg:null touchable=True visible=True
[2026-08-09 09:26:46] FairyGUI: HUD底栏绑定 Level=idx=4/14/1 path=BottomUI/DLevel/DLevelText name=DLevelText item=(null) title=(null) url=(null) rect=381.19,827.69,92.63,20.19 internal gfx=gfx:2048x2048/root=2048x2048/rot=0/pkg:null touchable=True visible=True
[2026-08-09 09:26:46] FairyGUI: HUD底栏绑定 Weight=idx=4/8/0 path=BottomUI/DChatWindow/__codex_mobile_chattxt name=__codex_mobile_chattxt item=(null) title=(null) url=(null) rect=651.94,736.25,418,81.94 internal gfx=null touchable=False visible=True
[2026-08-09 09:26:46] FairyGUI: HUD底栏绑定 ExpBar=idx=4/16 path=BottomUI/DExpBar name=DExpBar item=DExpBar title=(null) url=ui://jk0io98jv9b11f rect=923.88,825.31,288.56,26.13 exported gfx=null touchable=True visible=True
[2026-08-09 09:26:46] FairyGUI: HUD底栏绑定 Volume=idx=4/33 path=BottomUI/textVolume name=textVolume item=(null) title=(null) url=(null) rect=1295.56,821.75,79.56,32.06 internal gfx=gfx:2048x2048/root=2048x2048/rot=0/pkg:null touchable=True visible=True
[2026-08-09 09:26:48] FairyGUI: HUD底栏绑定 Level=idx=4/14/1 path=BottomUI/DLevel/DLevelText name=DLevelText item=(null) title=(null) url=(null) rect=381.19,827.69,92.63,20.19 internal gfx=gfx:2048x2048/root=2048x2048/rot=0/pkg:null touchable=True visible=True
[2026-08-09 09:26:48] FairyGUI: HUD底栏绑定 Weight=idx=4/8/0 path=BottomUI/DChatWindow/__codex_mobile_chattxt name=__codex_mobile_chattxt item=(null) title=(null) url=(null) rect=651.94,736.25,418,81.94 internal gfx=null touchable=False visible=True
[2026-08-09 09:26:48] FairyGUI: HUD底栏绑定 ExpBar=idx=4/16 path=BottomUI/DExpBar name=DExpBar item=DExpBar title=(null) url=ui://jk0io98jv9b11f rect=923.88,825.31,288.56,26.13 exported gfx=null touchable=True visible=True
[2026-08-09 09:26:48] FairyGUI: HUD底栏绑定 Volume=idx=4/33 path=BottomUI/textVolume name=textVolume item=(null) title=(null) url=(null) rect=1295.56,821.75,79.56,32.06 internal gfx=gfx:2048x2048/root=2048x2048/rot=0/pkg:null touchable=True visible=True
[2026-08-09 09:26:50] FairyGUI: HUD底栏绑定 Level=idx=4/14/1 path=BottomUI/DLevel/DLevelText name=DLevelText item=(null) title=(null) url=(null) rect=381.19,827.69,92.63,20.19 internal gfx=gfx:2048x2048/root=2048x2048/rot=0/pkg:null touchable=True visible=True
[2026-08-09 09:26:50] FairyGUI: HUD底栏绑定 Weight=idx=4/8/0 path=BottomUI/DChatWindow/__codex_mobile_chattxt name=__codex_mobile_chattxt item=(null) title=(null) url=(null) rect=651.94,736.25,418,81.94 internal gfx=null touchable=False visible=True
[2026-08-09 09:26:50] FairyGUI: HUD底栏绑定 ExpBar=idx=4/16 path=BottomUI/DExpBar name=DExpBar item=DExpBar title=(null) url=ui://jk0io98jv9b11f rect=923.88,825.31,288.56,26.13 exported gfx=null touchable=True visible=True
[2026-08-09 09:26:50] FairyGUI: HUD底栏绑定 Volume=idx=4/33 path=BottomUI/textVolume name=textVolume item=(null) title=(null) url=(null) rect=1295.56,821.75,79.56,32.06 internal gfx=gfx:2048x2048/root=2048x2048/rot=0/pkg:null touchable=True visible=True
[2026-08-09 09:26:52] FairyGUI: HUD底栏绑定 Level=idx=4/14/1 path=BottomUI/DLevel/DLevelText name=DLevelText item=(null) title=(null) url=(null) rect=381.19,827.69,92.63,20.19 internal gfx=gfx:2048x2048/root=2048x2048/rot=0/pkg:null touchable=True visible=True
[2026-08-09 09:26:52] FairyGUI: HUD底栏绑定 Weight=idx=4/8/0 path=BottomUI/DChatWindow/__codex_mobile_chattxt name=__codex_mobile_chattxt item=(null) title=(null) url=(null) rect=651.94,736.25,418,81.94 internal gfx=null touchable=False visible=True
[2026-08-09 09:26:52] FairyGUI: HUD底栏绑定 ExpBar=idx=4/16 path=BottomUI/DExpBar name=DExpBar item=DExpBar title=(null) url=ui://jk0io98jv9b11f rect=923.88,825.31,288.56,26.13 exported gfx=null touchable=True visible=True
[2026-08-09 09:26:52] FairyGUI: HUD底栏绑定 Volume=idx=4/33 path=BottomUI/textVolume name=textVolume item=(null) title=(null) url=(null) rect=1295.56,821.75,79.56,32.06 internal gfx=gfx:2048x2048/root=2048x2048/rot=0/pkg:null touchable=True visible=True
[2026-08-09 09:26:54] FairyGUI: HUD底栏绑定 Level=idx=4/14/1 path=BottomUI/DLevel/DLevelText name=DLevelText item=(null) title=(null) url=(null) rect=381.19,827.69,92.63,20.19 internal gfx=gfx:2048x2048/root=2048x2048/rot=0/pkg:null touchable=True visible=True
[2026-08-09 09:26:54] FairyGUI: HUD底栏绑定 Weight=idx=4/8/0 path=BottomUI/DChatWindow/__codex_mobile_chattxt name=__codex_mobile_chattxt item=(null) title=(null) url=(null) rect=651.94,736.25,418,81.94 internal gfx=null touchable=False visible=True
[2026-08-09 09:26:54] FairyGUI: HUD底栏绑定 ExpBar=idx=4/16 path=BottomUI/DExpBar name=DExpBar item=DExpBar title=(null) url=ui://jk0io98jv9b11f rect=923.88,825.31,288.56,26.13 exported gfx=null touchable=True visible=True
[2026-08-09 09:26:54] FairyGUI: HUD底栏绑定 Volume=idx=4/33 path=BottomUI/textVolume name=textVolume item=(null) title=(null) url=(null) rect=1295.56,821.75,79.56,32.06 internal gfx=gfx:2048x2048/root=2048x2048/rot=0/pkg:null touchable=True visible=True
[2026-08-09 09:26:56] FairyGUI: HUD底栏绑定 Level=idx=4/14/1 path=BottomUI/DLevel/DLevelText name=DLevelText item=(null) title=(null) url=(null) rect=381.19,827.69,92.63,20.19 internal gfx=gfx:2048x2048/root=2048x2048/rot=0/pkg:null touchable=True visible=True
[2026-08-09 09:26:56] FairyGUI: HUD底栏绑定 Weight=idx=4/8/0 path=BottomUI/DChatWindow/__codex_mobile_chattxt name=__codex_mobile_chattxt item=(null) title=(null) url=(null) rect=651.94,736.25,418,81.94 internal gfx=null touchable=False visible=True
[2026-08-09 09:26:56] FairyGUI: HUD底栏绑定 ExpBar=idx=4/16 path=BottomUI/DExpBar name=DExpBar item=DExpBar title=(null) url=ui://jk0io98jv9b11f rect=923.88,825.31,288.56,26.13 exported gfx=null touchable=True visible=True
[2026-08-09 09:26:56] FairyGUI: HUD底栏绑定 Volume=idx=4/33 path=BottomUI/textVolume name=textVolume item=(null) title=(null) url=(null) rect=1295.56,821.75,79.56,32.06 internal gfx=gfx:2048x2048/root=2048x2048/rot=0/pkg:null touchable=True visible=True
[2026-08-09 09:26:59] FairyGUI: HUD底栏绑定 Level=idx=4/14/1 path=BottomUI/DLevel/DLevelText name=DLevelText item=(null) title=(null) url=(null) rect=381.19,827.69,92.63,20.19 internal gfx=gfx:2048x2048/root=2048x2048/rot=0/pkg:null touchable=True visible=True
[2026-08-09 09:26:59] FairyGUI: HUD底栏绑定 Weight=idx=4/8/0 path=BottomUI/DChatWindow/__codex_mobile_chattxt name=__codex_mobile_chattxt item=(null) title=(null) url=(null) rect=651.94,736.25,418,81.94 internal gfx=null touchable=False visible=True
[2026-08-09 09:26:59] FairyGUI: HUD底栏绑定 ExpBar=idx=4/16 path=BottomUI/DExpBar name=DExpBar item=DExpBar title=(null) url=ui://jk0io98jv9b11f rect=923.88,825.31,288.56,26.13 exported gfx=null touchable=True visible=True
[2026-08-09 09:26:59] FairyGUI: HUD底栏绑定 Volume=idx=4/33 path=BottomUI/textVolume name=textVolume item=(null) title=(null) url=(null) rect=1295.56,821.75,79.56,32.06 internal gfx=gfx:2048x2048/root=2048x2048/rot=0/pkg:null touchable=True visible=True
[2026-08-09 09:27:01] FairyGUI: HUD底栏绑定 Level=idx=4/14/1 path=BottomUI/DLevel/DLevelText name=DLevelText item=(null) title=(null) url=(null) rect=381.19,827.69,92.63,20.19 internal gfx=gfx:2048x2048/root=2048x2048/rot=0/pkg:null touchable=True visible=True
[2026-08-09 09:27:01] FairyGUI: HUD底栏绑定 Weight=idx=4/8/0 path=BottomUI/DChatWindow/__codex_mobile_chattxt name=__codex_mobile_chattxt item=(null) title=(null) url=(null) rect=651.94,736.25,418,81.94 internal gfx=null touchable=False visible=True
[2026-08-09 09:27:01] FairyGUI: HUD底栏绑定 ExpBar=idx=4/16 path=BottomUI/DExpBar name=DExpBar item=DExpBar title=(null) url=ui://jk0io98jv9b11f rect=923.88,825.31,288.56,26.13 exported gfx=null touchable=True visible=True
[2026-08-09 09:27:01] FairyGUI: HUD底栏绑定 Volume=idx=4/33 path=BottomUI/textVolume name=textVolume item=(null) title=(null) url=(null) rect=1295.56,821.75,79.56,32.06 internal gfx=gfx:2048x2048/root=2048x2048/rot=0/pkg:null touchable=True visible=True
[2026-08-09 09:27:03] FairyGUI: HUD底栏绑定 Level=idx=4/14/1 path=BottomUI/DLevel/DLevelText name=DLevelText item=(null) title=(null) url=(null) rect=381.19,827.69,92.63,20.19 internal gfx=gfx:2048x2048/root=2048x2048/rot=0/pkg:null touchable=True visible=True
[2026-08-09 09:27:03] FairyGUI: HUD底栏绑定 Weight=idx=4/8/0 path=BottomUI/DChatWindow/__codex_mobile_chattxt name=__codex_mobile_chattxt item=(null) title=(null) url=(null) rect=651.94,736.25,418,81.94 internal gfx=null touchable=False visible=True
[2026-08-09 09:27:03] FairyGUI: HUD底栏绑定 ExpBar=idx=4/16 path=BottomUI/DExpBar name=DExpBar item=DExpBar title=(null) url=ui://jk0io98jv9b11f rect=923.88,825.31,288.56,26.13 exported gfx=null touchable=True visible=True
[2026-08-09 09:27:03] FairyGUI: HUD底栏绑定 Volume=idx=4/33 path=BottomUI/textVolume name=textVolume item=(null) title=(null) url=(null) rect=1295.56,821.75,79.56,32.06 internal gfx=gfx:2048x2048/root=2048x2048/rot=0/pkg:null touchable=True visible=True
[2026-08-09 09:27:05] FairyGUI: HUD底栏绑定 Level=idx=4/14/1 path=BottomUI/DLevel/DLevelText name=DLevelText item=(null) title=(null) url=(null) rect=381.19,827.69,92.63,20.19 internal gfx=gfx:2048x2048/root=2048x2048/rot=0/pkg:null touchable=True visible=True
[2026-08-09 09:27:05] FairyGUI: HUD底栏绑定 Weight=idx=4/8/0 path=BottomUI/DChatWindow/__codex_mobile_chattxt name=__codex_mobile_chattxt item=(null) title=(null) url=(null) rect=651.94,736.25,418,81.94 internal gfx=null touchable=False visible=True
[2026-08-09 09:27:05] FairyGUI: HUD底栏绑定 ExpBar=idx=4/16 path=BottomUI/DExpBar name=DExpBar item=DExpBar title=(null) url=ui://jk0io98jv9b11f rect=923.88,825.31,288.56,26.13 exported gfx=null touchable=True visible=True
[2026-08-09 09:27:05] FairyGUI: HUD底栏绑定 Volume=idx=4/33 path=BottomUI/textVolume name=textVolume item=(null) title=(null) url=(null) rect=1295.56,821.75,79.56,32.06 internal gfx=gfx:2048x2048/root=2048x2048/rot=0/pkg:null touchable=True visible=True
[2026-08-09 09:27:07] FairyGUI: HUD底栏绑定 Level=idx=4/14/1 path=BottomUI/DLevel/DLevelText name=DLevelText item=(null) title=(null) url=(null) rect=381.19,827.69,92.63,20.19 internal gfx=gfx:2048x2048/root=2048x2048/rot=0/pkg:null touchable=True visible=True
[2026-08-09 09:27:07] FairyGUI: HUD底栏绑定 Weight=idx=4/8/0 path=BottomUI/DChatWindow/__codex_mobile_chattxt name=__codex_mobile_chattxt item=(null) title=(null) url=(null) rect=651.94,736.25,418,81.94 internal gfx=null touchable=False visible=True
[2026-08-09 09:27:07] FairyGUI: HUD底栏绑定 ExpBar=idx=4/16 path=BottomUI/DExpBar name=DExpBar item=DExpBar title=(null) url=ui://jk0io98jv9b11f rect=923.88,825.31,288.56,26.13 exported gfx=null touchable=True visible=True
[2026-08-09 09:27:07] FairyGUI: HUD底栏绑定 Volume=idx=4/33 path=BottomUI/textVolume name=textVolume item=(null) title=(null) url=(null) rect=1295.56,821.75,79.56,32.06 internal gfx=gfx:2048x2048/root=2048x2048/rot=0/pkg:null touchable=True visible=True
[2026-08-09 09:27:09] FairyGUI: HUD底栏绑定 Level=idx=4/14/1 path=BottomUI/DLevel/DLevelText name=DLevelText item=(null) title=(null) url=(null) rect=381.19,827.69,92.63,20.19 internal gfx=gfx:2048x2048/root=2048x2048/rot=0/pkg:null touchable=True visible=True
[2026-08-09 09:27:09] FairyGUI: HUD底栏绑定 Weight=idx=4/8/0 path=BottomUI/DChatWindow/__codex_mobile_chattxt name=__codex_mobile_chattxt item=(null) title=(null) url=(null) rect=651.94,736.25,418,81.94 internal gfx=null touchable=False visible=True
[2026-08-09 09:27:09] FairyGUI: HUD底栏绑定 ExpBar=idx=4/16 path=BottomUI/DExpBar name=DExpBar item=DExpBar title=(null) url=ui://jk0io98jv9b11f rect=923.88,825.31,288.56,26.13 exported gfx=null touchable=True visible=True
[2026-08-09 09:27:09] FairyGUI: HUD底栏绑定 Volume=idx=4/33 path=BottomUI/textVolume name=textVolume item=(null) title=(null) url=(null) rect=1295.56,821.75,79.56,32.06 internal gfx=gfx:2048x2048/root=2048x2048/rot=0/pkg:null touchable=True visible=True
[2026-08-09 09:27:11] FairyGUI: HUD底栏绑定 Level=idx=4/14/1 path=BottomUI/DLevel/DLevelText name=DLevelText item=(null) title=(null) url=(null) rect=381.19,827.69,92.63,20.19 internal gfx=gfx:2048x2048/root=2048x2048/rot=0/pkg:null touchable=True visible=True
[2026-08-09 09:27:11] FairyGUI: HUD底栏绑定 Weight=idx=4/8/0 path=BottomUI/DChatWindow/__codex_mobile_chattxt name=__codex_mobile_chattxt item=(null) title=(null) url=(null) rect=651.94,736.25,418,81.94 internal gfx=null touchable=False visible=True
[2026-08-09 09:27:11] FairyGUI: HUD底栏绑定 ExpBar=idx=4/16 path=BottomUI/DExpBar name=DExpBar item=DExpBar title=(null) url=ui://jk0io98jv9b11f rect=923.88,825.31,288.56,26.13 exported gfx=null touchable=True visible=True
[2026-08-09 09:27:11] FairyGUI: HUD底栏绑定 Volume=idx=4/33 path=BottomUI/textVolume name=textVolume item=(null) title=(null) url=(null) rect=1295.56,821.75,79.56,32.06 internal gfx=gfx:2048x2048/root=2048x2048/rot=0/pkg:null touchable=True visible=True
[2026-08-09 09:27:13] FairyGUI: HUD底栏绑定 Level=idx=4/14/1 path=BottomUI/DLevel/DLevelText name=DLevelText item=(null) title=(null) url=(null) rect=381.19,827.69,92.63,20.19 internal gfx=gfx:2048x2048/root=2048x2048/rot=0/pkg:null touchable=True visible=True
[2026-08-09 09:27:13] FairyGUI: HUD底栏绑定 Weight=idx=4/8/0 path=BottomUI/DChatWindow/__codex_mobile_chattxt name=__codex_mobile_chattxt item=(null) title=(null) url=(null) rect=651.94,736.25,418,81.94 internal gfx=null touchable=False visible=True
[2026-08-09 09:27:13] FairyGUI: HUD底栏绑定 ExpBar=idx=4/16 path=BottomUI/DExpBar name=DExpBar item=DExpBar title=(null) url=ui://jk0io98jv9b11f rect=923.88,825.31,288.56,26.13 exported gfx=null touchable=True visible=True
[2026-08-09 09:27:13] FairyGUI: HUD底栏绑定 Volume=idx=4/33 path=BottomUI/textVolume name=textVolume item=(null) title=(null) url=(null) rect=1295.56,821.75,79.56,32.06 internal gfx=gfx:2048x2048/root=2048x2048/rot=0/pkg:null touchable=True visible=True
[2026-08-09 09:27:15] FairyGUI: HUD底栏绑定 Level=idx=4/14/1 path=BottomUI/DLevel/DLevelText name=DLevelText item=(null) title=(null) url=(null) rect=381.19,827.69,92.63,20.19 internal gfx=gfx:2048x2048/root=2048x2048/rot=0/pkg:null touchable=True visible=True
[2026-08-09 09:27:15] FairyGUI: HUD底栏绑定 Weight=idx=4/8/0 path=BottomUI/DChatWindow/__codex_mobile_chattxt name=__codex_mobile_chattxt item=(null) title=(null) url=(null) rect=651.94,736.25,418,81.94 internal gfx=null touchable=False visible=True
[2026-08-09 09:27:15] FairyGUI: HUD底栏绑定 ExpBar=idx=4/16 path=BottomUI/DExpBar name=DExpBar item=DExpBar title=(null) url=ui://jk0io98jv9b11f rect=923.88,825.31,288.56,26.13 exported gfx=null touchable=True visible=True
[2026-08-09 09:27:15] FairyGUI: HUD底栏绑定 Volume=idx=4/33 path=BottomUI/textVolume name=textVolume item=(null) title=(null) url=(null) rect=1295.56,821.75,79.56,32.06 internal gfx=gfx:2048x2048/root=2048x2048/rot=0/pkg:null touchable=True visible=True
[2026-08-09 09:27:17] FairyGUI: HUD底栏绑定 Level=idx=4/14/1 path=BottomUI/DLevel/DLevelText name=DLevelText item=(null) title=(null) url=(null) rect=381.19,827.69,92.63,20.19 internal gfx=gfx:2048x2048/root=2048x2048/rot=0/pkg:null touchable=True visible=True
[2026-08-09 09:27:17] FairyGUI: HUD底栏绑定 Weight=idx=4/8/0 path=BottomUI/DChatWindow/__codex_mobile_chattxt name=__codex_mobile_chattxt item=(null) title=(null) url=(null) rect=651.94,736.25,418,81.94 internal gfx=null touchable=False visible=True
[2026-08-09 09:27:17] FairyGUI: HUD底栏绑定 ExpBar=idx=4/16 path=BottomUI/DExpBar name=DExpBar item=DExpBar title=(null) url=ui://jk0io98jv9b11f rect=923.88,825.31,288.56,26.13 exported gfx=null touchable=True visible=True
[2026-08-09 09:27:17] FairyGUI: HUD底栏绑定 Volume=idx=4/33 path=BottomUI/textVolume name=textVolume item=(null) title=(null) url=(null) rect=1295.56,821.75,79.56,32.06 internal gfx=gfx:2048x2048/root=2048x2048/rot=0/pkg:null touchable=True visible=True
[2026-08-09 09:27:19] FairyGUI: HUD底栏绑定 Level=idx=4/14/1 path=BottomUI/DLevel/DLevelText name=DLevelText item=(null) title=(null) url=(null) rect=381.19,827.69,92.63,20.19 internal gfx=gfx:2048x2048/root=2048x2048/rot=0/pkg:null touchable=True visible=True
[2026-08-09 09:27:19] FairyGUI: HUD底栏绑定 Weight=idx=4/8/0 path=BottomUI/DChatWindow/__codex_mobile_chattxt name=__codex_mobile_chattxt item=(null) title=(null) url=(null) rect=651.94,736.25,418,81.94 internal gfx=null touchable=False visible=True
[2026-08-09 09:27:19] FairyGUI: HUD底栏绑定 ExpBar=idx=4/16 path=BottomUI/DExpBar name=DExpBar item=DExpBar title=(null) url=ui://jk0io98jv9b11f rect=923.88,825.31,288.56,26.13 exported gfx=null touchable=True visible=True
[2026-08-09 09:27:19] FairyGUI: HUD底栏绑定 Volume=idx=4/33 path=BottomUI/textVolume name=textVolume item=(null) title=(null) url=(null) rect=1295.56,821.75,79.56,32.06 internal gfx=gfx:2048x2048/root=2048x2048/rot=0/pkg:null touchable=True visible=True
[2026-08-09 09:27:21] FairyGUI: HUD底栏绑定 Level=idx=4/14/1 path=BottomUI/DLevel/DLevelText name=DLevelText item=(null) title=(null) url=(null) rect=381.19,827.69,92.63,20.19 internal gfx=gfx:2048x2048/root=2048x2048/rot=0/pkg:null touchable=True visible=True
[2026-08-09 09:27:21] FairyGUI: HUD底栏绑定 Weight=idx=4/8/0 path=BottomUI/DChatWindow/__codex_mobile_chattxt name=__codex_mobile_chattxt item=(null) title=(null) url=(null) rect=651.94,736.25,418,81.94 internal gfx=null touchable=False visible=True
[2026-08-09 09:27:21] FairyGUI: HUD底栏绑定 ExpBar=idx=4/16 path=BottomUI/DExpBar name=DExpBar item=DExpBar title=(null) url=ui://jk0io98jv9b11f rect=923.88,825.31,288.56,26.13 exported gfx=null touchable=True visible=True
[2026-08-09 09:27:21] FairyGUI: HUD底栏绑定 Volume=idx=4/33 path=BottomUI/textVolume name=textVolume item=(null) title=(null) url=(null) rect=1295.56,821.75,79.56,32.06 internal gfx=gfx:2048x2048/root=2048x2048/rot=0/pkg:null touchable=True visible=True
[2026-08-09 09:27:23] FairyGUI: HUD底栏绑定 Level=idx=4/14/1 path=BottomUI/DLevel/DLevelText name=DLevelText item=(null) title=(null) url=(null) rect=381.19,827.69,92.63,20.19 internal gfx=gfx:2048x2048/root=2048x2048/rot=0/pkg:null touchable=True visible=True
[2026-08-09 09:27:23] FairyGUI: HUD底栏绑定 Weight=idx=4/8/0 path=BottomUI/DChatWindow/__codex_mobile_chattxt name=__codex_mobile_chattxt item=(null) title=(null) url=(null) rect=651.94,736.25,418,81.94 internal gfx=null touchable=False visible=True
[2026-08-09 09:27:23] FairyGUI: HUD底栏绑定 ExpBar=idx=4/16 path=BottomUI/DExpBar name=DExpBar item=DExpBar title=(null) url=ui://jk0io98jv9b11f rect=923.88,825.31,288.56,26.13 exported gfx=null touchable=True visible=True
[2026-08-09 09:27:23] FairyGUI: HUD底栏绑定 Volume=idx=4/33 path=BottomUI/textVolume name=textVolume item=(null) title=(null) url=(null) rect=1295.56,821.75,79.56,32.06 internal gfx=gfx:2048x2048/root=2048x2048/rot=0/pkg:null touchable=True visible=True
[2026-08-09 09:27:25] FairyGUI: HUD底栏绑定 Level=idx=4/14/1 path=BottomUI/DLevel/DLevelText name=DLevelText item=(null) title=(null) url=(null) rect=381.19,827.69,92.63,20.19 internal gfx=gfx:2048x2048/root=2048x2048/rot=0/pkg:null touchable=True visible=True
[2026-08-09 09:27:25] FairyGUI: HUD底栏绑定 Weight=idx=4/8/0 path=BottomUI/DChatWindow/__codex_mobile_chattxt name=__codex_mobile_chattxt item=(null) title=(null) url=(null) rect=651.94,736.25,418,81.94 internal gfx=null touchable=False visible=True
[2026-08-09 09:27:25] FairyGUI: HUD底栏绑定 ExpBar=idx=4/16 path=BottomUI/DExpBar name=DExpBar item=DExpBar title=(null) url=ui://jk0io98jv9b11f rect=923.88,825.31,288.56,26.13 exported gfx=null touchable=True visible=True
[2026-08-09 09:27:25] FairyGUI: HUD底栏绑定 Volume=idx=4/33 path=BottomUI/textVolume name=textVolume item=(null) title=(null) url=(null) rect=1295.56,821.75,79.56,32.06 internal gfx=gfx:2048x2048/root=2048x2048/rot=0/pkg:null touchable=True visible=True
[2026-08-09 09:27:27] FairyGUI: HUD底栏绑定 Level=idx=4/14/1 path=BottomUI/DLevel/DLevelText name=DLevelText item=(null) title=(null) url=(null) rect=381.19,827.69,92.63,20.19 internal gfx=gfx:2048x2048/root=2048x2048/rot=0/pkg:null touchable=True visible=True
[2026-08-09 09:27:27] FairyGUI: HUD底栏绑定 Weight=idx=4/8/0 path=BottomUI/DChatWindow/__codex_mobile_chattxt name=__codex_mobile_chattxt item=(null) title=(null) url=(null) rect=651.94,736.25,418,81.94 internal gfx=null touchable=False visible=True
[2026-08-09 09:27:27] FairyGUI: HUD底栏绑定 ExpBar=idx=4/16 path=BottomUI/DExpBar name=DExpBar item=DExpBar title=(null) url=ui://jk0io98jv9b11f rect=923.88,825.31,288.56,26.13 exported gfx=null touchable=True visible=True
[2026-08-09 09:27:27] FairyGUI: HUD底栏绑定 Volume=idx=4/33 path=BottomUI/textVolume name=textVolume item=(null) title=(null) url=(null) rect=1295.56,821.75,79.56,32.06 internal gfx=gfx:2048x2048/root=2048x2048/rot=0/pkg:null touchable=True visible=True
[2026-08-09 09:27:29] FairyGUI: HUD底栏绑定 Level=idx=4/14/1 path=BottomUI/DLevel/DLevelText name=DLevelText item=(null) title=(null) url=(null) rect=381.19,827.69,92.63,20.19 internal gfx=gfx:2048x2048/root=2048x2048/rot=0/pkg:null touchable=True visible=True
[2026-08-09 09:27:29] FairyGUI: HUD底栏绑定 Weight=idx=4/8/0 path=BottomUI/DChatWindow/__codex_mobile_chattxt name=__codex_mobile_chattxt item=(null) title=(null) url=(null) rect=651.94,736.25,418,81.94 internal gfx=null touchable=False visible=True
[2026-08-09 09:27:29] FairyGUI: HUD底栏绑定 ExpBar=idx=4/16 path=BottomUI/DExpBar name=DExpBar item=DExpBar title=(null) url=ui://jk0io98jv9b11f rect=923.88,825.31,288.56,26.13 exported gfx=null touchable=True visible=True
[2026-08-09 09:27:29] FairyGUI: HUD底栏绑定 Volume=idx=4/33 path=BottomUI/textVolume name=textVolume item=(null) title=(null) url=(null) rect=1295.56,821.75,79.56,32.06 internal gfx=gfx:2048x2048/root=2048x2048/rot=0/pkg:null touchable=True visible=True
[2026-08-09 09:27:30] MLibrary: 本帧贴图创建预算已用尽，延后到后续帧（避免卡顿/掉线）。Lib=Tiles.Lib Index=241 Budget=12/frame
[2026-08-09 09:27:31] FairyGUI: HUD底栏绑定 Level=idx=4/14/1 path=BottomUI/DLevel/DLevelText name=DLevelText item=(null) title=(null) url=(null) rect=381.19,827.69,92.63,20.19 internal gfx=gfx:2048x2048/root=2048x2048/rot=0/pkg:null touchable=True visible=True
[2026-08-09 09:27:31] FairyGUI: HUD底栏绑定 Weight=idx=4/8/0 path=BottomUI/DChatWindow/__codex_mobile_chattxt name=__codex_mobile_chattxt item=(null) title=(null) url=(null) rect=651.94,736.25,418,81.94 internal gfx=null touchable=False visible=True
[2026-08-09 09:27:31] FairyGUI: HUD底栏绑定 ExpBar=idx=4/16 path=BottomUI/DExpBar name=DExpBar item=DExpBar title=(null) url=ui://jk0io98jv9b11f rect=923.88,825.31,288.56,26.13 exported gfx=null touchable=True visible=True
[2026-08-09 09:27:31] FairyGUI: HUD底栏绑定 Volume=idx=4/33 path=BottomUI/textVolume name=textVolume item=(null) title=(null) url=(null) rect=1295.56,821.75,79.56,32.06 internal gfx=gfx:2048x2048/root=2048x2048/rot=0/pkg:null touchable=True visible=True
[2026-08-09 09:27:32] MLibrary: 本帧贴图创建预算已用尽，延后到后续帧（避免卡顿/掉线）。Lib=Objects.Lib Index=4209 Budget=12/frame
[2026-08-09 09:27:33] FairyGUI: HUD底栏绑定 Level=idx=4/14/1 path=BottomUI/DLevel/DLevelText name=DLevelText item=(null) title=(null) url=(null) rect=381.19,827.69,92.63,20.19 internal gfx=gfx:2048x2048/root=2048x2048/rot=0/pkg:null touchable=True visible=True
[2026-08-09 09:27:33] FairyGUI: HUD底栏绑定 Weight=idx=4/8/0 path=BottomUI/DChatWindow/__codex_mobile_chattxt name=__codex_mobile_chattxt item=(null) title=(null) url=(null) rect=651.94,736.25,418,81.94 internal gfx=null touchable=False visible=True
[2026-08-09 09:27:33] FairyGUI: HUD底栏绑定 ExpBar=idx=4/16 path=BottomUI/DExpBar name=DExpBar item=DExpBar title=(null) url=ui://jk0io98jv9b11f rect=923.88,825.31,288.56,26.13 exported gfx=null touchable=True visible=True
[2026-08-09 09:27:33] FairyGUI: HUD底栏绑定 Volume=idx=4/33 path=BottomUI/textVolume name=textVolume item=(null) title=(null) url=(null) rect=1295.56,821.75,79.56,32.06 internal gfx=gfx:2048x2048/root=2048x2048/rot=0/pkg:null touchable=True visible=True
[2026-08-09 09:27:35] FairyGUI: HUD底栏绑定 Level=idx=4/14/1 path=BottomUI/DLevel/DLevelText name=DLevelText item=(null) title=(null) url=(null) rect=381.19,827.69,92.63,20.19 internal gfx=gfx:2048x2048/root=2048x2048/rot=0/pkg:null touchable=True visible=True
[2026-08-09 09:27:35] FairyGUI: HUD底栏绑定 Weight=idx=4/8/0 path=BottomUI/DChatWindow/__codex_mobile_chattxt name=__codex_mobile_chattxt item=(null) title=(null) url=(null) rect=651.94,736.25,418,81.94 internal gfx=null touchable=False visible=True
[2026-08-09 09:27:35] FairyGUI: HUD底栏绑定 ExpBar=idx=4/16 path=BottomUI/DExpBar name=DExpBar item=DExpBar title=(null) url=ui://jk0io98jv9b11f rect=923.88,825.31,288.56,26.13 exported gfx=null touchable=True visible=True
[2026-08-09 09:27:35] FairyGUI: HUD底栏绑定 Volume=idx=4/33 path=BottomUI/textVolume name=textVolume item=(null) title=(null) url=(null) rect=1295.56,821.75,79.56,32.06 internal gfx=gfx:2048x2048/root=2048x2048/rot=0/pkg:null touchable=True visible=True
[2026-08-09 09:27:37] FairyGUI: HUD底栏绑定 Level=idx=4/14/1 path=BottomUI/DLevel/DLevelText name=DLevelText item=(null) title=(null) url=(null) rect=381.19,827.69,92.63,20.19 internal gfx=gfx:2048x2048/root=2048x2048/rot=0/pkg:null touchable=True visible=True
[2026-08-09 09:27:37] FairyGUI: HUD底栏绑定 Weight=idx=4/8/0 path=BottomUI/DChatWindow/__codex_mobile_chattxt name=__codex_mobile_chattxt item=(null) title=(null) url=(null) rect=651.94,736.25,418,81.94 internal gfx=null touchable=False visible=True
[2026-08-09 09:27:37] FairyGUI: HUD底栏绑定 ExpBar=idx=4/16 path=BottomUI/DExpBar name=DExpBar item=DExpBar title=(null) url=ui://jk0io98jv9b11f rect=923.88,825.31,288.56,26.13 exported gfx=null touchable=True visible=True
[2026-08-09 09:27:37] FairyGUI: HUD底栏绑定 Volume=idx=4/33 path=BottomUI/textVolume name=textVolume item=(null) title=(null) url=(null) rect=1295.56,821.75,79.56,32.06 internal gfx=gfx:2048x2048/root=2048x2048/rot=0/pkg:null touchable=True visible=True
[2026-08-09 09:27:39] FairyGUI: HUD底栏绑定 Level=idx=4/14/1 path=BottomUI/DLevel/DLevelText name=DLevelText item=(null) title=(null) url=(null) rect=381.19,827.69,92.63,20.19 internal gfx=gfx:2048x2048/root=2048x2048/rot=0/pkg:null touchable=True visible=True
[2026-08-09 09:27:39] FairyGUI: HUD底栏绑定 Weight=idx=4/8/0 path=BottomUI/DChatWindow/__codex_mobile_chattxt name=__codex_mobile_chattxt item=(null) title=(null) url=(null) rect=651.94,736.25,418,81.94 internal gfx=null touchable=False visible=True
[2026-08-09 09:27:39] FairyGUI: HUD底栏绑定 ExpBar=idx=4/16 path=BottomUI/DExpBar name=DExpBar item=DExpBar title=(null) url=ui://jk0io98jv9b11f rect=923.88,825.31,288.56,26.13 exported gfx=null touchable=True visible=True
[2026-08-09 09:27:39] FairyGUI: HUD底栏绑定 Volume=idx=4/33 path=BottomUI/textVolume name=textVolume item=(null) title=(null) url=(null) rect=1295.56,821.75,79.56,32.06 internal gfx=gfx:2048x2048/root=2048x2048/rot=0/pkg:null touchable=True visible=True
[2026-08-09 09:27:41] FairyGUI: HUD底栏绑定 Level=idx=4/14/1 path=BottomUI/DLevel/DLevelText name=DLevelText item=(null) title=(null) url=(null) rect=381.19,827.69,92.63,20.19 internal gfx=gfx:2048x2048/root=2048x2048/rot=0/pkg:null touchable=True visible=True
[2026-08-09 09:27:41] FairyGUI: HUD底栏绑定 Weight=idx=4/8/0 path=BottomUI/DChatWindow/__codex_mobile_chattxt name=__codex_mobile_chattxt item=(null) title=(null) url=(null) rect=651.94,736.25,418,81.94 internal gfx=null touchable=False visible=True
[2026-08-09 09:27:41] FairyGUI: HUD底栏绑定 ExpBar=idx=4/16 path=BottomUI/DExpBar name=DExpBar item=DExpBar title=(null) url=ui://jk0io98jv9b11f rect=923.88,825.31,288.56,26.13 exported gfx=null touchable=True visible=True
[2026-08-09 09:27:41] FairyGUI: HUD底栏绑定 Volume=idx=4/33 path=BottomUI/textVolume name=textVolume item=(null) title=(null) url=(null) rect=1295.56,821.75,79.56,32.06 internal gfx=gfx:2048x2048/root=2048x2048/rot=0/pkg:null touchable=True visible=True
[2026-08-09 09:27:43] FairyGUI: HUD底栏绑定 Level=idx=4/14/1 path=BottomUI/DLevel/DLevelText name=DLevelText item=(null) title=(null) url=(null) rect=381.19,827.69,92.63,20.19 internal gfx=gfx:2048x2048/root=2048x2048/rot=0/pkg:null touchable=True visible=True
[2026-08-09 09:27:43] FairyGUI: HUD底栏绑定 Weight=idx=4/8/0 path=BottomUI/DChatWindow/__codex_mobile_chattxt name=__codex_mobile_chattxt item=(null) title=(null) url=(null) rect=651.94,736.25,418,81.94 internal gfx=null touchable=False visible=True
[2026-08-09 09:27:43] FairyGUI: HUD底栏绑定 ExpBar=idx=4/16 path=BottomUI/DExpBar name=DExpBar item=DExpBar title=(null) url=ui://jk0io98jv9b11f rect=923.88,825.31,288.56,26.13 exported gfx=null touchable=True visible=True
[2026-08-09 09:27:43] FairyGUI: HUD底栏绑定 Volume=idx=4/33 path=BottomUI/textVolume name=textVolume item=(null) title=(null) url=(null) rect=1295.56,821.75,79.56,32.06 internal gfx=gfx:2048x2048/root=2048x2048/rot=0/pkg:null touchable=True visible=True
[2026-08-09 09:27:45] FairyGUI: HUD底栏绑定 Level=idx=4/14/1 path=BottomUI/DLevel/DLevelText name=DLevelText item=(null) title=(null) url=(null) rect=381.19,827.69,92.63,20.19 internal gfx=gfx:2048x2048/root=2048x2048/rot=0/pkg:null touchable=True visible=True
[2026-08-09 09:27:45] FairyGUI: HUD底栏绑定 Weight=idx=4/8/0 path=BottomUI/DChatWindow/__codex_mobile_chattxt name=__codex_mobile_chattxt item=(null) title=(null) url=(null) rect=651.94,736.25,418,81.94 internal gfx=null touchable=False visible=True
[2026-08-09 09:27:45] FairyGUI: HUD底栏绑定 ExpBar=idx=4/16 path=BottomUI/DExpBar name=DExpBar item=DExpBar title=(null) url=ui://jk0io98jv9b11f rect=923.88,825.31,288.56,26.13 exported gfx=null touchable=True visible=True
[2026-08-09 09:27:45] FairyGUI: HUD底栏绑定 Volume=idx=4/33 path=BottomUI/textVolume name=textVolume item=(null) title=(null) url=(null) rect=1295.56,821.75,79.56,32.06 internal gfx=gfx:2048x2048/root=2048x2048/rot=0/pkg:null touchable=True visible=True
[2026-08-09 09:27:47] FairyGUI: HUD底栏绑定 Level=idx=4/14/1 path=BottomUI/DLevel/DLevelText name=DLevelText item=(null) title=(null) url=(null) rect=381.19,827.69,92.63,20.19 internal gfx=gfx:2048x2048/root=2048x2048/rot=0/pkg:null touchable=True visible=True
[2026-08-09 09:27:47] FairyGUI: HUD底栏绑定 Weight=idx=4/8/0 path=BottomUI/DChatWindow/__codex_mobile_chattxt name=__codex_mobile_chattxt item=(null) title=(null) url=(null) rect=651.94,736.25,418,81.94 internal gfx=null touchable=False visible=True
[2026-08-09 09:27:47] FairyGUI: HUD底栏绑定 ExpBar=idx=4/16 path=BottomUI/DExpBar name=DExpBar item=DExpBar title=(null) url=ui://jk0io98jv9b11f rect=923.88,825.31,288.56,26.13 exported gfx=null touchable=True visible=True
[2026-08-09 09:27:47] FairyGUI: HUD底栏绑定 Volume=idx=4/33 path=BottomUI/textVolume name=textVolume item=(null) title=(null) url=(null) rect=1295.56,821.75,79.56,32.06 internal gfx=gfx:2048x2048/root=2048x2048/rot=0/pkg:null touchable=True visible=True
[2026-08-09 09:27:49] FairyGUI: HUD底栏绑定 Level=idx=4/14/1 path=BottomUI/DLevel/DLevelText name=DLevelText item=(null) title=(null) url=(null) rect=381.19,827.69,92.63,20.19 internal gfx=gfx:2048x2048/root=2048x2048/rot=0/pkg:null touchable=True visible=True
[2026-08-09 09:27:49] FairyGUI: HUD底栏绑定 Weight=idx=4/8/0 path=BottomUI/DChatWindow/__codex_mobile_chattxt name=__codex_mobile_chattxt item=(null) title=(null) url=(null) rect=651.94,736.25,418,81.94 internal gfx=null touchable=False visible=True
[2026-08-09 09:27:49] FairyGUI: HUD底栏绑定 ExpBar=idx=4/16 path=BottomUI/DExpBar name=DExpBar item=DExpBar title=(null) url=ui://jk0io98jv9b11f rect=923.88,825.31,288.56,26.13 exported gfx=null touchable=True visible=True
[2026-08-09 09:27:49] FairyGUI: HUD底栏绑定 Volume=idx=4/33 path=BottomUI/textVolume name=textVolume item=(null) title=(null) url=(null) rect=1295.56,821.75,79.56,32.06 internal gfx=gfx:2048x2048/root=2048x2048/rot=0/pkg:null touchable=True visible=True
[2026-08-09 09:27:52] FairyGUI: HUD底栏绑定 Level=idx=4/14/1 path=BottomUI/DLevel/DLevelText name=DLevelText item=(null) title=(null) url=(null) rect=381.19,827.69,92.63,20.19 internal gfx=gfx:2048x2048/root=2048x2048/rot=0/pkg:null touchable=True visible=True
[2026-08-09 09:27:52] FairyGUI: HUD底栏绑定 Weight=idx=4/8/0 path=BottomUI/DChatWindow/__codex_mobile_chattxt name=__codex_mobile_chattxt item=(null) title=(null) url=(null) rect=651.94,736.25,418,81.94 internal gfx=null touchable=False visible=True
[2026-08-09 09:27:52] FairyGUI: HUD底栏绑定 ExpBar=idx=4/16 path=BottomUI/DExpBar name=DExpBar item=DExpBar title=(null) url=ui://jk0io98jv9b11f rect=923.88,825.31,288.56,26.13 exported gfx=null touchable=True visible=True
[2026-08-09 09:27:52] FairyGUI: HUD底栏绑定 Volume=idx=4/33 path=BottomUI/textVolume name=textVolume item=(null) title=(null) url=(null) rect=1295.56,821.75,79.56,32.06 internal gfx=gfx:2048x2048/root=2048x2048/rot=0/pkg:null touchable=True visible=True
[2026-08-09 09:27:54] FairyGUI: HUD底栏绑定 Level=idx=4/14/1 path=BottomUI/DLevel/DLevelText name=DLevelText item=(null) title=(null) url=(null) rect=381.19,827.69,92.63,20.19 internal gfx=gfx:2048x2048/root=2048x2048/rot=0/pkg:null touchable=True visible=True
[2026-08-09 09:27:54] FairyGUI: HUD底栏绑定 Weight=idx=4/8/0 path=BottomUI/DChatWindow/__codex_mobile_chattxt name=__codex_mobile_chattxt item=(null) title=(null) url=(null) rect=651.94,736.25,418,81.94 internal gfx=null touchable=False visible=True
[2026-08-09 09:27:54] FairyGUI: HUD底栏绑定 ExpBar=idx=4/16 path=BottomUI/DExpBar name=DExpBar item=DExpBar title=(null) url=ui://jk0io98jv9b11f rect=923.88,825.31,288.56,26.13 exported gfx=null touchable=True visible=True
[2026-08-09 09:27:54] FairyGUI: HUD底栏绑定 Volume=idx=4/33 path=BottomUI/textVolume name=textVolume item=(null) title=(null) url=(null) rect=1295.56,821.75,79.56,32.06 internal gfx=gfx:2048x2048/root=2048x2048/rot=0/pkg:null touchable=True visible=True
[2026-08-09 09:27:56] FairyGUI: HUD底栏绑定 Level=idx=4/14/1 path=BottomUI/DLevel/DLevelText name=DLevelText item=(null) title=(null) url=(null) rect=381.19,827.69,92.63,20.19 internal gfx=gfx:2048x2048/root=2048x2048/rot=0/pkg:null touchable=True visible=True
[2026-08-09 09:27:56] FairyGUI: HUD底栏绑定 Weight=idx=4/8/0 path=BottomUI/DChatWindow/__codex_mobile_chattxt name=__codex_mobile_chattxt item=(null) title=(null) url=(null) rect=651.94,736.25,418,81.94 internal gfx=null touchable=False visible=True
[2026-08-09 09:27:56] FairyGUI: HUD底栏绑定 ExpBar=idx=4/16 path=BottomUI/DExpBar name=DExpBar item=DExpBar title=(null) url=ui://jk0io98jv9b11f rect=923.88,825.31,288.56,26.13 exported gfx=null touchable=True visible=True
[2026-08-09 09:27:56] FairyGUI: HUD底栏绑定 Volume=idx=4/33 path=BottomUI/textVolume name=textVolume item=(null) title=(null) url=(null) rect=1295.56,821.75,79.56,32.06 internal gfx=gfx:2048x2048/root=2048x2048/rot=0/pkg:null touchable=True visible=True
[2026-08-09 09:27:58] FairyGUI: HUD底栏绑定 Level=idx=4/14/1 path=BottomUI/DLevel/DLevelText name=DLevelText item=(null) title=(null) url=(null) rect=381.19,827.69,92.63,20.19 internal gfx=gfx:2048x2048/root=2048x2048/rot=0/pkg:null touchable=True visible=True
[2026-08-09 09:27:58] FairyGUI: HUD底栏绑定 Weight=idx=4/8/0 path=BottomUI/DChatWindow/__codex_mobile_chattxt name=__codex_mobile_chattxt item=(null) title=(null) url=(null) rect=651.94,736.25,418,81.94 internal gfx=null touchable=False visible=True
[2026-08-09 09:27:58] FairyGUI: HUD底栏绑定 ExpBar=idx=4/16 path=BottomUI/DExpBar name=DExpBar item=DExpBar title=(null) url=ui://jk0io98jv9b11f rect=923.88,825.31,288.56,26.13 exported gfx=null touchable=True visible=True
[2026-08-09 09:27:58] FairyGUI: HUD底栏绑定 Volume=idx=4/33 path=BottomUI/textVolume name=textVolume item=(null) title=(null) url=(null) rect=1295.56,821.75,79.56,32.06 internal gfx=gfx:2048x2048/root=2048x2048/rot=0/pkg:null touchable=True visible=True
[2026-08-09 09:28:05] 启动：Platform=Unix ClientRoot=/data/user/0/com.lommir.client.monogame.android/files RuntimeRoot=/data/user/0/com.lommir.client.monogame.android/files/Cache/Mobile/Runtime
[2026-08-09 09:28:06] FairyGUI: SafeArea(Overlay) px=0,0,1334,750 scaleFactor=1 -> ui=0,0,1334,750
[2026-08-09 09:28:06] FairyGUI: Stage 初始化完成（移动端 UI 接入 POC）
[2026-08-09 09:28:07] FairyGUI: publish 包加载完成（复古）
[2026-08-09 09:28:07] FairyGUI: 已导出包组件清单到 /data/user/0/com.lommir.client.monogame.android/files/Cache/Mobile/Runtime/FairyGui-PackageComponentList.txt
[2026-08-09 09:28:07] FairyGUI: SafeArea(Overlay) px=0,0,1520,855 scaleFactor=1 -> ui=0,0,1520,855
[2026-08-09 09:28:07] FairyGUI: DoubleDJoystick 动效绑定等待主界面创建（稍后自动重试）。
[2026-08-09 09:28:07] FairyGUI: MobileMainHud 后台预取启动，Pkg=UIRes Atlases=11
[2026-08-09 09:28:07] FairyGUI: MobileMainHud 后台字节预取 1/11 file=UIRes_atlas0
[2026-08-09 09:28:07] FairyGUI: MobileMainHud 后台字节预取 2/11 file=UIRes_atlas0_1
[2026-08-09 09:28:07] FairyGUI: MobileMainHud 后台字节预取 3/11 file=UIRes_atlas0_2
[2026-08-09 09:28:07] FairyGUI: MobileMainHud 后台字节预取 4/11 file=UIRes_atlas0_3
[2026-08-09 09:28:07] FairyGUI: MobileMainHud 后台字节预取 5/11 file=UIRes_atlas0_4
[2026-08-09 09:28:07] FairyGUI: MobileMainHud 后台字节预取 6/11 file=UIRes_atlas0_5
[2026-08-09 09:28:07] FairyGUI: MobileMainHud 后台字节预取 7/11 file=UIRes_atlas0_6
[2026-08-09 09:28:07] FairyGUI: MobileMainHud 后台字节预取 8/11 file=UIRes_atlas0_7
[2026-08-09 09:28:07] FairyGUI: MobileMainHud 后台字节预取 9/11 file=UIRes_atlas0_8
[2026-08-09 09:28:07] FairyGUI: MobileMainHud 后台字节预取 10/11 file=UIRes_atlas0_9
[2026-08-09 09:28:07] FairyGUI: MobileMainHud 后台字节预取 11/11 file=UIRes_atlas0_10
[2026-08-09 09:28:07] FairyGUI: MobileMainHud 后台字节预取完成，Pkg=UIRes Atlases=11 TotalMs=0
[2026-08-09 09:28:08] FairyGUI: MobileMainHud 贴图预热 1/11 file=UIRes_atlas0 Ms=1124
[2026-08-09 09:28:10] FairyGUI: MobileMainHud 贴图预热 2/11 file=UIRes_atlas0_1 Ms=1993
[2026-08-09 09:28:12] FairyGUI: DoubleDJoystick 动效绑定等待主界面创建（稍后自动重试）。
[2026-08-09 09:28:12] ClientVersionHash=aab3d05182c67c2f8bf22eef1016dd8f Source=/system/bin/app_process64
[2026-08-09 09:28:13] FairyGUI: MobileMainHud 贴图预热 3/11 file=UIRes_atlas0_2 Ms=1695
[2026-08-09 09:28:13] 握手通过：ClientVersion=OK，已进入登录界面。
[2026-08-09 09:28:13] SmokeTest 自动注册发起：Account=codexp10809（PasswordLen=9）。
[2026-08-09 09:28:15] FairyGUI: MobileMainHud 贴图预热 4/11 file=UIRes_atlas0_3 Ms=1872
[2026-08-09 09:28:15] FairyGUI: DoubleDJoystick 动效绑定等待主界面创建（稍后自动重试）。
[2026-08-09 09:28:15] SmokeTest 自动注册返回：Result=0（0=禁用/限流 1=账号格式 2=密码格式 7=已存在 8=成功）。
[2026-08-09 09:28:16] FairyGUI: MobileMainHud 贴图预热 5/11 file=UIRes_atlas0_4 Ms=1260
[2026-08-09 09:28:18] FairyGUI: MobileMainHud 贴图预热 6/11 file=UIRes_atlas0_5 Ms=1471
[2026-08-09 09:28:19] FairyGUI: MobileMainHud 贴图预热 7/11 file=UIRes_atlas0_6 Ms=1269
[2026-08-09 09:28:19] FairyGUI: DoubleDJoystick 动效绑定等待主界面创建（稍后自动重试）。
[2026-08-09 09:28:21] FairyGUI: MobileMainHud 贴图预热 8/11 file=UIRes_atlas0_7 Ms=1288
[2026-08-09 09:28:22] FairyGUI: MobileMainHud 贴图预热 9/11 file=UIRes_atlas0_8 Ms=1544
[2026-08-09 09:28:23] FairyGUI: MobileMainHud 贴图预热 10/11 file=UIRes_atlas0_9 Ms=1201
[2026-08-09 09:28:23] FairyGUI: DoubleDJoystick 动效绑定等待主界面创建（稍后自动重试）。
[2026-08-09 09:28:24] FairyGUI: MobileMainHud 贴图预热 11/11 file=UIRes_atlas0_10 Ms=772
[2026-08-09 09:28:24] FairyGUI: MobileMainHud 贴图预热完成，Pkg=UIRes Atlases=11 TotalMs=16914
[2026-08-09 09:28:27] FairyGUI: DoubleDJoystick 动效绑定等待主界面创建（稍后自动重试）。
[2026-08-09 09:28:30] FairyGUI: DoubleDJoystick 动效绑定等待主界面创建（稍后自动重试）。
[2026-08-09 09:28:33] FairyGUI: DoubleDJoystick 动效绑定等待主界面创建（稍后自动重试）。
[2026-08-09 09:28:37] FairyGUI: DoubleDJoystick 动效绑定等待主界面创建（稍后自动重试）。
[2026-08-09 09:28:40] FairyGUI: DoubleDJoystick 动效绑定等待主界面创建（稍后自动重试）。
[2026-08-09 09:28:43] FairyGUI: DoubleDJoystick 动效绑定等待主界面创建（稍后自动重试）。
[2026-08-09 09:28:46] FairyGUI: DoubleDJoystick 动效绑定等待主界面创建（稍后自动重试）。
[2026-08-09 09:28:49] FairyGUI: DoubleDJoystick 动效绑定等待主界面创建（稍后自动重试）。
[2026-08-09 09:28:52] FairyGUI: DoubleDJoystick 动效绑定等待主界面创建（稍后自动重试）。
[2026-08-09 09:28:55] FairyGUI: DoubleDJoystick 动效绑定等待主界面创建（稍后自动重试）。
[2026-08-09 09:28:59] FairyGUI: DoubleDJoystick 动效绑定等待主界面创建（稍后自动重试）。
[2026-08-09 09:29:02] FairyGUI: DoubleDJoystick 动效绑定等待主界面创建（稍后自动重试）。
[2026-08-09 09:29:05] FairyGUI: DoubleDJoystick 动效绑定等待主界面创建（稍后自动重试）。
[2026-08-09 09:29:08] FairyGUI: DoubleDJoystick 动效绑定等待主界面创建（稍后自动重试）。
[2026-08-09 09:29:11] FairyGUI: DoubleDJoystick 动效绑定等待主界面创建（稍后自动重试）。
[2026-08-09 09:29:14] FairyGUI: DoubleDJoystick 动效绑定等待主界面创建（稍后自动重试）。
[2026-08-09 09:29:17] FairyGUI: DoubleDJoystick 动效绑定等待主界面创建（稍后自动重试）。
[2026-08-09 09:29:20] FairyGUI: DoubleDJoystick 动效绑定等待主界面创建（稍后自动重试）。
[2026-08-09 09:29:23] FairyGUI: DoubleDJoystick 动效绑定等待主界面创建（稍后自动重试）。
[2026-08-09 09:29:30] 启动：Platform=Unix ClientRoot=/data/user/0/com.lommir.client.monogame.android/files RuntimeRoot=/data/user/0/com.lommir.client.monogame.android/files/Cache/Mobile/Runtime
[2026-08-09 09:29:32] FairyGUI: SafeArea(Overlay) px=0,0,1334,750 scaleFactor=1 -> ui=0,0,1334,750
[2026-08-09 09:29:32] FairyGUI: Stage 初始化完成（移动端 UI 接入 POC）
[2026-08-09 09:29:32] FairyGUI: publish 包加载完成（复古）
[2026-08-09 09:29:32] FairyGUI: 已导出包组件清单到 /data/user/0/com.lommir.client.monogame.android/files/Cache/Mobile/Runtime/FairyGui-PackageComponentList.txt
[2026-08-09 09:29:32] FairyGUI: SafeArea(Overlay) px=0,0,1520,855 scaleFactor=1 -> ui=0,0,1520,855
[2026-08-09 09:29:32] FairyGUI: DoubleDJoystick 动效绑定等待主界面创建（稍后自动重试）。
[2026-08-09 09:29:32] FairyGUI: MobileMainHud 后台预取启动，Pkg=UIRes Atlases=11
[2026-08-09 09:29:32] FairyGUI: MobileMainHud 后台字节预取 1/11 file=UIRes_atlas0
[2026-08-09 09:29:32] FairyGUI: MobileMainHud 后台字节预取 2/11 file=UIRes_atlas0_1
[2026-08-09 09:29:32] FairyGUI: MobileMainHud 后台字节预取 3/11 file=UIRes_atlas0_2
[2026-08-09 09:29:32] FairyGUI: MobileMainHud 后台字节预取 4/11 file=UIRes_atlas0_3
[2026-08-09 09:29:32] FairyGUI: MobileMainHud 后台字节预取 5/11 file=UIRes_atlas0_4
[2026-08-09 09:29:32] FairyGUI: MobileMainHud 后台字节预取 6/11 file=UIRes_atlas0_5
[2026-08-09 09:29:32] FairyGUI: MobileMainHud 后台字节预取 7/11 file=UIRes_atlas0_6
[2026-08-09 09:29:32] FairyGUI: MobileMainHud 后台字节预取 8/11 file=UIRes_atlas0_7
[2026-08-09 09:29:32] FairyGUI: MobileMainHud 后台字节预取 9/11 file=UIRes_atlas0_8
[2026-08-09 09:29:32] FairyGUI: MobileMainHud 后台字节预取 10/11 file=UIRes_atlas0_9
[2026-08-09 09:29:32] FairyGUI: MobileMainHud 后台字节预取 11/11 file=UIRes_atlas0_10
[2026-08-09 09:29:32] FairyGUI: MobileMainHud 后台字节预取完成，Pkg=UIRes Atlases=11 TotalMs=0
[2026-08-09 09:29:33] FairyGUI: MobileMainHud 贴图预热 1/11 file=UIRes_atlas0 Ms=1072
[2026-08-09 09:29:35] FairyGUI: MobileMainHud 贴图预热 2/11 file=UIRes_atlas0_1 Ms=2024
[2026-08-09 09:29:37] FairyGUI: DoubleDJoystick 动效绑定等待主界面创建（稍后自动重试）。
[2026-08-09 09:29:39] FairyGUI: MobileMainHud 贴图预热 3/11 file=UIRes_atlas0_2 Ms=1669
[2026-08-09 09:29:41] FairyGUI: MobileMainHud 贴图预热 4/11 file=UIRes_atlas0_3 Ms=1849
[2026-08-09 09:29:41] FairyGUI: DoubleDJoystick 动效绑定等待主界面创建（稍后自动重试）。
[2026-08-09 09:29:42] FairyGUI: MobileMainHud 贴图预热 5/11 file=UIRes_atlas0_4 Ms=1264
[2026-08-09 09:29:43] FairyGUI: MobileMainHud 贴图预热 6/11 file=UIRes_atlas0_5 Ms=1501
[2026-08-09 09:29:45] FairyGUI: MobileMainHud 贴图预热 7/11 file=UIRes_atlas0_6 Ms=1226
[2026-08-09 09:29:45] FairyGUI: DoubleDJoystick 动效绑定等待主界面创建（稍后自动重试）。
[2026-08-09 09:29:46] FairyGUI: MobileMainHud 贴图预热 8/11 file=UIRes_atlas0_7 Ms=1365
[2026-08-09 09:29:47] FairyGUI: MobileMainHud 贴图预热 9/11 file=UIRes_atlas0_8 Ms=1453
[2026-08-09 09:29:49] FairyGUI: MobileMainHud 贴图预热 10/11 file=UIRes_atlas0_9 Ms=1258
[2026-08-09 09:29:49] FairyGUI: DoubleDJoystick 动效绑定等待主界面创建（稍后自动重试）。
[2026-08-09 09:29:50] FairyGUI: MobileMainHud 贴图预热 11/11 file=UIRes_atlas0_10 Ms=865
[2026-08-09 09:29:50] FairyGUI: MobileMainHud 贴图预热完成，Pkg=UIRes Atlases=11 TotalMs=16831
[2026-08-09 09:29:52] FairyGUI: DoubleDJoystick 动效绑定等待主界面创建（稍后自动重试）。
[2026-08-09 09:29:55] FairyGUI: DoubleDJoystick 动效绑定等待主界面创建（稍后自动重试）。
[2026-08-09 09:29:58] FairyGUI: DoubleDJoystick 动效绑定等待主界面创建（稍后自动重试）。
[2026-08-09 09:30:01] FairyGUI: DoubleDJoystick 动效绑定等待主界面创建（稍后自动重试）。
[2026-08-09 09:30:05] FairyGUI: DoubleDJoystick 动效绑定等待主界面创建（稍后自动重试）。
[2026-08-09 09:30:08] FairyGUI: DoubleDJoystick 动效绑定等待主界面创建（稍后自动重试）。
[2026-08-09 09:30:11] FairyGUI: DoubleDJoystick 动效绑定等待主界面创建（稍后自动重试）。
[2026-08-09 09:30:14] FairyGUI: DoubleDJoystick 动效绑定等待主界面创建（稍后自动重试）。
[2026-08-09 09:30:17] FairyGUI: DoubleDJoystick 动效绑定等待主界面创建（稍后自动重试）。
[2026-08-09 09:30:20] FairyGUI: DoubleDJoystick 动效绑定等待主界面创建（稍后自动重试）。
[2026-08-09 09:30:23] FairyGUI: DoubleDJoystick 动效绑定等待主界面创建（稍后自动重试）。
[2026-08-09 09:30:26] FairyGUI: DoubleDJoystick 动效绑定等待主界面创建（稍后自动重试）。
[2026-08-09 09:30:29] FairyGUI: DoubleDJoystick 动效绑定等待主界面创建（稍后自动重试）。
[2026-08-09 09:30:32] FairyGUI: DoubleDJoystick 动效绑定等待主界面创建（稍后自动重试）。
[2026-08-09 09:30:35] FairyGUI: DoubleDJoystick 动效绑定等待主界面创建（稍后自动重试）。
[2026-08-09 09:30:38] FairyGUI: DoubleDJoystick 动效绑定等待主界面创建（稍后自动重试）。
[2026-08-09 09:30:41] FairyGUI: DoubleDJoystick 动效绑定等待主界面创建（稍后自动重试）。
[2026-08-09 09:30:44] FairyGUI: DoubleDJoystick 动效绑定等待主界面创建（稍后自动重试）。
[2026-08-09 09:30:47] FairyGUI: DoubleDJoystick 动效绑定等待主界面创建（稍后自动重试）。
[2026-08-09 09:30:50] FairyGUI: DoubleDJoystick 动效绑定等待主界面创建（稍后自动重试）。
[2026-08-09 09:30:53] FairyGUI: DoubleDJoystick 动效绑定等待主界面创建（稍后自动重试）。
[2026-08-09 09:30:56] FairyGUI: DoubleDJoystick 动效绑定等待主界面创建（稍后自动重试）。
[2026-08-09 09:30:59] FairyGUI: DoubleDJoystick 动效绑定等待主界面创建（稍后自动重试）。
[2026-08-09 09:31:03] FairyGUI: DoubleDJoystick 动效绑定等待主界面创建（稍后自动重试）。
[2026-08-09 09:31:06] FairyGUI: DoubleDJoystick 动效绑定等待主界面创建（稍后自动重试）。
[2026-08-09 09:31:09] FairyGUI: DoubleDJoystick 动效绑定等待主界面创建（稍后自动重试）。
[2026-08-09 09:31:12] FairyGUI: DoubleDJoystick 动效绑定等待主界面创建（稍后自动重试）。
[2026-08-09 09:31:15] FairyGUI: DoubleDJoystick 动效绑定等待主界面创建（稍后自动重试）。
[2026-08-09 09:31:18] FairyGUI: DoubleDJoystick 动效绑定等待主界面创建（稍后自动重试）。
[2026-08-09 09:31:21] FairyGUI: DoubleDJoystick 动效绑定等待主界面创建（稍后自动重试）。
[2026-08-09 09:31:24] FairyGUI: DoubleDJoystick 动效绑定等待主界面创建（稍后自动重试）。
[2026-08-09 09:31:27] FairyGUI: DoubleDJoystick 动效绑定等待主界面创建（稍后自动重试）。
[2026-08-09 09:31:30] FairyGUI: DoubleDJoystick 动效绑定等待主界面创建（稍后自动重试）。
[2026-08-09 09:31:33] FairyGUI: DoubleDJoystick 动效绑定等待主界面创建（稍后自动重试）。
[2026-08-09 09:31:36] FairyGUI: DoubleDJoystick 动效绑定等待主界面创建（稍后自动重试）。
[2026-08-09 09:31:39] FairyGUI: DoubleDJoystick 动效绑定等待主界面创建（稍后自动重试）。
[2026-08-09 09:31:42] FairyGUI: DoubleDJoystick 动效绑定等待主界面创建（稍后自动重试）。
[2026-08-09 09:31:45] FairyGUI: DoubleDJoystick 动效绑定等待主界面创建（稍后自动重试）。
[2026-08-09 09:31:48] FairyGUI: DoubleDJoystick 动效绑定等待主界面创建（稍后自动重试）。
[2026-08-09 09:31:51] FairyGUI: DoubleDJoystick 动效绑定等待主界面创建（稍后自动重试）。
[2026-08-09 09:31:55] FairyGUI: DoubleDJoystick 动效绑定等待主界面创建（稍后自动重试）。
[2026-08-09 09:31:58] FairyGUI: DoubleDJoystick 动效绑定等待主界面创建（稍后自动重试）。
[2026-08-09 09:32:01] FairyGUI: DoubleDJoystick 动效绑定等待主界面创建（稍后自动重试）。
[2026-08-09 09:32:04] FairyGUI: DoubleDJoystick 动效绑定等待主界面创建（稍后自动重试）。
[2026-08-09 09:32:07] FairyGUI: DoubleDJoystick 动效绑定等待主界面创建（稍后自动重试）。
[2026-08-09 09:32:10] FairyGUI: DoubleDJoystick 动效绑定等待主界面创建（稍后自动重试）。
[2026-08-09 09:32:13] FairyGUI: DoubleDJoystick 动效绑定等待主界面创建（稍后自动重试）。
[2026-08-09 09:32:16] FairyGUI: DoubleDJoystick 动效绑定等待主界面创建（稍后自动重试）。
[2026-08-09 09:32:19] FairyGUI: DoubleDJoystick 动效绑定等待主界面创建（稍后自动重试）。
[2026-08-09 09:32:22] FairyGUI: DoubleDJoystick 动效绑定等待主界面创建（稍后自动重试）。
[2026-08-09 09:32:25] FairyGUI: DoubleDJoystick 动效绑定等待主界面创建（稍后自动重试）。
[2026-08-09 09:32:28] FairyGUI: DoubleDJoystick 动效绑定等待主界面创建（稍后自动重试）。
[2026-08-09 09:32:31] FairyGUI: DoubleDJoystick 动效绑定等待主界面创建（稍后自动重试）。
[2026-08-09 09:32:34] FairyGUI: DoubleDJoystick 动效绑定等待主界面创建（稍后自动重试）。
[2026-08-09 09:32:37] FairyGUI: DoubleDJoystick 动效绑定等待主界面创建（稍后自动重试）。
[2026-08-09 09:32:40] FairyGUI: DoubleDJoystick 动效绑定等待主界面创建（稍后自动重试）。
[2026-08-09 09:32:43] FairyGUI: DoubleDJoystick 动效绑定等待主界面创建（稍后自动重试）。
[2026-08-09 09:32:46] FairyGUI: DoubleDJoystick 动效绑定等待主界面创建（稍后自动重试）。
[2026-08-09 09:32:50] FairyGUI: DoubleDJoystick 动效绑定等待主界面创建（稍后自动重试）。
[2026-08-09 09:32:53] FairyGUI: DoubleDJoystick 动效绑定等待主界面创建（稍后自动重试）。
[2026-08-09 09:32:56] FairyGUI: DoubleDJoystick 动效绑定等待主界面创建（稍后自动重试）。
[2026-08-09 09:32:59] FairyGUI: DoubleDJoystick 动效绑定等待主界面创建（稍后自动重试）。
[2026-08-09 09:33:02] FairyGUI: DoubleDJoystick 动效绑定等待主界面创建（稍后自动重试）。
[2026-08-09 09:33:05] FairyGUI: DoubleDJoystick 动效绑定等待主界面创建（稍后自动重试）。
[2026-08-09 09:33:08] FairyGUI: DoubleDJoystick 动效绑定等待主界面创建（稍后自动重试）。
[2026-08-09 09:33:11] FairyGUI: DoubleDJoystick 动效绑定等待主界面创建（稍后自动重试）。
[2026-08-09 09:33:14] FairyGUI: DoubleDJoystick 动效绑定等待主界面创建（稍后自动重试）。
[2026-08-09 09:33:17] FairyGUI: DoubleDJoystick 动效绑定等待主界面创建（稍后自动重试）。
[2026-08-09 09:33:18] ClientVersionHash=aab3d05182c67c2f8bf22eef1016dd8f Source=/system/bin/app_process64
[2026-08-09 09:33:18] 握手通过：ClientVersion=OK，已进入登录界面。
[2026-08-09 09:33:18] SmokeTest 自动登录发起：Account=codexp10809（PasswordLen=9）。
[2026-08-09 09:33:18] 登录成功：Characters=1，准备进入选角。
[2026-08-09 09:33:20] 进入选角界面：Characters=1
[2026-08-09 09:33:20] SmokeTest 选角命中：CharacterName=P1Hero809，SelectedIndex=0。
[2026-08-09 09:33:20] SmokeTest 自动进图：发送 StartGame（SelectedIndex=0, CharacterIndex=11）。
[2026-08-09 09:33:20] FairyGUI: DoubleDJoystick 动效绑定等待主界面创建（稍后自动重试）。
[2026-08-09 09:33:20] 进入地图：StartGame=OK，创建 GameScene。
[2026-08-09 09:33:20] 进入地图：准备 new GameScene（v20260328-asynclog）。
[2026-08-09 09:33:20] 进入地图：GameScene 构造开始（v20260328-asynclog）。
[2026-08-09 09:33:20] 进入地图：GameScene 已创建。
[2026-08-09 09:33:20] 进入地图：开始初始化移动端 Overlay（FairyGUI 主界面）。
[2026-08-09 09:33:20] FairyGUI: 开始创建主界面（UI/主界面_MainUI）
[2026-08-09 09:33:20] FairyGUI: CreateObject 前置：Stopwatch 已启动。
[2026-08-09 09:33:20] FairyGUI: CreateObject 前置：TraceDepth 已递增到 1。
[2026-08-09 09:33:20] FairyGUI: 即将调用 UIPackage.CreateObject（UI/主界面_MainUI）。
[2026-08-09 09:33:20] FairyGUI: [CreateObject] static 入口 pkgName=UI resName=主界面_MainUI
[2026-08-09 09:33:20] FairyGUI: [CreateObject] static GetByName 开始 pkgName=UI
[2026-08-09 09:33:20] FairyGUI: [GetByName] TryGetValue 开始 name=UI
[2026-08-09 09:33:20] FairyGUI: [GetByName] TryGetValue 命中（0ms） name=UI
[2026-08-09 09:33:20] FairyGUI: [CreateObject] static GetByName 返回（0ms） pkg=UI
[2026-08-09 09:33:20] FairyGUI: [CreateObject] static pkg.CreateObject 开始 pkg=UI resName=主界面_MainUI
[2026-08-09 09:33:20] FairyGUI: [CreateObject] pkg.CreateObject(string) 入口 pkg=UI resName=主界面_MainUI itemsByName=65
[2026-08-09 09:33:20] FairyGUI: [CreateObject] pkg._itemsByName.TryGetValue 开始 pkg=UI resName=主界面_MainUI
[2026-08-09 09:33:20] FairyGUI: [CreateObject] pkg._itemsByName.TryGetValue 命中（0ms） pkg=UI resName=主界面_MainUI itemType=Component
[2026-08-09 09:33:20] FairyGUI: [CreateObject] 开始 pkg=UI item=主界面_MainUI type=Component
[2026-08-09 09:33:20] FairyGUI: [CreateObject] GetItemAsset 完成（0ms） pkg=UI item=主界面_MainUI file=
[2026-08-09 09:33:20] FairyGUI: [CreateObject] ConstructFromResource 开始 obj=GComponent pkg=UI item=主界面_MainUI
[2026-08-09 09:33:20] FairyGUI: [LoadSound] 开始 pkg=Sounds file=Sounds_3272i
[2026-08-09 09:33:20] FairyGUI: [LoadSound] OpenSoundStream 开始 file=Sounds_3272i
[2026-08-09 09:33:20] FairyGUI: [LoadSound] OpenSoundStream 完成（0ms） file=Sounds_3272i
[2026-08-09 09:33:20] FairyGUI: [LoadSound] Decode 开始 file=Sounds_3272i
[2026-08-09 09:33:20] FairyGUI: [LoadSound] Decode 完成（0ms） file=Sounds_3272i
[2026-08-09 09:33:20] FairyGUI: [LoadSound] 完成（0ms） pkg=Sounds file=Sounds_3272i
[2026-08-09 09:33:20] FairyGUI: [CreateObject] 开始 pkg=UIRes item=BottomAuPickupBtn type=Component
[2026-08-09 09:33:20] FairyGUI: [CreateObject] GetItemAsset 完成（0ms） pkg=UIRes item=BottomAuPickupBtn file=
[2026-08-09 09:33:20] FairyGUI: [CreateObject] ConstructFromResource 开始 obj=GButton pkg=UIRes item=BottomAuPickupBtn
[2026-08-09 09:33:20] FairyGUI: [CreateObject] ConstructFromResource 完成（0ms） obj=GButton pkg=UIRes item=BottomAuPickupBtn
[2026-08-09 09:33:20] FairyGUI: [CreateObject] 开始 pkg=UIRes item=RightUIProWin type=Component
[2026-08-09 09:33:20] FairyGUI: [CreateObject] GetItemAsset 完成（0ms） pkg=UIRes item=RightUIProWin file=
[2026-08-09 09:33:20] FairyGUI: [CreateObject] ConstructFromResource 开始 obj=GComponent pkg=UIRes item=RightUIProWin
[2026-08-09 09:33:20] FairyGUI: [CreateObject] ConstructFromResource 完成（1ms） obj=GComponent pkg=UIRes item=RightUIProWin
[2026-08-09 09:33:20] FairyGUI: [CreateObject] 开始 pkg=UIRes item=ComPetWin type=Component
[2026-08-09 09:33:20] FairyGUI: [CreateObject] GetItemAsset 完成（0ms） pkg=UIRes item=ComPetWin file=
[2026-08-09 09:33:20] FairyGUI: [CreateObject] ConstructFromResource 开始 obj=GComponent pkg=UIRes item=ComPetWin
[2026-08-09 09:33:20] FairyGUI: [CreateObject] ConstructFromResource 完成（0ms） obj=GComponent pkg=UIRes item=ComPetWin
[2026-08-09 09:33:20] FairyGUI: [CreateObject] 开始 pkg=UIRes item=DBtnAuto type=Component
[2026-08-09 09:33:20] FairyGUI: [CreateObject] GetItemAsset 完成（0ms） pkg=UIRes item=DBtnAuto file=
[2026-08-09 09:33:20] FairyGUI: [CreateObject] ConstructFromResource 开始 obj=GButton pkg=UIRes item=DBtnAuto
[2026-08-09 09:33:20] FairyGUI: [CreateObject] ConstructFromResource 完成（0ms） obj=GButton pkg=UIRes item=DBtnAuto
[2026-08-09 09:33:20] FairyGUI: [CreateObject] 开始 pkg=UIRes item=RigPetItemBtn1 type=Component
[2026-08-09 09:33:20] FairyGUI: [CreateObject] GetItemAsset 完成（0ms） pkg=UIRes item=RigPetItemBtn1 file=
[2026-08-09 09:33:20] FairyGUI: [CreateObject] ConstructFromResource 开始 obj=GButton pkg=UIRes item=RigPetItemBtn1
[2026-08-09 09:33:20] FairyGUI: [CreateObject] ConstructFromResource 完成（3ms） obj=GButton pkg=UIRes item=RigPetItemBtn1
[2026-08-09 09:33:20] FairyGUI: [CreateObject] 开始 pkg=UIRes item=RigPetItemBtn3 type=Component
[2026-08-09 09:33:20] FairyGUI: [CreateObject] GetItemAsset 完成（0ms） pkg=UIRes item=RigPetItemBtn3 file=
[2026-08-09 09:33:20] FairyGUI: [CreateObject] ConstructFromResource 开始 obj=GButton pkg=UIRes item=RigPetItemBtn3
[2026-08-09 09:33:20] FairyGUI: [CreateObject] ConstructFromResource 完成（0ms） obj=GButton pkg=UIRes item=RigPetItemBtn3
[2026-08-09 09:33:20] FairyGUI: [CreateObject] 开始 pkg=UIRes item=RigPetItemBtn4 type=Component
[2026-08-09 09:33:20] FairyGUI: [CreateObject] GetItemAsset 完成（0ms） pkg=UIRes item=RigPetItemBtn4 file=
[2026-08-09 09:33:20] FairyGUI: [CreateObject] ConstructFromResource 开始 obj=GButton pkg=UIRes item=RigPetItemBtn4
[2026-08-09 09:33:20] FairyGUI: [CreateObject] ConstructFromResource 完成（0ms） obj=GButton pkg=UIRes item=RigPetItemBtn4
[2026-08-09 09:33:20] FairyGUI: [CreateObject] 开始 pkg=UIRes item=bagItem type=Component
[2026-08-09 09:33:20] FairyGUI: [CreateObject] GetItemAsset 完成（0ms） pkg=UIRes item=bagItem file=
[2026-08-09 09:33:20] FairyGUI: [CreateObject] ConstructFromResource 开始 obj=GComponent pkg=UIRes item=bagItem
[2026-08-09 09:33:20] FairyGUI: [CreateObject] ConstructFromResource 完成（1ms） obj=GComponent pkg=UIRes item=bagItem
[2026-08-09 09:33:20] FairyGUI: [CreateObject] 开始 pkg=UIRes item=bagItem type=Component
[2026-08-09 09:33:20] FairyGUI: [CreateObject] GetItemAsset 完成（0ms） pkg=UIRes item=bagItem file=
[2026-08-09 09:33:20] FairyGUI: [CreateObject] ConstructFromResource 开始 obj=GComponent pkg=UIRes item=bagItem
[2026-08-09 09:33:20] FairyGUI: [CreateObject] ConstructFromResource 完成（0ms） obj=GComponent pkg=UIRes item=bagItem
[2026-08-09 09:33:20] FairyGUI: [CreateObject] 开始 pkg=UIRes item=bagItem type=Component
[2026-08-09 09:33:20] FairyGUI: [CreateObject] GetItemAsset 完成（0ms） pkg=UIRes item=bagItem file=
[2026-08-09 09:33:20] FairyGUI: [CreateObject] ConstructFromResource 开始 obj=GComponent pkg=UIRes item=bagItem
[2026-08-09 09:33:20] FairyGUI: [CreateObject] ConstructFromResource 完成（0ms） obj=GComponent pkg=UIRes item=bagItem
[2026-08-09 09:33:20] FairyGUI: [CreateObject] 开始 pkg=UIRes item=bagItem type=Component
[2026-08-09 09:33:20] FairyGUI: [CreateObject] GetItemAsset 完成（0ms） pkg=UIRes item=bagItem file=
[2026-08-09 09:33:20] FairyGUI: [CreateObject] ConstructFromResource 开始 obj=GComponent pkg=UIRes item=bagItem
[2026-08-09 09:33:20] FairyGUI: [CreateObject] ConstructFromResource 完成（0ms） obj=GComponent pkg=UIRes item=bagItem
[2026-08-09 09:33:20] FairyGUI: [CreateObject] 开始 pkg=UIRes item=bagItem type=Component
[2026-08-09 09:33:20] FairyGUI: [CreateObject] GetItemAsset 完成（0ms） pkg=UIRes item=bagItem file=
[2026-08-09 09:33:20] FairyGUI: [CreateObject] ConstructFromResource 开始 obj=GComponent pkg=UIRes item=bagItem
[2026-08-09 09:33:20] FairyGUI: [CreateObject] ConstructFromResource 完成（1ms） obj=GComponent pkg=UIRes item=bagItem
[2026-08-09 09:33:20] FairyGUI: [CreateObject] 开始 pkg=UIRes item=bagItem type=Component
[2026-08-09 09:33:20] FairyGUI: [CreateObject] GetItemAsset 完成（0ms） pkg=UIRes item=bagItem file=
[2026-08-09 09:33:20] FairyGUI: [CreateObject] ConstructFromResource 开始 obj=GComponent pkg=UIRes item=bagItem
[2026-08-09 09:33:20] FairyGUI: [CreateObject] ConstructFromResource 完成（0ms） obj=GComponent pkg=UIRes item=bagItem
[2026-08-09 09:33:20] FairyGUI: [LoadSound] 开始 pkg=Sounds file=Sounds_g2d28
[2026-08-09 09:33:20] FairyGUI: [LoadSound] OpenSoundStream 开始 file=Sounds_g2d28
[2026-08-09 09:33:20] FairyGUI: [LoadSound] OpenSoundStream 完成（0ms） file=Sounds_g2d28
[2026-08-09 09:33:20] FairyGUI: [LoadSound] Decode 开始 file=Sounds_g2d28
[2026-08-09 09:33:20] FairyGUI: [LoadSound] Decode 完成（0ms） file=Sounds_g2d28
[2026-08-09 09:33:20] FairyGUI: [LoadSound] 完成（1ms） pkg=Sounds file=Sounds_g2d28
[2026-08-09 09:33:20] FairyGUI: [CreateObject] 开始 pkg=UIRes item=TargetListItem type=Component
[2026-08-09 09:33:20] FairyGUI: [CreateObject] GetItemAsset 完成（0ms） pkg=UIRes item=TargetListItem file=
[2026-08-09 09:33:20] FairyGUI: [CreateObject] ConstructFromResource 开始 obj=GButton pkg=UIRes item=TargetListItem
[2026-08-09 09:33:20] FairyGUI: [CreateObject] ConstructFromResource 完成（1ms） obj=GButton pkg=UIRes item=TargetListItem
[2026-08-09 09:33:20] FairyGUI: [CreateObject] 开始 pkg=UIRes item=TargetListItem type=Component
[2026-08-09 09:33:20] FairyGUI: [CreateObject] GetItemAsset 完成（0ms） pkg=UIRes item=TargetListItem file=
[2026-08-09 09:33:20] FairyGUI: [CreateObject] ConstructFromResource 开始 obj=GButton pkg=UIRes item=TargetListItem
[2026-08-09 09:33:20] FairyGUI: [CreateObject] ConstructFromResource 完成（1ms） obj=GButton pkg=UIRes item=TargetListItem
[2026-08-09 09:33:20] FairyGUI: [CreateObject] 开始 pkg=UIRes item=TargetListItem type=Component
[2026-08-09 09:33:20] FairyGUI: [CreateObject] GetItemAsset 完成（0ms） pkg=UIRes item=TargetListItem file=
[2026-08-09 09:33:20] FairyGUI: [CreateObject] ConstructFromResource 开始 obj=GButton pkg=UIRes item=TargetListItem
[2026-08-09 09:33:20] FairyGUI: [CreateObject] ConstructFromResource 完成（0ms） obj=GButton pkg=UIRes item=TargetListItem
[2026-08-09 09:33:20] FairyGUI: [CreateObject] 开始 pkg=UIRes item=TargetListItem type=Component
[2026-08-09 09:33:20] FairyGUI: [CreateObject] GetItemAsset 完成（0ms） pkg=UIRes item=TargetListItem file=
[2026-08-09 09:33:20] FairyGUI: [CreateObject] ConstructFromResource 开始 obj=GButton pkg=UIRes item=TargetListItem
[2026-08-09 09:33:20] FairyGUI: [CreateObject] ConstructFromResource 完成（0ms） obj=GButton pkg=UIRes item=TargetListItem
[2026-08-09 09:33:20] FairyGUI: [LoadSound] 开始 pkg=Sounds file=Sounds_w0d00
[2026-08-09 09:33:20] FairyGUI: [LoadSound] OpenSoundStream 开始 file=Sounds_w0d00
[2026-08-09 09:33:20] FairyGUI: [LoadSound] OpenSoundStream 完成（0ms） file=Sounds_w0d00
[2026-08-09 09:33:20] FairyGUI: [LoadSound] Decode 开始 file=Sounds_w0d00
[2026-08-09 09:33:20] FairyGUI: [LoadSound] Decode 完成（0ms） file=Sounds_w0d00
[2026-08-09 09:33:20] FairyGUI: [LoadSound] 完成（0ms） pkg=Sounds file=Sounds_w0d00
[2026-08-09 09:33:20] FairyGUI: [CreateObject] 开始 pkg=UIRes item=bagItem type=Component
[2026-08-09 09:33:20] FairyGUI: [CreateObject] GetItemAsset 完成（0ms） pkg=UIRes item=bagItem file=
[2026-08-09 09:33:20] FairyGUI: [CreateObject] ConstructFromResource 开始 obj=GComponent pkg=UIRes item=bagItem
[2026-08-09 09:33:20] FairyGUI: [CreateObject] ConstructFromResource 完成（0ms） obj=GComponent pkg=UIRes item=bagItem
[2026-08-09 09:33:20] FairyGUI: [CreateObject] 开始 pkg=UIRes item=bagItem type=Component
[2026-08-09 09:33:20] FairyGUI: [CreateObject] GetItemAsset 完成（0ms） pkg=UIRes item=bagItem file=
[2026-08-09 09:33:20] FairyGUI: [CreateObject] ConstructFromResource 开始 obj=GComponent pkg=UIRes item=bagItem
[2026-08-09 09:33:20] FairyGUI: [CreateObject] ConstructFromResource 完成（0ms） obj=GComponent pkg=UIRes item=bagItem
[2026-08-09 09:33:20] FairyGUI: [CreateObject] 开始 pkg=UIRes item=bagItem type=Component
[2026-08-09 09:33:20] FairyGUI: [CreateObject] GetItemAsset 完成（0ms） pkg=UIRes item=bagItem file=
[2026-08-09 09:33:20] FairyGUI: [CreateObject] ConstructFromResource 开始 obj=GComponent pkg=UIRes item=bagItem
[2026-08-09 09:33:20] FairyGUI: [CreateObject] ConstructFromResource 完成（1ms） obj=GComponent pkg=UIRes item=bagItem
[2026-08-09 09:33:20] FairyGUI: [CreateObject] 开始 pkg=UIRes item=bagItem type=Component
[2026-08-09 09:33:20] FairyGUI: [CreateObject] GetItemAsset 完成（0ms） pkg=UIRes item=bagItem file=
[2026-08-09 09:33:20] FairyGUI: [CreateObject] ConstructFromResource 开始 obj=GComponent pkg=UIRes item=bagItem
[2026-08-09 09:33:20] FairyGUI: [CreateObject] ConstructFromResource 完成（0ms） obj=GComponent pkg=UIRes item=bagItem
[2026-08-09 09:33:20] FairyGUI: [CreateObject] 开始 pkg=UIRes item=bagItem type=Component
[2026-08-09 09:33:20] FairyGUI: [CreateObject] GetItemAsset 完成（0ms） pkg=UIRes item=bagItem file=
[2026-08-09 09:33:20] FairyGUI: [CreateObject] ConstructFromResource 开始 obj=GComponent pkg=UIRes item=bagItem
[2026-08-09 09:33:20] FairyGUI: [CreateObject] ConstructFromResource 完成（6ms） obj=GComponent pkg=UIRes item=bagItem
[2026-08-09 09:33:20] FairyGUI: [CreateObject] 开始 pkg=UIRes item=bagItem type=Component
[2026-08-09 09:33:20] FairyGUI: [CreateObject] GetItemAsset 完成（0ms） pkg=UIRes item=bagItem file=
[2026-08-09 09:33:20] FairyGUI: [CreateObject] ConstructFromResource 开始 obj=GComponent pkg=UIRes item=bagItem
[2026-08-09 09:33:20] FairyGUI: [CreateObject] ConstructFromResource 完成（0ms） obj=GComponent pkg=UIRes item=bagItem
[2026-08-09 09:33:20] FairyGUI: [CreateObject] 开始 pkg=UIRes item=DScrollBar type=Component
[2026-08-09 09:33:20] FairyGUI: [CreateObject] GetItemAsset 完成（0ms） pkg=UIRes item=DScrollBar file=
[2026-08-09 09:33:20] FairyGUI: [CreateObject] ConstructFromResource 开始 obj=GScrollBar pkg=UIRes item=DScrollBar
[2026-08-09 09:33:20] FairyGUI: [CreateObject] ConstructFromResource 完成（1ms） obj=GScrollBar pkg=UIRes item=DScrollBar
[2026-08-09 09:33:20] FairyGUI: [CreateObject] ConstructFromResource 完成（93ms） obj=GComponent pkg=UI item=主界面_MainUI
[2026-08-09 09:33:20] FairyGUI: CreateObject 后置：TraceDepth 已递减到 0。
[2026-08-09 09:33:20] FairyGUI: CreateObject 完成（100ms）
[2026-08-09 09:33:20] FairyGUI: 主界面挂载完成（1ms）
[2026-08-09 09:33:20] FairyGUI: SafeArea(MainHud) px=0,0,1520,855 scaleFactor=1 -> ui=0,0,1520,855
[2026-08-09 09:33:20] FairyGUI: EnsureMobileMainHudLayout 完成（0ms）
[2026-08-09 09:33:20] FairyGUI: 主界面核心节点状态(ApplyDefaults)
  DMinMapUI=idx=0 path=DMinMapUI name=DMinMapUI item=DMinMapUI title=(null) url=ui://jk0io98jruoyn2r3 rect=1223.13,0,294.5,195.94 exported gfx=null touchable=True visible=True chain=DMinMapUI(v=1,a=1) <- (v=1,a=1)
  DStateWindow=idx=1 path=DStateWindow name=DStateWindow item=DStateWindow title=(null) url=ui://jk0io98jv9b16t rect=1.19,3.56,496.38,52.25 exported gfx=null touchable=True visible=True chain=DStateWindow(v=1,a=1) <- (v=1,a=1)
  TaskAndRanksPanel=idx=3 path=TaskAndRanksPanel name=TaskAndRanksPanel item=TaskAndRanksPanel title=(null) url=ui://jk0io98jtd9ga rect=2.38,81.94,356.25,249.38 exported gfx=null touchable=True visible=True chain=TaskAndRanksPanel(v=1,a=1) <- (v=1,a=1)
  DFunBtms=idx=4 path=DFunBtms name=DFunBtms item=DFunBtms title=(null) url=ui://jk0io98jk02tn1v2 rect=1056.88,197.13,460.75,359.81 exported gfx=null touchable=True visible=True chain=DFunBtms(v=1,a=1) <- (v=1,a=1)
  BottomUI=idx=5 path=BottomUI name=BottomUI item=BottomUI title=(null) url=ui://jk0io98jv9b119 rect=760,755.25,1520,199.5 exported gfx=null touchable=True visible=True chain=BottomUI(v=1,a=1) <- (v=1,a=1)
  BottomPCUI=idx=8 path=BottomPCUI name=BottomPCUI item=DBottom title=(null) url=ui://jk0io98jj3e21or rect=0,553.38,1520,301.63 exported gfx=null touchable=False visible=False chain=BottomPCUI(v=0,a=1) <- (v=1,a=1)
  DArrackModelUI=idx=7 path=DArrackModelUI name=DArrackModelUI item=DArrackModelUI title=(null) url=ui://jk0io98jv9b1g0 rect=1091.31,371.69,427.5,422.75 exported gfx=null touchable=True visible=True chain=DArrackModelUI(v=1,a=1) <- (v=1,a=1)
  DoubleDJoystick=idx=9 path=DoubleDJoystick name=DoubleDJoystick item=DoubleDJoystick title=(null) url=ui://jk0io98jgcp1n1pi rect=-2.38,376.44,498.75,375.25 exported gfx=null touchable=True visible=True chain=DoubleDJoystick(v=1,a=1) <- (v=1,a=1)
  BottomUI/bg=idx=5/0 path=BottomUI/bg name=bg item=Bottom_00135 title=(null) url=ui://jk0io98jldxan23d rect=482.13,686.38,99.75,99.75 exported gfx=84x84/root=2048x2048/rot=0 touchable=True visible=True chain=bg(v=1,a=1) <- BottomUI(v=1,a=1) <- (v=1,a=1)
  BottomUI/DHPBall=idx=5/1 path=BottomUI/DHPBall name=DHPBall item=Bottom_00138 title=(null) url=ui://jk0io98jldxan23e rect=480.94,686.38,49.88,99.75 exported gfx=42x84/root=2048x1024/rot=0 touchable=True visible=True chain=DHPBall(v=1,a=1) <- BottomUI(v=1,a=1) <- (v=1,a=1)
  BottomUI/DMPBall=idx=5/2 path=BottomUI/DMPBall name=DMPBall item=Bottom_00137 title=(null) url=ui://jk0io98jldxan23f rect=534.38,686.38,49.88,99.75 exported gfx=42x84/root=2048x1024/rot=0 touchable=True visible=True chain=DMPBall(v=1,a=1) <- BottomUI(v=1,a=1) <- (v=1,a=1)
  DoubleDJoystick/joystick_center_1=idx=9/4 path=DoubleDJoystick/joystick_center_1 name=joystick_center_1 item=Bottom_00343 title=(null) url=ui://jk0io98jldxan274 rect=47.5,559.31,142.5,140.13 exported gfx=160x158/root=2048x2048/rot=0 touchable=True visible=True chain=joystick_center_1(v=1,a=1) <- DoubleDJoystick(v=1,a=1) <- (v=1,a=1)
  DoubleDJoystick/joystick_center_2=idx=9/0 path=DoubleDJoystick/joystick_center_2 name=joystick_center_2 item=Bottom_00343 title=(null) url=ui://jk0io98jldxan274 rect=217.31,435.81,190,187.63 exported gfx=160x158/root=2048x2048/rot=0 touchable=True visible=True chain=joystick_center_2(v=1,a=1) <- DoubleDJoystick(v=1,a=1) <- (v=1,a=1)
  DoubleDJoystick/joystick_1=idx=9/6 path=DoubleDJoystick/joystick_1 name=joystick_1 item=joystick_1 title= url=ui://jk0io98jgcp1n1pg rect=78.38,587.81,84.31,84.31 exported gfx=null touchable=True visible=True chain=joystick_1(v=1,a=1) <- DoubleDJoystick(v=1,a=1) <- (v=1,a=1)
  DoubleDJoystick/joystick_2=idx=9/2 path=DoubleDJoystick/joystick_2 name=joystick_2 item=joystick_2 title= url=ui://jk0io98jgcp1n1ph rect=270.75,488.06,84.31,84.31 exported gfx=null touchable=True visible=True chain=joystick_2(v=1,a=1) <- DoubleDJoystick(v=1,a=1) <- (v=1,a=1)
[2026-08-09 09:33:20] FairyGUI: Clamp(DFunBtms) anchor=idx=4/4 path=DFunBtms/DBtnShow name=DBtnShow item=DBtnShow title= url=ui://jk0io98jk02tn1ut rect=1423.75,285,90.25,83.13 exported gfx=null touchable=True visible=True moveTarget=idx=4 path=DFunBtms name=DFunBtms item=DFunBtms title=(null) url=ui://jk0io98jk02tn1v2 rect=1054.44,197.13,460.75,359.81 exported gfx=null touchable=True visible=True move=(-2.44,0) rect=1426.19,285,90.25,83.13 safe=0,0,1520,855
[2026-08-09 09:33:20] FairyGUI: 已导出主界面树到 /data/user/0/com.lommir.client.monogame.android/files/Cache/Mobile/Runtime/FairyGui-MobileMainHudTree.txt
[2026-08-09 09:33:20] FairyGUI: TryDumpMobileMainHudTreeIfDue 返回（35ms）
[2026-08-09 09:33:20] FairyGUI: 已绑定按钮[拾取] -> idx=10/7/2 path=DFunBtms/RigFunctionList/(null) name= item=BottomAuPickupBtn title= url=ui://jk0io98jk02tn1v0 rect=1079.38,289.75,74.81,74.81 exported touchable=True visible=True
[2026-08-09 09:33:20] FairyGUI: 已绑定按钮[自动跑] -> idx=4/11 path=BottomUI/DRun name=DRun item=(null) title=(null) url=(null) rect=4.75,720.81,108.06,93.81 internal touchable=True visible=True
[2026-08-09 09:33:20] FairyGUI: 已绑定按钮[自动打] -> idx=4/18/1 path=BottomUI/AutoFight/BtnAutoFight name=BtnAutoFight item=BtnAutoFight title= url=ui://jk0io98jv9b11h rect=874,590.19,49.88,51.06 exported touchable=True visible=True
[2026-08-09 09:33:20] FairyGUI: 已绑定按钮[模式] -> idx=6/4 path=DArrackModelUI/DBtnAttack0 name=DBtnAttack0 item=DBtnAttack0 title= url=ui://jk0io98jv9b1fd rect=1312.19,586.63,142.5,142.5 exported touchable=True visible=True
[2026-08-09 09:33:20] FairyGUI: 已绑定按钮[技能] -> idx=6/1/0 path=DArrackModelUI/DBtnAttack2/skill name=skill item=(null) title=(null) url=(null) rect=1201.75,572.38,95,95 internal touchable=True visible=True
[2026-08-09 09:33:20] FairyGUI: 已绑定按钮[角色] -> idx=10/10 path=DFunBtms/DBtnState name=DBtnState item=DBtnState title= url=ui://jk0io98jk02tn1ur rect=1379.81,237.5,80.75,80.75 exported touchable=True visible=True
[2026-08-09 09:33:20] FairyGUI: 已绑定按钮[背包] -> idx=10/11 path=DFunBtms/DBtnBag name=DBtnBag item=DBtnBag title= url=ui://jk0io98jk02tn1uq rect=1473.63,237.5,80.75,80.75 exported touchable=True visible=True
[2026-08-09 09:33:20] FairyGUI: 已绑定按钮[师徒] -> idx=10 path=__codex_mobile_mentor_hud_fallback name=__codex_mobile_mentor_hud_fallback item=(null) title=师徒 url=(null) rect=1368,779,133,57 internal touchable=True visible=True
[2026-08-09 09:33:20] FairyGUI: 已绑定按钮[关系] -> idx=11 path=__codex_mobile_marriage_hud_fallback name=__codex_mobile_marriage_hud_fallback item=(null) title=关系 url=(null) rect=1368,710.13,133,57 internal touchable=True visible=True
[2026-08-09 09:33:20] FairyGUI: 已绑定按钮[坐骑] -> idx=12 path=__codex_mobile_mount_hud_fallback name=__codex_mobile_mount_hud_fallback item=(null) title=坐骑 url=(null) rect=1368,643.63,133,57 internal touchable=True visible=True
[2026-08-09 09:33:20] FairyGUI: 已绑定按钮[钓鱼] -> idx=13 path=__codex_mobile_fishing_hud_fallback name=__codex_mobile_fishing_hud_fallback item=(null) title=钓鱼 url=(null) rect=1368,510.63,133,57 internal touchable=True visible=True
[2026-08-09 09:33:20] FairyGUI: 已绑定按钮[封印/租赁] -> idx=14 path=__codex_mobile_seal_rental_hud_fallback name=__codex_mobile_seal_rental_hud_fallback item=(null) title=封印/租赁 url=(null) rect=1368,577.13,133,57 internal touchable=True visible=True
[2026-08-09 09:33:20] FairyGUI: 已绑定按钮[活动/赏金] -> idx=15 path=__codex_mobile_activity_hud_fallback name=__codex_mobile_activity_hud_fallback item=(null) title=活动/赏金 url=(null) rect=1368,444.13,133,57 internal touchable=True visible=True
[2026-08-09 09:33:20] FairyGUI: 已绑定按钮[聊天] -> idx=4/8 path=BottomUI/DChatWindow name=DChatWindow item=(null) title=(null) url=(null) rect=651.94,736.25,418,81.94 internal touchable=True visible=True
[2026-08-09 09:33:20] FairyGUI: 已绑定按钮[商店] -> idx=16 path=__codex_mobile_shop_hud_fallback name=__codex_mobile_shop_hud_fallback item=(null) title=商店 url=(null) rect=1368,377.63,133,57 internal touchable=True visible=True
[2026-08-09 09:33:20] FairyGUI: 已绑定按钮[大地图] -> idx=0/4 path=DMinMapUI/DBtnMinMap name=DBtnMinMap item=DBtnMinMap title= url=ui://jk0io98jruoyn2r1 rect=1224.31,0,42.75,42.75 exported touchable=True visible=True
[2026-08-09 09:33:20] FairyGUI: 主界面按钮绑定未完全命中，待补充映射：攻击、英雄、系统
[2026-08-09 09:33:20] FairyGUI: TryBindMobileMainHudButtonsIfDue 返回（222ms）
[2026-08-09 09:33:20] FairyGUI: 主界面已创建（UI/主界面_MainUI）
[2026-08-09 09:33:20] FairyGUI: 主界面创建总耗时 396ms
[2026-08-09 09:33:20] 进入地图：移动端 Overlay 初始化调用已返回。
[2026-08-09 09:33:20] 进入地图：GameScene 构造已返回，准备释放 SelectScene。
[2026-08-09 09:33:20] 进入地图：SelectScene 已释放。
[2026-08-09 09:33:20] FairyGUI: 系统消息输出绑定到 BottomUI/DChatWindow：idx=4/8/0 path=BottomUI/DChatWindow/__codex_mobile_chattxt name=__codex_mobile_chattxt item=(null) title=(null) url=(null) rect=651.94,736.25,418,81.94 internal gfx=null touchable=False visible=True (BottomUI/DChatWindow-fallback)
[2026-08-09 09:33:20] 进入地图：收到 MapInformation FileName=0
[2026-08-09 09:33:20] 进入地图：开始后台加载地图 FileName=/data/user/0/com.lommir.client.monogame.android/files/Cache/Mobile/Maps/0.map
[2026-08-09 09:33:20] 进入地图：MapControl 已切换为后台加载（1ms）
[2026-08-09 09:33:21] FairyGUI: DoubleDJoystick 动效绑定完成：
  Walk Root=idx=8/7 path=DoubleDJoystick/joystick_touch_1 name=joystick_touch_1 item=(null) title=(null) url=(null) rect=-2.38,547.44,235.13,194.75 internal gfx=gfx:1x1/root=1x1/rot=0/pkg:null touchable=True visible=True
  Walk Knob=idx=8/6 path=DoubleDJoystick/joystick_1 name=joystick_1 item=joystick_1 title= url=ui://jk0io98jgcp1n1pg rect=78.38,587.81,84.31,84.31 exported gfx=null touchable=True visible=True
  Walk Center=idx=8/4 path=DoubleDJoystick/joystick_center_1 name=joystick_center_1 item=Bottom_00343 title=(null) url=ui://jk0io98jldxan274 rect=47.5,559.31,142.5,140.13 exported gfx=160x158/root=2048x2048/rot=0 touchable=True visible=True
  Walk Thumb=idx=8/5 path=DoubleDJoystick/direct_1 name=direct_1 item=Bottom_00344 title=(null) url=ui://jk0io98jldxan275 rect=119.94,624.63,135.38,85.5 exported gfx=152x90/root=2048x2048/rot=0 touchable=True visible=False
  Run Root=idx=8/3 path=DoubleDJoystick/joystick_touch_2 name=joystick_touch_2 item=(null) title=(null) url=(null) rect=10.69,389.5,445.31,351.5 internal gfx=gfx:1x1/root=1x1/rot=0/pkg:null touchable=True visible=True
  Run Knob=idx=8/2 path=DoubleDJoystick/joystick_2 name=joystick_2 item=joystick_2 title= url=ui://jk0io98jgcp1n1ph rect=270.75,488.06,84.31,84.31 exported gfx=null touchable=True visible=True
  Run Center=idx=8/0 path=DoubleDJoystick/joystick_center_2 name=joystick_center_2 item=Bottom_00343 title=(null) url=ui://jk0io98jldxan274 rect=217.31,435.81,190,187.63 exported gfx=160x158/root=2048x2048/rot=0 touchable=True visible=True
  Run Thumb=idx=8/1 path=DoubleDJoystick/direct_2 name=direct_2 item=Bottom_00344 title=(null) url=ui://jk0io98jldxan275 rect=312.31,523.69,180.5,114 exported gfx=152x90/root=2048x2048/rot=0 touchable=True visible=False
[2026-08-09 09:33:21] FairyGUI: 主界面小地图绑定完成：idx=0/3/0 path=DMinMapUI/DMap/item name=item item=(null) title=(null) url=(null) rect=1271.81,36.81,237.5,150.81 internal gfx=null touchable=True visible=True (DMinMapUI/DMap-largest)
[2026-08-09 09:33:21] FairyGUI: 小地图贴图已更新：Index=1 View=full Target=idx=0/3/0 path=DMinMapUI/DMap/item name=item item=(null) title=(null) url=(null) rect=1271.81,36.81,237.5,150.81 internal gfx=null touchable=True visible=True (DMinMapUI/DMap-largest) Size=(200,127) Parent=(200,127) Fill=ScaleFree AutoSize=False
[2026-08-09 09:33:21] FairyGUI: 已导出主界面技能快捷栏绑定报告到 /data/user/0/com.lommir.client.monogame.android/files/Cache/Mobile/Runtime/FairyGui-MobileMainHudSkillHotbarBindings.txt
[2026-08-09 09:33:21] FairyGUI: 主界面技能快捷栏绑定完成：Slots=8 GridRoot=idx=6 path=DArrackModelUI name=DArrackModelUI item=DArrackModelUI title=(null) url=ui://jk0io98jv9b1g0 rect=1091.31,371.69,427.5,422.75 exported gfx=null touchable=True visible=True (name:DArrackModelUI) (named)
[2026-08-09 09:33:21] FairyGUI: HUD底栏绑定 Level=idx=4/14/1 path=BottomUI/DLevel/DLevelText name=DLevelText item=(null) title=(null) url=(null) rect=381.19,827.69,92.63,20.19 internal gfx=gfx:2048x2048/root=2048x2048/rot=0/pkg:null touchable=True visible=True
[2026-08-09 09:33:21] FairyGUI: HUD底栏绑定 Weight=idx=4/8/0 path=BottomUI/DChatWindow/__codex_mobile_chattxt name=__codex_mobile_chattxt item=(null) title=(null) url=(null) rect=651.94,736.25,418,81.94 internal gfx=null touchable=False visible=True
[2026-08-09 09:33:21] FairyGUI: HUD底栏绑定 ExpBar=idx=4/16 path=BottomUI/DExpBar name=DExpBar item=DExpBar title=(null) url=ui://jk0io98jv9b11f rect=923.88,825.31,288.56,26.13 exported gfx=null touchable=True visible=True
[2026-08-09 09:33:21] FairyGUI: HUD底栏绑定 Volume=idx=4/33 path=BottomUI/textVolume name=textVolume item=(null) title=(null) url=(null) rect=1295.56,821.75,79.56,32.06 internal gfx=gfx:2048x2048/root=2048x2048/rot=0/pkg:null touchable=True visible=True
[2026-08-09 09:33:21] 进入地图：后台地图加载完成 FileName=/data/user/0/com.lommir.client.monogame.android/files/Cache/Mobile/Maps/0.map TotalMs=903 Size=700x700 Objects=19 MiniMap=1/1
[2026-08-09 09:33:21] MLibrary: 本帧贴图创建预算已用尽，延后到后续帧（避免卡顿/掉线）。Lib=Tiles.Lib Index=241 Budget=12/frame
[2026-08-09 09:33:23] FairyGUI: HUD底栏绑定 Level=idx=4/14/1 path=BottomUI/DLevel/DLevelText name=DLevelText item=(null) title=(null) url=(null) rect=381.19,827.69,92.63,20.19 internal gfx=gfx:2048x2048/root=2048x2048/rot=0/pkg:null touchable=True visible=True
[2026-08-09 09:33:23] FairyGUI: HUD底栏绑定 Weight=idx=4/8/0 path=BottomUI/DChatWindow/__codex_mobile_chattxt name=__codex_mobile_chattxt item=(null) title=(null) url=(null) rect=651.94,736.25,418,81.94 internal gfx=null touchable=False visible=True
[2026-08-09 09:33:23] FairyGUI: HUD底栏绑定 ExpBar=idx=4/16 path=BottomUI/DExpBar name=DExpBar item=DExpBar title=(null) url=ui://jk0io98jv9b11f rect=923.88,825.31,288.56,26.13 exported gfx=null touchable=True visible=True
[2026-08-09 09:33:23] FairyGUI: HUD底栏绑定 Volume=idx=4/33 path=BottomUI/textVolume name=textVolume item=(null) title=(null) url=(null) rect=1295.56,821.75,79.56,32.06 internal gfx=gfx:2048x2048/root=2048x2048/rot=0/pkg:null touchable=True visible=True
[2026-08-09 09:33:23] MLibrary: 本帧贴图创建预算已用尽，延后到后续帧（避免卡顿/掉线）。Lib=Objects.Lib Index=8405 Budget=12/frame
[2026-08-09 09:33:25] FairyGUI: HUD底栏绑定 Level=idx=4/14/1 path=BottomUI/DLevel/DLevelText name=DLevelText item=(null) title=(null) url=(null) rect=381.19,827.69,92.63,20.19 internal gfx=gfx:2048x2048/root=2048x2048/rot=0/pkg:null touchable=True visible=True
[2026-08-09 09:33:25] FairyGUI: HUD底栏绑定 Weight=idx=4/8/0 path=BottomUI/DChatWindow/__codex_mobile_chattxt name=__codex_mobile_chattxt item=(null) title=(null) url=(null) rect=651.94,736.25,418,81.94 internal gfx=null touchable=False visible=True
[2026-08-09 09:33:25] FairyGUI: HUD底栏绑定 ExpBar=idx=4/16 path=BottomUI/DExpBar name=DExpBar item=DExpBar title=(null) url=ui://jk0io98jv9b11f rect=923.88,825.31,288.56,26.13 exported gfx=null touchable=True visible=True
[2026-08-09 09:33:25] FairyGUI: HUD底栏绑定 Volume=idx=4/33 path=BottomUI/textVolume name=textVolume item=(null) title=(null) url=(null) rect=1295.56,821.75,79.56,32.06 internal gfx=gfx:2048x2048/root=2048x2048/rot=0/pkg:null touchable=True visible=True
[2026-08-09 09:33:27] FairyGUI: HUD底栏绑定 Level=idx=4/14/1 path=BottomUI/DLevel/DLevelText name=DLevelText item=(null) title=(null) url=(null) rect=381.19,827.69,92.63,20.19 internal gfx=gfx:2048x2048/root=2048x2048/rot=0/pkg:null touchable=True visible=True
[2026-08-09 09:33:27] FairyGUI: HUD底栏绑定 Weight=idx=4/8/0 path=BottomUI/DChatWindow/__codex_mobile_chattxt name=__codex_mobile_chattxt item=(null) title=(null) url=(null) rect=651.94,736.25,418,81.94 internal gfx=null touchable=False visible=True
[2026-08-09 09:33:27] FairyGUI: HUD底栏绑定 ExpBar=idx=4/16 path=BottomUI/DExpBar name=DExpBar item=DExpBar title=(null) url=ui://jk0io98jv9b11f rect=923.88,825.31,288.56,26.13 exported gfx=null touchable=True visible=True
[2026-08-09 09:33:27] FairyGUI: HUD底栏绑定 Volume=idx=4/33 path=BottomUI/textVolume name=textVolume item=(null) title=(null) url=(null) rect=1295.56,821.75,79.56,32.06 internal gfx=gfx:2048x2048/root=2048x2048/rot=0/pkg:null touchable=True visible=True
[2026-08-09 09:33:29] FairyGUI: HUD底栏绑定 Level=idx=4/14/1 path=BottomUI/DLevel/DLevelText name=DLevelText item=(null) title=(null) url=(null) rect=381.19,827.69,92.63,20.19 internal gfx=gfx:2048x2048/root=2048x2048/rot=0/pkg:null touchable=True visible=True
[2026-08-09 09:33:29] FairyGUI: HUD底栏绑定 Weight=idx=4/8/0 path=BottomUI/DChatWindow/__codex_mobile_chattxt name=__codex_mobile_chattxt item=(null) title=(null) url=(null) rect=651.94,736.25,418,81.94 internal gfx=null touchable=False visible=True
[2026-08-09 09:33:29] FairyGUI: HUD底栏绑定 ExpBar=idx=4/16 path=BottomUI/DExpBar name=DExpBar item=DExpBar title=(null) url=ui://jk0io98jv9b11f rect=923.88,825.31,288.56,26.13 exported gfx=null touchable=True visible=True
[2026-08-09 09:33:29] FairyGUI: HUD底栏绑定 Volume=idx=4/33 path=BottomUI/textVolume name=textVolume item=(null) title=(null) url=(null) rect=1295.56,821.75,79.56,32.06 internal gfx=gfx:2048x2048/root=2048x2048/rot=0/pkg:null touchable=True visible=True
[2026-08-09 09:33:31] FairyGUI: HUD底栏绑定 Level=idx=4/14/1 path=BottomUI/DLevel/DLevelText name=DLevelText item=(null) title=(null) url=(null) rect=381.19,827.69,92.63,20.19 internal gfx=gfx:2048x2048/root=2048x2048/rot=0/pkg:null touchable=True visible=True
[2026-08-09 09:33:31] FairyGUI: HUD底栏绑定 Weight=idx=4/8/0 path=BottomUI/DChatWindow/__codex_mobile_chattxt name=__codex_mobile_chattxt item=(null) title=(null) url=(null) rect=651.94,736.25,418,81.94 internal gfx=null touchable=False visible=True
[2026-08-09 09:33:31] FairyGUI: HUD底栏绑定 ExpBar=idx=4/16 path=BottomUI/DExpBar name=DExpBar item=DExpBar title=(null) url=ui://jk0io98jv9b11f rect=923.88,825.31,288.56,26.13 exported gfx=null touchable=True visible=True
[2026-08-09 09:33:31] FairyGUI: HUD底栏绑定 Volume=idx=4/33 path=BottomUI/textVolume name=textVolume item=(null) title=(null) url=(null) rect=1295.56,821.75,79.56,32.06 internal gfx=gfx:2048x2048/root=2048x2048/rot=0/pkg:null touchable=True visible=True
[2026-08-09 09:33:33] FairyGUI: HUD底栏绑定 Level=idx=4/14/1 path=BottomUI/DLevel/DLevelText name=DLevelText item=(null) title=(null) url=(null) rect=381.19,827.69,92.63,20.19 internal gfx=gfx:2048x2048/root=2048x2048/rot=0/pkg:null touchable=True visible=True
[2026-08-09 09:33:33] FairyGUI: HUD底栏绑定 Weight=idx=4/8/0 path=BottomUI/DChatWindow/__codex_mobile_chattxt name=__codex_mobile_chattxt item=(null) title=(null) url=(null) rect=651.94,736.25,418,81.94 internal gfx=null touchable=False visible=True
[2026-08-09 09:33:33] FairyGUI: HUD底栏绑定 ExpBar=idx=4/16 path=BottomUI/DExpBar name=DExpBar item=DExpBar title=(null) url=ui://jk0io98jv9b11f rect=923.88,825.31,288.56,26.13 exported gfx=null touchable=True visible=True
[2026-08-09 09:33:33] FairyGUI: HUD底栏绑定 Volume=idx=4/33 path=BottomUI/textVolume name=textVolume item=(null) title=(null) url=(null) rect=1295.56,821.75,79.56,32.06 internal gfx=gfx:2048x2048/root=2048x2048/rot=0/pkg:null touchable=True visible=True
[2026-08-09 09:33:35] FairyGUI: HUD底栏绑定 Level=idx=4/14/1 path=BottomUI/DLevel/DLevelText name=DLevelText item=(null) title=(null) url=(null) rect=381.19,827.69,92.63,20.19 internal gfx=gfx:2048x2048/root=2048x2048/rot=0/pkg:null touchable=True visible=True
[2026-08-09 09:33:35] FairyGUI: HUD底栏绑定 Weight=idx=4/8/0 path=BottomUI/DChatWindow/__codex_mobile_chattxt name=__codex_mobile_chattxt item=(null) title=(null) url=(null) rect=651.94,736.25,418,81.94 internal gfx=null touchable=False visible=True
[2026-08-09 09:33:35] FairyGUI: HUD底栏绑定 ExpBar=idx=4/16 path=BottomUI/DExpBar name=DExpBar item=DExpBar title=(null) url=ui://jk0io98jv9b11f rect=923.88,825.31,288.56,26.13 exported gfx=null touchable=True visible=True
[2026-08-09 09:33:35] FairyGUI: HUD底栏绑定 Volume=idx=4/33 path=BottomUI/textVolume name=textVolume item=(null) title=(null) url=(null) rect=1295.56,821.75,79.56,32.06 internal gfx=gfx:2048x2048/root=2048x2048/rot=0/pkg:null touchable=True visible=True
[2026-08-09 09:33:37] FairyGUI: HUD底栏绑定 Level=idx=4/14/1 path=BottomUI/DLevel/DLevelText name=DLevelText item=(null) title=(null) url=(null) rect=381.19,827.69,92.63,20.19 internal gfx=gfx:2048x2048/root=2048x2048/rot=0/pkg:null touchable=True visible=True
[2026-08-09 09:33:37] FairyGUI: HUD底栏绑定 Weight=idx=4/8/0 path=BottomUI/DChatWindow/__codex_mobile_chattxt name=__codex_mobile_chattxt item=(null) title=(null) url=(null) rect=651.94,736.25,418,81.94 internal gfx=null touchable=False visible=True
[2026-08-09 09:33:37] FairyGUI: HUD底栏绑定 ExpBar=idx=4/16 path=BottomUI/DExpBar name=DExpBar item=DExpBar title=(null) url=ui://jk0io98jv9b11f rect=923.88,825.31,288.56,26.13 exported gfx=null touchable=True visible=True
[2026-08-09 09:33:37] FairyGUI: HUD底栏绑定 Volume=idx=4/33 path=BottomUI/textVolume name=textVolume item=(null) title=(null) url=(null) rect=1295.56,821.75,79.56,32.06 internal gfx=gfx:2048x2048/root=2048x2048/rot=0/pkg:null touchable=True visible=True
[2026-08-09 09:33:39] FairyGUI: HUD底栏绑定 Level=idx=4/14/1 path=BottomUI/DLevel/DLevelText name=DLevelText item=(null) title=(null) url=(null) rect=381.19,827.69,92.63,20.19 internal gfx=gfx:2048x2048/root=2048x2048/rot=0/pkg:null touchable=True visible=True
[2026-08-09 09:33:39] FairyGUI: HUD底栏绑定 Weight=idx=4/8/0 path=BottomUI/DChatWindow/__codex_mobile_chattxt name=__codex_mobile_chattxt item=(null) title=(null) url=(null) rect=651.94,736.25,418,81.94 internal gfx=null touchable=False visible=True
[2026-08-09 09:33:39] FairyGUI: HUD底栏绑定 ExpBar=idx=4/16 path=BottomUI/DExpBar name=DExpBar item=DExpBar title=(null) url=ui://jk0io98jv9b11f rect=923.88,825.31,288.56,26.13 exported gfx=null touchable=True visible=True
[2026-08-09 09:33:39] FairyGUI: HUD底栏绑定 Volume=idx=4/33 path=BottomUI/textVolume name=textVolume item=(null) title=(null) url=(null) rect=1295.56,821.75,79.56,32.06 internal gfx=gfx:2048x2048/root=2048x2048/rot=0/pkg:null touchable=True visible=True
[2026-08-09 09:33:41] FairyGUI: HUD底栏绑定 Level=idx=4/14/1 path=BottomUI/DLevel/DLevelText name=DLevelText item=(null) title=(null) url=(null) rect=381.19,827.69,92.63,20.19 internal gfx=gfx:2048x2048/root=2048x2048/rot=0/pkg:null touchable=True visible=True
[2026-08-09 09:33:41] FairyGUI: HUD底栏绑定 Weight=idx=4/8/0 path=BottomUI/DChatWindow/__codex_mobile_chattxt name=__codex_mobile_chattxt item=(null) title=(null) url=(null) rect=651.94,736.25,418,81.94 internal gfx=null touchable=False visible=True
[2026-08-09 09:33:41] FairyGUI: HUD底栏绑定 ExpBar=idx=4/16 path=BottomUI/DExpBar name=DExpBar item=DExpBar title=(null) url=ui://jk0io98jv9b11f rect=923.88,825.31,288.56,26.13 exported gfx=null touchable=True visible=True
[2026-08-09 09:33:41] FairyGUI: HUD底栏绑定 Volume=idx=4/33 path=BottomUI/textVolume name=textVolume item=(null) title=(null) url=(null) rect=1295.56,821.75,79.56,32.06 internal gfx=gfx:2048x2048/root=2048x2048/rot=0/pkg:null touchable=True visible=True
[2026-08-09 09:33:43] FairyGUI: HUD底栏绑定 Level=idx=4/14/1 path=BottomUI/DLevel/DLevelText name=DLevelText item=(null) title=(null) url=(null) rect=381.19,827.69,92.63,20.19 internal gfx=gfx:2048x2048/root=2048x2048/rot=0/pkg:null touchable=True visible=True
[2026-08-09 09:33:43] FairyGUI: HUD底栏绑定 Weight=idx=4/8/0 path=BottomUI/DChatWindow/__codex_mobile_chattxt name=__codex_mobile_chattxt item=(null) title=(null) url=(null) rect=651.94,736.25,418,81.94 internal gfx=null touchable=False visible=True
[2026-08-09 09:33:43] FairyGUI: HUD底栏绑定 ExpBar=idx=4/16 path=BottomUI/DExpBar name=DExpBar item=DExpBar title=(null) url=ui://jk0io98jv9b11f rect=923.88,825.31,288.56,26.13 exported gfx=null touchable=True visible=True
[2026-08-09 09:33:43] FairyGUI: HUD底栏绑定 Volume=idx=4/33 path=BottomUI/textVolume name=textVolume item=(null) title=(null) url=(null) rect=1295.56,821.75,79.56,32.06 internal gfx=gfx:2048x2048/root=2048x2048/rot=0/pkg:null touchable=True visible=True
[2026-08-09 09:33:45] FairyGUI: HUD底栏绑定 Level=idx=4/14/1 path=BottomUI/DLevel/DLevelText name=DLevelText item=(null) title=(null) url=(null) rect=381.19,827.69,92.63,20.19 internal gfx=gfx:2048x2048/root=2048x2048/rot=0/pkg:null touchable=True visible=True
[2026-08-09 09:33:45] FairyGUI: HUD底栏绑定 Weight=idx=4/8/0 path=BottomUI/DChatWindow/__codex_mobile_chattxt name=__codex_mobile_chattxt item=(null) title=(null) url=(null) rect=651.94,736.25,418,81.94 internal gfx=null touchable=False visible=True
[2026-08-09 09:33:45] FairyGUI: HUD底栏绑定 ExpBar=idx=4/16 path=BottomUI/DExpBar name=DExpBar item=DExpBar title=(null) url=ui://jk0io98jv9b11f rect=923.88,825.31,288.56,26.13 exported gfx=null touchable=True visible=True
[2026-08-09 09:33:45] FairyGUI: HUD底栏绑定 Volume=idx=4/33 path=BottomUI/textVolume name=textVolume item=(null) title=(null) url=(null) rect=1295.56,821.75,79.56,32.06 internal gfx=gfx:2048x2048/root=2048x2048/rot=0/pkg:null touchable=True visible=True
[2026-08-09 09:33:48] FairyGUI: HUD底栏绑定 Level=idx=4/14/1 path=BottomUI/DLevel/DLevelText name=DLevelText item=(null) title=(null) url=(null) rect=381.19,827.69,92.63,20.19 internal gfx=gfx:2048x2048/root=2048x2048/rot=0/pkg:null touchable=True visible=True
[2026-08-09 09:33:48] FairyGUI: HUD底栏绑定 Weight=idx=4/8/0 path=BottomUI/DChatWindow/__codex_mobile_chattxt name=__codex_mobile_chattxt item=(null) title=(null) url=(null) rect=651.94,736.25,418,81.94 internal gfx=null touchable=False visible=True
[2026-08-09 09:33:48] FairyGUI: HUD底栏绑定 ExpBar=idx=4/16 path=BottomUI/DExpBar name=DExpBar item=DExpBar title=(null) url=ui://jk0io98jv9b11f rect=923.88,825.31,288.56,26.13 exported gfx=null touchable=True visible=True
[2026-08-09 09:33:48] FairyGUI: HUD底栏绑定 Volume=idx=4/33 path=BottomUI/textVolume name=textVolume item=(null) title=(null) url=(null) rect=1295.56,821.75,79.56,32.06 internal gfx=gfx:2048x2048/root=2048x2048/rot=0/pkg:null touchable=True visible=True
[2026-08-09 09:33:50] FairyGUI: HUD底栏绑定 Level=idx=4/14/1 path=BottomUI/DLevel/DLevelText name=DLevelText item=(null) title=(null) url=(null) rect=381.19,827.69,92.63,20.19 internal gfx=gfx:2048x2048/root=2048x2048/rot=0/pkg:null touchable=True visible=True
[2026-08-09 09:33:50] FairyGUI: HUD底栏绑定 Weight=idx=4/8/0 path=BottomUI/DChatWindow/__codex_mobile_chattxt name=__codex_mobile_chattxt item=(null) title=(null) url=(null) rect=651.94,736.25,418,81.94 internal gfx=null touchable=False visible=True
[2026-08-09 09:33:50] FairyGUI: HUD底栏绑定 ExpBar=idx=4/16 path=BottomUI/DExpBar name=DExpBar item=DExpBar title=(null) url=ui://jk0io98jv9b11f rect=923.88,825.31,288.56,26.13 exported gfx=null touchable=True visible=True
[2026-08-09 09:33:50] FairyGUI: HUD底栏绑定 Volume=idx=4/33 path=BottomUI/textVolume name=textVolume item=(null) title=(null) url=(null) rect=1295.56,821.75,79.56,32.06 internal gfx=gfx:2048x2048/root=2048x2048/rot=0/pkg:null touchable=True visible=True
[2026-08-09 09:33:52] FairyGUI: HUD底栏绑定 Level=idx=4/14/1 path=BottomUI/DLevel/DLevelText name=DLevelText item=(null) title=(null) url=(null) rect=381.19,827.69,92.63,20.19 internal gfx=gfx:2048x2048/root=2048x2048/rot=0/pkg:null touchable=True visible=True
[2026-08-09 09:33:52] FairyGUI: HUD底栏绑定 Weight=idx=4/8/0 path=BottomUI/DChatWindow/__codex_mobile_chattxt name=__codex_mobile_chattxt item=(null) title=(null) url=(null) rect=651.94,736.25,418,81.94 internal gfx=null touchable=False visible=True
[2026-08-09 09:33:52] FairyGUI: HUD底栏绑定 ExpBar=idx=4/16 path=BottomUI/DExpBar name=DExpBar item=DExpBar title=(null) url=ui://jk0io98jv9b11f rect=923.88,825.31,288.56,26.13 exported gfx=null touchable=True visible=True
[2026-08-09 09:33:52] FairyGUI: HUD底栏绑定 Volume=idx=4/33 path=BottomUI/textVolume name=textVolume item=(null) title=(null) url=(null) rect=1295.56,821.75,79.56,32.06 internal gfx=gfx:2048x2048/root=2048x2048/rot=0/pkg:null touchable=True visible=True
[2026-08-09 09:33:54] FairyGUI: HUD底栏绑定 Level=idx=4/14/1 path=BottomUI/DLevel/DLevelText name=DLevelText item=(null) title=(null) url=(null) rect=381.19,827.69,92.63,20.19 internal gfx=gfx:2048x2048/root=2048x2048/rot=0/pkg:null touchable=True visible=True
[2026-08-09 09:33:54] FairyGUI: HUD底栏绑定 Weight=idx=4/8/0 path=BottomUI/DChatWindow/__codex_mobile_chattxt name=__codex_mobile_chattxt item=(null) title=(null) url=(null) rect=651.94,736.25,418,81.94 internal gfx=null touchable=False visible=True
[2026-08-09 09:33:54] FairyGUI: HUD底栏绑定 ExpBar=idx=4/16 path=BottomUI/DExpBar name=DExpBar item=DExpBar title=(null) url=ui://jk0io98jv9b11f rect=923.88,825.31,288.56,26.13 exported gfx=null touchable=True visible=True
[2026-08-09 09:33:54] FairyGUI: HUD底栏绑定 Volume=idx=4/33 path=BottomUI/textVolume name=textVolume item=(null) title=(null) url=(null) rect=1295.56,821.75,79.56,32.06 internal gfx=gfx:2048x2048/root=2048x2048/rot=0/pkg:null touchable=True visible=True
[2026-08-09 09:33:56] FairyGUI: HUD底栏绑定 Level=idx=4/14/1 path=BottomUI/DLevel/DLevelText name=DLevelText item=(null) title=(null) url=(null) rect=381.19,827.69,92.63,20.19 internal gfx=gfx:2048x2048/root=2048x2048/rot=0/pkg:null touchable=True visible=True
[2026-08-09 09:33:56] FairyGUI: HUD底栏绑定 Weight=idx=4/8/0 path=BottomUI/DChatWindow/__codex_mobile_chattxt name=__codex_mobile_chattxt item=(null) title=(null) url=(null) rect=651.94,736.25,418,81.94 internal gfx=null touchable=False visible=True
[2026-08-09 09:33:56] FairyGUI: HUD底栏绑定 ExpBar=idx=4/16 path=BottomUI/DExpBar name=DExpBar item=DExpBar title=(null) url=ui://jk0io98jv9b11f rect=923.88,825.31,288.56,26.13 exported gfx=null touchable=True visible=True
[2026-08-09 09:33:56] FairyGUI: HUD底栏绑定 Volume=idx=4/33 path=BottomUI/textVolume name=textVolume item=(null) title=(null) url=(null) rect=1295.56,821.75,79.56,32.06 internal gfx=gfx:2048x2048/root=2048x2048/rot=0/pkg:null touchable=True visible=True
[2026-08-09 09:33:58] FairyGUI: HUD底栏绑定 Level=idx=4/14/1 path=BottomUI/DLevel/DLevelText name=DLevelText item=(null) title=(null) url=(null) rect=381.19,827.69,92.63,20.19 internal gfx=gfx:2048x2048/root=2048x2048/rot=0/pkg:null touchable=True visible=True
[2026-08-09 09:33:58] FairyGUI: HUD底栏绑定 Weight=idx=4/8/0 path=BottomUI/DChatWindow/__codex_mobile_chattxt name=__codex_mobile_chattxt item=(null) title=(null) url=(null) rect=651.94,736.25,418,81.94 internal gfx=null touchable=False visible=True
[2026-08-09 09:33:58] FairyGUI: HUD底栏绑定 ExpBar=idx=4/16 path=BottomUI/DExpBar name=DExpBar item=DExpBar title=(null) url=ui://jk0io98jv9b11f rect=923.88,825.31,288.56,26.13 exported gfx=null touchable=True visible=True
[2026-08-09 09:33:58] FairyGUI: HUD底栏绑定 Volume=idx=4/33 path=BottomUI/textVolume name=textVolume item=(null) title=(null) url=(null) rect=1295.56,821.75,79.56,32.06 internal gfx=gfx:2048x2048/root=2048x2048/rot=0/pkg:null touchable=True visible=True
[2026-08-09 09:34:00] FairyGUI: HUD底栏绑定 Level=idx=4/14/1 path=BottomUI/DLevel/DLevelText name=DLevelText item=(null) title=(null) url=(null) rect=381.19,827.69,92.63,20.19 internal gfx=gfx:2048x2048/root=2048x2048/rot=0/pkg:null touchable=True visible=True
[2026-08-09 09:34:00] FairyGUI: HUD底栏绑定 Weight=idx=4/8/0 path=BottomUI/DChatWindow/__codex_mobile_chattxt name=__codex_mobile_chattxt item=(null) title=(null) url=(null) rect=651.94,736.25,418,81.94 internal gfx=null touchable=False visible=True
[2026-08-09 09:34:00] FairyGUI: HUD底栏绑定 ExpBar=idx=4/16 path=BottomUI/DExpBar name=DExpBar item=DExpBar title=(null) url=ui://jk0io98jv9b11f rect=923.88,825.31,288.56,26.13 exported gfx=null touchable=True visible=True
[2026-08-09 09:34:00] FairyGUI: HUD底栏绑定 Volume=idx=4/33 path=BottomUI/textVolume name=textVolume item=(null) title=(null) url=(null) rect=1295.56,821.75,79.56,32.06 internal gfx=gfx:2048x2048/root=2048x2048/rot=0/pkg:null touchable=True visible=True
[2026-08-09 09:34:02] FairyGUI: HUD底栏绑定 Level=idx=4/14/1 path=BottomUI/DLevel/DLevelText name=DLevelText item=(null) title=(null) url=(null) rect=381.19,827.69,92.63,20.19 internal gfx=gfx:2048x2048/root=2048x2048/rot=0/pkg:null touchable=True visible=True
[2026-08-09 09:34:02] FairyGUI: HUD底栏绑定 Weight=idx=4/8/0 path=BottomUI/DChatWindow/__codex_mobile_chattxt name=__codex_mobile_chattxt item=(null) title=(null) url=(null) rect=651.94,736.25,418,81.94 internal gfx=null touchable=False visible=True
[2026-08-09 09:34:02] FairyGUI: HUD底栏绑定 ExpBar=idx=4/16 path=BottomUI/DExpBar name=DExpBar item=DExpBar title=(null) url=ui://jk0io98jv9b11f rect=923.88,825.31,288.56,26.13 exported gfx=null touchable=True visible=True
[2026-08-09 09:34:02] FairyGUI: HUD底栏绑定 Volume=idx=4/33 path=BottomUI/textVolume name=textVolume item=(null) title=(null) url=(null) rect=1295.56,821.75,79.56,32.06 internal gfx=gfx:2048x2048/root=2048x2048/rot=0/pkg:null touchable=True visible=True
[2026-08-09 09:34:04] FairyGUI: HUD底栏绑定 Level=idx=4/14/1 path=BottomUI/DLevel/DLevelText name=DLevelText item=(null) title=(null) url=(null) rect=381.19,827.69,92.63,20.19 internal gfx=gfx:2048x2048/root=2048x2048/rot=0/pkg:null touchable=True visible=True
[2026-08-09 09:34:04] FairyGUI: HUD底栏绑定 Weight=idx=4/8/0 path=BottomUI/DChatWindow/__codex_mobile_chattxt name=__codex_mobile_chattxt item=(null) title=(null) url=(null) rect=651.94,736.25,418,81.94 internal gfx=null touchable=False visible=True
[2026-08-09 09:34:04] FairyGUI: HUD底栏绑定 ExpBar=idx=4/16 path=BottomUI/DExpBar name=DExpBar item=DExpBar title=(null) url=ui://jk0io98jv9b11f rect=923.88,825.31,288.56,26.13 exported gfx=null touchable=True visible=True
[2026-08-09 09:34:04] FairyGUI: HUD底栏绑定 Volume=idx=4/33 path=BottomUI/textVolume name=textVolume item=(null) title=(null) url=(null) rect=1295.56,821.75,79.56,32.06 internal gfx=gfx:2048x2048/root=2048x2048/rot=0/pkg:null touchable=True visible=True
[2026-08-09 09:34:06] FairyGUI: HUD底栏绑定 Level=idx=4/14/1 path=BottomUI/DLevel/DLevelText name=DLevelText item=(null) title=(null) url=(null) rect=381.19,827.69,92.63,20.19 internal gfx=gfx:2048x2048/root=2048x2048/rot=0/pkg:null touchable=True visible=True
[2026-08-09 09:34:06] FairyGUI: HUD底栏绑定 Weight=idx=4/8/0 path=BottomUI/DChatWindow/__codex_mobile_chattxt name=__codex_mobile_chattxt item=(null) title=(null) url=(null) rect=651.94,736.25,418,81.94 internal gfx=null touchable=False visible=True
[2026-08-09 09:34:06] FairyGUI: HUD底栏绑定 ExpBar=idx=4/16 path=BottomUI/DExpBar name=DExpBar item=DExpBar title=(null) url=ui://jk0io98jv9b11f rect=923.88,825.31,288.56,26.13 exported gfx=null touchable=True visible=True
[2026-08-09 09:34:06] FairyGUI: HUD底栏绑定 Volume=idx=4/33 path=BottomUI/textVolume name=textVolume item=(null) title=(null) url=(null) rect=1295.56,821.75,79.56,32.06 internal gfx=gfx:2048x2048/root=2048x2048/rot=0/pkg:null touchable=True visible=True
[2026-08-09 09:34:08] FairyGUI: HUD底栏绑定 Level=idx=4/14/1 path=BottomUI/DLevel/DLevelText name=DLevelText item=(null) title=(null) url=(null) rect=381.19,827.69,92.63,20.19 internal gfx=gfx:2048x2048/root=2048x2048/rot=0/pkg:null touchable=True visible=True
[2026-08-09 09:34:08] FairyGUI: HUD底栏绑定 Weight=idx=4/8/0 path=BottomUI/DChatWindow/__codex_mobile_chattxt name=__codex_mobile_chattxt item=(null) title=(null) url=(null) rect=651.94,736.25,418,81.94 internal gfx=null touchable=False visible=True
[2026-08-09 09:34:08] FairyGUI: HUD底栏绑定 ExpBar=idx=4/16 path=BottomUI/DExpBar name=DExpBar item=DExpBar title=(null) url=ui://jk0io98jv9b11f rect=923.88,825.31,288.56,26.13 exported gfx=null touchable=True visible=True
[2026-08-09 09:34:08] FairyGUI: HUD底栏绑定 Volume=idx=4/33 path=BottomUI/textVolume name=textVolume item=(null) title=(null) url=(null) rect=1295.56,821.75,79.56,32.06 internal gfx=gfx:2048x2048/root=2048x2048/rot=0/pkg:null touchable=True visible=True
[2026-08-09 09:34:10] FairyGUI: HUD底栏绑定 Level=idx=4/14/1 path=BottomUI/DLevel/DLevelText name=DLevelText item=(null) title=(null) url=(null) rect=381.19,827.69,92.63,20.19 internal gfx=gfx:2048x2048/root=2048x2048/rot=0/pkg:null touchable=True visible=True
[2026-08-09 09:34:10] FairyGUI: HUD底栏绑定 Weight=idx=4/8/0 path=BottomUI/DChatWindow/__codex_mobile_chattxt name=__codex_mobile_chattxt item=(null) title=(null) url=(null) rect=651.94,736.25,418,81.94 internal gfx=null touchable=False visible=True
[2026-08-09 09:34:10] FairyGUI: HUD底栏绑定 ExpBar=idx=4/16 path=BottomUI/DExpBar name=DExpBar item=DExpBar title=(null) url=ui://jk0io98jv9b11f rect=923.88,825.31,288.56,26.13 exported gfx=null touchable=True visible=True
[2026-08-09 09:34:10] FairyGUI: HUD底栏绑定 Volume=idx=4/33 path=BottomUI/textVolume name=textVolume item=(null) title=(null) url=(null) rect=1295.56,821.75,79.56,32.06 internal gfx=gfx:2048x2048/root=2048x2048/rot=0/pkg:null touchable=True visible=True
[2026-08-09 09:34:12] FairyGUI: HUD底栏绑定 Level=idx=4/14/1 path=BottomUI/DLevel/DLevelText name=DLevelText item=(null) title=(null) url=(null) rect=381.19,827.69,92.63,20.19 internal gfx=gfx:2048x2048/root=2048x2048/rot=0/pkg:null touchable=True visible=True
[2026-08-09 09:34:12] FairyGUI: HUD底栏绑定 Weight=idx=4/8/0 path=BottomUI/DChatWindow/__codex_mobile_chattxt name=__codex_mobile_chattxt item=(null) title=(null) url=(null) rect=651.94,736.25,418,81.94 internal gfx=null touchable=False visible=True
[2026-08-09 09:34:12] FairyGUI: HUD底栏绑定 ExpBar=idx=4/16 path=BottomUI/DExpBar name=DExpBar item=DExpBar title=(null) url=ui://jk0io98jv9b11f rect=923.88,825.31,288.56,26.13 exported gfx=null touchable=True visible=True
[2026-08-09 09:34:12] FairyGUI: HUD底栏绑定 Volume=idx=4/33 path=BottomUI/textVolume name=textVolume item=(null) title=(null) url=(null) rect=1295.56,821.75,79.56,32.06 internal gfx=gfx:2048x2048/root=2048x2048/rot=0/pkg:null touchable=True visible=True
[2026-08-09 09:34:14] FairyGUI: HUD底栏绑定 Level=idx=4/14/1 path=BottomUI/DLevel/DLevelText name=DLevelText item=(null) title=(null) url=(null) rect=381.19,827.69,92.63,20.19 internal gfx=gfx:2048x2048/root=2048x2048/rot=0/pkg:null touchable=True visible=True
[2026-08-09 09:34:14] FairyGUI: HUD底栏绑定 Weight=idx=4/8/0 path=BottomUI/DChatWindow/__codex_mobile_chattxt name=__codex_mobile_chattxt item=(null) title=(null) url=(null) rect=651.94,736.25,418,81.94 internal gfx=null touchable=False visible=True
[2026-08-09 09:34:14] FairyGUI: HUD底栏绑定 ExpBar=idx=4/16 path=BottomUI/DExpBar name=DExpBar item=DExpBar title=(null) url=ui://jk0io98jv9b11f rect=923.88,825.31,288.56,26.13 exported gfx=null touchable=True visible=True
[2026-08-09 09:34:14] FairyGUI: HUD底栏绑定 Volume=idx=4/33 path=BottomUI/textVolume name=textVolume item=(null) title=(null) url=(null) rect=1295.56,821.75,79.56,32.06 internal gfx=gfx:2048x2048/root=2048x2048/rot=0/pkg:null touchable=True visible=True
[2026-08-09 09:34:16] FairyGUI: HUD底栏绑定 Level=idx=4/14/1 path=BottomUI/DLevel/DLevelText name=DLevelText item=(null) title=(null) url=(null) rect=381.19,827.69,92.63,20.19 internal gfx=gfx:2048x2048/root=2048x2048/rot=0/pkg:null touchable=True visible=True
[2026-08-09 09:34:16] FairyGUI: HUD底栏绑定 Weight=idx=4/8/0 path=BottomUI/DChatWindow/__codex_mobile_chattxt name=__codex_mobile_chattxt item=(null) title=(null) url=(null) rect=651.94,736.25,418,81.94 internal gfx=null touchable=False visible=True
[2026-08-09 09:34:16] FairyGUI: HUD底栏绑定 ExpBar=idx=4/16 path=BottomUI/DExpBar name=DExpBar item=DExpBar title=(null) url=ui://jk0io98jv9b11f rect=923.88,825.31,288.56,26.13 exported gfx=null touchable=True visible=True
[2026-08-09 09:34:16] FairyGUI: HUD底栏绑定 Volume=idx=4/33 path=BottomUI/textVolume name=textVolume item=(null) title=(null) url=(null) rect=1295.56,821.75,79.56,32.06 internal gfx=gfx:2048x2048/root=2048x2048/rot=0/pkg:null touchable=True visible=True
[2026-08-09 09:34:18] FairyGUI: HUD底栏绑定 Level=idx=4/14/1 path=BottomUI/DLevel/DLevelText name=DLevelText item=(null) title=(null) url=(null) rect=381.19,827.69,92.63,20.19 internal gfx=gfx:2048x2048/root=2048x2048/rot=0/pkg:null touchable=True visible=True
[2026-08-09 09:34:18] FairyGUI: HUD底栏绑定 Weight=idx=4/8/0 path=BottomUI/DChatWindow/__codex_mobile_chattxt name=__codex_mobile_chattxt item=(null) title=(null) url=(null) rect=651.94,736.25,418,81.94 internal gfx=null touchable=False visible=True
[2026-08-09 09:34:18] FairyGUI: HUD底栏绑定 ExpBar=idx=4/16 path=BottomUI/DExpBar name=DExpBar item=DExpBar title=(null) url=ui://jk0io98jv9b11f rect=923.88,825.31,288.56,26.13 exported gfx=null touchable=True visible=True
[2026-08-09 09:34:18] FairyGUI: HUD底栏绑定 Volume=idx=4/33 path=BottomUI/textVolume name=textVolume item=(null) title=(null) url=(null) rect=1295.56,821.75,79.56,32.06 internal gfx=gfx:2048x2048/root=2048x2048/rot=0/pkg:null touchable=True visible=True
[2026-08-09 09:34:20] FairyGUI: HUD底栏绑定 Level=idx=4/14/1 path=BottomUI/DLevel/DLevelText name=DLevelText item=(null) title=(null) url=(null) rect=381.19,827.69,92.63,20.19 internal gfx=gfx:2048x2048/root=2048x2048/rot=0/pkg:null touchable=True visible=True
[2026-08-09 09:34:20] FairyGUI: HUD底栏绑定 Weight=idx=4/8/0 path=BottomUI/DChatWindow/__codex_mobile_chattxt name=__codex_mobile_chattxt item=(null) title=(null) url=(null) rect=651.94,736.25,418,81.94 internal gfx=null touchable=False visible=True
[2026-08-09 09:34:20] FairyGUI: HUD底栏绑定 ExpBar=idx=4/16 path=BottomUI/DExpBar name=DExpBar item=DExpBar title=(null) url=ui://jk0io98jv9b11f rect=923.88,825.31,288.56,26.13 exported gfx=null touchable=True visible=True
[2026-08-09 09:34:20] FairyGUI: HUD底栏绑定 Volume=idx=4/33 path=BottomUI/textVolume name=textVolume item=(null) title=(null) url=(null) rect=1295.56,821.75,79.56,32.06 internal gfx=gfx:2048x2048/root=2048x2048/rot=0/pkg:null touchable=True visible=True
[2026-08-09 09:34:22] FairyGUI: HUD底栏绑定 Level=idx=4/14/1 path=BottomUI/DLevel/DLevelText name=DLevelText item=(null) title=(null) url=(null) rect=381.19,827.69,92.63,20.19 internal gfx=gfx:2048x2048/root=2048x2048/rot=0/pkg:null touchable=True visible=True
[2026-08-09 09:34:22] FairyGUI: HUD底栏绑定 Weight=idx=4/8/0 path=BottomUI/DChatWindow/__codex_mobile_chattxt name=__codex_mobile_chattxt item=(null) title=(null) url=(null) rect=651.94,736.25,418,81.94 internal gfx=null touchable=False visible=True
[2026-08-09 09:34:22] FairyGUI: HUD底栏绑定 ExpBar=idx=4/16 path=BottomUI/DExpBar name=DExpBar item=DExpBar title=(null) url=ui://jk0io98jv9b11f rect=923.88,825.31,288.56,26.13 exported gfx=null touchable=True visible=True
[2026-08-09 09:34:22] FairyGUI: HUD底栏绑定 Volume=idx=4/33 path=BottomUI/textVolume name=textVolume item=(null) title=(null) url=(null) rect=1295.56,821.75,79.56,32.06 internal gfx=gfx:2048x2048/root=2048x2048/rot=0/pkg:null touchable=True visible=True
[2026-08-09 09:34:24] FairyGUI: HUD底栏绑定 Level=idx=4/14/1 path=BottomUI/DLevel/DLevelText name=DLevelText item=(null) title=(null) url=(null) rect=381.19,827.69,92.63,20.19 internal gfx=gfx:2048x2048/root=2048x2048/rot=0/pkg:null touchable=True visible=True
[2026-08-09 09:34:24] FairyGUI: HUD底栏绑定 Weight=idx=4/8/0 path=BottomUI/DChatWindow/__codex_mobile_chattxt name=__codex_mobile_chattxt item=(null) title=(null) url=(null) rect=651.94,736.25,418,81.94 internal gfx=null touchable=False visible=True
[2026-08-09 09:34:24] FairyGUI: HUD底栏绑定 ExpBar=idx=4/16 path=BottomUI/DExpBar name=DExpBar item=DExpBar title=(null) url=ui://jk0io98jv9b11f rect=923.88,825.31,288.56,26.13 exported gfx=null touchable=True visible=True
[2026-08-09 09:34:24] FairyGUI: HUD底栏绑定 Volume=idx=4/33 path=BottomUI/textVolume name=textVolume item=(null) title=(null) url=(null) rect=1295.56,821.75,79.56,32.06 internal gfx=gfx:2048x2048/root=2048x2048/rot=0/pkg:null touchable=True visible=True
[2026-08-09 09:34:26] FairyGUI: HUD底栏绑定 Level=idx=4/14/1 path=BottomUI/DLevel/DLevelText name=DLevelText item=(null) title=(null) url=(null) rect=381.19,827.69,92.63,20.19 internal gfx=gfx:2048x2048/root=2048x2048/rot=0/pkg:null touchable=True visible=True
[2026-08-09 09:34:26] FairyGUI: HUD底栏绑定 Weight=idx=4/8/0 path=BottomUI/DChatWindow/__codex_mobile_chattxt name=__codex_mobile_chattxt item=(null) title=(null) url=(null) rect=651.94,736.25,418,81.94 internal gfx=null touchable=False visible=True
[2026-08-09 09:34:26] FairyGUI: HUD底栏绑定 ExpBar=idx=4/16 path=BottomUI/DExpBar name=DExpBar item=DExpBar title=(null) url=ui://jk0io98jv9b11f rect=923.88,825.31,288.56,26.13 exported gfx=null touchable=True visible=True
[2026-08-09 09:34:26] FairyGUI: HUD底栏绑定 Volume=idx=4/33 path=BottomUI/textVolume name=textVolume item=(null) title=(null) url=(null) rect=1295.56,821.75,79.56,32.06 internal gfx=gfx:2048x2048/root=2048x2048/rot=0/pkg:null touchable=True visible=True
[2026-08-09 09:34:28] FairyGUI: HUD底栏绑定 Level=idx=4/14/1 path=BottomUI/DLevel/DLevelText name=DLevelText item=(null) title=(null) url=(null) rect=381.19,827.69,92.63,20.19 internal gfx=gfx:2048x2048/root=2048x2048/rot=0/pkg:null touchable=True visible=True
[2026-08-09 09:34:28] FairyGUI: HUD底栏绑定 Weight=idx=4/8/0 path=BottomUI/DChatWindow/__codex_mobile_chattxt name=__codex_mobile_chattxt item=(null) title=(null) url=(null) rect=651.94,736.25,418,81.94 internal gfx=null touchable=False visible=True
[2026-08-09 09:34:28] FairyGUI: HUD底栏绑定 ExpBar=idx=4/16 path=BottomUI/DExpBar name=DExpBar item=DExpBar title=(null) url=ui://jk0io98jv9b11f rect=923.88,825.31,288.56,26.13 exported gfx=null touchable=True visible=True
[2026-08-09 09:34:28] FairyGUI: HUD底栏绑定 Volume=idx=4/33 path=BottomUI/textVolume name=textVolume item=(null) title=(null) url=(null) rect=1295.56,821.75,79.56,32.06 internal gfx=gfx:2048x2048/root=2048x2048/rot=0/pkg:null touchable=True visible=True
[2026-08-09 09:34:30] FairyGUI: HUD底栏绑定 Level=idx=4/14/1 path=BottomUI/DLevel/DLevelText name=DLevelText item=(null) title=(null) url=(null) rect=381.19,827.69,92.63,20.19 internal gfx=gfx:2048x2048/root=2048x2048/rot=0/pkg:null touchable=True visible=True
[2026-08-09 09:34:30] FairyGUI: HUD底栏绑定 Weight=idx=4/8/0 path=BottomUI/DChatWindow/__codex_mobile_chattxt name=__codex_mobile_chattxt item=(null) title=(null) url=(null) rect=651.94,736.25,418,81.94 internal gfx=null touchable=False visible=True
[2026-08-09 09:34:30] FairyGUI: HUD底栏绑定 ExpBar=idx=4/16 path=BottomUI/DExpBar name=DExpBar item=DExpBar title=(null) url=ui://jk0io98jv9b11f rect=923.88,825.31,288.56,26.13 exported gfx=null touchable=True visible=True
[2026-08-09 09:34:30] FairyGUI: HUD底栏绑定 Volume=idx=4/33 path=BottomUI/textVolume name=textVolume item=(null) title=(null) url=(null) rect=1295.56,821.75,79.56,32.06 internal gfx=gfx:2048x2048/root=2048x2048/rot=0/pkg:null touchable=True visible=True
[2026-08-09 09:34:33] FairyGUI: HUD底栏绑定 Level=idx=4/14/1 path=BottomUI/DLevel/DLevelText name=DLevelText item=(null) title=(null) url=(null) rect=381.19,827.69,92.63,20.19 internal gfx=gfx:2048x2048/root=2048x2048/rot=0/pkg:null touchable=True visible=True
[2026-08-09 09:34:33] FairyGUI: HUD底栏绑定 Weight=idx=4/8/0 path=BottomUI/DChatWindow/__codex_mobile_chattxt name=__codex_mobile_chattxt item=(null) title=(null) url=(null) rect=651.94,736.25,418,81.94 internal gfx=null touchable=False visible=True
[2026-08-09 09:34:33] FairyGUI: HUD底栏绑定 ExpBar=idx=4/16 path=BottomUI/DExpBar name=DExpBar item=DExpBar title=(null) url=ui://jk0io98jv9b11f rect=923.88,825.31,288.56,26.13 exported gfx=null touchable=True visible=True
[2026-08-09 09:34:33] FairyGUI: HUD底栏绑定 Volume=idx=4/33 path=BottomUI/textVolume name=textVolume item=(null) title=(null) url=(null) rect=1295.56,821.75,79.56,32.06 internal gfx=gfx:2048x2048/root=2048x2048/rot=0/pkg:null touchable=True visible=True
[2026-08-09 09:34:35] FairyGUI: HUD底栏绑定 Level=idx=4/14/1 path=BottomUI/DLevel/DLevelText name=DLevelText item=(null) title=(null) url=(null) rect=381.19,827.69,92.63,20.19 internal gfx=gfx:2048x2048/root=2048x2048/rot=0/pkg:null touchable=True visible=True
[2026-08-09 09:34:35] FairyGUI: HUD底栏绑定 Weight=idx=4/8/0 path=BottomUI/DChatWindow/__codex_mobile_chattxt name=__codex_mobile_chattxt item=(null) title=(null) url=(null) rect=651.94,736.25,418,81.94 internal gfx=null touchable=False visible=True
[2026-08-09 09:34:35] FairyGUI: HUD底栏绑定 ExpBar=idx=4/16 path=BottomUI/DExpBar name=DExpBar item=DExpBar title=(null) url=ui://jk0io98jv9b11f rect=923.88,825.31,288.56,26.13 exported gfx=null touchable=True visible=True
[2026-08-09 09:34:35] FairyGUI: HUD底栏绑定 Volume=idx=4/33 path=BottomUI/textVolume name=textVolume item=(null) title=(null) url=(null) rect=1295.56,821.75,79.56,32.06 internal gfx=gfx:2048x2048/root=2048x2048/rot=0/pkg:null touchable=True visible=True
[2026-08-09 09:34:37] FairyGUI: HUD底栏绑定 Level=idx=4/14/1 path=BottomUI/DLevel/DLevelText name=DLevelText item=(null) title=(null) url=(null) rect=381.19,827.69,92.63,20.19 internal gfx=gfx:2048x2048/root=2048x2048/rot=0/pkg:null touchable=True visible=True
[2026-08-09 09:34:37] FairyGUI: HUD底栏绑定 Weight=idx=4/8/0 path=BottomUI/DChatWindow/__codex_mobile_chattxt name=__codex_mobile_chattxt item=(null) title=(null) url=(null) rect=651.94,736.25,418,81.94 internal gfx=null touchable=False visible=True
[2026-08-09 09:34:37] FairyGUI: HUD底栏绑定 ExpBar=idx=4/16 path=BottomUI/DExpBar name=DExpBar item=DExpBar title=(null) url=ui://jk0io98jv9b11f rect=923.88,825.31,288.56,26.13 exported gfx=null touchable=True visible=True
[2026-08-09 09:34:37] FairyGUI: HUD底栏绑定 Volume=idx=4/33 path=BottomUI/textVolume name=textVolume item=(null) title=(null) url=(null) rect=1295.56,821.75,79.56,32.06 internal gfx=gfx:2048x2048/root=2048x2048/rot=0/pkg:null touchable=True visible=True
[2026-08-09 09:34:39] FairyGUI: HUD底栏绑定 Level=idx=4/14/1 path=BottomUI/DLevel/DLevelText name=DLevelText item=(null) title=(null) url=(null) rect=381.19,827.69,92.63,20.19 internal gfx=gfx:2048x2048/root=2048x2048/rot=0/pkg:null touchable=True visible=True
[2026-08-09 09:34:39] FairyGUI: HUD底栏绑定 Weight=idx=4/8/0 path=BottomUI/DChatWindow/__codex_mobile_chattxt name=__codex_mobile_chattxt item=(null) title=(null) url=(null) rect=651.94,736.25,418,81.94 internal gfx=null touchable=False visible=True
[2026-08-09 09:34:39] FairyGUI: HUD底栏绑定 ExpBar=idx=4/16 path=BottomUI/DExpBar name=DExpBar item=DExpBar title=(null) url=ui://jk0io98jv9b11f rect=923.88,825.31,288.56,26.13 exported gfx=null touchable=True visible=True
[2026-08-09 09:34:39] FairyGUI: HUD底栏绑定 Volume=idx=4/33 path=BottomUI/textVolume name=textVolume item=(null) title=(null) url=(null) rect=1295.56,821.75,79.56,32.06 internal gfx=gfx:2048x2048/root=2048x2048/rot=0/pkg:null touchable=True visible=True
[2026-08-09 09:34:41] FairyGUI: HUD底栏绑定 Level=idx=4/14/1 path=BottomUI/DLevel/DLevelText name=DLevelText item=(null) title=(null) url=(null) rect=381.19,827.69,92.63,20.19 internal gfx=gfx:2048x2048/root=2048x2048/rot=0/pkg:null touchable=True visible=True
[2026-08-09 09:34:41] FairyGUI: HUD底栏绑定 Weight=idx=4/8/0 path=BottomUI/DChatWindow/__codex_mobile_chattxt name=__codex_mobile_chattxt item=(null) title=(null) url=(null) rect=651.94,736.25,418,81.94 internal gfx=null touchable=False visible=True
[2026-08-09 09:34:41] FairyGUI: HUD底栏绑定 ExpBar=idx=4/16 path=BottomUI/DExpBar name=DExpBar item=DExpBar title=(null) url=ui://jk0io98jv9b11f rect=923.88,825.31,288.56,26.13 exported gfx=null touchable=True visible=True
[2026-08-09 09:34:41] FairyGUI: HUD底栏绑定 Volume=idx=4/33 path=BottomUI/textVolume name=textVolume item=(null) title=(null) url=(null) rect=1295.56,821.75,79.56,32.06 internal gfx=gfx:2048x2048/root=2048x2048/rot=0/pkg:null touchable=True visible=True
[2026-08-09 09:34:43] FairyGUI: HUD底栏绑定 Level=idx=4/14/1 path=BottomUI/DLevel/DLevelText name=DLevelText item=(null) title=(null) url=(null) rect=381.19,827.69,92.63,20.19 internal gfx=gfx:2048x2048/root=2048x2048/rot=0/pkg:null touchable=True visible=True
[2026-08-09 09:34:43] FairyGUI: HUD底栏绑定 Weight=idx=4/8/0 path=BottomUI/DChatWindow/__codex_mobile_chattxt name=__codex_mobile_chattxt item=(null) title=(null) url=(null) rect=651.94,736.25,418,81.94 internal gfx=null touchable=False visible=True
[2026-08-09 09:34:43] FairyGUI: HUD底栏绑定 ExpBar=idx=4/16 path=BottomUI/DExpBar name=DExpBar item=DExpBar title=(null) url=ui://jk0io98jv9b11f rect=923.88,825.31,288.56,26.13 exported gfx=null touchable=True visible=True
[2026-08-09 09:34:43] FairyGUI: HUD底栏绑定 Volume=idx=4/33 path=BottomUI/textVolume name=textVolume item=(null) title=(null) url=(null) rect=1295.56,821.75,79.56,32.06 internal gfx=gfx:2048x2048/root=2048x2048/rot=0/pkg:null touchable=True visible=True
[2026-08-09 09:34:45] FairyGUI: HUD底栏绑定 Level=idx=4/14/1 path=BottomUI/DLevel/DLevelText name=DLevelText item=(null) title=(null) url=(null) rect=381.19,827.69,92.63,20.19 internal gfx=gfx:2048x2048/root=2048x2048/rot=0/pkg:null touchable=True visible=True
[2026-08-09 09:34:45] FairyGUI: HUD底栏绑定 Weight=idx=4/8/0 path=BottomUI/DChatWindow/__codex_mobile_chattxt name=__codex_mobile_chattxt item=(null) title=(null) url=(null) rect=651.94,736.25,418,81.94 internal gfx=null touchable=False visible=True
[2026-08-09 09:34:45] FairyGUI: HUD底栏绑定 ExpBar=idx=4/16 path=BottomUI/DExpBar name=DExpBar item=DExpBar title=(null) url=ui://jk0io98jv9b11f rect=923.88,825.31,288.56,26.13 exported gfx=null touchable=True visible=True
[2026-08-09 09:34:45] FairyGUI: HUD底栏绑定 Volume=idx=4/33 path=BottomUI/textVolume name=textVolume item=(null) title=(null) url=(null) rect=1295.56,821.75,79.56,32.06 internal gfx=gfx:2048x2048/root=2048x2048/rot=0/pkg:null touchable=True visible=True
[2026-08-09 09:34:47] FairyGUI: HUD底栏绑定 Level=idx=4/14/1 path=BottomUI/DLevel/DLevelText name=DLevelText item=(null) title=(null) url=(null) rect=381.19,827.69,92.63,20.19 internal gfx=gfx:2048x2048/root=2048x2048/rot=0/pkg:null touchable=True visible=True
[2026-08-09 09:34:47] FairyGUI: HUD底栏绑定 Weight=idx=4/8/0 path=BottomUI/DChatWindow/__codex_mobile_chattxt name=__codex_mobile_chattxt item=(null) title=(null) url=(null) rect=651.94,736.25,418,81.94 internal gfx=null touchable=False visible=True
[2026-08-09 09:34:47] FairyGUI: HUD底栏绑定 ExpBar=idx=4/16 path=BottomUI/DExpBar name=DExpBar item=DExpBar title=(null) url=ui://jk0io98jv9b11f rect=923.88,825.31,288.56,26.13 exported gfx=null touchable=True visible=True
[2026-08-09 09:34:47] FairyGUI: HUD底栏绑定 Volume=idx=4/33 path=BottomUI/textVolume name=textVolume item=(null) title=(null) url=(null) rect=1295.56,821.75,79.56,32.06 internal gfx=gfx:2048x2048/root=2048x2048/rot=0/pkg:null touchable=True visible=True
[2026-08-09 09:34:49] FairyGUI: HUD底栏绑定 Level=idx=4/14/1 path=BottomUI/DLevel/DLevelText name=DLevelText item=(null) title=(null) url=(null) rect=381.19,827.69,92.63,20.19 internal gfx=gfx:2048x2048/root=2048x2048/rot=0/pkg:null touchable=True visible=True
[2026-08-09 09:34:49] FairyGUI: HUD底栏绑定 Weight=idx=4/8/0 path=BottomUI/DChatWindow/__codex_mobile_chattxt name=__codex_mobile_chattxt item=(null) title=(null) url=(null) rect=651.94,736.25,418,81.94 internal gfx=null touchable=False visible=True
[2026-08-09 09:34:49] FairyGUI: HUD底栏绑定 ExpBar=idx=4/16 path=BottomUI/DExpBar name=DExpBar item=DExpBar title=(null) url=ui://jk0io98jv9b11f rect=923.88,825.31,288.56,26.13 exported gfx=null touchable=True visible=True
[2026-08-09 09:34:49] FairyGUI: HUD底栏绑定 Volume=idx=4/33 path=BottomUI/textVolume name=textVolume item=(null) title=(null) url=(null) rect=1295.56,821.75,79.56,32.06 internal gfx=gfx:2048x2048/root=2048x2048/rot=0/pkg:null touchable=True visible=True
[2026-08-09 09:34:51] FairyGUI: HUD底栏绑定 Level=idx=4/14/1 path=BottomUI/DLevel/DLevelText name=DLevelText item=(null) title=(null) url=(null) rect=381.19,827.69,92.63,20.19 internal gfx=gfx:2048x2048/root=2048x2048/rot=0/pkg:null touchable=True visible=True
[2026-08-09 09:34:51] FairyGUI: HUD底栏绑定 Weight=idx=4/8/0 path=BottomUI/DChatWindow/__codex_mobile_chattxt name=__codex_mobile_chattxt item=(null) title=(null) url=(null) rect=651.94,736.25,418,81.94 internal gfx=null touchable=False visible=True
[2026-08-09 09:34:51] FairyGUI: HUD底栏绑定 ExpBar=idx=4/16 path=BottomUI/DExpBar name=DExpBar item=DExpBar title=(null) url=ui://jk0io98jv9b11f rect=923.88,825.31,288.56,26.13 exported gfx=null touchable=True visible=True
[2026-08-09 09:34:51] FairyGUI: HUD底栏绑定 Volume=idx=4/33 path=BottomUI/textVolume name=textVolume item=(null) title=(null) url=(null) rect=1295.56,821.75,79.56,32.06 internal gfx=gfx:2048x2048/root=2048x2048/rot=0/pkg:null touchable=True visible=True
[2026-08-09 09:34:53] FairyGUI: HUD底栏绑定 Level=idx=4/14/1 path=BottomUI/DLevel/DLevelText name=DLevelText item=(null) title=(null) url=(null) rect=381.19,827.69,92.63,20.19 internal gfx=gfx:2048x2048/root=2048x2048/rot=0/pkg:null touchable=True visible=True
[2026-08-09 09:34:53] FairyGUI: HUD底栏绑定 Weight=idx=4/8/0 path=BottomUI/DChatWindow/__codex_mobile_chattxt name=__codex_mobile_chattxt item=(null) title=(null) url=(null) rect=651.94,736.25,418,81.94 internal gfx=null touchable=False visible=True
[2026-08-09 09:34:53] FairyGUI: HUD底栏绑定 ExpBar=idx=4/16 path=BottomUI/DExpBar name=DExpBar item=DExpBar title=(null) url=ui://jk0io98jv9b11f rect=923.88,825.31,288.56,26.13 exported gfx=null touchable=True visible=True
[2026-08-09 09:34:53] FairyGUI: HUD底栏绑定 Volume=idx=4/33 path=BottomUI/textVolume name=textVolume item=(null) title=(null) url=(null) rect=1295.56,821.75,79.56,32.06 internal gfx=gfx:2048x2048/root=2048x2048/rot=0/pkg:null touchable=True visible=True
[2026-08-09 09:34:55] FairyGUI: HUD底栏绑定 Level=idx=4/14/1 path=BottomUI/DLevel/DLevelText name=DLevelText item=(null) title=(null) url=(null) rect=381.19,827.69,92.63,20.19 internal gfx=gfx:2048x2048/root=2048x2048/rot=0/pkg:null touchable=True visible=True
[2026-08-09 09:34:55] FairyGUI: HUD底栏绑定 Weight=idx=4/8/0 path=BottomUI/DChatWindow/__codex_mobile_chattxt name=__codex_mobile_chattxt item=(null) title=(null) url=(null) rect=651.94,736.25,418,81.94 internal gfx=null touchable=False visible=True
[2026-08-09 09:34:55] FairyGUI: HUD底栏绑定 ExpBar=idx=4/16 path=BottomUI/DExpBar name=DExpBar item=DExpBar title=(null) url=ui://jk0io98jv9b11f rect=923.88,825.31,288.56,26.13 exported gfx=null touchable=True visible=True
[2026-08-09 09:34:55] FairyGUI: HUD底栏绑定 Volume=idx=4/33 path=BottomUI/textVolume name=textVolume item=(null) title=(null) url=(null) rect=1295.56,821.75,79.56,32.06 internal gfx=gfx:2048x2048/root=2048x2048/rot=0/pkg:null touchable=True visible=True
[2026-08-09 09:34:57] FairyGUI: HUD底栏绑定 Level=idx=4/14/1 path=BottomUI/DLevel/DLevelText name=DLevelText item=(null) title=(null) url=(null) rect=381.19,827.69,92.63,20.19 internal gfx=gfx:2048x2048/root=2048x2048/rot=0/pkg:null touchable=True visible=True
[2026-08-09 09:34:57] FairyGUI: HUD底栏绑定 Weight=idx=4/8/0 path=BottomUI/DChatWindow/__codex_mobile_chattxt name=__codex_mobile_chattxt item=(null) title=(null) url=(null) rect=651.94,736.25,418,81.94 internal gfx=null touchable=False visible=True
[2026-08-09 09:34:57] FairyGUI: HUD底栏绑定 ExpBar=idx=4/16 path=BottomUI/DExpBar name=DExpBar item=DExpBar title=(null) url=ui://jk0io98jv9b11f rect=923.88,825.31,288.56,26.13 exported gfx=null touchable=True visible=True
[2026-08-09 09:34:57] FairyGUI: HUD底栏绑定 Volume=idx=4/33 path=BottomUI/textVolume name=textVolume item=(null) title=(null) url=(null) rect=1295.56,821.75,79.56,32.06 internal gfx=gfx:2048x2048/root=2048x2048/rot=0/pkg:null touchable=True visible=True
[2026-08-09 09:34:59] FairyGUI: HUD底栏绑定 Level=idx=4/14/1 path=BottomUI/DLevel/DLevelText name=DLevelText item=(null) title=(null) url=(null) rect=381.19,827.69,92.63,20.19 internal gfx=gfx:2048x2048/root=2048x2048/rot=0/pkg:null touchable=True visible=True
[2026-08-09 09:34:59] FairyGUI: HUD底栏绑定 Weight=idx=4/8/0 path=BottomUI/DChatWindow/__codex_mobile_chattxt name=__codex_mobile_chattxt item=(null) title=(null) url=(null) rect=651.94,736.25,418,81.94 internal gfx=null touchable=False visible=True
[2026-08-09 09:34:59] FairyGUI: HUD底栏绑定 ExpBar=idx=4/16 path=BottomUI/DExpBar name=DExpBar item=DExpBar title=(null) url=ui://jk0io98jv9b11f rect=923.88,825.31,288.56,26.13 exported gfx=null touchable=True visible=True
[2026-08-09 09:34:59] FairyGUI: HUD底栏绑定 Volume=idx=4/33 path=BottomUI/textVolume name=textVolume item=(null) title=(null) url=(null) rect=1295.56,821.75,79.56,32.06 internal gfx=gfx:2048x2048/root=2048x2048/rot=0/pkg:null touchable=True visible=True
[2026-08-09 09:35:01] FairyGUI: HUD底栏绑定 Level=idx=4/14/1 path=BottomUI/DLevel/DLevelText name=DLevelText item=(null) title=(null) url=(null) rect=381.19,827.69,92.63,20.19 internal gfx=gfx:2048x2048/root=2048x2048/rot=0/pkg:null touchable=True visible=True
[2026-08-09 09:35:01] FairyGUI: HUD底栏绑定 Weight=idx=4/8/0 path=BottomUI/DChatWindow/__codex_mobile_chattxt name=__codex_mobile_chattxt item=(null) title=(null) url=(null) rect=651.94,736.25,418,81.94 internal gfx=null touchable=False visible=True
[2026-08-09 09:35:01] FairyGUI: HUD底栏绑定 ExpBar=idx=4/16 path=BottomUI/DExpBar name=DExpBar item=DExpBar title=(null) url=ui://jk0io98jv9b11f rect=923.88,825.31,288.56,26.13 exported gfx=null touchable=True visible=True
[2026-08-09 09:35:01] FairyGUI: HUD底栏绑定 Volume=idx=4/33 path=BottomUI/textVolume name=textVolume item=(null) title=(null) url=(null) rect=1295.56,821.75,79.56,32.06 internal gfx=gfx:2048x2048/root=2048x2048/rot=0/pkg:null touchable=True visible=True
[2026-08-09 09:35:03] FairyGUI: HUD底栏绑定 Level=idx=4/14/1 path=BottomUI/DLevel/DLevelText name=DLevelText item=(null) title=(null) url=(null) rect=381.19,827.69,92.63,20.19 internal gfx=gfx:2048x2048/root=2048x2048/rot=0/pkg:null touchable=True visible=True
[2026-08-09 09:35:03] FairyGUI: HUD底栏绑定 Weight=idx=4/8/0 path=BottomUI/DChatWindow/__codex_mobile_chattxt name=__codex_mobile_chattxt item=(null) title=(null) url=(null) rect=651.94,736.25,418,81.94 internal gfx=null touchable=False visible=True
[2026-08-09 09:35:03] FairyGUI: HUD底栏绑定 ExpBar=idx=4/16 path=BottomUI/DExpBar name=DExpBar item=DExpBar title=(null) url=ui://jk0io98jv9b11f rect=923.88,825.31,288.56,26.13 exported gfx=null touchable=True visible=True
[2026-08-09 09:35:03] FairyGUI: HUD底栏绑定 Volume=idx=4/33 path=BottomUI/textVolume name=textVolume item=(null) title=(null) url=(null) rect=1295.56,821.75,79.56,32.06 internal gfx=gfx:2048x2048/root=2048x2048/rot=0/pkg:null touchable=True visible=True
[2026-08-09 09:35:05] FairyGUI: HUD底栏绑定 Level=idx=4/14/1 path=BottomUI/DLevel/DLevelText name=DLevelText item=(null) title=(null) url=(null) rect=381.19,827.69,92.63,20.19 internal gfx=gfx:2048x2048/root=2048x2048/rot=0/pkg:null touchable=True visible=True
[2026-08-09 09:35:05] FairyGUI: HUD底栏绑定 Weight=idx=4/8/0 path=BottomUI/DChatWindow/__codex_mobile_chattxt name=__codex_mobile_chattxt item=(null) title=(null) url=(null) rect=651.94,736.25,418,81.94 internal gfx=null touchable=False visible=True
[2026-08-09 09:35:05] FairyGUI: HUD底栏绑定 ExpBar=idx=4/16 path=BottomUI/DExpBar name=DExpBar item=DExpBar title=(null) url=ui://jk0io98jv9b11f rect=923.88,825.31,288.56,26.13 exported gfx=null touchable=True visible=True
[2026-08-09 09:35:05] FairyGUI: HUD底栏绑定 Volume=idx=4/33 path=BottomUI/textVolume name=textVolume item=(null) title=(null) url=(null) rect=1295.56,821.75,79.56,32.06 internal gfx=gfx:2048x2048/root=2048x2048/rot=0/pkg:null touchable=True visible=True
[2026-08-09 09:35:07] FairyGUI: HUD底栏绑定 Level=idx=4/14/1 path=BottomUI/DLevel/DLevelText name=DLevelText item=(null) title=(null) url=(null) rect=381.19,827.69,92.63,20.19 internal gfx=gfx:2048x2048/root=2048x2048/rot=0/pkg:null touchable=True visible=True
[2026-08-09 09:35:07] FairyGUI: HUD底栏绑定 Weight=idx=4/8/0 path=BottomUI/DChatWindow/__codex_mobile_chattxt name=__codex_mobile_chattxt item=(null) title=(null) url=(null) rect=651.94,736.25,418,81.94 internal gfx=null touchable=False visible=True
[2026-08-09 09:35:07] FairyGUI: HUD底栏绑定 ExpBar=idx=4/16 path=BottomUI/DExpBar name=DExpBar item=DExpBar title=(null) url=ui://jk0io98jv9b11f rect=923.88,825.31,288.56,26.13 exported gfx=null touchable=True visible=True
[2026-08-09 09:35:07] FairyGUI: HUD底栏绑定 Volume=idx=4/33 path=BottomUI/textVolume name=textVolume item=(null) title=(null) url=(null) rect=1295.56,821.75,79.56,32.06 internal gfx=gfx:2048x2048/root=2048x2048/rot=0/pkg:null touchable=True visible=True
[2026-08-09 09:35:09] FairyGUI: HUD底栏绑定 Level=idx=4/14/1 path=BottomUI/DLevel/DLevelText name=DLevelText item=(null) title=(null) url=(null) rect=381.19,827.69,92.63,20.19 internal gfx=gfx:2048x2048/root=2048x2048/rot=0/pkg:null touchable=True visible=True
[2026-08-09 09:35:09] FairyGUI: HUD底栏绑定 Weight=idx=4/8/0 path=BottomUI/DChatWindow/__codex_mobile_chattxt name=__codex_mobile_chattxt item=(null) title=(null) url=(null) rect=651.94,736.25,418,81.94 internal gfx=null touchable=False visible=True
[2026-08-09 09:35:09] FairyGUI: HUD底栏绑定 ExpBar=idx=4/16 path=BottomUI/DExpBar name=DExpBar item=DExpBar title=(null) url=ui://jk0io98jv9b11f rect=923.88,825.31,288.56,26.13 exported gfx=null touchable=True visible=True
[2026-08-09 09:35:09] FairyGUI: HUD底栏绑定 Volume=idx=4/33 path=BottomUI/textVolume name=textVolume item=(null) title=(null) url=(null) rect=1295.56,821.75,79.56,32.06 internal gfx=gfx:2048x2048/root=2048x2048/rot=0/pkg:null touchable=True visible=True
[2026-08-09 09:35:11] FairyGUI: HUD底栏绑定 Level=idx=4/14/1 path=BottomUI/DLevel/DLevelText name=DLevelText item=(null) title=(null) url=(null) rect=381.19,827.69,92.63,20.19 internal gfx=gfx:2048x2048/root=2048x2048/rot=0/pkg:null touchable=True visible=True
[2026-08-09 09:35:11] FairyGUI: HUD底栏绑定 Weight=idx=4/8/0 path=BottomUI/DChatWindow/__codex_mobile_chattxt name=__codex_mobile_chattxt item=(null) title=(null) url=(null) rect=651.94,736.25,418,81.94 internal gfx=null touchable=False visible=True
[2026-08-09 09:35:11] FairyGUI: HUD底栏绑定 ExpBar=idx=4/16 path=BottomUI/DExpBar name=DExpBar item=DExpBar title=(null) url=ui://jk0io98jv9b11f rect=923.88,825.31,288.56,26.13 exported gfx=null touchable=True visible=True
[2026-08-09 09:35:11] FairyGUI: HUD底栏绑定 Volume=idx=4/33 path=BottomUI/textVolume name=textVolume item=(null) title=(null) url=(null) rect=1295.56,821.75,79.56,32.06 internal gfx=gfx:2048x2048/root=2048x2048/rot=0/pkg:null touchable=True visible=True
[2026-08-09 09:35:13] FairyGUI: HUD底栏绑定 Level=idx=4/14/1 path=BottomUI/DLevel/DLevelText name=DLevelText item=(null) title=(null) url=(null) rect=381.19,827.69,92.63,20.19 internal gfx=gfx:2048x2048/root=2048x2048/rot=0/pkg:null touchable=True visible=True
[2026-08-09 09:35:13] FairyGUI: HUD底栏绑定 Weight=idx=4/8/0 path=BottomUI/DChatWindow/__codex_mobile_chattxt name=__codex_mobile_chattxt item=(null) title=(null) url=(null) rect=651.94,736.25,418,81.94 internal gfx=null touchable=False visible=True
[2026-08-09 09:35:13] FairyGUI: HUD底栏绑定 ExpBar=idx=4/16 path=BottomUI/DExpBar name=DExpBar item=DExpBar title=(null) url=ui://jk0io98jv9b11f rect=923.88,825.31,288.56,26.13 exported gfx=null touchable=True visible=True
[2026-08-09 09:35:13] FairyGUI: HUD底栏绑定 Volume=idx=4/33 path=BottomUI/textVolume name=textVolume item=(null) title=(null) url=(null) rect=1295.56,821.75,79.56,32.06 internal gfx=gfx:2048x2048/root=2048x2048/rot=0/pkg:null touchable=True visible=True
[2026-08-09 09:35:15] FairyGUI: HUD底栏绑定 Level=idx=4/14/1 path=BottomUI/DLevel/DLevelText name=DLevelText item=(null) title=(null) url=(null) rect=381.19,827.69,92.63,20.19 internal gfx=gfx:2048x2048/root=2048x2048/rot=0/pkg:null touchable=True visible=True
[2026-08-09 09:35:15] FairyGUI: HUD底栏绑定 Weight=idx=4/8/0 path=BottomUI/DChatWindow/__codex_mobile_chattxt name=__codex_mobile_chattxt item=(null) title=(null) url=(null) rect=651.94,736.25,418,81.94 internal gfx=null touchable=False visible=True
[2026-08-09 09:35:15] FairyGUI: HUD底栏绑定 ExpBar=idx=4/16 path=BottomUI/DExpBar name=DExpBar item=DExpBar title=(null) url=ui://jk0io98jv9b11f rect=923.88,825.31,288.56,26.13 exported gfx=null touchable=True visible=True
[2026-08-09 09:35:15] FairyGUI: HUD底栏绑定 Volume=idx=4/33 path=BottomUI/textVolume name=textVolume item=(null) title=(null) url=(null) rect=1295.56,821.75,79.56,32.06 internal gfx=gfx:2048x2048/root=2048x2048/rot=0/pkg:null touchable=True visible=True
[2026-08-09 09:35:17] FairyGUI: HUD底栏绑定 Level=idx=4/14/1 path=BottomUI/DLevel/DLevelText name=DLevelText item=(null) title=(null) url=(null) rect=381.19,827.69,92.63,20.19 internal gfx=gfx:2048x2048/root=2048x2048/rot=0/pkg:null touchable=True visible=True
[2026-08-09 09:35:17] FairyGUI: HUD底栏绑定 Weight=idx=4/8/0 path=BottomUI/DChatWindow/__codex_mobile_chattxt name=__codex_mobile_chattxt item=(null) title=(null) url=(null) rect=651.94,736.25,418,81.94 internal gfx=null touchable=False visible=True
[2026-08-09 09:35:17] FairyGUI: HUD底栏绑定 ExpBar=idx=4/16 path=BottomUI/DExpBar name=DExpBar item=DExpBar title=(null) url=ui://jk0io98jv9b11f rect=923.88,825.31,288.56,26.13 exported gfx=null touchable=True visible=True
[2026-08-09 09:35:17] FairyGUI: HUD底栏绑定 Volume=idx=4/33 path=BottomUI/textVolume name=textVolume item=(null) title=(null) url=(null) rect=1295.56,821.75,79.56,32.06 internal gfx=gfx:2048x2048/root=2048x2048/rot=0/pkg:null touchable=True visible=True
[2026-08-09 09:35:19] FairyGUI: HUD底栏绑定 Level=idx=4/14/1 path=BottomUI/DLevel/DLevelText name=DLevelText item=(null) title=(null) url=(null) rect=381.19,827.69,92.63,20.19 internal gfx=gfx:2048x2048/root=2048x2048/rot=0/pkg:null touchable=True visible=True
[2026-08-09 09:35:19] FairyGUI: HUD底栏绑定 Weight=idx=4/8/0 path=BottomUI/DChatWindow/__codex_mobile_chattxt name=__codex_mobile_chattxt item=(null) title=(null) url=(null) rect=651.94,736.25,418,81.94 internal gfx=null touchable=False visible=True
[2026-08-09 09:35:19] FairyGUI: HUD底栏绑定 ExpBar=idx=4/16 path=BottomUI/DExpBar name=DExpBar item=DExpBar title=(null) url=ui://jk0io98jv9b11f rect=923.88,825.31,288.56,26.13 exported gfx=null touchable=True visible=True
[2026-08-09 09:35:19] FairyGUI: HUD底栏绑定 Volume=idx=4/33 path=BottomUI/textVolume name=textVolume item=(null) title=(null) url=(null) rect=1295.56,821.75,79.56,32.06 internal gfx=gfx:2048x2048/root=2048x2048/rot=0/pkg:null touchable=True visible=True
[2026-08-09 09:35:21] FairyGUI: HUD底栏绑定 Level=idx=4/14/1 path=BottomUI/DLevel/DLevelText name=DLevelText item=(null) title=(null) url=(null) rect=381.19,827.69,92.63,20.19 internal gfx=gfx:2048x2048/root=2048x2048/rot=0/pkg:null touchable=True visible=True
[2026-08-09 09:35:21] FairyGUI: HUD底栏绑定 Weight=idx=4/8/0 path=BottomUI/DChatWindow/__codex_mobile_chattxt name=__codex_mobile_chattxt item=(null) title=(null) url=(null) rect=651.94,736.25,418,81.94 internal gfx=null touchable=False visible=True
[2026-08-09 09:35:21] FairyGUI: HUD底栏绑定 ExpBar=idx=4/16 path=BottomUI/DExpBar name=DExpBar item=DExpBar title=(null) url=ui://jk0io98jv9b11f rect=923.88,825.31,288.56,26.13 exported gfx=null touchable=True visible=True
[2026-08-09 09:35:21] FairyGUI: HUD底栏绑定 Volume=idx=4/33 path=BottomUI/textVolume name=textVolume item=(null) title=(null) url=(null) rect=1295.56,821.75,79.56,32.06 internal gfx=gfx:2048x2048/root=2048x2048/rot=0/pkg:null touchable=True visible=True
[2026-08-09 09:35:23] FairyGUI: HUD底栏绑定 Level=idx=4/14/1 path=BottomUI/DLevel/DLevelText name=DLevelText item=(null) title=(null) url=(null) rect=381.19,827.69,92.63,20.19 internal gfx=gfx:2048x2048/root=2048x2048/rot=0/pkg:null touchable=True visible=True
[2026-08-09 09:35:23] FairyGUI: HUD底栏绑定 Weight=idx=4/8/0 path=BottomUI/DChatWindow/__codex_mobile_chattxt name=__codex_mobile_chattxt item=(null) title=(null) url=(null) rect=651.94,736.25,418,81.94 internal gfx=null touchable=False visible=True
[2026-08-09 09:35:23] FairyGUI: HUD底栏绑定 ExpBar=idx=4/16 path=BottomUI/DExpBar name=DExpBar item=DExpBar title=(null) url=ui://jk0io98jv9b11f rect=923.88,825.31,288.56,26.13 exported gfx=null touchable=True visible=True
[2026-08-09 09:35:23] FairyGUI: HUD底栏绑定 Volume=idx=4/33 path=BottomUI/textVolume name=textVolume item=(null) title=(null) url=(null) rect=1295.56,821.75,79.56,32.06 internal gfx=gfx:2048x2048/root=2048x2048/rot=0/pkg:null touchable=True visible=True
[2026-08-09 09:35:25] FairyGUI: HUD底栏绑定 Level=idx=4/14/1 path=BottomUI/DLevel/DLevelText name=DLevelText item=(null) title=(null) url=(null) rect=381.19,827.69,92.63,20.19 internal gfx=gfx:2048x2048/root=2048x2048/rot=0/pkg:null touchable=True visible=True
[2026-08-09 09:35:25] FairyGUI: HUD底栏绑定 Weight=idx=4/8/0 path=BottomUI/DChatWindow/__codex_mobile_chattxt name=__codex_mobile_chattxt item=(null) title=(null) url=(null) rect=651.94,736.25,418,81.94 internal gfx=null touchable=False visible=True
[2026-08-09 09:35:25] FairyGUI: HUD底栏绑定 ExpBar=idx=4/16 path=BottomUI/DExpBar name=DExpBar item=DExpBar title=(null) url=ui://jk0io98jv9b11f rect=923.88,825.31,288.56,26.13 exported gfx=null touchable=True visible=True
[2026-08-09 09:35:25] FairyGUI: HUD底栏绑定 Volume=idx=4/33 path=BottomUI/textVolume name=textVolume item=(null) title=(null) url=(null) rect=1295.56,821.75,79.56,32.06 internal gfx=gfx:2048x2048/root=2048x2048/rot=0/pkg:null touchable=True visible=True
[2026-08-09 09:35:28] FairyGUI: HUD底栏绑定 Level=idx=4/14/1 path=BottomUI/DLevel/DLevelText name=DLevelText item=(null) title=(null) url=(null) rect=381.19,827.69,92.63,20.19 internal gfx=gfx:2048x2048/root=2048x2048/rot=0/pkg:null touchable=True visible=True
[2026-08-09 09:35:28] FairyGUI: HUD底栏绑定 Weight=idx=4/8/0 path=BottomUI/DChatWindow/__codex_mobile_chattxt name=__codex_mobile_chattxt item=(null) title=(null) url=(null) rect=651.94,736.25,418,81.94 internal gfx=null touchable=False visible=True
[2026-08-09 09:35:28] FairyGUI: HUD底栏绑定 ExpBar=idx=4/16 path=BottomUI/DExpBar name=DExpBar item=DExpBar title=(null) url=ui://jk0io98jv9b11f rect=923.88,825.31,288.56,26.13 exported gfx=null touchable=True visible=True
[2026-08-09 09:35:28] FairyGUI: HUD底栏绑定 Volume=idx=4/33 path=BottomUI/textVolume name=textVolume item=(null) title=(null) url=(null) rect=1295.56,821.75,79.56,32.06 internal gfx=gfx:2048x2048/root=2048x2048/rot=0/pkg:null touchable=True visible=True
[2026-08-09 09:35:30] FairyGUI: HUD底栏绑定 Level=idx=4/14/1 path=BottomUI/DLevel/DLevelText name=DLevelText item=(null) title=(null) url=(null) rect=381.19,827.69,92.63,20.19 internal gfx=gfx:2048x2048/root=2048x2048/rot=0/pkg:null touchable=True visible=True
[2026-08-09 09:35:30] FairyGUI: HUD底栏绑定 Weight=idx=4/8/0 path=BottomUI/DChatWindow/__codex_mobile_chattxt name=__codex_mobile_chattxt item=(null) title=(null) url=(null) rect=651.94,736.25,418,81.94 internal gfx=null touchable=False visible=True
[2026-08-09 09:35:30] FairyGUI: HUD底栏绑定 ExpBar=idx=4/16 path=BottomUI/DExpBar name=DExpBar item=DExpBar title=(null) url=ui://jk0io98jv9b11f rect=923.88,825.31,288.56,26.13 exported gfx=null touchable=True visible=True
[2026-08-09 09:35:30] FairyGUI: HUD底栏绑定 Volume=idx=4/33 path=BottomUI/textVolume name=textVolume item=(null) title=(null) url=(null) rect=1295.56,821.75,79.56,32.06 internal gfx=gfx:2048x2048/root=2048x2048/rot=0/pkg:null touchable=True visible=True
[2026-08-09 09:35:32] FairyGUI: HUD底栏绑定 Level=idx=4/14/1 path=BottomUI/DLevel/DLevelText name=DLevelText item=(null) title=(null) url=(null) rect=381.19,827.69,92.63,20.19 internal gfx=gfx:2048x2048/root=2048x2048/rot=0/pkg:null touchable=True visible=True
[2026-08-09 09:35:32] FairyGUI: HUD底栏绑定 Weight=idx=4/8/0 path=BottomUI/DChatWindow/__codex_mobile_chattxt name=__codex_mobile_chattxt item=(null) title=(null) url=(null) rect=651.94,736.25,418,81.94 internal gfx=null touchable=False visible=True
[2026-08-09 09:35:32] FairyGUI: HUD底栏绑定 ExpBar=idx=4/16 path=BottomUI/DExpBar name=DExpBar item=DExpBar title=(null) url=ui://jk0io98jv9b11f rect=923.88,825.31,288.56,26.13 exported gfx=null touchable=True visible=True
[2026-08-09 09:35:32] FairyGUI: HUD底栏绑定 Volume=idx=4/33 path=BottomUI/textVolume name=textVolume item=(null) title=(null) url=(null) rect=1295.56,821.75,79.56,32.06 internal gfx=gfx:2048x2048/root=2048x2048/rot=0/pkg:null touchable=True visible=True
[2026-08-09 09:35:34] FairyGUI: HUD底栏绑定 Level=idx=4/14/1 path=BottomUI/DLevel/DLevelText name=DLevelText item=(null) title=(null) url=(null) rect=381.19,827.69,92.63,20.19 internal gfx=gfx:2048x2048/root=2048x2048/rot=0/pkg:null touchable=True visible=True
[2026-08-09 09:35:34] FairyGUI: HUD底栏绑定 Weight=idx=4/8/0 path=BottomUI/DChatWindow/__codex_mobile_chattxt name=__codex_mobile_chattxt item=(null) title=(null) url=(null) rect=651.94,736.25,418,81.94 internal gfx=null touchable=False visible=True
[2026-08-09 09:35:34] FairyGUI: HUD底栏绑定 ExpBar=idx=4/16 path=BottomUI/DExpBar name=DExpBar item=DExpBar title=(null) url=ui://jk0io98jv9b11f rect=923.88,825.31,288.56,26.13 exported gfx=null touchable=True visible=True
[2026-08-09 09:35:34] FairyGUI: HUD底栏绑定 Volume=idx=4/33 path=BottomUI/textVolume name=textVolume item=(null) title=(null) url=(null) rect=1295.56,821.75,79.56,32.06 internal gfx=gfx:2048x2048/root=2048x2048/rot=0/pkg:null touchable=True visible=True
[2026-08-09 09:35:36] FairyGUI: HUD底栏绑定 Level=idx=4/14/1 path=BottomUI/DLevel/DLevelText name=DLevelText item=(null) title=(null) url=(null) rect=381.19,827.69,92.63,20.19 internal gfx=gfx:2048x2048/root=2048x2048/rot=0/pkg:null touchable=True visible=True
[2026-08-09 09:35:36] FairyGUI: HUD底栏绑定 Weight=idx=4/8/0 path=BottomUI/DChatWindow/__codex_mobile_chattxt name=__codex_mobile_chattxt item=(null) title=(null) url=(null) rect=651.94,736.25,418,81.94 internal gfx=null touchable=False visible=True
[2026-08-09 09:35:36] FairyGUI: HUD底栏绑定 ExpBar=idx=4/16 path=BottomUI/DExpBar name=DExpBar item=DExpBar title=(null) url=ui://jk0io98jv9b11f rect=923.88,825.31,288.56,26.13 exported gfx=null touchable=True visible=True
[2026-08-09 09:35:36] FairyGUI: HUD底栏绑定 Volume=idx=4/33 path=BottomUI/textVolume name=textVolume item=(null) title=(null) url=(null) rect=1295.56,821.75,79.56,32.06 internal gfx=gfx:2048x2048/root=2048x2048/rot=0/pkg:null touchable=True visible=True
[2026-08-09 09:35:38] FairyGUI: HUD底栏绑定 Level=idx=4/14/1 path=BottomUI/DLevel/DLevelText name=DLevelText item=(null) title=(null) url=(null) rect=381.19,827.69,92.63,20.19 internal gfx=gfx:2048x2048/root=2048x2048/rot=0/pkg:null touchable=True visible=True
[2026-08-09 09:35:38] FairyGUI: HUD底栏绑定 Weight=idx=4/8/0 path=BottomUI/DChatWindow/__codex_mobile_chattxt name=__codex_mobile_chattxt item=(null) title=(null) url=(null) rect=651.94,736.25,418,81.94 internal gfx=null touchable=False visible=True
[2026-08-09 09:35:38] FairyGUI: HUD底栏绑定 ExpBar=idx=4/16 path=BottomUI/DExpBar name=DExpBar item=DExpBar title=(null) url=ui://jk0io98jv9b11f rect=923.88,825.31,288.56,26.13 exported gfx=null touchable=True visible=True
[2026-08-09 09:35:38] FairyGUI: HUD底栏绑定 Volume=idx=4/33 path=BottomUI/textVolume name=textVolume item=(null) title=(null) url=(null) rect=1295.56,821.75,79.56,32.06 internal gfx=gfx:2048x2048/root=2048x2048/rot=0/pkg:null touchable=True visible=True
[2026-08-09 09:35:40] FairyGUI: HUD底栏绑定 Level=idx=4/14/1 path=BottomUI/DLevel/DLevelText name=DLevelText item=(null) title=(null) url=(null) rect=381.19,827.69,92.63,20.19 internal gfx=gfx:2048x2048/root=2048x2048/rot=0/pkg:null touchable=True visible=True
[2026-08-09 09:35:40] FairyGUI: HUD底栏绑定 Weight=idx=4/8/0 path=BottomUI/DChatWindow/__codex_mobile_chattxt name=__codex_mobile_chattxt item=(null) title=(null) url=(null) rect=651.94,736.25,418,81.94 internal gfx=null touchable=False visible=True
[2026-08-09 09:35:40] FairyGUI: HUD底栏绑定 ExpBar=idx=4/16 path=BottomUI/DExpBar name=DExpBar item=DExpBar title=(null) url=ui://jk0io98jv9b11f rect=923.88,825.31,288.56,26.13 exported gfx=null touchable=True visible=True
[2026-08-09 09:35:40] FairyGUI: HUD底栏绑定 Volume=idx=4/33 path=BottomUI/textVolume name=textVolume item=(null) title=(null) url=(null) rect=1295.56,821.75,79.56,32.06 internal gfx=gfx:2048x2048/root=2048x2048/rot=0/pkg:null touchable=True visible=True
[2026-08-09 09:35:42] FairyGUI: HUD底栏绑定 Level=idx=4/14/1 path=BottomUI/DLevel/DLevelText name=DLevelText item=(null) title=(null) url=(null) rect=381.19,827.69,92.63,20.19 internal gfx=gfx:2048x2048/root=2048x2048/rot=0/pkg:null touchable=True visible=True
[2026-08-09 09:35:42] FairyGUI: HUD底栏绑定 Weight=idx=4/8/0 path=BottomUI/DChatWindow/__codex_mobile_chattxt name=__codex_mobile_chattxt item=(null) title=(null) url=(null) rect=651.94,736.25,418,81.94 internal gfx=null touchable=False visible=True
[2026-08-09 09:35:42] FairyGUI: HUD底栏绑定 ExpBar=idx=4/16 path=BottomUI/DExpBar name=DExpBar item=DExpBar title=(null) url=ui://jk0io98jv9b11f rect=923.88,825.31,288.56,26.13 exported gfx=null touchable=True visible=True
[2026-08-09 09:35:42] FairyGUI: HUD底栏绑定 Volume=idx=4/33 path=BottomUI/textVolume name=textVolume item=(null) title=(null) url=(null) rect=1295.56,821.75,79.56,32.06 internal gfx=gfx:2048x2048/root=2048x2048/rot=0/pkg:null touchable=True visible=True
[2026-08-09 09:35:44] FairyGUI: HUD底栏绑定 Level=idx=4/14/1 path=BottomUI/DLevel/DLevelText name=DLevelText item=(null) title=(null) url=(null) rect=381.19,827.69,92.63,20.19 internal gfx=gfx:2048x2048/root=2048x2048/rot=0/pkg:null touchable=True visible=True
[2026-08-09 09:35:44] FairyGUI: HUD底栏绑定 Weight=idx=4/8/0 path=BottomUI/DChatWindow/__codex_mobile_chattxt name=__codex_mobile_chattxt item=(null) title=(null) url=(null) rect=651.94,736.25,418,81.94 internal gfx=null touchable=False visible=True
[2026-08-09 09:35:44] FairyGUI: HUD底栏绑定 ExpBar=idx=4/16 path=BottomUI/DExpBar name=DExpBar item=DExpBar title=(null) url=ui://jk0io98jv9b11f rect=923.88,825.31,288.56,26.13 exported gfx=null touchable=True visible=True
[2026-08-09 09:35:44] FairyGUI: HUD底栏绑定 Volume=idx=4/33 path=BottomUI/textVolume name=textVolume item=(null) title=(null) url=(null) rect=1295.56,821.75,79.56,32.06 internal gfx=gfx:2048x2048/root=2048x2048/rot=0/pkg:null touchable=True visible=True
[2026-08-09 09:35:46] FairyGUI: HUD底栏绑定 Level=idx=4/14/1 path=BottomUI/DLevel/DLevelText name=DLevelText item=(null) title=(null) url=(null) rect=381.19,827.69,92.63,20.19 internal gfx=gfx:2048x2048/root=2048x2048/rot=0/pkg:null touchable=True visible=True
[2026-08-09 09:35:46] FairyGUI: HUD底栏绑定 Weight=idx=4/8/0 path=BottomUI/DChatWindow/__codex_mobile_chattxt name=__codex_mobile_chattxt item=(null) title=(null) url=(null) rect=651.94,736.25,418,81.94 internal gfx=null touchable=False visible=True
[2026-08-09 09:35:46] FairyGUI: HUD底栏绑定 ExpBar=idx=4/16 path=BottomUI/DExpBar name=DExpBar item=DExpBar title=(null) url=ui://jk0io98jv9b11f rect=923.88,825.31,288.56,26.13 exported gfx=null touchable=True visible=True
[2026-08-09 09:35:46] FairyGUI: HUD底栏绑定 Volume=idx=4/33 path=BottomUI/textVolume name=textVolume item=(null) title=(null) url=(null) rect=1295.56,821.75,79.56,32.06 internal gfx=gfx:2048x2048/root=2048x2048/rot=0/pkg:null touchable=True visible=True
[2026-08-09 09:35:48] FairyGUI: HUD底栏绑定 Level=idx=4/14/1 path=BottomUI/DLevel/DLevelText name=DLevelText item=(null) title=(null) url=(null) rect=381.19,827.69,92.63,20.19 internal gfx=gfx:2048x2048/root=2048x2048/rot=0/pkg:null touchable=True visible=True
[2026-08-09 09:35:48] FairyGUI: HUD底栏绑定 Weight=idx=4/8/0 path=BottomUI/DChatWindow/__codex_mobile_chattxt name=__codex_mobile_chattxt item=(null) title=(null) url=(null) rect=651.94,736.25,418,81.94 internal gfx=null touchable=False visible=True
[2026-08-09 09:35:48] FairyGUI: HUD底栏绑定 ExpBar=idx=4/16 path=BottomUI/DExpBar name=DExpBar item=DExpBar title=(null) url=ui://jk0io98jv9b11f rect=923.88,825.31,288.56,26.13 exported gfx=null touchable=True visible=True
[2026-08-09 09:35:48] FairyGUI: HUD底栏绑定 Volume=idx=4/33 path=BottomUI/textVolume name=textVolume item=(null) title=(null) url=(null) rect=1295.56,821.75,79.56,32.06 internal gfx=gfx:2048x2048/root=2048x2048/rot=0/pkg:null touchable=True visible=True
[2026-08-09 09:35:50] FairyGUI: HUD底栏绑定 Level=idx=4/14/1 path=BottomUI/DLevel/DLevelText name=DLevelText item=(null) title=(null) url=(null) rect=381.19,827.69,92.63,20.19 internal gfx=gfx:2048x2048/root=2048x2048/rot=0/pkg:null touchable=True visible=True
[2026-08-09 09:35:50] FairyGUI: HUD底栏绑定 Weight=idx=4/8/0 path=BottomUI/DChatWindow/__codex_mobile_chattxt name=__codex_mobile_chattxt item=(null) title=(null) url=(null) rect=651.94,736.25,418,81.94 internal gfx=null touchable=False visible=True
[2026-08-09 09:35:50] FairyGUI: HUD底栏绑定 ExpBar=idx=4/16 path=BottomUI/DExpBar name=DExpBar item=DExpBar title=(null) url=ui://jk0io98jv9b11f rect=923.88,825.31,288.56,26.13 exported gfx=null touchable=True visible=True
[2026-08-09 09:35:50] FairyGUI: HUD底栏绑定 Volume=idx=4/33 path=BottomUI/textVolume name=textVolume item=(null) title=(null) url=(null) rect=1295.56,821.75,79.56,32.06 internal gfx=gfx:2048x2048/root=2048x2048/rot=0/pkg:null touchable=True visible=True
[2026-08-09 09:35:52] FairyGUI: HUD底栏绑定 Level=idx=4/14/1 path=BottomUI/DLevel/DLevelText name=DLevelText item=(null) title=(null) url=(null) rect=381.19,827.69,92.63,20.19 internal gfx=gfx:2048x2048/root=2048x2048/rot=0/pkg:null touchable=True visible=True
[2026-08-09 09:35:52] FairyGUI: HUD底栏绑定 Weight=idx=4/8/0 path=BottomUI/DChatWindow/__codex_mobile_chattxt name=__codex_mobile_chattxt item=(null) title=(null) url=(null) rect=651.94,736.25,418,81.94 internal gfx=null touchable=False visible=True
[2026-08-09 09:35:52] FairyGUI: HUD底栏绑定 ExpBar=idx=4/16 path=BottomUI/DExpBar name=DExpBar item=DExpBar title=(null) url=ui://jk0io98jv9b11f rect=923.88,825.31,288.56,26.13 exported gfx=null touchable=True visible=True
[2026-08-09 09:35:52] FairyGUI: HUD底栏绑定 Volume=idx=4/33 path=BottomUI/textVolume name=textVolume item=(null) title=(null) url=(null) rect=1295.56,821.75,79.56,32.06 internal gfx=gfx:2048x2048/root=2048x2048/rot=0/pkg:null touchable=True visible=True
[2026-08-09 09:35:54] FairyGUI: HUD底栏绑定 Level=idx=4/14/1 path=BottomUI/DLevel/DLevelText name=DLevelText item=(null) title=(null) url=(null) rect=381.19,827.69,92.63,20.19 internal gfx=gfx:2048x2048/root=2048x2048/rot=0/pkg:null touchable=True visible=True
[2026-08-09 09:35:54] FairyGUI: HUD底栏绑定 Weight=idx=4/8/0 path=BottomUI/DChatWindow/__codex_mobile_chattxt name=__codex_mobile_chattxt item=(null) title=(null) url=(null) rect=651.94,736.25,418,81.94 internal gfx=null touchable=False visible=True
[2026-08-09 09:35:54] FairyGUI: HUD底栏绑定 ExpBar=idx=4/16 path=BottomUI/DExpBar name=DExpBar item=DExpBar title=(null) url=ui://jk0io98jv9b11f rect=923.88,825.31,288.56,26.13 exported gfx=null touchable=True visible=True
[2026-08-09 09:35:54] FairyGUI: HUD底栏绑定 Volume=idx=4/33 path=BottomUI/textVolume name=textVolume item=(null) title=(null) url=(null) rect=1295.56,821.75,79.56,32.06 internal gfx=gfx:2048x2048/root=2048x2048/rot=0/pkg:null touchable=True visible=True
[2026-08-09 09:35:56] FairyGUI: HUD底栏绑定 Level=idx=4/14/1 path=BottomUI/DLevel/DLevelText name=DLevelText item=(null) title=(null) url=(null) rect=381.19,827.69,92.63,20.19 internal gfx=gfx:2048x2048/root=2048x2048/rot=0/pkg:null touchable=True visible=True
[2026-08-09 09:35:56] FairyGUI: HUD底栏绑定 Weight=idx=4/8/0 path=BottomUI/DChatWindow/__codex_mobile_chattxt name=__codex_mobile_chattxt item=(null) title=(null) url=(null) rect=651.94,736.25,418,81.94 internal gfx=null touchable=False visible=True
[2026-08-09 09:35:56] FairyGUI: HUD底栏绑定 ExpBar=idx=4/16 path=BottomUI/DExpBar name=DExpBar item=DExpBar title=(null) url=ui://jk0io98jv9b11f rect=923.88,825.31,288.56,26.13 exported gfx=null touchable=True visible=True
[2026-08-09 09:35:56] FairyGUI: HUD底栏绑定 Volume=idx=4/33 path=BottomUI/textVolume name=textVolume item=(null) title=(null) url=(null) rect=1295.56,821.75,79.56,32.06 internal gfx=gfx:2048x2048/root=2048x2048/rot=0/pkg:null touchable=True visible=True
[2026-08-09 09:35:58] FairyGUI: HUD底栏绑定 Level=idx=4/14/1 path=BottomUI/DLevel/DLevelText name=DLevelText item=(null) title=(null) url=(null) rect=381.19,827.69,92.63,20.19 internal gfx=gfx:2048x2048/root=2048x2048/rot=0/pkg:null touchable=True visible=True
[2026-08-09 09:35:58] FairyGUI: HUD底栏绑定 Weight=idx=4/8/0 path=BottomUI/DChatWindow/__codex_mobile_chattxt name=__codex_mobile_chattxt item=(null) title=(null) url=(null) rect=651.94,736.25,418,81.94 internal gfx=null touchable=False visible=True
[2026-08-09 09:35:58] FairyGUI: HUD底栏绑定 ExpBar=idx=4/16 path=BottomUI/DExpBar name=DExpBar item=DExpBar title=(null) url=ui://jk0io98jv9b11f rect=923.88,825.31,288.56,26.13 exported gfx=null touchable=True visible=True
[2026-08-09 09:35:58] FairyGUI: HUD底栏绑定 Volume=idx=4/33 path=BottomUI/textVolume name=textVolume item=(null) title=(null) url=(null) rect=1295.56,821.75,79.56,32.06 internal gfx=gfx:2048x2048/root=2048x2048/rot=0/pkg:null touchable=True visible=True
[2026-08-09 09:36:00] FairyGUI: HUD底栏绑定 Level=idx=4/14/1 path=BottomUI/DLevel/DLevelText name=DLevelText item=(null) title=(null) url=(null) rect=381.19,827.69,92.63,20.19 internal gfx=gfx:2048x2048/root=2048x2048/rot=0/pkg:null touchable=True visible=True
[2026-08-09 09:36:00] FairyGUI: HUD底栏绑定 Weight=idx=4/8/0 path=BottomUI/DChatWindow/__codex_mobile_chattxt name=__codex_mobile_chattxt item=(null) title=(null) url=(null) rect=651.94,736.25,418,81.94 internal gfx=null touchable=False visible=True
[2026-08-09 09:36:00] FairyGUI: HUD底栏绑定 ExpBar=idx=4/16 path=BottomUI/DExpBar name=DExpBar item=DExpBar title=(null) url=ui://jk0io98jv9b11f rect=923.88,825.31,288.56,26.13 exported gfx=null touchable=True visible=True
[2026-08-09 09:36:00] FairyGUI: HUD底栏绑定 Volume=idx=4/33 path=BottomUI/textVolume name=textVolume item=(null) title=(null) url=(null) rect=1295.56,821.75,79.56,32.06 internal gfx=gfx:2048x2048/root=2048x2048/rot=0/pkg:null touchable=True visible=True
[2026-08-09 09:36:02] FairyGUI: HUD底栏绑定 Level=idx=4/14/1 path=BottomUI/DLevel/DLevelText name=DLevelText item=(null) title=(null) url=(null) rect=381.19,827.69,92.63,20.19 internal gfx=gfx:2048x2048/root=2048x2048/rot=0/pkg:null touchable=True visible=True
[2026-08-09 09:36:02] FairyGUI: HUD底栏绑定 Weight=idx=4/8/0 path=BottomUI/DChatWindow/__codex_mobile_chattxt name=__codex_mobile_chattxt item=(null) title=(null) url=(null) rect=651.94,736.25,418,81.94 internal gfx=null touchable=False visible=True
[2026-08-09 09:36:02] FairyGUI: HUD底栏绑定 ExpBar=idx=4/16 path=BottomUI/DExpBar name=DExpBar item=DExpBar title=(null) url=ui://jk0io98jv9b11f rect=923.88,825.31,288.56,26.13 exported gfx=null touchable=True visible=True
[2026-08-09 09:36:02] FairyGUI: HUD底栏绑定 Volume=idx=4/33 path=BottomUI/textVolume name=textVolume item=(null) title=(null) url=(null) rect=1295.56,821.75,79.56,32.06 internal gfx=gfx:2048x2048/root=2048x2048/rot=0/pkg:null touchable=True visible=True
[2026-08-09 09:36:04] FairyGUI: HUD底栏绑定 Level=idx=4/14/1 path=BottomUI/DLevel/DLevelText name=DLevelText item=(null) title=(null) url=(null) rect=381.19,827.69,92.63,20.19 internal gfx=gfx:2048x2048/root=2048x2048/rot=0/pkg:null touchable=True visible=True
[2026-08-09 09:36:04] FairyGUI: HUD底栏绑定 Weight=idx=4/8/0 path=BottomUI/DChatWindow/__codex_mobile_chattxt name=__codex_mobile_chattxt item=(null) title=(null) url=(null) rect=651.94,736.25,418,81.94 internal gfx=null touchable=False visible=True
[2026-08-09 09:36:04] FairyGUI: HUD底栏绑定 ExpBar=idx=4/16 path=BottomUI/DExpBar name=DExpBar item=DExpBar title=(null) url=ui://jk0io98jv9b11f rect=923.88,825.31,288.56,26.13 exported gfx=null touchable=True visible=True
[2026-08-09 09:36:04] FairyGUI: HUD底栏绑定 Volume=idx=4/33 path=BottomUI/textVolume name=textVolume item=(null) title=(null) url=(null) rect=1295.56,821.75,79.56,32.06 internal gfx=gfx:2048x2048/root=2048x2048/rot=0/pkg:null touchable=True visible=True
[2026-08-09 09:36:06] FairyGUI: HUD底栏绑定 Level=idx=4/14/1 path=BottomUI/DLevel/DLevelText name=DLevelText item=(null) title=(null) url=(null) rect=381.19,827.69,92.63,20.19 internal gfx=gfx:2048x2048/root=2048x2048/rot=0/pkg:null touchable=True visible=True
[2026-08-09 09:36:06] FairyGUI: HUD底栏绑定 Weight=idx=4/8/0 path=BottomUI/DChatWindow/__codex_mobile_chattxt name=__codex_mobile_chattxt item=(null) title=(null) url=(null) rect=651.94,736.25,418,81.94 internal gfx=null touchable=False visible=True
[2026-08-09 09:36:06] FairyGUI: HUD底栏绑定 ExpBar=idx=4/16 path=BottomUI/DExpBar name=DExpBar item=DExpBar title=(null) url=ui://jk0io98jv9b11f rect=923.88,825.31,288.56,26.13 exported gfx=null touchable=True visible=True
[2026-08-09 09:36:06] FairyGUI: HUD底栏绑定 Volume=idx=4/33 path=BottomUI/textVolume name=textVolume item=(null) title=(null) url=(null) rect=1295.56,821.75,79.56,32.06 internal gfx=gfx:2048x2048/root=2048x2048/rot=0/pkg:null touchable=True visible=True
[2026-08-09 09:36:08] FairyGUI: HUD底栏绑定 Level=idx=4/14/1 path=BottomUI/DLevel/DLevelText name=DLevelText item=(null) title=(null) url=(null) rect=381.19,827.69,92.63,20.19 internal gfx=gfx:2048x2048/root=2048x2048/rot=0/pkg:null touchable=True visible=True
[2026-08-09 09:36:08] FairyGUI: HUD底栏绑定 Weight=idx=4/8/0 path=BottomUI/DChatWindow/__codex_mobile_chattxt name=__codex_mobile_chattxt item=(null) title=(null) url=(null) rect=651.94,736.25,418,81.94 internal gfx=null touchable=False visible=True
[2026-08-09 09:36:08] FairyGUI: HUD底栏绑定 ExpBar=idx=4/16 path=BottomUI/DExpBar name=DExpBar item=DExpBar title=(null) url=ui://jk0io98jv9b11f rect=923.88,825.31,288.56,26.13 exported gfx=null touchable=True visible=True
[2026-08-09 09:36:08] FairyGUI: HUD底栏绑定 Volume=idx=4/33 path=BottomUI/textVolume name=textVolume item=(null) title=(null) url=(null) rect=1295.56,821.75,79.56,32.06 internal gfx=gfx:2048x2048/root=2048x2048/rot=0/pkg:null touchable=True visible=True
[2026-08-09 09:36:10] FairyGUI: HUD底栏绑定 Level=idx=4/14/1 path=BottomUI/DLevel/DLevelText name=DLevelText item=(null) title=(null) url=(null) rect=381.19,827.69,92.63,20.19 internal gfx=gfx:2048x2048/root=2048x2048/rot=0/pkg:null touchable=True visible=True
[2026-08-09 09:36:10] FairyGUI: HUD底栏绑定 Weight=idx=4/8/0 path=BottomUI/DChatWindow/__codex_mobile_chattxt name=__codex_mobile_chattxt item=(null) title=(null) url=(null) rect=651.94,736.25,418,81.94 internal gfx=null touchable=False visible=True
[2026-08-09 09:36:10] FairyGUI: HUD底栏绑定 ExpBar=idx=4/16 path=BottomUI/DExpBar name=DExpBar item=DExpBar title=(null) url=ui://jk0io98jv9b11f rect=923.88,825.31,288.56,26.13 exported gfx=null touchable=True visible=True
[2026-08-09 09:36:10] FairyGUI: HUD底栏绑定 Volume=idx=4/33 path=BottomUI/textVolume name=textVolume item=(null) title=(null) url=(null) rect=1295.56,821.75,79.56,32.06 internal gfx=gfx:2048x2048/root=2048x2048/rot=0/pkg:null touchable=True visible=True
[2026-08-09 09:36:12] FairyGUI: HUD底栏绑定 Level=idx=4/14/1 path=BottomUI/DLevel/DLevelText name=DLevelText item=(null) title=(null) url=(null) rect=381.19,827.69,92.63,20.19 internal gfx=gfx:2048x2048/root=2048x2048/rot=0/pkg:null touchable=True visible=True
[2026-08-09 09:36:12] FairyGUI: HUD底栏绑定 Weight=idx=4/8/0 path=BottomUI/DChatWindow/__codex_mobile_chattxt name=__codex_mobile_chattxt item=(null) title=(null) url=(null) rect=651.94,736.25,418,81.94 internal gfx=null touchable=False visible=True
[2026-08-09 09:36:12] FairyGUI: HUD底栏绑定 ExpBar=idx=4/16 path=BottomUI/DExpBar name=DExpBar item=DExpBar title=(null) url=ui://jk0io98jv9b11f rect=923.88,825.31,288.56,26.13 exported gfx=null touchable=True visible=True
[2026-08-09 09:36:12] FairyGUI: HUD底栏绑定 Volume=idx=4/33 path=BottomUI/textVolume name=textVolume item=(null) title=(null) url=(null) rect=1295.56,821.75,79.56,32.06 internal gfx=gfx:2048x2048/root=2048x2048/rot=0/pkg:null touchable=True visible=True
[2026-08-09 09:36:14] FairyGUI: HUD底栏绑定 Level=idx=4/14/1 path=BottomUI/DLevel/DLevelText name=DLevelText item=(null) title=(null) url=(null) rect=381.19,827.69,92.63,20.19 internal gfx=gfx:2048x2048/root=2048x2048/rot=0/pkg:null touchable=True visible=True
[2026-08-09 09:36:14] FairyGUI: HUD底栏绑定 Weight=idx=4/8/0 path=BottomUI/DChatWindow/__codex_mobile_chattxt name=__codex_mobile_chattxt item=(null) title=(null) url=(null) rect=651.94,736.25,418,81.94 internal gfx=null touchable=False visible=True
[2026-08-09 09:36:14] FairyGUI: HUD底栏绑定 ExpBar=idx=4/16 path=BottomUI/DExpBar name=DExpBar item=DExpBar title=(null) url=ui://jk0io98jv9b11f rect=923.88,825.31,288.56,26.13 exported gfx=null touchable=True visible=True
[2026-08-09 09:36:14] FairyGUI: HUD底栏绑定 Volume=idx=4/33 path=BottomUI/textVolume name=textVolume item=(null) title=(null) url=(null) rect=1295.56,821.75,79.56,32.06 internal gfx=gfx:2048x2048/root=2048x2048/rot=0/pkg:null touchable=True visible=True
[2026-08-09 09:36:16] FairyGUI: HUD底栏绑定 Level=idx=4/14/1 path=BottomUI/DLevel/DLevelText name=DLevelText item=(null) title=(null) url=(null) rect=381.19,827.69,92.63,20.19 internal gfx=gfx:2048x2048/root=2048x2048/rot=0/pkg:null touchable=True visible=True
[2026-08-09 09:36:16] FairyGUI: HUD底栏绑定 Weight=idx=4/8/0 path=BottomUI/DChatWindow/__codex_mobile_chattxt name=__codex_mobile_chattxt item=(null) title=(null) url=(null) rect=651.94,736.25,418,81.94 internal gfx=null touchable=False visible=True
[2026-08-09 09:36:16] FairyGUI: HUD底栏绑定 ExpBar=idx=4/16 path=BottomUI/DExpBar name=DExpBar item=DExpBar title=(null) url=ui://jk0io98jv9b11f rect=923.88,825.31,288.56,26.13 exported gfx=null touchable=True visible=True
[2026-08-09 09:36:16] FairyGUI: HUD底栏绑定 Volume=idx=4/33 path=BottomUI/textVolume name=textVolume item=(null) title=(null) url=(null) rect=1295.56,821.75,79.56,32.06 internal gfx=gfx:2048x2048/root=2048x2048/rot=0/pkg:null touchable=True visible=True
[2026-08-09 09:36:18] FairyGUI: HUD底栏绑定 Level=idx=4/14/1 path=BottomUI/DLevel/DLevelText name=DLevelText item=(null) title=(null) url=(null) rect=381.19,827.69,92.63,20.19 internal gfx=gfx:2048x2048/root=2048x2048/rot=0/pkg:null touchable=True visible=True
[2026-08-09 09:36:18] FairyGUI: HUD底栏绑定 Weight=idx=4/8/0 path=BottomUI/DChatWindow/__codex_mobile_chattxt name=__codex_mobile_chattxt item=(null) title=(null) url=(null) rect=651.94,736.25,418,81.94 internal gfx=null touchable=False visible=True
[2026-08-09 09:36:18] FairyGUI: HUD底栏绑定 ExpBar=idx=4/16 path=BottomUI/DExpBar name=DExpBar item=DExpBar title=(null) url=ui://jk0io98jv9b11f rect=923.88,825.31,288.56,26.13 exported gfx=null touchable=True visible=True
[2026-08-09 09:36:18] FairyGUI: HUD底栏绑定 Volume=idx=4/33 path=BottomUI/textVolume name=textVolume item=(null) title=(null) url=(null) rect=1295.56,821.75,79.56,32.06 internal gfx=gfx:2048x2048/root=2048x2048/rot=0/pkg:null touchable=True visible=True
[2026-08-09 09:36:20] FairyGUI: HUD底栏绑定 Level=idx=4/14/1 path=BottomUI/DLevel/DLevelText name=DLevelText item=(null) title=(null) url=(null) rect=381.19,827.69,92.63,20.19 internal gfx=gfx:2048x2048/root=2048x2048/rot=0/pkg:null touchable=True visible=True
[2026-08-09 09:36:20] FairyGUI: HUD底栏绑定 Weight=idx=4/8/0 path=BottomUI/DChatWindow/__codex_mobile_chattxt name=__codex_mobile_chattxt item=(null) title=(null) url=(null) rect=651.94,736.25,418,81.94 internal gfx=null touchable=False visible=True
[2026-08-09 09:36:20] FairyGUI: HUD底栏绑定 ExpBar=idx=4/16 path=BottomUI/DExpBar name=DExpBar item=DExpBar title=(null) url=ui://jk0io98jv9b11f rect=923.88,825.31,288.56,26.13 exported gfx=null touchable=True visible=True
[2026-08-09 09:36:20] FairyGUI: HUD底栏绑定 Volume=idx=4/33 path=BottomUI/textVolume name=textVolume item=(null) title=(null) url=(null) rect=1295.56,821.75,79.56,32.06 internal gfx=gfx:2048x2048/root=2048x2048/rot=0/pkg:null touchable=True visible=True
[2026-08-09 09:36:22] FairyGUI: HUD底栏绑定 Level=idx=4/14/1 path=BottomUI/DLevel/DLevelText name=DLevelText item=(null) title=(null) url=(null) rect=381.19,827.69,92.63,20.19 internal gfx=gfx:2048x2048/root=2048x2048/rot=0/pkg:null touchable=True visible=True
[2026-08-09 09:36:22] FairyGUI: HUD底栏绑定 Weight=idx=4/8/0 path=BottomUI/DChatWindow/__codex_mobile_chattxt name=__codex_mobile_chattxt item=(null) title=(null) url=(null) rect=651.94,736.25,418,81.94 internal gfx=null touchable=False visible=True
[2026-08-09 09:36:22] FairyGUI: HUD底栏绑定 ExpBar=idx=4/16 path=BottomUI/DExpBar name=DExpBar item=DExpBar title=(null) url=ui://jk0io98jv9b11f rect=923.88,825.31,288.56,26.13 exported gfx=null touchable=True visible=True
[2026-08-09 09:36:22] FairyGUI: HUD底栏绑定 Volume=idx=4/33 path=BottomUI/textVolume name=textVolume item=(null) title=(null) url=(null) rect=1295.56,821.75,79.56,32.06 internal gfx=gfx:2048x2048/root=2048x2048/rot=0/pkg:null touchable=True visible=True
[2026-08-09 09:36:24] FairyGUI: HUD底栏绑定 Level=idx=4/14/1 path=BottomUI/DLevel/DLevelText name=DLevelText item=(null) title=(null) url=(null) rect=381.19,827.69,92.63,20.19 internal gfx=gfx:2048x2048/root=2048x2048/rot=0/pkg:null touchable=True visible=True
[2026-08-09 09:36:24] FairyGUI: HUD底栏绑定 Weight=idx=4/8/0 path=BottomUI/DChatWindow/__codex_mobile_chattxt name=__codex_mobile_chattxt item=(null) title=(null) url=(null) rect=651.94,736.25,418,81.94 internal gfx=null touchable=False visible=True
[2026-08-09 09:36:24] FairyGUI: HUD底栏绑定 ExpBar=idx=4/16 path=BottomUI/DExpBar name=DExpBar item=DExpBar title=(null) url=ui://jk0io98jv9b11f rect=923.88,825.31,288.56,26.13 exported gfx=null touchable=True visible=True
[2026-08-09 09:36:24] FairyGUI: HUD底栏绑定 Volume=idx=4/33 path=BottomUI/textVolume name=textVolume item=(null) title=(null) url=(null) rect=1295.56,821.75,79.56,32.06 internal gfx=gfx:2048x2048/root=2048x2048/rot=0/pkg:null touchable=True visible=True
[2026-08-09 09:36:26] FairyGUI: HUD底栏绑定 Level=idx=4/14/1 path=BottomUI/DLevel/DLevelText name=DLevelText item=(null) title=(null) url=(null) rect=381.19,827.69,92.63,20.19 internal gfx=gfx:2048x2048/root=2048x2048/rot=0/pkg:null touchable=True visible=True
[2026-08-09 09:36:26] FairyGUI: HUD底栏绑定 Weight=idx=4/8/0 path=BottomUI/DChatWindow/__codex_mobile_chattxt name=__codex_mobile_chattxt item=(null) title=(null) url=(null) rect=651.94,736.25,418,81.94 internal gfx=null touchable=False visible=True
[2026-08-09 09:36:26] FairyGUI: HUD底栏绑定 ExpBar=idx=4/16 path=BottomUI/DExpBar name=DExpBar item=DExpBar title=(null) url=ui://jk0io98jv9b11f rect=923.88,825.31,288.56,26.13 exported gfx=null touchable=True visible=True
[2026-08-09 09:36:26] FairyGUI: HUD底栏绑定 Volume=idx=4/33 path=BottomUI/textVolume name=textVolume item=(null) title=(null) url=(null) rect=1295.56,821.75,79.56,32.06 internal gfx=gfx:2048x2048/root=2048x2048/rot=0/pkg:null touchable=True visible=True
[2026-08-09 09:36:29] FairyGUI: HUD底栏绑定 Level=idx=4/14/1 path=BottomUI/DLevel/DLevelText name=DLevelText item=(null) title=(null) url=(null) rect=381.19,827.69,92.63,20.19 internal gfx=gfx:2048x2048/root=2048x2048/rot=0/pkg:null touchable=True visible=True
[2026-08-09 09:36:29] FairyGUI: HUD底栏绑定 Weight=idx=4/8/0 path=BottomUI/DChatWindow/__codex_mobile_chattxt name=__codex_mobile_chattxt item=(null) title=(null) url=(null) rect=651.94,736.25,418,81.94 internal gfx=null touchable=False visible=True
[2026-08-09 09:36:29] FairyGUI: HUD底栏绑定 ExpBar=idx=4/16 path=BottomUI/DExpBar name=DExpBar item=DExpBar title=(null) url=ui://jk0io98jv9b11f rect=923.88,825.31,288.56,26.13 exported gfx=null touchable=True visible=True
[2026-08-09 09:36:29] FairyGUI: HUD底栏绑定 Volume=idx=4/33 path=BottomUI/textVolume name=textVolume item=(null) title=(null) url=(null) rect=1295.56,821.75,79.56,32.06 internal gfx=gfx:2048x2048/root=2048x2048/rot=0/pkg:null touchable=True visible=True
[2026-08-09 09:36:31] FairyGUI: HUD底栏绑定 Level=idx=4/14/1 path=BottomUI/DLevel/DLevelText name=DLevelText item=(null) title=(null) url=(null) rect=381.19,827.69,92.63,20.19 internal gfx=gfx:2048x2048/root=2048x2048/rot=0/pkg:null touchable=True visible=True
[2026-08-09 09:36:31] FairyGUI: HUD底栏绑定 Weight=idx=4/8/0 path=BottomUI/DChatWindow/__codex_mobile_chattxt name=__codex_mobile_chattxt item=(null) title=(null) url=(null) rect=651.94,736.25,418,81.94 internal gfx=null touchable=False visible=True
[2026-08-09 09:36:31] FairyGUI: HUD底栏绑定 ExpBar=idx=4/16 path=BottomUI/DExpBar name=DExpBar item=DExpBar title=(null) url=ui://jk0io98jv9b11f rect=923.88,825.31,288.56,26.13 exported gfx=null touchable=True visible=True
[2026-08-09 09:36:31] FairyGUI: HUD底栏绑定 Volume=idx=4/33 path=BottomUI/textVolume name=textVolume item=(null) title=(null) url=(null) rect=1295.56,821.75,79.56,32.06 internal gfx=gfx:2048x2048/root=2048x2048/rot=0/pkg:null touchable=True visible=True
[2026-08-09 09:36:33] FairyGUI: HUD底栏绑定 Level=idx=4/14/1 path=BottomUI/DLevel/DLevelText name=DLevelText item=(null) title=(null) url=(null) rect=381.19,827.69,92.63,20.19 internal gfx=gfx:2048x2048/root=2048x2048/rot=0/pkg:null touchable=True visible=True
[2026-08-09 09:36:33] FairyGUI: HUD底栏绑定 Weight=idx=4/8/0 path=BottomUI/DChatWindow/__codex_mobile_chattxt name=__codex_mobile_chattxt item=(null) title=(null) url=(null) rect=651.94,736.25,418,81.94 internal gfx=null touchable=False visible=True
[2026-08-09 09:36:33] FairyGUI: HUD底栏绑定 ExpBar=idx=4/16 path=BottomUI/DExpBar name=DExpBar item=DExpBar title=(null) url=ui://jk0io98jv9b11f rect=923.88,825.31,288.56,26.13 exported gfx=null touchable=True visible=True
[2026-08-09 09:36:33] FairyGUI: HUD底栏绑定 Volume=idx=4/33 path=BottomUI/textVolume name=textVolume item=(null) title=(null) url=(null) rect=1295.56,821.75,79.56,32.06 internal gfx=gfx:2048x2048/root=2048x2048/rot=0/pkg:null touchable=True visible=True
[2026-08-09 09:36:35] FairyGUI: HUD底栏绑定 Level=idx=4/14/1 path=BottomUI/DLevel/DLevelText name=DLevelText item=(null) title=(null) url=(null) rect=381.19,827.69,92.63,20.19 internal gfx=gfx:2048x2048/root=2048x2048/rot=0/pkg:null touchable=True visible=True
[2026-08-09 09:36:35] FairyGUI: HUD底栏绑定 Weight=idx=4/8/0 path=BottomUI/DChatWindow/__codex_mobile_chattxt name=__codex_mobile_chattxt item=(null) title=(null) url=(null) rect=651.94,736.25,418,81.94 internal gfx=null touchable=False visible=True
[2026-08-09 09:36:35] FairyGUI: HUD底栏绑定 ExpBar=idx=4/16 path=BottomUI/DExpBar name=DExpBar item=DExpBar title=(null) url=ui://jk0io98jv9b11f rect=923.88,825.31,288.56,26.13 exported gfx=null touchable=True visible=True
[2026-08-09 09:36:35] FairyGUI: HUD底栏绑定 Volume=idx=4/33 path=BottomUI/textVolume name=textVolume item=(null) title=(null) url=(null) rect=1295.56,821.75,79.56,32.06 internal gfx=gfx:2048x2048/root=2048x2048/rot=0/pkg:null touchable=True visible=True
[2026-08-09 09:36:37] FairyGUI: HUD底栏绑定 Level=idx=4/14/1 path=BottomUI/DLevel/DLevelText name=DLevelText item=(null) title=(null) url=(null) rect=381.19,827.69,92.63,20.19 internal gfx=gfx:2048x2048/root=2048x2048/rot=0/pkg:null touchable=True visible=True
[2026-08-09 09:36:37] FairyGUI: HUD底栏绑定 Weight=idx=4/8/0 path=BottomUI/DChatWindow/__codex_mobile_chattxt name=__codex_mobile_chattxt item=(null) title=(null) url=(null) rect=651.94,736.25,418,81.94 internal gfx=null touchable=False visible=True
[2026-08-09 09:36:37] FairyGUI: HUD底栏绑定 ExpBar=idx=4/16 path=BottomUI/DExpBar name=DExpBar item=DExpBar title=(null) url=ui://jk0io98jv9b11f rect=923.88,825.31,288.56,26.13 exported gfx=null touchable=True visible=True
[2026-08-09 09:36:37] FairyGUI: HUD底栏绑定 Volume=idx=4/33 path=BottomUI/textVolume name=textVolume item=(null) title=(null) url=(null) rect=1295.56,821.75,79.56,32.06 internal gfx=gfx:2048x2048/root=2048x2048/rot=0/pkg:null touchable=True visible=True
[2026-08-09 09:36:39] FairyGUI: HUD底栏绑定 Level=idx=4/14/1 path=BottomUI/DLevel/DLevelText name=DLevelText item=(null) title=(null) url=(null) rect=381.19,827.69,92.63,20.19 internal gfx=gfx:2048x2048/root=2048x2048/rot=0/pkg:null touchable=True visible=True
[2026-08-09 09:36:39] FairyGUI: HUD底栏绑定 Weight=idx=4/8/0 path=BottomUI/DChatWindow/__codex_mobile_chattxt name=__codex_mobile_chattxt item=(null) title=(null) url=(null) rect=651.94,736.25,418,81.94 internal gfx=null touchable=False visible=True
[2026-08-09 09:36:39] FairyGUI: HUD底栏绑定 ExpBar=idx=4/16 path=BottomUI/DExpBar name=DExpBar item=DExpBar title=(null) url=ui://jk0io98jv9b11f rect=923.88,825.31,288.56,26.13 exported gfx=null touchable=True visible=True
[2026-08-09 09:36:39] FairyGUI: HUD底栏绑定 Volume=idx=4/33 path=BottomUI/textVolume name=textVolume item=(null) title=(null) url=(null) rect=1295.56,821.75,79.56,32.06 internal gfx=gfx:2048x2048/root=2048x2048/rot=0/pkg:null touchable=True visible=True
[2026-08-09 09:36:41] FairyGUI: HUD底栏绑定 Level=idx=4/14/1 path=BottomUI/DLevel/DLevelText name=DLevelText item=(null) title=(null) url=(null) rect=381.19,827.69,92.63,20.19 internal gfx=gfx:2048x2048/root=2048x2048/rot=0/pkg:null touchable=True visible=True
[2026-08-09 09:36:41] FairyGUI: HUD底栏绑定 Weight=idx=4/8/0 path=BottomUI/DChatWindow/__codex_mobile_chattxt name=__codex_mobile_chattxt item=(null) title=(null) url=(null) rect=651.94,736.25,418,81.94 internal gfx=null touchable=False visible=True
[2026-08-09 09:36:41] FairyGUI: HUD底栏绑定 ExpBar=idx=4/16 path=BottomUI/DExpBar name=DExpBar item=DExpBar title=(null) url=ui://jk0io98jv9b11f rect=923.88,825.31,288.56,26.13 exported gfx=null touchable=True visible=True
[2026-08-09 09:36:41] FairyGUI: HUD底栏绑定 Volume=idx=4/33 path=BottomUI/textVolume name=textVolume item=(null) title=(null) url=(null) rect=1295.56,821.75,79.56,32.06 internal gfx=gfx:2048x2048/root=2048x2048/rot=0/pkg:null touchable=True visible=True
[2026-08-09 09:36:43] FairyGUI: HUD底栏绑定 Level=idx=4/14/1 path=BottomUI/DLevel/DLevelText name=DLevelText item=(null) title=(null) url=(null) rect=381.19,827.69,92.63,20.19 internal gfx=gfx:2048x2048/root=2048x2048/rot=0/pkg:null touchable=True visible=True
[2026-08-09 09:36:43] FairyGUI: HUD底栏绑定 Weight=idx=4/8/0 path=BottomUI/DChatWindow/__codex_mobile_chattxt name=__codex_mobile_chattxt item=(null) title=(null) url=(null) rect=651.94,736.25,418,81.94 internal gfx=null touchable=False visible=True
[2026-08-09 09:36:43] FairyGUI: HUD底栏绑定 ExpBar=idx=4/16 path=BottomUI/DExpBar name=DExpBar item=DExpBar title=(null) url=ui://jk0io98jv9b11f rect=923.88,825.31,288.56,26.13 exported gfx=null touchable=True visible=True
[2026-08-09 09:36:43] FairyGUI: HUD底栏绑定 Volume=idx=4/33 path=BottomUI/textVolume name=textVolume item=(null) title=(null) url=(null) rect=1295.56,821.75,79.56,32.06 internal gfx=gfx:2048x2048/root=2048x2048/rot=0/pkg:null touchable=True visible=True
[2026-08-09 09:36:45] FairyGUI: HUD底栏绑定 Level=idx=4/14/1 path=BottomUI/DLevel/DLevelText name=DLevelText item=(null) title=(null) url=(null) rect=381.19,827.69,92.63,20.19 internal gfx=gfx:2048x2048/root=2048x2048/rot=0/pkg:null touchable=True visible=True
[2026-08-09 09:36:45] FairyGUI: HUD底栏绑定 Weight=idx=4/8/0 path=BottomUI/DChatWindow/__codex_mobile_chattxt name=__codex_mobile_chattxt item=(null) title=(null) url=(null) rect=651.94,736.25,418,81.94 internal gfx=null touchable=False visible=True
[2026-08-09 09:36:45] FairyGUI: HUD底栏绑定 ExpBar=idx=4/16 path=BottomUI/DExpBar name=DExpBar item=DExpBar title=(null) url=ui://jk0io98jv9b11f rect=923.88,825.31,288.56,26.13 exported gfx=null touchable=True visible=True
[2026-08-09 09:36:45] FairyGUI: HUD底栏绑定 Volume=idx=4/33 path=BottomUI/textVolume name=textVolume item=(null) title=(null) url=(null) rect=1295.56,821.75,79.56,32.06 internal gfx=gfx:2048x2048/root=2048x2048/rot=0/pkg:null touchable=True visible=True
[2026-08-09 09:36:50] 启动：Platform=Unix ClientRoot=/data/user/0/com.lommir.client.monogame.android/files RuntimeRoot=/data/user/0/com.lommir.client.monogame.android/files/Cache/Mobile/Runtime
[2026-08-09 09:36:51] FairyGUI: SafeArea(Overlay) px=0,0,1334,750 scaleFactor=1 -> ui=0,0,1334,750
[2026-08-09 09:36:51] FairyGUI: Stage 初始化完成（移动端 UI 接入 POC）
[2026-08-09 09:36:51] FairyGUI: publish 包加载完成（复古）
[2026-08-09 09:36:51] FairyGUI: 已导出包组件清单到 /data/user/0/com.lommir.client.monogame.android/files/Cache/Mobile/Runtime/FairyGui-PackageComponentList.txt
[2026-08-09 09:36:51] FairyGUI: SafeArea(Overlay) px=0,0,1520,855 scaleFactor=1 -> ui=0,0,1520,855
[2026-08-09 09:36:51] FairyGUI: DoubleDJoystick 动效绑定等待主界面创建（稍后自动重试）。
[2026-08-09 09:36:51] FairyGUI: MobileMainHud 后台预取启动，Pkg=UIRes Atlases=11
[2026-08-09 09:36:51] FairyGUI: MobileMainHud 后台字节预取 1/11 file=UIRes_atlas0
[2026-08-09 09:36:51] FairyGUI: MobileMainHud 后台字节预取 2/11 file=UIRes_atlas0_1
[2026-08-09 09:36:51] FairyGUI: MobileMainHud 后台字节预取 3/11 file=UIRes_atlas0_2
[2026-08-09 09:36:51] FairyGUI: MobileMainHud 后台字节预取 4/11 file=UIRes_atlas0_3
[2026-08-09 09:36:51] FairyGUI: MobileMainHud 后台字节预取 5/11 file=UIRes_atlas0_4
[2026-08-09 09:36:51] FairyGUI: MobileMainHud 后台字节预取 6/11 file=UIRes_atlas0_5
[2026-08-09 09:36:51] FairyGUI: MobileMainHud 后台字节预取 7/11 file=UIRes_atlas0_6
[2026-08-09 09:36:51] FairyGUI: MobileMainHud 后台字节预取 8/11 file=UIRes_atlas0_7
[2026-08-09 09:36:51] FairyGUI: MobileMainHud 后台字节预取 9/11 file=UIRes_atlas0_8
[2026-08-09 09:36:51] FairyGUI: MobileMainHud 后台字节预取 10/11 file=UIRes_atlas0_9
[2026-08-09 09:36:51] FairyGUI: MobileMainHud 后台字节预取 11/11 file=UIRes_atlas0_10
[2026-08-09 09:36:51] FairyGUI: MobileMainHud 后台字节预取完成，Pkg=UIRes Atlases=11 TotalMs=0
[2026-08-09 09:36:52] FairyGUI: MobileMainHud 贴图预热 1/11 file=UIRes_atlas0 Ms=1037
[2026-08-09 09:36:54] FairyGUI: MobileMainHud 贴图预热 2/11 file=UIRes_atlas0_1 Ms=2004
[2026-08-09 09:36:56] FairyGUI: DoubleDJoystick 动效绑定等待主界面创建（稍后自动重试）。
[2026-08-09 09:36:56] ClientVersionHash=aab3d05182c67c2f8bf22eef1016dd8f Source=/system/bin/app_process64
[2026-08-09 09:36:58] FairyGUI: MobileMainHud 贴图预热 3/11 file=UIRes_atlas0_2 Ms=1714
[2026-08-09 09:36:58] 握手通过：ClientVersion=OK，已进入登录界面。
[2026-08-09 09:36:58] SmokeTest 自动登录发起：Account=codexp10809（PasswordLen=9）。
[2026-08-09 09:37:00] FairyGUI: MobileMainHud 贴图预热 4/11 file=UIRes_atlas0_3 Ms=1823
[2026-08-09 09:37:00] FairyGUI: DoubleDJoystick 动效绑定等待主界面创建（稍后自动重试）。
[2026-08-09 09:37:00] 登录成功：Characters=1，准备进入选角。
[2026-08-09 09:37:01] FairyGUI: MobileMainHud 贴图预热 5/11 file=UIRes_atlas0_4 Ms=1231
[2026-08-09 09:37:02] FairyGUI: MobileMainHud 贴图预热 6/11 file=UIRes_atlas0_5 Ms=1490
[2026-08-09 09:37:04] FairyGUI: MobileMainHud 贴图预热 7/11 file=UIRes_atlas0_6 Ms=1220
[2026-08-09 09:37:04] FairyGUI: DoubleDJoystick 动效绑定等待主界面创建（稍后自动重试）。
[2026-08-09 09:37:05] FairyGUI: MobileMainHud 贴图预热 8/11 file=UIRes_atlas0_7 Ms=1298
[2026-08-09 09:37:07] FairyGUI: MobileMainHud 贴图预热 9/11 file=UIRes_atlas0_8 Ms=1512
[2026-08-09 09:37:08] FairyGUI: MobileMainHud 贴图预热 10/11 file=UIRes_atlas0_9 Ms=1179
[2026-08-09 09:37:08] FairyGUI: DoubleDJoystick 动效绑定等待主界面创建（稍后自动重试）。
[2026-08-09 09:37:09] FairyGUI: MobileMainHud 贴图预热 11/11 file=UIRes_atlas0_10 Ms=782
[2026-08-09 09:37:09] FairyGUI: MobileMainHud 贴图预热完成，Pkg=UIRes Atlases=11 TotalMs=16870
[2026-08-09 09:37:10] 进入选角界面：Characters=1
[2026-08-09 09:37:10] SmokeTest 选角命中：CharacterName=P1Hero809，SelectedIndex=0。
[2026-08-09 09:37:10] SmokeTest 自动进图：发送 StartGame（SelectedIndex=0, CharacterIndex=11）。
[2026-08-09 09:37:10] 进入地图：StartGame=OK，创建 GameScene。
[2026-08-09 09:37:10] 进入地图：准备 new GameScene（v20260328-asynclog）。
[2026-08-09 09:37:10] 进入地图：GameScene 构造开始（v20260328-asynclog）。
[2026-08-09 09:37:10] 进入地图：GameScene 已创建。
[2026-08-09 09:37:10] 进入地图：开始初始化移动端 Overlay（FairyGUI 主界面）。
[2026-08-09 09:37:10] FairyGUI: 开始创建主界面（UI/主界面_MainUI）
[2026-08-09 09:37:10] FairyGUI: CreateObject 前置：Stopwatch 已启动。
[2026-08-09 09:37:10] FairyGUI: CreateObject 前置：TraceDepth 已递增到 1。
[2026-08-09 09:37:10] FairyGUI: 即将调用 UIPackage.CreateObject（UI/主界面_MainUI）。
[2026-08-09 09:37:10] FairyGUI: [CreateObject] static 入口 pkgName=UI resName=主界面_MainUI
[2026-08-09 09:37:10] FairyGUI: [CreateObject] static GetByName 开始 pkgName=UI
[2026-08-09 09:37:10] FairyGUI: [GetByName] TryGetValue 开始 name=UI
[2026-08-09 09:37:10] FairyGUI: [GetByName] TryGetValue 命中（0ms） name=UI
[2026-08-09 09:37:10] FairyGUI: [CreateObject] static GetByName 返回（0ms） pkg=UI
[2026-08-09 09:37:10] FairyGUI: [CreateObject] static pkg.CreateObject 开始 pkg=UI resName=主界面_MainUI
[2026-08-09 09:37:10] FairyGUI: [CreateObject] pkg.CreateObject(string) 入口 pkg=UI resName=主界面_MainUI itemsByName=65
[2026-08-09 09:37:10] FairyGUI: [CreateObject] pkg._itemsByName.TryGetValue 开始 pkg=UI resName=主界面_MainUI
[2026-08-09 09:37:10] FairyGUI: [CreateObject] pkg._itemsByName.TryGetValue 命中（0ms） pkg=UI resName=主界面_MainUI itemType=Component
[2026-08-09 09:37:10] FairyGUI: [CreateObject] 开始 pkg=UI item=主界面_MainUI type=Component
[2026-08-09 09:37:10] FairyGUI: [CreateObject] GetItemAsset 完成（0ms） pkg=UI item=主界面_MainUI file=
[2026-08-09 09:37:10] FairyGUI: [CreateObject] ConstructFromResource 开始 obj=GComponent pkg=UI item=主界面_MainUI
[2026-08-09 09:37:10] FairyGUI: [LoadSound] 开始 pkg=Sounds file=Sounds_3272i
[2026-08-09 09:37:10] FairyGUI: [LoadSound] OpenSoundStream 开始 file=Sounds_3272i
[2026-08-09 09:37:10] FairyGUI: [LoadSound] OpenSoundStream 完成（0ms） file=Sounds_3272i
[2026-08-09 09:37:10] FairyGUI: [LoadSound] Decode 开始 file=Sounds_3272i
[2026-08-09 09:37:10] FairyGUI: [LoadSound] Decode 完成（0ms） file=Sounds_3272i
[2026-08-09 09:37:10] FairyGUI: [LoadSound] 完成（1ms） pkg=Sounds file=Sounds_3272i
[2026-08-09 09:37:10] FairyGUI: [CreateObject] 开始 pkg=UIRes item=BottomAuPickupBtn type=Component
[2026-08-09 09:37:10] FairyGUI: [CreateObject] GetItemAsset 完成（0ms） pkg=UIRes item=BottomAuPickupBtn file=
[2026-08-09 09:37:10] FairyGUI: [CreateObject] ConstructFromResource 开始 obj=GButton pkg=UIRes item=BottomAuPickupBtn
[2026-08-09 09:37:10] FairyGUI: [CreateObject] ConstructFromResource 完成（0ms） obj=GButton pkg=UIRes item=BottomAuPickupBtn
[2026-08-09 09:37:10] FairyGUI: [CreateObject] 开始 pkg=UIRes item=RightUIProWin type=Component
[2026-08-09 09:37:10] FairyGUI: [CreateObject] GetItemAsset 完成（0ms） pkg=UIRes item=RightUIProWin file=
[2026-08-09 09:37:10] FairyGUI: [CreateObject] ConstructFromResource 开始 obj=GComponent pkg=UIRes item=RightUIProWin
[2026-08-09 09:37:10] FairyGUI: [CreateObject] ConstructFromResource 完成（1ms） obj=GComponent pkg=UIRes item=RightUIProWin
[2026-08-09 09:37:10] FairyGUI: [CreateObject] 开始 pkg=UIRes item=ComPetWin type=Component
[2026-08-09 09:37:10] FairyGUI: [CreateObject] GetItemAsset 完成（0ms） pkg=UIRes item=ComPetWin file=
[2026-08-09 09:37:10] FairyGUI: [CreateObject] ConstructFromResource 开始 obj=GComponent pkg=UIRes item=ComPetWin
[2026-08-09 09:37:10] FairyGUI: [CreateObject] ConstructFromResource 完成（4ms） obj=GComponent pkg=UIRes item=ComPetWin
[2026-08-09 09:37:10] FairyGUI: [CreateObject] 开始 pkg=UIRes item=DBtnAuto type=Component
[2026-08-09 09:37:10] FairyGUI: [CreateObject] GetItemAsset 完成（0ms） pkg=UIRes item=DBtnAuto file=
[2026-08-09 09:37:10] FairyGUI: [CreateObject] ConstructFromResource 开始 obj=GButton pkg=UIRes item=DBtnAuto
[2026-08-09 09:37:10] FairyGUI: [CreateObject] ConstructFromResource 完成（0ms） obj=GButton pkg=UIRes item=DBtnAuto
[2026-08-09 09:37:10] FairyGUI: [CreateObject] 开始 pkg=UIRes item=RigPetItemBtn1 type=Component
[2026-08-09 09:37:10] FairyGUI: [CreateObject] GetItemAsset 完成（0ms） pkg=UIRes item=RigPetItemBtn1 file=
[2026-08-09 09:37:10] FairyGUI: [CreateObject] ConstructFromResource 开始 obj=GButton pkg=UIRes item=RigPetItemBtn1
[2026-08-09 09:37:10] FairyGUI: [CreateObject] ConstructFromResource 完成（0ms） obj=GButton pkg=UIRes item=RigPetItemBtn1
[2026-08-09 09:37:10] FairyGUI: [CreateObject] 开始 pkg=UIRes item=RigPetItemBtn3 type=Component
[2026-08-09 09:37:10] FairyGUI: [CreateObject] GetItemAsset 完成（0ms） pkg=UIRes item=RigPetItemBtn3 file=
[2026-08-09 09:37:10] FairyGUI: [CreateObject] ConstructFromResource 开始 obj=GButton pkg=UIRes item=RigPetItemBtn3
[2026-08-09 09:37:10] FairyGUI: [CreateObject] ConstructFromResource 完成（0ms） obj=GButton pkg=UIRes item=RigPetItemBtn3
[2026-08-09 09:37:10] FairyGUI: [CreateObject] 开始 pkg=UIRes item=RigPetItemBtn4 type=Component
[2026-08-09 09:37:10] FairyGUI: [CreateObject] GetItemAsset 完成（0ms） pkg=UIRes item=RigPetItemBtn4 file=
[2026-08-09 09:37:10] FairyGUI: [CreateObject] ConstructFromResource 开始 obj=GButton pkg=UIRes item=RigPetItemBtn4
[2026-08-09 09:37:10] FairyGUI: [CreateObject] ConstructFromResource 完成（0ms） obj=GButton pkg=UIRes item=RigPetItemBtn4
[2026-08-09 09:37:10] FairyGUI: [CreateObject] 开始 pkg=UIRes item=bagItem type=Component
[2026-08-09 09:37:10] FairyGUI: [CreateObject] GetItemAsset 完成（0ms） pkg=UIRes item=bagItem file=
[2026-08-09 09:37:10] FairyGUI: [CreateObject] ConstructFromResource 开始 obj=GComponent pkg=UIRes item=bagItem
[2026-08-09 09:37:10] FairyGUI: [CreateObject] ConstructFromResource 完成（1ms） obj=GComponent pkg=UIRes item=bagItem
[2026-08-09 09:37:10] FairyGUI: [CreateObject] 开始 pkg=UIRes item=bagItem type=Component
[2026-08-09 09:37:10] FairyGUI: [CreateObject] GetItemAsset 完成（0ms） pkg=UIRes item=bagItem file=
[2026-08-09 09:37:10] FairyGUI: [CreateObject] ConstructFromResource 开始 obj=GComponent pkg=UIRes item=bagItem
[2026-08-09 09:37:10] FairyGUI: [CreateObject] ConstructFromResource 完成（0ms） obj=GComponent pkg=UIRes item=bagItem
[2026-08-09 09:37:10] FairyGUI: [CreateObject] 开始 pkg=UIRes item=bagItem type=Component
[2026-08-09 09:37:10] FairyGUI: [CreateObject] GetItemAsset 完成（0ms） pkg=UIRes item=bagItem file=
[2026-08-09 09:37:10] FairyGUI: [CreateObject] ConstructFromResource 开始 obj=GComponent pkg=UIRes item=bagItem
[2026-08-09 09:37:10] FairyGUI: [CreateObject] ConstructFromResource 完成（0ms） obj=GComponent pkg=UIRes item=bagItem
[2026-08-09 09:37:10] FairyGUI: [CreateObject] 开始 pkg=UIRes item=bagItem type=Component
[2026-08-09 09:37:10] FairyGUI: [CreateObject] GetItemAsset 完成（0ms） pkg=UIRes item=bagItem file=
[2026-08-09 09:37:10] FairyGUI: [CreateObject] ConstructFromResource 开始 obj=GComponent pkg=UIRes item=bagItem
[2026-08-09 09:37:10] FairyGUI: [CreateObject] ConstructFromResource 完成（0ms） obj=GComponent pkg=UIRes item=bagItem
[2026-08-09 09:37:10] FairyGUI: [CreateObject] 开始 pkg=UIRes item=bagItem type=Component
[2026-08-09 09:37:10] FairyGUI: [CreateObject] GetItemAsset 完成（0ms） pkg=UIRes item=bagItem file=
[2026-08-09 09:37:10] FairyGUI: [CreateObject] ConstructFromResource 开始 obj=GComponent pkg=UIRes item=bagItem
[2026-08-09 09:37:10] FairyGUI: [CreateObject] ConstructFromResource 完成（1ms） obj=GComponent pkg=UIRes item=bagItem
[2026-08-09 09:37:10] FairyGUI: [CreateObject] 开始 pkg=UIRes item=bagItem type=Component
[2026-08-09 09:37:10] FairyGUI: [CreateObject] GetItemAsset 完成（0ms） pkg=UIRes item=bagItem file=
[2026-08-09 09:37:10] FairyGUI: [CreateObject] ConstructFromResource 开始 obj=GComponent pkg=UIRes item=bagItem
[2026-08-09 09:37:10] FairyGUI: [CreateObject] ConstructFromResource 完成（3ms） obj=GComponent pkg=UIRes item=bagItem
[2026-08-09 09:37:10] FairyGUI: [LoadSound] 开始 pkg=Sounds file=Sounds_g2d28
[2026-08-09 09:37:10] FairyGUI: [LoadSound] OpenSoundStream 开始 file=Sounds_g2d28
[2026-08-09 09:37:10] FairyGUI: [LoadSound] OpenSoundStream 完成（0ms） file=Sounds_g2d28
[2026-08-09 09:37:10] FairyGUI: [LoadSound] Decode 开始 file=Sounds_g2d28
[2026-08-09 09:37:10] FairyGUI: [LoadSound] Decode 完成（0ms） file=Sounds_g2d28
[2026-08-09 09:37:10] FairyGUI: [LoadSound] 完成（0ms） pkg=Sounds file=Sounds_g2d28
[2026-08-09 09:37:10] FairyGUI: [CreateObject] 开始 pkg=UIRes item=TargetListItem type=Component
[2026-08-09 09:37:10] FairyGUI: [CreateObject] GetItemAsset 完成（0ms） pkg=UIRes item=TargetListItem file=
[2026-08-09 09:37:10] FairyGUI: [CreateObject] ConstructFromResource 开始 obj=GButton pkg=UIRes item=TargetListItem
[2026-08-09 09:37:10] FairyGUI: [CreateObject] ConstructFromResource 完成（0ms） obj=GButton pkg=UIRes item=TargetListItem
[2026-08-09 09:37:10] FairyGUI: [CreateObject] 开始 pkg=UIRes item=TargetListItem type=Component
[2026-08-09 09:37:10] FairyGUI: [CreateObject] GetItemAsset 完成（0ms） pkg=UIRes item=TargetListItem file=
[2026-08-09 09:37:10] FairyGUI: [CreateObject] ConstructFromResource 开始 obj=GButton pkg=UIRes item=TargetListItem
[2026-08-09 09:37:10] FairyGUI: [CreateObject] ConstructFromResource 完成（0ms） obj=GButton pkg=UIRes item=TargetListItem
[2026-08-09 09:37:10] FairyGUI: [CreateObject] 开始 pkg=UIRes item=TargetListItem type=Component
[2026-08-09 09:37:10] FairyGUI: [CreateObject] GetItemAsset 完成（0ms） pkg=UIRes item=TargetListItem file=
[2026-08-09 09:37:10] FairyGUI: [CreateObject] ConstructFromResource 开始 obj=GButton pkg=UIRes item=TargetListItem
[2026-08-09 09:37:10] FairyGUI: [CreateObject] ConstructFromResource 完成（0ms） obj=GButton pkg=UIRes item=TargetListItem
[2026-08-09 09:37:10] FairyGUI: [CreateObject] 开始 pkg=UIRes item=TargetListItem type=Component
[2026-08-09 09:37:10] FairyGUI: [CreateObject] GetItemAsset 完成（0ms） pkg=UIRes item=TargetListItem file=
[2026-08-09 09:37:10] FairyGUI: [CreateObject] ConstructFromResource 开始 obj=GButton pkg=UIRes item=TargetListItem
[2026-08-09 09:37:10] FairyGUI: [CreateObject] ConstructFromResource 完成（0ms） obj=GButton pkg=UIRes item=TargetListItem
[2026-08-09 09:37:10] FairyGUI: [LoadSound] 开始 pkg=Sounds file=Sounds_w0d00
[2026-08-09 09:37:10] FairyGUI: [LoadSound] OpenSoundStream 开始 file=Sounds_w0d00
[2026-08-09 09:37:10] FairyGUI: [LoadSound] OpenSoundStream 完成（0ms） file=Sounds_w0d00
[2026-08-09 09:37:10] FairyGUI: [LoadSound] Decode 开始 file=Sounds_w0d00
[2026-08-09 09:37:10] FairyGUI: [LoadSound] Decode 完成（0ms） file=Sounds_w0d00
[2026-08-09 09:37:10] FairyGUI: [LoadSound] 完成（0ms） pkg=Sounds file=Sounds_w0d00
[2026-08-09 09:37:10] FairyGUI: [CreateObject] 开始 pkg=UIRes item=bagItem type=Component
[2026-08-09 09:37:10] FairyGUI: [CreateObject] GetItemAsset 完成（0ms） pkg=UIRes item=bagItem file=
[2026-08-09 09:37:10] FairyGUI: [CreateObject] ConstructFromResource 开始 obj=GComponent pkg=UIRes item=bagItem
[2026-08-09 09:37:10] FairyGUI: [CreateObject] ConstructFromResource 完成（0ms） obj=GComponent pkg=UIRes item=bagItem
[2026-08-09 09:37:10] FairyGUI: [CreateObject] 开始 pkg=UIRes item=bagItem type=Component
[2026-08-09 09:37:10] FairyGUI: [CreateObject] GetItemAsset 完成（0ms） pkg=UIRes item=bagItem file=
[2026-08-09 09:37:10] FairyGUI: [CreateObject] ConstructFromResource 开始 obj=GComponent pkg=UIRes item=bagItem
[2026-08-09 09:37:10] FairyGUI: [CreateObject] ConstructFromResource 完成（0ms） obj=GComponent pkg=UIRes item=bagItem
[2026-08-09 09:37:10] FairyGUI: [CreateObject] 开始 pkg=UIRes item=bagItem type=Component
[2026-08-09 09:37:10] FairyGUI: [CreateObject] GetItemAsset 完成（0ms） pkg=UIRes item=bagItem file=
[2026-08-09 09:37:10] FairyGUI: [CreateObject] ConstructFromResource 开始 obj=GComponent pkg=UIRes item=bagItem
[2026-08-09 09:37:10] FairyGUI: [CreateObject] ConstructFromResource 完成（1ms） obj=GComponent pkg=UIRes item=bagItem
[2026-08-09 09:37:10] FairyGUI: [CreateObject] 开始 pkg=UIRes item=bagItem type=Component
[2026-08-09 09:37:10] FairyGUI: [CreateObject] GetItemAsset 完成（0ms） pkg=UIRes item=bagItem file=
[2026-08-09 09:37:10] FairyGUI: [CreateObject] ConstructFromResource 开始 obj=GComponent pkg=UIRes item=bagItem
[2026-08-09 09:37:10] FairyGUI: [CreateObject] ConstructFromResource 完成（1ms） obj=GComponent pkg=UIRes item=bagItem
[2026-08-09 09:37:10] FairyGUI: [CreateObject] 开始 pkg=UIRes item=bagItem type=Component
[2026-08-09 09:37:10] FairyGUI: [CreateObject] GetItemAsset 完成（0ms） pkg=UIRes item=bagItem file=
[2026-08-09 09:37:10] FairyGUI: [CreateObject] ConstructFromResource 开始 obj=GComponent pkg=UIRes item=bagItem
[2026-08-09 09:37:10] FairyGUI: [CreateObject] ConstructFromResource 完成（1ms） obj=GComponent pkg=UIRes item=bagItem
[2026-08-09 09:37:10] FairyGUI: [CreateObject] 开始 pkg=UIRes item=bagItem type=Component
[2026-08-09 09:37:10] FairyGUI: [CreateObject] GetItemAsset 完成（0ms） pkg=UIRes item=bagItem file=
[2026-08-09 09:37:10] FairyGUI: [CreateObject] ConstructFromResource 开始 obj=GComponent pkg=UIRes item=bagItem
[2026-08-09 09:37:10] FairyGUI: [CreateObject] ConstructFromResource 完成（0ms） obj=GComponent pkg=UIRes item=bagItem
[2026-08-09 09:37:10] FairyGUI: [CreateObject] 开始 pkg=UIRes item=DScrollBar type=Component
[2026-08-09 09:37:10] FairyGUI: [CreateObject] GetItemAsset 完成（0ms） pkg=UIRes item=DScrollBar file=
[2026-08-09 09:37:10] FairyGUI: [CreateObject] ConstructFromResource 开始 obj=GScrollBar pkg=UIRes item=DScrollBar
[2026-08-09 09:37:10] FairyGUI: [CreateObject] ConstructFromResource 完成（1ms） obj=GScrollBar pkg=UIRes item=DScrollBar
[2026-08-09 09:37:10] FairyGUI: [CreateObject] ConstructFromResource 完成（83ms） obj=GComponent pkg=UI item=主界面_MainUI
[2026-08-09 09:37:10] FairyGUI: CreateObject 后置：TraceDepth 已递减到 0。
[2026-08-09 09:37:10] FairyGUI: CreateObject 完成（88ms）
[2026-08-09 09:37:10] FairyGUI: 主界面挂载完成（2ms）
[2026-08-09 09:37:10] FairyGUI: SafeArea(MainHud) px=0,0,1520,855 scaleFactor=1 -> ui=0,0,1520,855
[2026-08-09 09:37:10] FairyGUI: EnsureMobileMainHudLayout 完成（0ms）
[2026-08-09 09:37:10] FairyGUI: 主界面核心节点状态(ApplyDefaults)
  DMinMapUI=idx=0 path=DMinMapUI name=DMinMapUI item=DMinMapUI title=(null) url=ui://jk0io98jruoyn2r3 rect=1223.13,0,294.5,195.94 exported gfx=null touchable=True visible=True chain=DMinMapUI(v=1,a=1) <- (v=1,a=1)
  DStateWindow=idx=1 path=DStateWindow name=DStateWindow item=DStateWindow title=(null) url=ui://jk0io98jv9b16t rect=1.19,3.56,496.38,52.25 exported gfx=null touchable=True visible=True chain=DStateWindow(v=1,a=1) <- (v=1,a=1)
  TaskAndRanksPanel=idx=3 path=TaskAndRanksPanel name=TaskAndRanksPanel item=TaskAndRanksPanel title=(null) url=ui://jk0io98jtd9ga rect=2.38,81.94,356.25,249.38 exported gfx=null touchable=True visible=True chain=TaskAndRanksPanel(v=1,a=1) <- (v=1,a=1)
  DFunBtms=idx=4 path=DFunBtms name=DFunBtms item=DFunBtms title=(null) url=ui://jk0io98jk02tn1v2 rect=1056.88,197.13,460.75,359.81 exported gfx=null touchable=True visible=True chain=DFunBtms(v=1,a=1) <- (v=1,a=1)
  BottomUI=idx=5 path=BottomUI name=BottomUI item=BottomUI title=(null) url=ui://jk0io98jv9b119 rect=760,755.25,1520,199.5 exported gfx=null touchable=True visible=True chain=BottomUI(v=1,a=1) <- (v=1,a=1)
  BottomPCUI=idx=8 path=BottomPCUI name=BottomPCUI item=DBottom title=(null) url=ui://jk0io98jj3e21or rect=0,553.38,1520,301.63 exported gfx=null touchable=False visible=False chain=BottomPCUI(v=0,a=1) <- (v=1,a=1)
  DArrackModelUI=idx=7 path=DArrackModelUI name=DArrackModelUI item=DArrackModelUI title=(null) url=ui://jk0io98jv9b1g0 rect=1091.31,371.69,427.5,422.75 exported gfx=null touchable=True visible=True chain=DArrackModelUI(v=1,a=1) <- (v=1,a=1)
  DoubleDJoystick=idx=9 path=DoubleDJoystick name=DoubleDJoystick item=DoubleDJoystick title=(null) url=ui://jk0io98jgcp1n1pi rect=-2.38,376.44,498.75,375.25 exported gfx=null touchable=True visible=True chain=DoubleDJoystick(v=1,a=1) <- (v=1,a=1)
  BottomUI/bg=idx=5/0 path=BottomUI/bg name=bg item=Bottom_00135 title=(null) url=ui://jk0io98jldxan23d rect=482.13,686.38,99.75,99.75 exported gfx=84x84/root=2048x2048/rot=0 touchable=True visible=True chain=bg(v=1,a=1) <- BottomUI(v=1,a=1) <- (v=1,a=1)
  BottomUI/DHPBall=idx=5/1 path=BottomUI/DHPBall name=DHPBall item=Bottom_00138 title=(null) url=ui://jk0io98jldxan23e rect=480.94,686.38,49.88,99.75 exported gfx=42x84/root=2048x1024/rot=0 touchable=True visible=True chain=DHPBall(v=1,a=1) <- BottomUI(v=1,a=1) <- (v=1,a=1)
  BottomUI/DMPBall=idx=5/2 path=BottomUI/DMPBall name=DMPBall item=Bottom_00137 title=(null) url=ui://jk0io98jldxan23f rect=534.38,686.38,49.88,99.75 exported gfx=42x84/root=2048x1024/rot=0 touchable=True visible=True chain=DMPBall(v=1,a=1) <- BottomUI(v=1,a=1) <- (v=1,a=1)
  DoubleDJoystick/joystick_center_1=idx=9/4 path=DoubleDJoystick/joystick_center_1 name=joystick_center_1 item=Bottom_00343 title=(null) url=ui://jk0io98jldxan274 rect=47.5,559.31,142.5,140.13 exported gfx=160x158/root=2048x2048/rot=0 touchable=True visible=True chain=joystick_center_1(v=1,a=1) <- DoubleDJoystick(v=1,a=1) <- (v=1,a=1)
  DoubleDJoystick/joystick_center_2=idx=9/0 path=DoubleDJoystick/joystick_center_2 name=joystick_center_2 item=Bottom_00343 title=(null) url=ui://jk0io98jldxan274 rect=217.31,435.81,190,187.63 exported gfx=160x158/root=2048x2048/rot=0 touchable=True visible=True chain=joystick_center_2(v=1,a=1) <- DoubleDJoystick(v=1,a=1) <- (v=1,a=1)
  DoubleDJoystick/joystick_1=idx=9/6 path=DoubleDJoystick/joystick_1 name=joystick_1 item=joystick_1 title= url=ui://jk0io98jgcp1n1pg rect=78.38,587.81,84.31,84.31 exported gfx=null touchable=True visible=True chain=joystick_1(v=1,a=1) <- DoubleDJoystick(v=1,a=1) <- (v=1,a=1)
  DoubleDJoystick/joystick_2=idx=9/2 path=DoubleDJoystick/joystick_2 name=joystick_2 item=joystick_2 title= url=ui://jk0io98jgcp1n1ph rect=270.75,488.06,84.31,84.31 exported gfx=null touchable=True visible=True chain=joystick_2(v=1,a=1) <- DoubleDJoystick(v=1,a=1) <- (v=1,a=1)
[2026-08-09 09:37:10] FairyGUI: Clamp(DFunBtms) anchor=idx=4/4 path=DFunBtms/DBtnShow name=DBtnShow item=DBtnShow title= url=ui://jk0io98jk02tn1ut rect=1423.75,285,90.25,83.13 exported gfx=null touchable=True visible=True moveTarget=idx=4 path=DFunBtms name=DFunBtms item=DFunBtms title=(null) url=ui://jk0io98jk02tn1v2 rect=1054.44,197.13,460.75,359.81 exported gfx=null touchable=True visible=True move=(-2.44,0) rect=1426.19,285,90.25,83.13 safe=0,0,1520,855
[2026-08-09 09:37:10] FairyGUI: 已导出主界面树到 /data/user/0/com.lommir.client.monogame.android/files/Cache/Mobile/Runtime/FairyGui-MobileMainHudTree.txt
[2026-08-09 09:37:10] FairyGUI: TryDumpMobileMainHudTreeIfDue 返回（31ms）
[2026-08-09 09:37:10] FairyGUI: 已绑定按钮[拾取] -> idx=10/7/2 path=DFunBtms/RigFunctionList/(null) name= item=BottomAuPickupBtn title= url=ui://jk0io98jk02tn1v0 rect=1079.38,289.75,74.81,74.81 exported touchable=True visible=True
[2026-08-09 09:37:10] FairyGUI: 已绑定按钮[自动跑] -> idx=4/11 path=BottomUI/DRun name=DRun item=(null) title=(null) url=(null) rect=4.75,720.81,108.06,93.81 internal touchable=True visible=True
[2026-08-09 09:37:10] FairyGUI: 已绑定按钮[自动打] -> idx=4/18/1 path=BottomUI/AutoFight/BtnAutoFight name=BtnAutoFight item=BtnAutoFight title= url=ui://jk0io98jv9b11h rect=874,590.19,49.88,51.06 exported touchable=True visible=True
[2026-08-09 09:37:10] FairyGUI: 已绑定按钮[模式] -> idx=6/4 path=DArrackModelUI/DBtnAttack0 name=DBtnAttack0 item=DBtnAttack0 title= url=ui://jk0io98jv9b1fd rect=1312.19,586.63,142.5,142.5 exported touchable=True visible=True
[2026-08-09 09:37:10] FairyGUI: 已绑定按钮[技能] -> idx=6/1/0 path=DArrackModelUI/DBtnAttack2/skill name=skill item=(null) title=(null) url=(null) rect=1201.75,572.38,95,95 internal touchable=True visible=True
[2026-08-09 09:37:10] FairyGUI: 已绑定按钮[角色] -> idx=10/10 path=DFunBtms/DBtnState name=DBtnState item=DBtnState title= url=ui://jk0io98jk02tn1ur rect=1379.81,237.5,80.75,80.75 exported touchable=True visible=True
[2026-08-09 09:37:10] FairyGUI: 已绑定按钮[背包] -> idx=10/11 path=DFunBtms/DBtnBag name=DBtnBag item=DBtnBag title= url=ui://jk0io98jk02tn1uq rect=1473.63,237.5,80.75,80.75 exported touchable=True visible=True
[2026-08-09 09:37:10] FairyGUI: 已绑定按钮[师徒] -> idx=10 path=__codex_mobile_mentor_hud_fallback name=__codex_mobile_mentor_hud_fallback item=(null) title=师徒 url=(null) rect=1368,779,133,57 internal touchable=True visible=True
[2026-08-09 09:37:10] FairyGUI: 已绑定按钮[关系] -> idx=11 path=__codex_mobile_marriage_hud_fallback name=__codex_mobile_marriage_hud_fallback item=(null) title=关系 url=(null) rect=1368,710.13,133,57 internal touchable=True visible=True
[2026-08-09 09:37:10] FairyGUI: 已绑定按钮[坐骑] -> idx=12 path=__codex_mobile_mount_hud_fallback name=__codex_mobile_mount_hud_fallback item=(null) title=坐骑 url=(null) rect=1368,643.63,133,57 internal touchable=True visible=True
[2026-08-09 09:37:10] FairyGUI: 已绑定按钮[钓鱼] -> idx=13 path=__codex_mobile_fishing_hud_fallback name=__codex_mobile_fishing_hud_fallback item=(null) title=钓鱼 url=(null) rect=1368,510.63,133,57 internal touchable=True visible=True
[2026-08-09 09:37:10] FairyGUI: 已绑定按钮[封印/租赁] -> idx=14 path=__codex_mobile_seal_rental_hud_fallback name=__codex_mobile_seal_rental_hud_fallback item=(null) title=封印/租赁 url=(null) rect=1368,577.13,133,57 internal touchable=True visible=True
[2026-08-09 09:37:10] FairyGUI: 已绑定按钮[活动/赏金] -> idx=15 path=__codex_mobile_activity_hud_fallback name=__codex_mobile_activity_hud_fallback item=(null) title=活动/赏金 url=(null) rect=1368,444.13,133,57 internal touchable=True visible=True
[2026-08-09 09:37:10] FairyGUI: 已绑定按钮[聊天] -> idx=4/8 path=BottomUI/DChatWindow name=DChatWindow item=(null) title=(null) url=(null) rect=651.94,736.25,418,81.94 internal touchable=True visible=True
[2026-08-09 09:37:10] FairyGUI: 已绑定按钮[商店] -> idx=16 path=__codex_mobile_shop_hud_fallback name=__codex_mobile_shop_hud_fallback item=(null) title=商店 url=(null) rect=1368,377.63,133,57 internal touchable=True visible=True
[2026-08-09 09:37:10] FairyGUI: 已绑定按钮[大地图] -> idx=0/4 path=DMinMapUI/DBtnMinMap name=DBtnMinMap item=DBtnMinMap title= url=ui://jk0io98jruoyn2r1 rect=1224.31,0,42.75,42.75 exported touchable=True visible=True
[2026-08-09 09:37:10] FairyGUI: 主界面按钮绑定未完全命中，待补充映射：攻击、英雄、系统
[2026-08-09 09:37:10] FairyGUI: TryBindMobileMainHudButtonsIfDue 返回（182ms）
[2026-08-09 09:37:10] FairyGUI: 主界面已创建（UI/主界面_MainUI）
[2026-08-09 09:37:10] FairyGUI: 主界面创建总耗时 343ms
[2026-08-09 09:37:10] 进入地图：移动端 Overlay 初始化调用已返回。
[2026-08-09 09:37:10] 进入地图：GameScene 构造已返回，准备释放 SelectScene。
[2026-08-09 09:37:10] 进入地图：SelectScene 已释放。
[2026-08-09 09:37:10] FairyGUI: 系统消息输出绑定到 BottomUI/DChatWindow：idx=4/8/0 path=BottomUI/DChatWindow/__codex_mobile_chattxt name=__codex_mobile_chattxt item=(null) title=(null) url=(null) rect=651.94,736.25,418,81.94 internal gfx=null touchable=False visible=True (BottomUI/DChatWindow-fallback)
[2026-08-09 09:37:10] 进入地图：收到 MapInformation FileName=0
[2026-08-09 09:37:10] 进入地图：开始后台加载地图 FileName=/data/user/0/com.lommir.client.monogame.android/files/Cache/Mobile/Maps/0.map
[2026-08-09 09:37:10] 进入地图：MapControl 已切换为后台加载（1ms）
[2026-08-09 09:37:11] FairyGUI: DoubleDJoystick 动效绑定完成：
  Walk Root=idx=8/7 path=DoubleDJoystick/joystick_touch_1 name=joystick_touch_1 item=(null) title=(null) url=(null) rect=-2.38,547.44,235.13,194.75 internal gfx=gfx:1x1/root=1x1/rot=0/pkg:null touchable=True visible=True
  Walk Knob=idx=8/6 path=DoubleDJoystick/joystick_1 name=joystick_1 item=joystick_1 title= url=ui://jk0io98jgcp1n1pg rect=78.38,587.81,84.31,84.31 exported gfx=null touchable=True visible=True
  Walk Center=idx=8/4 path=DoubleDJoystick/joystick_center_1 name=joystick_center_1 item=Bottom_00343 title=(null) url=ui://jk0io98jldxan274 rect=47.5,559.31,142.5,140.13 exported gfx=160x158/root=2048x2048/rot=0 touchable=True visible=True
  Walk Thumb=idx=8/5 path=DoubleDJoystick/direct_1 name=direct_1 item=Bottom_00344 title=(null) url=ui://jk0io98jldxan275 rect=119.94,624.63,135.38,85.5 exported gfx=152x90/root=2048x2048/rot=0 touchable=True visible=False
  Run Root=idx=8/3 path=DoubleDJoystick/joystick_touch_2 name=joystick_touch_2 item=(null) title=(null) url=(null) rect=10.69,389.5,445.31,351.5 internal gfx=gfx:1x1/root=1x1/rot=0/pkg:null touchable=True visible=True
  Run Knob=idx=8/2 path=DoubleDJoystick/joystick_2 name=joystick_2 item=joystick_2 title= url=ui://jk0io98jgcp1n1ph rect=270.75,488.06,84.31,84.31 exported gfx=null touchable=True visible=True
  Run Center=idx=8/0 path=DoubleDJoystick/joystick_center_2 name=joystick_center_2 item=Bottom_00343 title=(null) url=ui://jk0io98jldxan274 rect=217.31,435.81,190,187.63 exported gfx=160x158/root=2048x2048/rot=0 touchable=True visible=True
  Run Thumb=idx=8/1 path=DoubleDJoystick/direct_2 name=direct_2 item=Bottom_00344 title=(null) url=ui://jk0io98jldxan275 rect=312.31,523.69,180.5,114 exported gfx=152x90/root=2048x2048/rot=0 touchable=True visible=False
[2026-08-09 09:37:11] FairyGUI: 主界面小地图绑定完成：idx=0/3/0 path=DMinMapUI/DMap/item name=item item=(null) title=(null) url=(null) rect=1271.81,36.81,237.5,150.81 internal gfx=null touchable=True visible=True (DMinMapUI/DMap-largest)
[2026-08-09 09:37:11] FairyGUI: 小地图贴图已更新：Index=1 View=full Target=idx=0/3/0 path=DMinMapUI/DMap/item name=item item=(null) title=(null) url=(null) rect=1271.81,36.81,237.5,150.81 internal gfx=null touchable=True visible=True (DMinMapUI/DMap-largest) Size=(200,127) Parent=(200,127) Fill=ScaleFree AutoSize=False
[2026-08-09 09:37:11] FairyGUI: 已导出主界面技能快捷栏绑定报告到 /data/user/0/com.lommir.client.monogame.android/files/Cache/Mobile/Runtime/FairyGui-MobileMainHudSkillHotbarBindings.txt
[2026-08-09 09:37:11] FairyGUI: 主界面技能快捷栏绑定完成：Slots=8 GridRoot=idx=6 path=DArrackModelUI name=DArrackModelUI item=DArrackModelUI title=(null) url=ui://jk0io98jv9b1g0 rect=1091.31,371.69,427.5,422.75 exported gfx=null touchable=True visible=True (name:DArrackModelUI) (named)
[2026-08-09 09:37:11] FairyGUI: HUD底栏绑定 Level=idx=4/14/1 path=BottomUI/DLevel/DLevelText name=DLevelText item=(null) title=(null) url=(null) rect=381.19,827.69,92.63,20.19 internal gfx=gfx:2048x2048/root=2048x2048/rot=0/pkg:null touchable=True visible=True
[2026-08-09 09:37:11] FairyGUI: HUD底栏绑定 Weight=idx=4/8/0 path=BottomUI/DChatWindow/__codex_mobile_chattxt name=__codex_mobile_chattxt item=(null) title=(null) url=(null) rect=651.94,736.25,418,81.94 internal gfx=null touchable=False visible=True
[2026-08-09 09:37:11] FairyGUI: HUD底栏绑定 ExpBar=idx=4/16 path=BottomUI/DExpBar name=DExpBar item=DExpBar title=(null) url=ui://jk0io98jv9b11f rect=923.88,825.31,288.56,26.13 exported gfx=null touchable=True visible=True
[2026-08-09 09:37:11] FairyGUI: HUD底栏绑定 Volume=idx=4/33 path=BottomUI/textVolume name=textVolume item=(null) title=(null) url=(null) rect=1295.56,821.75,79.56,32.06 internal gfx=gfx:2048x2048/root=2048x2048/rot=0/pkg:null touchable=True visible=True
[2026-08-09 09:37:11] 进入地图：后台地图加载完成 FileName=/data/user/0/com.lommir.client.monogame.android/files/Cache/Mobile/Maps/0.map TotalMs=776 Size=700x700 Objects=18 MiniMap=1/1
[2026-08-09 09:37:11] MLibrary: 本帧贴图创建预算已用尽，延后到后续帧（避免卡顿/掉线）。Lib=Tiles.Lib Index=241 Budget=12/frame
[2026-08-09 09:37:13] FairyGUI: HUD底栏绑定 Level=idx=4/14/1 path=BottomUI/DLevel/DLevelText name=DLevelText item=(null) title=(null) url=(null) rect=381.19,827.69,92.63,20.19 internal gfx=gfx:2048x2048/root=2048x2048/rot=0/pkg:null touchable=True visible=True
[2026-08-09 09:37:13] FairyGUI: HUD底栏绑定 Weight=idx=4/8/0 path=BottomUI/DChatWindow/__codex_mobile_chattxt name=__codex_mobile_chattxt item=(null) title=(null) url=(null) rect=651.94,736.25,418,81.94 internal gfx=null touchable=False visible=True
[2026-08-09 09:37:13] FairyGUI: HUD底栏绑定 ExpBar=idx=4/16 path=BottomUI/DExpBar name=DExpBar item=DExpBar title=(null) url=ui://jk0io98jv9b11f rect=923.88,825.31,288.56,26.13 exported gfx=null touchable=True visible=True
[2026-08-09 09:37:13] FairyGUI: HUD底栏绑定 Volume=idx=4/33 path=BottomUI/textVolume name=textVolume item=(null) title=(null) url=(null) rect=1295.56,821.75,79.56,32.06 internal gfx=gfx:2048x2048/root=2048x2048/rot=0/pkg:null touchable=True visible=True
[2026-08-09 09:37:13] MLibrary: 本帧贴图创建预算已用尽，延后到后续帧（避免卡顿/掉线）。Lib=Objects.Lib Index=8533 Budget=12/frame
[2026-08-09 09:37:15] FairyGUI: HUD底栏绑定 Level=idx=4/14/1 path=BottomUI/DLevel/DLevelText name=DLevelText item=(null) title=(null) url=(null) rect=381.19,827.69,92.63,20.19 internal gfx=gfx:2048x2048/root=2048x2048/rot=0/pkg:null touchable=True visible=True
[2026-08-09 09:37:15] FairyGUI: HUD底栏绑定 Weight=idx=4/8/0 path=BottomUI/DChatWindow/__codex_mobile_chattxt name=__codex_mobile_chattxt item=(null) title=(null) url=(null) rect=651.94,736.25,418,81.94 internal gfx=null touchable=False visible=True
[2026-08-09 09:37:15] FairyGUI: HUD底栏绑定 ExpBar=idx=4/16 path=BottomUI/DExpBar name=DExpBar item=DExpBar title=(null) url=ui://jk0io98jv9b11f rect=923.88,825.31,288.56,26.13 exported gfx=null touchable=True visible=True
[2026-08-09 09:37:15] FairyGUI: HUD底栏绑定 Volume=idx=4/33 path=BottomUI/textVolume name=textVolume item=(null) title=(null) url=(null) rect=1295.56,821.75,79.56,32.06 internal gfx=gfx:2048x2048/root=2048x2048/rot=0/pkg:null touchable=True visible=True
[2026-08-09 09:37:17] FairyGUI: HUD底栏绑定 Level=idx=4/14/1 path=BottomUI/DLevel/DLevelText name=DLevelText item=(null) title=(null) url=(null) rect=381.19,827.69,92.63,20.19 internal gfx=gfx:2048x2048/root=2048x2048/rot=0/pkg:null touchable=True visible=True
[2026-08-09 09:37:17] FairyGUI: HUD底栏绑定 Weight=idx=4/8/0 path=BottomUI/DChatWindow/__codex_mobile_chattxt name=__codex_mobile_chattxt item=(null) title=(null) url=(null) rect=651.94,736.25,418,81.94 internal gfx=null touchable=False visible=True
[2026-08-09 09:37:17] FairyGUI: HUD底栏绑定 ExpBar=idx=4/16 path=BottomUI/DExpBar name=DExpBar item=DExpBar title=(null) url=ui://jk0io98jv9b11f rect=923.88,825.31,288.56,26.13 exported gfx=null touchable=True visible=True
[2026-08-09 09:37:17] FairyGUI: HUD底栏绑定 Volume=idx=4/33 path=BottomUI/textVolume name=textVolume item=(null) title=(null) url=(null) rect=1295.56,821.75,79.56,32.06 internal gfx=gfx:2048x2048/root=2048x2048/rot=0/pkg:null touchable=True visible=True
[2026-08-09 09:37:19] FairyGUI: HUD底栏绑定 Level=idx=4/14/1 path=BottomUI/DLevel/DLevelText name=DLevelText item=(null) title=(null) url=(null) rect=381.19,827.69,92.63,20.19 internal gfx=gfx:2048x2048/root=2048x2048/rot=0/pkg:null touchable=True visible=True
[2026-08-09 09:37:19] FairyGUI: HUD底栏绑定 Weight=idx=4/8/0 path=BottomUI/DChatWindow/__codex_mobile_chattxt name=__codex_mobile_chattxt item=(null) title=(null) url=(null) rect=651.94,736.25,418,81.94 internal gfx=null touchable=False visible=True
[2026-08-09 09:37:19] FairyGUI: HUD底栏绑定 ExpBar=idx=4/16 path=BottomUI/DExpBar name=DExpBar item=DExpBar title=(null) url=ui://jk0io98jv9b11f rect=923.88,825.31,288.56,26.13 exported gfx=null touchable=True visible=True
[2026-08-09 09:37:19] FairyGUI: HUD底栏绑定 Volume=idx=4/33 path=BottomUI/textVolume name=textVolume item=(null) title=(null) url=(null) rect=1295.56,821.75,79.56,32.06 internal gfx=gfx:2048x2048/root=2048x2048/rot=0/pkg:null touchable=True visible=True
[2026-08-09 09:37:21] FairyGUI: HUD底栏绑定 Level=idx=4/14/1 path=BottomUI/DLevel/DLevelText name=DLevelText item=(null) title=(null) url=(null) rect=381.19,827.69,92.63,20.19 internal gfx=gfx:2048x2048/root=2048x2048/rot=0/pkg:null touchable=True visible=True
[2026-08-09 09:37:21] FairyGUI: HUD底栏绑定 Weight=idx=4/8/0 path=BottomUI/DChatWindow/__codex_mobile_chattxt name=__codex_mobile_chattxt item=(null) title=(null) url=(null) rect=651.94,736.25,418,81.94 internal gfx=null touchable=False visible=True
[2026-08-09 09:37:21] FairyGUI: HUD底栏绑定 ExpBar=idx=4/16 path=BottomUI/DExpBar name=DExpBar item=DExpBar title=(null) url=ui://jk0io98jv9b11f rect=923.88,825.31,288.56,26.13 exported gfx=null touchable=True visible=True
[2026-08-09 09:37:21] FairyGUI: HUD底栏绑定 Volume=idx=4/33 path=BottomUI/textVolume name=textVolume item=(null) title=(null) url=(null) rect=1295.56,821.75,79.56,32.06 internal gfx=gfx:2048x2048/root=2048x2048/rot=0/pkg:null touchable=True visible=True
[2026-08-09 09:37:23] FairyGUI: HUD底栏绑定 Level=idx=4/14/1 path=BottomUI/DLevel/DLevelText name=DLevelText item=(null) title=(null) url=(null) rect=381.19,827.69,92.63,20.19 internal gfx=gfx:2048x2048/root=2048x2048/rot=0/pkg:null touchable=True visible=True
[2026-08-09 09:37:23] FairyGUI: HUD底栏绑定 Weight=idx=4/8/0 path=BottomUI/DChatWindow/__codex_mobile_chattxt name=__codex_mobile_chattxt item=(null) title=(null) url=(null) rect=651.94,736.25,418,81.94 internal gfx=null touchable=False visible=True
[2026-08-09 09:37:23] FairyGUI: HUD底栏绑定 ExpBar=idx=4/16 path=BottomUI/DExpBar name=DExpBar item=DExpBar title=(null) url=ui://jk0io98jv9b11f rect=923.88,825.31,288.56,26.13 exported gfx=null touchable=True visible=True
[2026-08-09 09:37:23] FairyGUI: HUD底栏绑定 Volume=idx=4/33 path=BottomUI/textVolume name=textVolume item=(null) title=(null) url=(null) rect=1295.56,821.75,79.56,32.06 internal gfx=gfx:2048x2048/root=2048x2048/rot=0/pkg:null touchable=True visible=True
[2026-08-09 09:37:25] FairyGUI: HUD底栏绑定 Level=idx=4/14/1 path=BottomUI/DLevel/DLevelText name=DLevelText item=(null) title=(null) url=(null) rect=381.19,827.69,92.63,20.19 internal gfx=gfx:2048x2048/root=2048x2048/rot=0/pkg:null touchable=True visible=True
[2026-08-09 09:37:25] FairyGUI: HUD底栏绑定 Weight=idx=4/8/0 path=BottomUI/DChatWindow/__codex_mobile_chattxt name=__codex_mobile_chattxt item=(null) title=(null) url=(null) rect=651.94,736.25,418,81.94 internal gfx=null touchable=False visible=True
[2026-08-09 09:37:25] FairyGUI: HUD底栏绑定 ExpBar=idx=4/16 path=BottomUI/DExpBar name=DExpBar item=DExpBar title=(null) url=ui://jk0io98jv9b11f rect=923.88,825.31,288.56,26.13 exported gfx=null touchable=True visible=True
[2026-08-09 09:37:25] FairyGUI: HUD底栏绑定 Volume=idx=4/33 path=BottomUI/textVolume name=textVolume item=(null) title=(null) url=(null) rect=1295.56,821.75,79.56,32.06 internal gfx=gfx:2048x2048/root=2048x2048/rot=0/pkg:null touchable=True visible=True
[2026-08-09 09:37:27] FairyGUI: HUD底栏绑定 Level=idx=4/14/1 path=BottomUI/DLevel/DLevelText name=DLevelText item=(null) title=(null) url=(null) rect=381.19,827.69,92.63,20.19 internal gfx=gfx:2048x2048/root=2048x2048/rot=0/pkg:null touchable=True visible=True
[2026-08-09 09:37:27] FairyGUI: HUD底栏绑定 Weight=idx=4/8/0 path=BottomUI/DChatWindow/__codex_mobile_chattxt name=__codex_mobile_chattxt item=(null) title=(null) url=(null) rect=651.94,736.25,418,81.94 internal gfx=null touchable=False visible=True
[2026-08-09 09:37:27] FairyGUI: HUD底栏绑定 ExpBar=idx=4/16 path=BottomUI/DExpBar name=DExpBar item=DExpBar title=(null) url=ui://jk0io98jv9b11f rect=923.88,825.31,288.56,26.13 exported gfx=null touchable=True visible=True
[2026-08-09 09:37:27] FairyGUI: HUD底栏绑定 Volume=idx=4/33 path=BottomUI/textVolume name=textVolume item=(null) title=(null) url=(null) rect=1295.56,821.75,79.56,32.06 internal gfx=gfx:2048x2048/root=2048x2048/rot=0/pkg:null touchable=True visible=True
[2026-08-09 09:37:29] FairyGUI: HUD底栏绑定 Level=idx=4/14/1 path=BottomUI/DLevel/DLevelText name=DLevelText item=(null) title=(null) url=(null) rect=381.19,827.69,92.63,20.19 internal gfx=gfx:2048x2048/root=2048x2048/rot=0/pkg:null touchable=True visible=True
[2026-08-09 09:37:29] FairyGUI: HUD底栏绑定 Weight=idx=4/8/0 path=BottomUI/DChatWindow/__codex_mobile_chattxt name=__codex_mobile_chattxt item=(null) title=(null) url=(null) rect=651.94,736.25,418,81.94 internal gfx=null touchable=False visible=True
[2026-08-09 09:37:29] FairyGUI: HUD底栏绑定 ExpBar=idx=4/16 path=BottomUI/DExpBar name=DExpBar item=DExpBar title=(null) url=ui://jk0io98jv9b11f rect=923.88,825.31,288.56,26.13 exported gfx=null touchable=True visible=True
[2026-08-09 09:37:29] FairyGUI: HUD底栏绑定 Volume=idx=4/33 path=BottomUI/textVolume name=textVolume item=(null) title=(null) url=(null) rect=1295.56,821.75,79.56,32.06 internal gfx=gfx:2048x2048/root=2048x2048/rot=0/pkg:null touchable=True visible=True
[2026-08-09 09:37:31] FairyGUI: HUD底栏绑定 Level=idx=4/14/1 path=BottomUI/DLevel/DLevelText name=DLevelText item=(null) title=(null) url=(null) rect=381.19,827.69,92.63,20.19 internal gfx=gfx:2048x2048/root=2048x2048/rot=0/pkg:null touchable=True visible=True
[2026-08-09 09:37:31] FairyGUI: HUD底栏绑定 Weight=idx=4/8/0 path=BottomUI/DChatWindow/__codex_mobile_chattxt name=__codex_mobile_chattxt item=(null) title=(null) url=(null) rect=651.94,736.25,418,81.94 internal gfx=null touchable=False visible=True
[2026-08-09 09:37:31] FairyGUI: HUD底栏绑定 ExpBar=idx=4/16 path=BottomUI/DExpBar name=DExpBar item=DExpBar title=(null) url=ui://jk0io98jv9b11f rect=923.88,825.31,288.56,26.13 exported gfx=null touchable=True visible=True
[2026-08-09 09:37:31] FairyGUI: HUD底栏绑定 Volume=idx=4/33 path=BottomUI/textVolume name=textVolume item=(null) title=(null) url=(null) rect=1295.56,821.75,79.56,32.06 internal gfx=gfx:2048x2048/root=2048x2048/rot=0/pkg:null touchable=True visible=True
[2026-08-09 09:37:33] FairyGUI: HUD底栏绑定 Level=idx=4/14/1 path=BottomUI/DLevel/DLevelText name=DLevelText item=(null) title=(null) url=(null) rect=381.19,827.69,92.63,20.19 internal gfx=gfx:2048x2048/root=2048x2048/rot=0/pkg:null touchable=True visible=True
[2026-08-09 09:37:33] FairyGUI: HUD底栏绑定 Weight=idx=4/8/0 path=BottomUI/DChatWindow/__codex_mobile_chattxt name=__codex_mobile_chattxt item=(null) title=(null) url=(null) rect=651.94,736.25,418,81.94 internal gfx=null touchable=False visible=True
[2026-08-09 09:37:33] FairyGUI: HUD底栏绑定 ExpBar=idx=4/16 path=BottomUI/DExpBar name=DExpBar item=DExpBar title=(null) url=ui://jk0io98jv9b11f rect=923.88,825.31,288.56,26.13 exported gfx=null touchable=True visible=True
[2026-08-09 09:37:33] FairyGUI: HUD底栏绑定 Volume=idx=4/33 path=BottomUI/textVolume name=textVolume item=(null) title=(null) url=(null) rect=1295.56,821.75,79.56,32.06 internal gfx=gfx:2048x2048/root=2048x2048/rot=0/pkg:null touchable=True visible=True
[2026-08-09 09:37:35] FairyGUI: HUD底栏绑定 Level=idx=4/14/1 path=BottomUI/DLevel/DLevelText name=DLevelText item=(null) title=(null) url=(null) rect=381.19,827.69,92.63,20.19 internal gfx=gfx:2048x2048/root=2048x2048/rot=0/pkg:null touchable=True visible=True
[2026-08-09 09:37:35] FairyGUI: HUD底栏绑定 Weight=idx=4/8/0 path=BottomUI/DChatWindow/__codex_mobile_chattxt name=__codex_mobile_chattxt item=(null) title=(null) url=(null) rect=651.94,736.25,418,81.94 internal gfx=null touchable=False visible=True
[2026-08-09 09:37:35] FairyGUI: HUD底栏绑定 ExpBar=idx=4/16 path=BottomUI/DExpBar name=DExpBar item=DExpBar title=(null) url=ui://jk0io98jv9b11f rect=923.88,825.31,288.56,26.13 exported gfx=null touchable=True visible=True
[2026-08-09 09:37:35] FairyGUI: HUD底栏绑定 Volume=idx=4/33 path=BottomUI/textVolume name=textVolume item=(null) title=(null) url=(null) rect=1295.56,821.75,79.56,32.06 internal gfx=gfx:2048x2048/root=2048x2048/rot=0/pkg:null touchable=True visible=True
[2026-08-09 09:37:37] FairyGUI: HUD底栏绑定 Level=idx=4/14/1 path=BottomUI/DLevel/DLevelText name=DLevelText item=(null) title=(null) url=(null) rect=381.19,827.69,92.63,20.19 internal gfx=gfx:2048x2048/root=2048x2048/rot=0/pkg:null touchable=True visible=True
[2026-08-09 09:37:37] FairyGUI: HUD底栏绑定 Weight=idx=4/8/0 path=BottomUI/DChatWindow/__codex_mobile_chattxt name=__codex_mobile_chattxt item=(null) title=(null) url=(null) rect=651.94,736.25,418,81.94 internal gfx=null touchable=False visible=True
[2026-08-09 09:37:37] FairyGUI: HUD底栏绑定 ExpBar=idx=4/16 path=BottomUI/DExpBar name=DExpBar item=DExpBar title=(null) url=ui://jk0io98jv9b11f rect=923.88,825.31,288.56,26.13 exported gfx=null touchable=True visible=True
[2026-08-09 09:37:37] FairyGUI: HUD底栏绑定 Volume=idx=4/33 path=BottomUI/textVolume name=textVolume item=(null) title=(null) url=(null) rect=1295.56,821.75,79.56,32.06 internal gfx=gfx:2048x2048/root=2048x2048/rot=0/pkg:null touchable=True visible=True
[2026-08-09 09:37:39] FairyGUI: HUD底栏绑定 Level=idx=4/14/1 path=BottomUI/DLevel/DLevelText name=DLevelText item=(null) title=(null) url=(null) rect=381.19,827.69,92.63,20.19 internal gfx=gfx:2048x2048/root=2048x2048/rot=0/pkg:null touchable=True visible=True
[2026-08-09 09:37:39] FairyGUI: HUD底栏绑定 Weight=idx=4/8/0 path=BottomUI/DChatWindow/__codex_mobile_chattxt name=__codex_mobile_chattxt item=(null) title=(null) url=(null) rect=651.94,736.25,418,81.94 internal gfx=null touchable=False visible=True
[2026-08-09 09:37:39] FairyGUI: HUD底栏绑定 ExpBar=idx=4/16 path=BottomUI/DExpBar name=DExpBar item=DExpBar title=(null) url=ui://jk0io98jv9b11f rect=923.88,825.31,288.56,26.13 exported gfx=null touchable=True visible=True
[2026-08-09 09:37:39] FairyGUI: HUD底栏绑定 Volume=idx=4/33 path=BottomUI/textVolume name=textVolume item=(null) title=(null) url=(null) rect=1295.56,821.75,79.56,32.06 internal gfx=gfx:2048x2048/root=2048x2048/rot=0/pkg:null touchable=True visible=True
[2026-08-09 09:37:41] FairyGUI: HUD底栏绑定 Level=idx=4/14/1 path=BottomUI/DLevel/DLevelText name=DLevelText item=(null) title=(null) url=(null) rect=381.19,827.69,92.63,20.19 internal gfx=gfx:2048x2048/root=2048x2048/rot=0/pkg:null touchable=True visible=True
[2026-08-09 09:37:41] FairyGUI: HUD底栏绑定 Weight=idx=4/8/0 path=BottomUI/DChatWindow/__codex_mobile_chattxt name=__codex_mobile_chattxt item=(null) title=(null) url=(null) rect=651.94,736.25,418,81.94 internal gfx=null touchable=False visible=True
[2026-08-09 09:37:41] FairyGUI: HUD底栏绑定 ExpBar=idx=4/16 path=BottomUI/DExpBar name=DExpBar item=DExpBar title=(null) url=ui://jk0io98jv9b11f rect=923.88,825.31,288.56,26.13 exported gfx=null touchable=True visible=True
[2026-08-09 09:37:41] FairyGUI: HUD底栏绑定 Volume=idx=4/33 path=BottomUI/textVolume name=textVolume item=(null) title=(null) url=(null) rect=1295.56,821.75,79.56,32.06 internal gfx=gfx:2048x2048/root=2048x2048/rot=0/pkg:null touchable=True visible=True
[2026-08-09 09:37:44] FairyGUI: HUD底栏绑定 Level=idx=4/14/1 path=BottomUI/DLevel/DLevelText name=DLevelText item=(null) title=(null) url=(null) rect=381.19,827.69,92.63,20.19 internal gfx=gfx:2048x2048/root=2048x2048/rot=0/pkg:null touchable=True visible=True
[2026-08-09 09:37:44] FairyGUI: HUD底栏绑定 Weight=idx=4/8/0 path=BottomUI/DChatWindow/__codex_mobile_chattxt name=__codex_mobile_chattxt item=(null) title=(null) url=(null) rect=651.94,736.25,418,81.94 internal gfx=null touchable=False visible=True
[2026-08-09 09:37:44] FairyGUI: HUD底栏绑定 ExpBar=idx=4/16 path=BottomUI/DExpBar name=DExpBar item=DExpBar title=(null) url=ui://jk0io98jv9b11f rect=923.88,825.31,288.56,26.13 exported gfx=null touchable=True visible=True
[2026-08-09 09:37:44] FairyGUI: HUD底栏绑定 Volume=idx=4/33 path=BottomUI/textVolume name=textVolume item=(null) title=(null) url=(null) rect=1295.56,821.75,79.56,32.06 internal gfx=gfx:2048x2048/root=2048x2048/rot=0/pkg:null touchable=True visible=True
[2026-08-09 09:37:46] FairyGUI: HUD底栏绑定 Level=idx=4/14/1 path=BottomUI/DLevel/DLevelText name=DLevelText item=(null) title=(null) url=(null) rect=381.19,827.69,92.63,20.19 internal gfx=gfx:2048x2048/root=2048x2048/rot=0/pkg:null touchable=True visible=True
[2026-08-09 09:37:46] FairyGUI: HUD底栏绑定 Weight=idx=4/8/0 path=BottomUI/DChatWindow/__codex_mobile_chattxt name=__codex_mobile_chattxt item=(null) title=(null) url=(null) rect=651.94,736.25,418,81.94 internal gfx=null touchable=False visible=True
[2026-08-09 09:37:46] FairyGUI: HUD底栏绑定 ExpBar=idx=4/16 path=BottomUI/DExpBar name=DExpBar item=DExpBar title=(null) url=ui://jk0io98jv9b11f rect=923.88,825.31,288.56,26.13 exported gfx=null touchable=True visible=True
[2026-08-09 09:37:46] FairyGUI: HUD底栏绑定 Volume=idx=4/33 path=BottomUI/textVolume name=textVolume item=(null) title=(null) url=(null) rect=1295.56,821.75,79.56,32.06 internal gfx=gfx:2048x2048/root=2048x2048/rot=0/pkg:null touchable=True visible=True
[2026-08-09 09:37:48] FairyGUI: HUD底栏绑定 Level=idx=4/14/1 path=BottomUI/DLevel/DLevelText name=DLevelText item=(null) title=(null) url=(null) rect=381.19,827.69,92.63,20.19 internal gfx=gfx:2048x2048/root=2048x2048/rot=0/pkg:null touchable=True visible=True
[2026-08-09 09:37:48] FairyGUI: HUD底栏绑定 Weight=idx=4/8/0 path=BottomUI/DChatWindow/__codex_mobile_chattxt name=__codex_mobile_chattxt item=(null) title=(null) url=(null) rect=651.94,736.25,418,81.94 internal gfx=null touchable=False visible=True
[2026-08-09 09:37:48] FairyGUI: HUD底栏绑定 ExpBar=idx=4/16 path=BottomUI/DExpBar name=DExpBar item=DExpBar title=(null) url=ui://jk0io98jv9b11f rect=923.88,825.31,288.56,26.13 exported gfx=null touchable=True visible=True
[2026-08-09 09:37:48] FairyGUI: HUD底栏绑定 Volume=idx=4/33 path=BottomUI/textVolume name=textVolume item=(null) title=(null) url=(null) rect=1295.56,821.75,79.56,32.06 internal gfx=gfx:2048x2048/root=2048x2048/rot=0/pkg:null touchable=True visible=True
[2026-08-09 09:37:50] FairyGUI: HUD底栏绑定 Level=idx=4/14/1 path=BottomUI/DLevel/DLevelText name=DLevelText item=(null) title=(null) url=(null) rect=381.19,827.69,92.63,20.19 internal gfx=gfx:2048x2048/root=2048x2048/rot=0/pkg:null touchable=True visible=True
[2026-08-09 09:37:50] FairyGUI: HUD底栏绑定 Weight=idx=4/8/0 path=BottomUI/DChatWindow/__codex_mobile_chattxt name=__codex_mobile_chattxt item=(null) title=(null) url=(null) rect=651.94,736.25,418,81.94 internal gfx=null touchable=False visible=True
[2026-08-09 09:37:50] FairyGUI: HUD底栏绑定 ExpBar=idx=4/16 path=BottomUI/DExpBar name=DExpBar item=DExpBar title=(null) url=ui://jk0io98jv9b11f rect=923.88,825.31,288.56,26.13 exported gfx=null touchable=True visible=True
[2026-08-09 09:37:50] FairyGUI: HUD底栏绑定 Volume=idx=4/33 path=BottomUI/textVolume name=textVolume item=(null) title=(null) url=(null) rect=1295.56,821.75,79.56,32.06 internal gfx=gfx:2048x2048/root=2048x2048/rot=0/pkg:null touchable=True visible=True
[2026-08-09 09:37:51] FairyGUI Action: Shop (商店)
[2026-08-09 09:37:51] FairyGUI: 窗口已创建（Shop） -> UI/商店_DShopUI (exported) score=329
[2026-08-09 09:37:51] FairyGUI: 已导出窗口(Shop)树到 /data/user/0/com.lommir.client.monogame.android/files/Cache/Mobile/Runtime/FairyGui-MobileWindow-Shop-Tree.txt
[2026-08-09 09:37:51] FairyGUI: 窗口(Shop) 已绑定关闭按钮 name=BtnClose item=BtnClose
[2026-08-09 09:37:52] FairyGUI: HUD底栏绑定 Level=idx=4/14/1 path=BottomUI/DLevel/DLevelText name=DLevelText item=(null) title=(null) url=(null) rect=381.19,827.69,92.63,20.19 internal gfx=gfx:2048x2048/root=2048x2048/rot=0/pkg:null touchable=True visible=True
[2026-08-09 09:37:52] FairyGUI: HUD底栏绑定 Weight=idx=4/8/0 path=BottomUI/DChatWindow/__codex_mobile_chattxt name=__codex_mobile_chattxt item=(null) title=(null) url=(null) rect=651.94,736.25,418,81.94 internal gfx=null touchable=False visible=True
[2026-08-09 09:37:52] FairyGUI: HUD底栏绑定 ExpBar=idx=4/16 path=BottomUI/DExpBar name=DExpBar item=DExpBar title=(null) url=ui://jk0io98jv9b11f rect=923.88,825.31,288.56,26.13 exported gfx=null touchable=True visible=True
[2026-08-09 09:37:52] FairyGUI: HUD底栏绑定 Volume=idx=4/33 path=BottomUI/textVolume name=textVolume item=(null) title=(null) url=(null) rect=1295.56,821.75,79.56,32.06 internal gfx=gfx:2048x2048/root=2048x2048/rot=0/pkg:null touchable=True visible=True
[2026-08-09 09:37:54] FairyGUI: HUD底栏绑定 Level=idx=4/14/1 path=BottomUI/DLevel/DLevelText name=DLevelText item=(null) title=(null) url=(null) rect=381.19,827.69,92.63,20.19 internal gfx=gfx:2048x2048/root=2048x2048/rot=0/pkg:null touchable=True visible=True
[2026-08-09 09:37:54] FairyGUI: HUD底栏绑定 Weight=idx=4/8/0 path=BottomUI/DChatWindow/__codex_mobile_chattxt name=__codex_mobile_chattxt item=(null) title=(null) url=(null) rect=651.94,736.25,418,81.94 internal gfx=null touchable=False visible=True
[2026-08-09 09:37:54] FairyGUI: HUD底栏绑定 ExpBar=idx=4/16 path=BottomUI/DExpBar name=DExpBar item=DExpBar title=(null) url=ui://jk0io98jv9b11f rect=923.88,825.31,288.56,26.13 exported gfx=null touchable=True visible=True
[2026-08-09 09:37:54] FairyGUI: HUD底栏绑定 Volume=idx=4/33 path=BottomUI/textVolume name=textVolume item=(null) title=(null) url=(null) rect=1295.56,821.75,79.56,32.06 internal gfx=gfx:2048x2048/root=2048x2048/rot=0/pkg:null touchable=True visible=True
[2026-08-09 09:37:56] FairyGUI: HUD底栏绑定 Level=idx=4/14/1 path=BottomUI/DLevel/DLevelText name=DLevelText item=(null) title=(null) url=(null) rect=381.19,827.69,92.63,20.19 internal gfx=gfx:2048x2048/root=2048x2048/rot=0/pkg:null touchable=True visible=True
[2026-08-09 09:37:56] FairyGUI: HUD底栏绑定 Weight=idx=4/8/0 path=BottomUI/DChatWindow/__codex_mobile_chattxt name=__codex_mobile_chattxt item=(null) title=(null) url=(null) rect=651.94,736.25,418,81.94 internal gfx=null touchable=False visible=True
[2026-08-09 09:37:56] FairyGUI: HUD底栏绑定 ExpBar=idx=4/16 path=BottomUI/DExpBar name=DExpBar item=DExpBar title=(null) url=ui://jk0io98jv9b11f rect=923.88,825.31,288.56,26.13 exported gfx=null touchable=True visible=True
[2026-08-09 09:37:56] FairyGUI: HUD底栏绑定 Volume=idx=4/33 path=BottomUI/textVolume name=textVolume item=(null) title=(null) url=(null) rect=1295.56,821.75,79.56,32.06 internal gfx=gfx:2048x2048/root=2048x2048/rot=0/pkg:null touchable=True visible=True
[2026-08-09 09:37:58] FairyGUI: HUD底栏绑定 Level=idx=4/14/1 path=BottomUI/DLevel/DLevelText name=DLevelText item=(null) title=(null) url=(null) rect=381.19,827.69,92.63,20.19 internal gfx=gfx:2048x2048/root=2048x2048/rot=0/pkg:null touchable=True visible=True
[2026-08-09 09:37:58] FairyGUI: HUD底栏绑定 Weight=idx=4/8/0 path=BottomUI/DChatWindow/__codex_mobile_chattxt name=__codex_mobile_chattxt item=(null) title=(null) url=(null) rect=651.94,736.25,418,81.94 internal gfx=null touchable=False visible=True
[2026-08-09 09:37:58] FairyGUI: HUD底栏绑定 ExpBar=idx=4/16 path=BottomUI/DExpBar name=DExpBar item=DExpBar title=(null) url=ui://jk0io98jv9b11f rect=923.88,825.31,288.56,26.13 exported gfx=null touchable=True visible=True
[2026-08-09 09:37:58] FairyGUI: HUD底栏绑定 Volume=idx=4/33 path=BottomUI/textVolume name=textVolume item=(null) title=(null) url=(null) rect=1295.56,821.75,79.56,32.06 internal gfx=gfx:2048x2048/root=2048x2048/rot=0/pkg:null touchable=True visible=True
[2026-08-09 09:38:00] FairyGUI: HUD底栏绑定 Level=idx=4/14/1 path=BottomUI/DLevel/DLevelText name=DLevelText item=(null) title=(null) url=(null) rect=381.19,827.69,92.63,20.19 internal gfx=gfx:2048x2048/root=2048x2048/rot=0/pkg:null touchable=True visible=True
[2026-08-09 09:38:00] FairyGUI: HUD底栏绑定 Weight=idx=4/8/0 path=BottomUI/DChatWindow/__codex_mobile_chattxt name=__codex_mobile_chattxt item=(null) title=(null) url=(null) rect=651.94,736.25,418,81.94 internal gfx=null touchable=False visible=True
[2026-08-09 09:38:00] FairyGUI: HUD底栏绑定 ExpBar=idx=4/16 path=BottomUI/DExpBar name=DExpBar item=DExpBar title=(null) url=ui://jk0io98jv9b11f rect=923.88,825.31,288.56,26.13 exported gfx=null touchable=True visible=True
[2026-08-09 09:38:00] FairyGUI: HUD底栏绑定 Volume=idx=4/33 path=BottomUI/textVolume name=textVolume item=(null) title=(null) url=(null) rect=1295.56,821.75,79.56,32.06 internal gfx=gfx:2048x2048/root=2048x2048/rot=0/pkg:null touchable=True visible=True
[2026-08-09 09:38:02] FairyGUI: HUD底栏绑定 Level=idx=4/14/1 path=BottomUI/DLevel/DLevelText name=DLevelText item=(null) title=(null) url=(null) rect=381.19,827.69,92.63,20.19 internal gfx=gfx:2048x2048/root=2048x2048/rot=0/pkg:null touchable=True visible=True
[2026-08-09 09:38:02] FairyGUI: HUD底栏绑定 Weight=idx=4/8/0 path=BottomUI/DChatWindow/__codex_mobile_chattxt name=__codex_mobile_chattxt item=(null) title=(null) url=(null) rect=651.94,736.25,418,81.94 internal gfx=null touchable=False visible=True
[2026-08-09 09:38:02] FairyGUI: HUD底栏绑定 ExpBar=idx=4/16 path=BottomUI/DExpBar name=DExpBar item=DExpBar title=(null) url=ui://jk0io98jv9b11f rect=923.88,825.31,288.56,26.13 exported gfx=null touchable=True visible=True
[2026-08-09 09:38:02] FairyGUI: HUD底栏绑定 Volume=idx=4/33 path=BottomUI/textVolume name=textVolume item=(null) title=(null) url=(null) rect=1295.56,821.75,79.56,32.06 internal gfx=gfx:2048x2048/root=2048x2048/rot=0/pkg:null touchable=True visible=True
[2026-08-09 09:38:04] FairyGUI: HUD底栏绑定 Level=idx=4/14/1 path=BottomUI/DLevel/DLevelText name=DLevelText item=(null) title=(null) url=(null) rect=381.19,827.69,92.63,20.19 internal gfx=gfx:2048x2048/root=2048x2048/rot=0/pkg:null touchable=True visible=True
[2026-08-09 09:38:04] FairyGUI: HUD底栏绑定 Weight=idx=4/8/0 path=BottomUI/DChatWindow/__codex_mobile_chattxt name=__codex_mobile_chattxt item=(null) title=(null) url=(null) rect=651.94,736.25,418,81.94 internal gfx=null touchable=False visible=True
[2026-08-09 09:38:04] FairyGUI: HUD底栏绑定 ExpBar=idx=4/16 path=BottomUI/DExpBar name=DExpBar item=DExpBar title=(null) url=ui://jk0io98jv9b11f rect=923.88,825.31,288.56,26.13 exported gfx=null touchable=True visible=True
[2026-08-09 09:38:04] FairyGUI: HUD底栏绑定 Volume=idx=4/33 path=BottomUI/textVolume name=textVolume item=(null) title=(null) url=(null) rect=1295.56,821.75,79.56,32.06 internal gfx=gfx:2048x2048/root=2048x2048/rot=0/pkg:null touchable=True visible=True
[2026-08-09 09:38:06] FairyGUI: HUD底栏绑定 Level=idx=4/14/1 path=BottomUI/DLevel/DLevelText name=DLevelText item=(null) title=(null) url=(null) rect=381.19,827.69,92.63,20.19 internal gfx=gfx:2048x2048/root=2048x2048/rot=0/pkg:null touchable=True visible=True
[2026-08-09 09:38:06] FairyGUI: HUD底栏绑定 Weight=idx=4/8/0 path=BottomUI/DChatWindow/__codex_mobile_chattxt name=__codex_mobile_chattxt item=(null) title=(null) url=(null) rect=651.94,736.25,418,81.94 internal gfx=null touchable=False visible=True
[2026-08-09 09:38:06] FairyGUI: HUD底栏绑定 ExpBar=idx=4/16 path=BottomUI/DExpBar name=DExpBar item=DExpBar title=(null) url=ui://jk0io98jv9b11f rect=923.88,825.31,288.56,26.13 exported gfx=null touchable=True visible=True
[2026-08-09 09:38:06] FairyGUI: HUD底栏绑定 Volume=idx=4/33 path=BottomUI/textVolume name=textVolume item=(null) title=(null) url=(null) rect=1295.56,821.75,79.56,32.06 internal gfx=gfx:2048x2048/root=2048x2048/rot=0/pkg:null touchable=True visible=True
[2026-08-09 09:38:08] FairyGUI: HUD底栏绑定 Level=idx=4/14/1 path=BottomUI/DLevel/DLevelText name=DLevelText item=(null) title=(null) url=(null) rect=381.19,827.69,92.63,20.19 internal gfx=gfx:2048x2048/root=2048x2048/rot=0/pkg:null touchable=True visible=True
[2026-08-09 09:38:08] FairyGUI: HUD底栏绑定 Weight=idx=4/8/0 path=BottomUI/DChatWindow/__codex_mobile_chattxt name=__codex_mobile_chattxt item=(null) title=(null) url=(null) rect=651.94,736.25,418,81.94 internal gfx=null touchable=False visible=True
[2026-08-09 09:38:08] FairyGUI: HUD底栏绑定 ExpBar=idx=4/16 path=BottomUI/DExpBar name=DExpBar item=DExpBar title=(null) url=ui://jk0io98jv9b11f rect=923.88,825.31,288.56,26.13 exported gfx=null touchable=True visible=True
[2026-08-09 09:38:08] FairyGUI: HUD底栏绑定 Volume=idx=4/33 path=BottomUI/textVolume name=textVolume item=(null) title=(null) url=(null) rect=1295.56,821.75,79.56,32.06 internal gfx=gfx:2048x2048/root=2048x2048/rot=0/pkg:null touchable=True visible=True
[2026-08-09 09:38:10] FairyGUI: HUD底栏绑定 Level=idx=4/14/1 path=BottomUI/DLevel/DLevelText name=DLevelText item=(null) title=(null) url=(null) rect=381.19,827.69,92.63,20.19 internal gfx=gfx:2048x2048/root=2048x2048/rot=0/pkg:null touchable=True visible=True
[2026-08-09 09:38:10] FairyGUI: HUD底栏绑定 Weight=idx=4/8/0 path=BottomUI/DChatWindow/__codex_mobile_chattxt name=__codex_mobile_chattxt item=(null) title=(null) url=(null) rect=651.94,736.25,418,81.94 internal gfx=null touchable=False visible=True
[2026-08-09 09:38:10] FairyGUI: HUD底栏绑定 ExpBar=idx=4/16 path=BottomUI/DExpBar name=DExpBar item=DExpBar title=(null) url=ui://jk0io98jv9b11f rect=923.88,825.31,288.56,26.13 exported gfx=null touchable=True visible=True
[2026-08-09 09:38:10] FairyGUI: HUD底栏绑定 Volume=idx=4/33 path=BottomUI/textVolume name=textVolume item=(null) title=(null) url=(null) rect=1295.56,821.75,79.56,32.06 internal gfx=gfx:2048x2048/root=2048x2048/rot=0/pkg:null touchable=True visible=True
[2026-08-09 09:38:12] FairyGUI: HUD底栏绑定 Level=idx=4/14/1 path=BottomUI/DLevel/DLevelText name=DLevelText item=(null) title=(null) url=(null) rect=381.19,827.69,92.63,20.19 internal gfx=gfx:2048x2048/root=2048x2048/rot=0/pkg:null touchable=True visible=True
[2026-08-09 09:38:12] FairyGUI: HUD底栏绑定 Weight=idx=4/8/0 path=BottomUI/DChatWindow/__codex_mobile_chattxt name=__codex_mobile_chattxt item=(null) title=(null) url=(null) rect=651.94,736.25,418,81.94 internal gfx=null touchable=False visible=True
[2026-08-09 09:38:12] FairyGUI: HUD底栏绑定 ExpBar=idx=4/16 path=BottomUI/DExpBar name=DExpBar item=DExpBar title=(null) url=ui://jk0io98jv9b11f rect=923.88,825.31,288.56,26.13 exported gfx=null touchable=True visible=True
[2026-08-09 09:38:12] FairyGUI: HUD底栏绑定 Volume=idx=4/33 path=BottomUI/textVolume name=textVolume item=(null) title=(null) url=(null) rect=1295.56,821.75,79.56,32.06 internal gfx=gfx:2048x2048/root=2048x2048/rot=0/pkg:null touchable=True visible=True
[2026-08-09 09:38:14] FairyGUI: HUD底栏绑定 Level=idx=4/14/1 path=BottomUI/DLevel/DLevelText name=DLevelText item=(null) title=(null) url=(null) rect=381.19,827.69,92.63,20.19 internal gfx=gfx:2048x2048/root=2048x2048/rot=0/pkg:null touchable=True visible=True
[2026-08-09 09:38:14] FairyGUI: HUD底栏绑定 Weight=idx=4/8/0 path=BottomUI/DChatWindow/__codex_mobile_chattxt name=__codex_mobile_chattxt item=(null) title=(null) url=(null) rect=651.94,736.25,418,81.94 internal gfx=null touchable=False visible=True
[2026-08-09 09:38:14] FairyGUI: HUD底栏绑定 ExpBar=idx=4/16 path=BottomUI/DExpBar name=DExpBar item=DExpBar title=(null) url=ui://jk0io98jv9b11f rect=923.88,825.31,288.56,26.13 exported gfx=null touchable=True visible=True
[2026-08-09 09:38:14] FairyGUI: HUD底栏绑定 Volume=idx=4/33 path=BottomUI/textVolume name=textVolume item=(null) title=(null) url=(null) rect=1295.56,821.75,79.56,32.06 internal gfx=gfx:2048x2048/root=2048x2048/rot=0/pkg:null touchable=True visible=True
[2026-08-09 09:38:16] FairyGUI: HUD底栏绑定 Level=idx=4/14/1 path=BottomUI/DLevel/DLevelText name=DLevelText item=(null) title=(null) url=(null) rect=381.19,827.69,92.63,20.19 internal gfx=gfx:2048x2048/root=2048x2048/rot=0/pkg:null touchable=True visible=True
[2026-08-09 09:38:16] FairyGUI: HUD底栏绑定 Weight=idx=4/8/0 path=BottomUI/DChatWindow/__codex_mobile_chattxt name=__codex_mobile_chattxt item=(null) title=(null) url=(null) rect=651.94,736.25,418,81.94 internal gfx=null touchable=False visible=True
[2026-08-09 09:38:16] FairyGUI: HUD底栏绑定 ExpBar=idx=4/16 path=BottomUI/DExpBar name=DExpBar item=DExpBar title=(null) url=ui://jk0io98jv9b11f rect=923.88,825.31,288.56,26.13 exported gfx=null touchable=True visible=True
[2026-08-09 09:38:16] FairyGUI: HUD底栏绑定 Volume=idx=4/33 path=BottomUI/textVolume name=textVolume item=(null) title=(null) url=(null) rect=1295.56,821.75,79.56,32.06 internal gfx=gfx:2048x2048/root=2048x2048/rot=0/pkg:null touchable=True visible=True
[2026-08-09 09:38:18] FairyGUI: HUD底栏绑定 Level=idx=4/14/1 path=BottomUI/DLevel/DLevelText name=DLevelText item=(null) title=(null) url=(null) rect=381.19,827.69,92.63,20.19 internal gfx=gfx:2048x2048/root=2048x2048/rot=0/pkg:null touchable=True visible=True
[2026-08-09 09:38:18] FairyGUI: HUD底栏绑定 Weight=idx=4/8/0 path=BottomUI/DChatWindow/__codex_mobile_chattxt name=__codex_mobile_chattxt item=(null) title=(null) url=(null) rect=651.94,736.25,418,81.94 internal gfx=null touchable=False visible=True
[2026-08-09 09:38:18] FairyGUI: HUD底栏绑定 ExpBar=idx=4/16 path=BottomUI/DExpBar name=DExpBar item=DExpBar title=(null) url=ui://jk0io98jv9b11f rect=923.88,825.31,288.56,26.13 exported gfx=null touchable=True visible=True
[2026-08-09 09:38:18] FairyGUI: HUD底栏绑定 Volume=idx=4/33 path=BottomUI/textVolume name=textVolume item=(null) title=(null) url=(null) rect=1295.56,821.75,79.56,32.06 internal gfx=gfx:2048x2048/root=2048x2048/rot=0/pkg:null touchable=True visible=True
[2026-08-09 09:38:20] FairyGUI: HUD底栏绑定 Level=idx=4/14/1 path=BottomUI/DLevel/DLevelText name=DLevelText item=(null) title=(null) url=(null) rect=381.19,827.69,92.63,20.19 internal gfx=gfx:2048x2048/root=2048x2048/rot=0/pkg:null touchable=True visible=True
[2026-08-09 09:38:20] FairyGUI: HUD底栏绑定 Weight=idx=4/8/0 path=BottomUI/DChatWindow/__codex_mobile_chattxt name=__codex_mobile_chattxt item=(null) title=(null) url=(null) rect=651.94,736.25,418,81.94 internal gfx=null touchable=False visible=True
[2026-08-09 09:38:20] FairyGUI: HUD底栏绑定 ExpBar=idx=4/16 path=BottomUI/DExpBar name=DExpBar item=DExpBar title=(null) url=ui://jk0io98jv9b11f rect=923.88,825.31,288.56,26.13 exported gfx=null touchable=True visible=True
[2026-08-09 09:38:20] FairyGUI: HUD底栏绑定 Volume=idx=4/33 path=BottomUI/textVolume name=textVolume item=(null) title=(null) url=(null) rect=1295.56,821.75,79.56,32.06 internal gfx=gfx:2048x2048/root=2048x2048/rot=0/pkg:null touchable=True visible=True
[2026-08-09 09:38:22] FairyGUI: HUD底栏绑定 Level=idx=4/14/1 path=BottomUI/DLevel/DLevelText name=DLevelText item=(null) title=(null) url=(null) rect=381.19,827.69,92.63,20.19 internal gfx=gfx:2048x2048/root=2048x2048/rot=0/pkg:null touchable=True visible=True
[2026-08-09 09:38:22] FairyGUI: HUD底栏绑定 Weight=idx=4/8/0 path=BottomUI/DChatWindow/__codex_mobile_chattxt name=__codex_mobile_chattxt item=(null) title=(null) url=(null) rect=651.94,736.25,418,81.94 internal gfx=null touchable=False visible=True
[2026-08-09 09:38:22] FairyGUI: HUD底栏绑定 ExpBar=idx=4/16 path=BottomUI/DExpBar name=DExpBar item=DExpBar title=(null) url=ui://jk0io98jv9b11f rect=923.88,825.31,288.56,26.13 exported gfx=null touchable=True visible=True
[2026-08-09 09:38:22] FairyGUI: HUD底栏绑定 Volume=idx=4/33 path=BottomUI/textVolume name=textVolume item=(null) title=(null) url=(null) rect=1295.56,821.75,79.56,32.06 internal gfx=gfx:2048x2048/root=2048x2048/rot=0/pkg:null touchable=True visible=True
[2026-08-09 09:38:24] FairyGUI: HUD底栏绑定 Level=idx=4/14/1 path=BottomUI/DLevel/DLevelText name=DLevelText item=(null) title=(null) url=(null) rect=381.19,827.69,92.63,20.19 internal gfx=gfx:2048x2048/root=2048x2048/rot=0/pkg:null touchable=True visible=True
[2026-08-09 09:38:24] FairyGUI: HUD底栏绑定 Weight=idx=4/8/0 path=BottomUI/DChatWindow/__codex_mobile_chattxt name=__codex_mobile_chattxt item=(null) title=(null) url=(null) rect=651.94,736.25,418,81.94 internal gfx=null touchable=False visible=True
[2026-08-09 09:38:24] FairyGUI: HUD底栏绑定 ExpBar=idx=4/16 path=BottomUI/DExpBar name=DExpBar item=DExpBar title=(null) url=ui://jk0io98jv9b11f rect=923.88,825.31,288.56,26.13 exported gfx=null touchable=True visible=True
[2026-08-09 09:38:24] FairyGUI: HUD底栏绑定 Volume=idx=4/33 path=BottomUI/textVolume name=textVolume item=(null) title=(null) url=(null) rect=1295.56,821.75,79.56,32.06 internal gfx=gfx:2048x2048/root=2048x2048/rot=0/pkg:null touchable=True visible=True
[2026-08-09 09:38:26] FairyGUI: HUD底栏绑定 Level=idx=4/14/1 path=BottomUI/DLevel/DLevelText name=DLevelText item=(null) title=(null) url=(null) rect=381.19,827.69,92.63,20.19 internal gfx=gfx:2048x2048/root=2048x2048/rot=0/pkg:null touchable=True visible=True
[2026-08-09 09:38:26] FairyGUI: HUD底栏绑定 Weight=idx=4/8/0 path=BottomUI/DChatWindow/__codex_mobile_chattxt name=__codex_mobile_chattxt item=(null) title=(null) url=(null) rect=651.94,736.25,418,81.94 internal gfx=null touchable=False visible=True
[2026-08-09 09:38:26] FairyGUI: HUD底栏绑定 ExpBar=idx=4/16 path=BottomUI/DExpBar name=DExpBar item=DExpBar title=(null) url=ui://jk0io98jv9b11f rect=923.88,825.31,288.56,26.13 exported gfx=null touchable=True visible=True
[2026-08-09 09:38:26] FairyGUI: HUD底栏绑定 Volume=idx=4/33 path=BottomUI/textVolume name=textVolume item=(null) title=(null) url=(null) rect=1295.56,821.75,79.56,32.06 internal gfx=gfx:2048x2048/root=2048x2048/rot=0/pkg:null touchable=True visible=True
[2026-08-09 09:38:29] FairyGUI: HUD底栏绑定 Level=idx=4/14/1 path=BottomUI/DLevel/DLevelText name=DLevelText item=(null) title=(null) url=(null) rect=381.19,827.69,92.63,20.19 internal gfx=gfx:2048x2048/root=2048x2048/rot=0/pkg:null touchable=True visible=True
[2026-08-09 09:38:29] FairyGUI: HUD底栏绑定 Weight=idx=4/8/0 path=BottomUI/DChatWindow/__codex_mobile_chattxt name=__codex_mobile_chattxt item=(null) title=(null) url=(null) rect=651.94,736.25,418,81.94 internal gfx=null touchable=False visible=True
[2026-08-09 09:38:29] FairyGUI: HUD底栏绑定 ExpBar=idx=4/16 path=BottomUI/DExpBar name=DExpBar item=DExpBar title=(null) url=ui://jk0io98jv9b11f rect=923.88,825.31,288.56,26.13 exported gfx=null touchable=True visible=True
[2026-08-09 09:38:29] FairyGUI: HUD底栏绑定 Volume=idx=4/33 path=BottomUI/textVolume name=textVolume item=(null) title=(null) url=(null) rect=1295.56,821.75,79.56,32.06 internal gfx=gfx:2048x2048/root=2048x2048/rot=0/pkg:null touchable=True visible=True
[2026-08-09 09:38:31] FairyGUI: HUD底栏绑定 Level=idx=4/14/1 path=BottomUI/DLevel/DLevelText name=DLevelText item=(null) title=(null) url=(null) rect=381.19,827.69,92.63,20.19 internal gfx=gfx:2048x2048/root=2048x2048/rot=0/pkg:null touchable=True visible=True
[2026-08-09 09:38:31] FairyGUI: HUD底栏绑定 Weight=idx=4/8/0 path=BottomUI/DChatWindow/__codex_mobile_chattxt name=__codex_mobile_chattxt item=(null) title=(null) url=(null) rect=651.94,736.25,418,81.94 internal gfx=null touchable=False visible=True
[2026-08-09 09:38:31] FairyGUI: HUD底栏绑定 ExpBar=idx=4/16 path=BottomUI/DExpBar name=DExpBar item=DExpBar title=(null) url=ui://jk0io98jv9b11f rect=923.88,825.31,288.56,26.13 exported gfx=null touchable=True visible=True
[2026-08-09 09:38:31] FairyGUI: HUD底栏绑定 Volume=idx=4/33 path=BottomUI/textVolume name=textVolume item=(null) title=(null) url=(null) rect=1295.56,821.75,79.56,32.06 internal gfx=gfx:2048x2048/root=2048x2048/rot=0/pkg:null touchable=True visible=True
[2026-08-09 09:38:33] FairyGUI: HUD底栏绑定 Level=idx=4/14/1 path=BottomUI/DLevel/DLevelText name=DLevelText item=(null) title=(null) url=(null) rect=381.19,827.69,92.63,20.19 internal gfx=gfx:2048x2048/root=2048x2048/rot=0/pkg:null touchable=True visible=True
[2026-08-09 09:38:33] FairyGUI: HUD底栏绑定 Weight=idx=4/8/0 path=BottomUI/DChatWindow/__codex_mobile_chattxt name=__codex_mobile_chattxt item=(null) title=(null) url=(null) rect=651.94,736.25,418,81.94 internal gfx=null touchable=False visible=True
[2026-08-09 09:38:33] FairyGUI: HUD底栏绑定 ExpBar=idx=4/16 path=BottomUI/DExpBar name=DExpBar item=DExpBar title=(null) url=ui://jk0io98jv9b11f rect=923.88,825.31,288.56,26.13 exported gfx=null touchable=True visible=True
[2026-08-09 09:38:33] FairyGUI: HUD底栏绑定 Volume=idx=4/33 path=BottomUI/textVolume name=textVolume item=(null) title=(null) url=(null) rect=1295.56,821.75,79.56,32.06 internal gfx=gfx:2048x2048/root=2048x2048/rot=0/pkg:null touchable=True visible=True
[2026-08-09 09:38:35] FairyGUI: HUD底栏绑定 Level=idx=4/14/1 path=BottomUI/DLevel/DLevelText name=DLevelText item=(null) title=(null) url=(null) rect=381.19,827.69,92.63,20.19 internal gfx=gfx:2048x2048/root=2048x2048/rot=0/pkg:null touchable=True visible=True
[2026-08-09 09:38:35] FairyGUI: HUD底栏绑定 Weight=idx=4/8/0 path=BottomUI/DChatWindow/__codex_mobile_chattxt name=__codex_mobile_chattxt item=(null) title=(null) url=(null) rect=651.94,736.25,418,81.94 internal gfx=null touchable=False visible=True
[2026-08-09 09:38:35] FairyGUI: HUD底栏绑定 ExpBar=idx=4/16 path=BottomUI/DExpBar name=DExpBar item=DExpBar title=(null) url=ui://jk0io98jv9b11f rect=923.88,825.31,288.56,26.13 exported gfx=null touchable=True visible=True
[2026-08-09 09:38:35] FairyGUI: HUD底栏绑定 Volume=idx=4/33 path=BottomUI/textVolume name=textVolume item=(null) title=(null) url=(null) rect=1295.56,821.75,79.56,32.06 internal gfx=gfx:2048x2048/root=2048x2048/rot=0/pkg:null touchable=True visible=True
[2026-08-09 09:38:37] FairyGUI: HUD底栏绑定 Level=idx=4/14/1 path=BottomUI/DLevel/DLevelText name=DLevelText item=(null) title=(null) url=(null) rect=381.19,827.69,92.63,20.19 internal gfx=gfx:2048x2048/root=2048x2048/rot=0/pkg:null touchable=True visible=True
[2026-08-09 09:38:37] FairyGUI: HUD底栏绑定 Weight=idx=4/8/0 path=BottomUI/DChatWindow/__codex_mobile_chattxt name=__codex_mobile_chattxt item=(null) title=(null) url=(null) rect=651.94,736.25,418,81.94 internal gfx=null touchable=False visible=True
[2026-08-09 09:38:37] FairyGUI: HUD底栏绑定 ExpBar=idx=4/16 path=BottomUI/DExpBar name=DExpBar item=DExpBar title=(null) url=ui://jk0io98jv9b11f rect=923.88,825.31,288.56,26.13 exported gfx=null touchable=True visible=True
[2026-08-09 09:38:37] FairyGUI: HUD底栏绑定 Volume=idx=4/33 path=BottomUI/textVolume name=textVolume item=(null) title=(null) url=(null) rect=1295.56,821.75,79.56,32.06 internal gfx=gfx:2048x2048/root=2048x2048/rot=0/pkg:null touchable=True visible=True
[2026-08-09 09:38:39] FairyGUI: HUD底栏绑定 Level=idx=4/14/1 path=BottomUI/DLevel/DLevelText name=DLevelText item=(null) title=(null) url=(null) rect=381.19,827.69,92.63,20.19 internal gfx=gfx:2048x2048/root=2048x2048/rot=0/pkg:null touchable=True visible=True
[2026-08-09 09:38:39] FairyGUI: HUD底栏绑定 Weight=idx=4/8/0 path=BottomUI/DChatWindow/__codex_mobile_chattxt name=__codex_mobile_chattxt item=(null) title=(null) url=(null) rect=651.94,736.25,418,81.94 internal gfx=null touchable=False visible=True
[2026-08-09 09:38:39] FairyGUI: HUD底栏绑定 ExpBar=idx=4/16 path=BottomUI/DExpBar name=DExpBar item=DExpBar title=(null) url=ui://jk0io98jv9b11f rect=923.88,825.31,288.56,26.13 exported gfx=null touchable=True visible=True
[2026-08-09 09:38:39] FairyGUI: HUD底栏绑定 Volume=idx=4/33 path=BottomUI/textVolume name=textVolume item=(null) title=(null) url=(null) rect=1295.56,821.75,79.56,32.06 internal gfx=gfx:2048x2048/root=2048x2048/rot=0/pkg:null touchable=True visible=True
[2026-08-09 09:38:41] FairyGUI: HUD底栏绑定 Level=idx=4/14/1 path=BottomUI/DLevel/DLevelText name=DLevelText item=(null) title=(null) url=(null) rect=381.19,827.69,92.63,20.19 internal gfx=gfx:2048x2048/root=2048x2048/rot=0/pkg:null touchable=True visible=True
[2026-08-09 09:38:41] FairyGUI: HUD底栏绑定 Weight=idx=4/8/0 path=BottomUI/DChatWindow/__codex_mobile_chattxt name=__codex_mobile_chattxt item=(null) title=(null) url=(null) rect=651.94,736.25,418,81.94 internal gfx=null touchable=False visible=True
[2026-08-09 09:38:41] FairyGUI: HUD底栏绑定 ExpBar=idx=4/16 path=BottomUI/DExpBar name=DExpBar item=DExpBar title=(null) url=ui://jk0io98jv9b11f rect=923.88,825.31,288.56,26.13 exported gfx=null touchable=True visible=True
[2026-08-09 09:38:41] FairyGUI: HUD底栏绑定 Volume=idx=4/33 path=BottomUI/textVolume name=textVolume item=(null) title=(null) url=(null) rect=1295.56,821.75,79.56,32.06 internal gfx=gfx:2048x2048/root=2048x2048/rot=0/pkg:null touchable=True visible=True
[2026-08-09 09:38:43] FairyGUI: HUD底栏绑定 Level=idx=4/14/1 path=BottomUI/DLevel/DLevelText name=DLevelText item=(null) title=(null) url=(null) rect=381.19,827.69,92.63,20.19 internal gfx=gfx:2048x2048/root=2048x2048/rot=0/pkg:null touchable=True visible=True
[2026-08-09 09:38:43] FairyGUI: HUD底栏绑定 Weight=idx=4/8/0 path=BottomUI/DChatWindow/__codex_mobile_chattxt name=__codex_mobile_chattxt item=(null) title=(null) url=(null) rect=651.94,736.25,418,81.94 internal gfx=null touchable=False visible=True
[2026-08-09 09:38:43] FairyGUI: HUD底栏绑定 ExpBar=idx=4/16 path=BottomUI/DExpBar name=DExpBar item=DExpBar title=(null) url=ui://jk0io98jv9b11f rect=923.88,825.31,288.56,26.13 exported gfx=null touchable=True visible=True
[2026-08-09 09:38:43] FairyGUI: HUD底栏绑定 Volume=idx=4/33 path=BottomUI/textVolume name=textVolume item=(null) title=(null) url=(null) rect=1295.56,821.75,79.56,32.06 internal gfx=gfx:2048x2048/root=2048x2048/rot=0/pkg:null touchable=True visible=True
[2026-08-09 09:38:45] FairyGUI: HUD底栏绑定 Level=idx=4/14/1 path=BottomUI/DLevel/DLevelText name=DLevelText item=(null) title=(null) url=(null) rect=381.19,827.69,92.63,20.19 internal gfx=gfx:2048x2048/root=2048x2048/rot=0/pkg:null touchable=True visible=True
[2026-08-09 09:38:45] FairyGUI: HUD底栏绑定 Weight=idx=4/8/0 path=BottomUI/DChatWindow/__codex_mobile_chattxt name=__codex_mobile_chattxt item=(null) title=(null) url=(null) rect=651.94,736.25,418,81.94 internal gfx=null touchable=False visible=True
[2026-08-09 09:38:45] FairyGUI: HUD底栏绑定 ExpBar=idx=4/16 path=BottomUI/DExpBar name=DExpBar item=DExpBar title=(null) url=ui://jk0io98jv9b11f rect=923.88,825.31,288.56,26.13 exported gfx=null touchable=True visible=True
[2026-08-09 09:38:45] FairyGUI: HUD底栏绑定 Volume=idx=4/33 path=BottomUI/textVolume name=textVolume item=(null) title=(null) url=(null) rect=1295.56,821.75,79.56,32.06 internal gfx=gfx:2048x2048/root=2048x2048/rot=0/pkg:null touchable=True visible=True
[2026-08-09 09:38:47] FairyGUI: HUD底栏绑定 Level=idx=4/14/1 path=BottomUI/DLevel/DLevelText name=DLevelText item=(null) title=(null) url=(null) rect=381.19,827.69,92.63,20.19 internal gfx=gfx:2048x2048/root=2048x2048/rot=0/pkg:null touchable=True visible=True
[2026-08-09 09:38:47] FairyGUI: HUD底栏绑定 Weight=idx=4/8/0 path=BottomUI/DChatWindow/__codex_mobile_chattxt name=__codex_mobile_chattxt item=(null) title=(null) url=(null) rect=651.94,736.25,418,81.94 internal gfx=null touchable=False visible=True
[2026-08-09 09:38:47] FairyGUI: HUD底栏绑定 ExpBar=idx=4/16 path=BottomUI/DExpBar name=DExpBar item=DExpBar title=(null) url=ui://jk0io98jv9b11f rect=923.88,825.31,288.56,26.13 exported gfx=null touchable=True visible=True
[2026-08-09 09:38:47] FairyGUI: HUD底栏绑定 Volume=idx=4/33 path=BottomUI/textVolume name=textVolume item=(null) title=(null) url=(null) rect=1295.56,821.75,79.56,32.06 internal gfx=gfx:2048x2048/root=2048x2048/rot=0/pkg:null touchable=True visible=True
[2026-08-09 09:38:49] FairyGUI: HUD底栏绑定 Level=idx=4/14/1 path=BottomUI/DLevel/DLevelText name=DLevelText item=(null) title=(null) url=(null) rect=381.19,827.69,92.63,20.19 internal gfx=gfx:2048x2048/root=2048x2048/rot=0/pkg:null touchable=True visible=True
[2026-08-09 09:38:49] FairyGUI: HUD底栏绑定 Weight=idx=4/8/0 path=BottomUI/DChatWindow/__codex_mobile_chattxt name=__codex_mobile_chattxt item=(null) title=(null) url=(null) rect=651.94,736.25,418,81.94 internal gfx=null touchable=False visible=True
[2026-08-09 09:38:49] FairyGUI: HUD底栏绑定 ExpBar=idx=4/16 path=BottomUI/DExpBar name=DExpBar item=DExpBar title=(null) url=ui://jk0io98jv9b11f rect=923.88,825.31,288.56,26.13 exported gfx=null touchable=True visible=True
[2026-08-09 09:38:49] FairyGUI: HUD底栏绑定 Volume=idx=4/33 path=BottomUI/textVolume name=textVolume item=(null) title=(null) url=(null) rect=1295.56,821.75,79.56,32.06 internal gfx=gfx:2048x2048/root=2048x2048/rot=0/pkg:null touchable=True visible=True
[2026-08-09 09:38:51] FairyGUI: HUD底栏绑定 Level=idx=4/14/1 path=BottomUI/DLevel/DLevelText name=DLevelText item=(null) title=(null) url=(null) rect=381.19,827.69,92.63,20.19 internal gfx=gfx:2048x2048/root=2048x2048/rot=0/pkg:null touchable=True visible=True
[2026-08-09 09:38:51] FairyGUI: HUD底栏绑定 Weight=idx=4/8/0 path=BottomUI/DChatWindow/__codex_mobile_chattxt name=__codex_mobile_chattxt item=(null) title=(null) url=(null) rect=651.94,736.25,418,81.94 internal gfx=null touchable=False visible=True
[2026-08-09 09:38:51] FairyGUI: HUD底栏绑定 ExpBar=idx=4/16 path=BottomUI/DExpBar name=DExpBar item=DExpBar title=(null) url=ui://jk0io98jv9b11f rect=923.88,825.31,288.56,26.13 exported gfx=null touchable=True visible=True
[2026-08-09 09:38:51] FairyGUI: HUD底栏绑定 Volume=idx=4/33 path=BottomUI/textVolume name=textVolume item=(null) title=(null) url=(null) rect=1295.56,821.75,79.56,32.06 internal gfx=gfx:2048x2048/root=2048x2048/rot=0/pkg:null touchable=True visible=True
[2026-08-09 09:38:53] FairyGUI: HUD底栏绑定 Level=idx=4/14/1 path=BottomUI/DLevel/DLevelText name=DLevelText item=(null) title=(null) url=(null) rect=381.19,827.69,92.63,20.19 internal gfx=gfx:2048x2048/root=2048x2048/rot=0/pkg:null touchable=True visible=True
[2026-08-09 09:38:53] FairyGUI: HUD底栏绑定 Weight=idx=4/8/0 path=BottomUI/DChatWindow/__codex_mobile_chattxt name=__codex_mobile_chattxt item=(null) title=(null) url=(null) rect=651.94,736.25,418,81.94 internal gfx=null touchable=False visible=True
[2026-08-09 09:38:53] FairyGUI: HUD底栏绑定 ExpBar=idx=4/16 path=BottomUI/DExpBar name=DExpBar item=DExpBar title=(null) url=ui://jk0io98jv9b11f rect=923.88,825.31,288.56,26.13 exported gfx=null touchable=True visible=True
[2026-08-09 09:38:53] FairyGUI: HUD底栏绑定 Volume=idx=4/33 path=BottomUI/textVolume name=textVolume item=(null) title=(null) url=(null) rect=1295.56,821.75,79.56,32.06 internal gfx=gfx:2048x2048/root=2048x2048/rot=0/pkg:null touchable=True visible=True
[2026-08-09 09:38:55] FairyGUI: HUD底栏绑定 Level=idx=4/14/1 path=BottomUI/DLevel/DLevelText name=DLevelText item=(null) title=(null) url=(null) rect=381.19,827.69,92.63,20.19 internal gfx=gfx:2048x2048/root=2048x2048/rot=0/pkg:null touchable=True visible=True
[2026-08-09 09:38:55] FairyGUI: HUD底栏绑定 Weight=idx=4/8/0 path=BottomUI/DChatWindow/__codex_mobile_chattxt name=__codex_mobile_chattxt item=(null) title=(null) url=(null) rect=651.94,736.25,418,81.94 internal gfx=null touchable=False visible=True
[2026-08-09 09:38:55] FairyGUI: HUD底栏绑定 ExpBar=idx=4/16 path=BottomUI/DExpBar name=DExpBar item=DExpBar title=(null) url=ui://jk0io98jv9b11f rect=923.88,825.31,288.56,26.13 exported gfx=null touchable=True visible=True
[2026-08-09 09:38:55] FairyGUI: HUD底栏绑定 Volume=idx=4/33 path=BottomUI/textVolume name=textVolume item=(null) title=(null) url=(null) rect=1295.56,821.75,79.56,32.06 internal gfx=gfx:2048x2048/root=2048x2048/rot=0/pkg:null touchable=True visible=True
[2026-08-09 09:38:57] FairyGUI: HUD底栏绑定 Level=idx=4/14/1 path=BottomUI/DLevel/DLevelText name=DLevelText item=(null) title=(null) url=(null) rect=381.19,827.69,92.63,20.19 internal gfx=gfx:2048x2048/root=2048x2048/rot=0/pkg:null touchable=True visible=True
[2026-08-09 09:38:57] FairyGUI: HUD底栏绑定 Weight=idx=4/8/0 path=BottomUI/DChatWindow/__codex_mobile_chattxt name=__codex_mobile_chattxt item=(null) title=(null) url=(null) rect=651.94,736.25,418,81.94 internal gfx=null touchable=False visible=True
[2026-08-09 09:38:57] FairyGUI: HUD底栏绑定 ExpBar=idx=4/16 path=BottomUI/DExpBar name=DExpBar item=DExpBar title=(null) url=ui://jk0io98jv9b11f rect=923.88,825.31,288.56,26.13 exported gfx=null touchable=True visible=True
[2026-08-09 09:38:57] FairyGUI: HUD底栏绑定 Volume=idx=4/33 path=BottomUI/textVolume name=textVolume item=(null) title=(null) url=(null) rect=1295.56,821.75,79.56,32.06 internal gfx=gfx:2048x2048/root=2048x2048/rot=0/pkg:null touchable=True visible=True
[2026-08-09 09:38:59] FairyGUI: HUD底栏绑定 Level=idx=4/14/1 path=BottomUI/DLevel/DLevelText name=DLevelText item=(null) title=(null) url=(null) rect=381.19,827.69,92.63,20.19 internal gfx=gfx:2048x2048/root=2048x2048/rot=0/pkg:null touchable=True visible=True
[2026-08-09 09:38:59] FairyGUI: HUD底栏绑定 Weight=idx=4/8/0 path=BottomUI/DChatWindow/__codex_mobile_chattxt name=__codex_mobile_chattxt item=(null) title=(null) url=(null) rect=651.94,736.25,418,81.94 internal gfx=null touchable=False visible=True
[2026-08-09 09:38:59] FairyGUI: HUD底栏绑定 ExpBar=idx=4/16 path=BottomUI/DExpBar name=DExpBar item=DExpBar title=(null) url=ui://jk0io98jv9b11f rect=923.88,825.31,288.56,26.13 exported gfx=null touchable=True visible=True
[2026-08-09 09:38:59] FairyGUI: HUD底栏绑定 Volume=idx=4/33 path=BottomUI/textVolume name=textVolume item=(null) title=(null) url=(null) rect=1295.56,821.75,79.56,32.06 internal gfx=gfx:2048x2048/root=2048x2048/rot=0/pkg:null touchable=True visible=True
[2026-08-09 09:39:01] FairyGUI: HUD底栏绑定 Level=idx=4/14/1 path=BottomUI/DLevel/DLevelText name=DLevelText item=(null) title=(null) url=(null) rect=381.19,827.69,92.63,20.19 internal gfx=gfx:2048x2048/root=2048x2048/rot=0/pkg:null touchable=True visible=True
[2026-08-09 09:39:01] FairyGUI: HUD底栏绑定 Weight=idx=4/8/0 path=BottomUI/DChatWindow/__codex_mobile_chattxt name=__codex_mobile_chattxt item=(null) title=(null) url=(null) rect=651.94,736.25,418,81.94 internal gfx=null touchable=False visible=True
[2026-08-09 09:39:01] FairyGUI: HUD底栏绑定 ExpBar=idx=4/16 path=BottomUI/DExpBar name=DExpBar item=DExpBar title=(null) url=ui://jk0io98jv9b11f rect=923.88,825.31,288.56,26.13 exported gfx=null touchable=True visible=True
[2026-08-09 09:39:01] FairyGUI: HUD底栏绑定 Volume=idx=4/33 path=BottomUI/textVolume name=textVolume item=(null) title=(null) url=(null) rect=1295.56,821.75,79.56,32.06 internal gfx=gfx:2048x2048/root=2048x2048/rot=0/pkg:null touchable=True visible=True
[2026-08-09 09:39:03] FairyGUI: HUD底栏绑定 Level=idx=4/14/1 path=BottomUI/DLevel/DLevelText name=DLevelText item=(null) title=(null) url=(null) rect=381.19,827.69,92.63,20.19 internal gfx=gfx:2048x2048/root=2048x2048/rot=0/pkg:null touchable=True visible=True
[2026-08-09 09:39:03] FairyGUI: HUD底栏绑定 Weight=idx=4/8/0 path=BottomUI/DChatWindow/__codex_mobile_chattxt name=__codex_mobile_chattxt item=(null) title=(null) url=(null) rect=651.94,736.25,418,81.94 internal gfx=null touchable=False visible=True
[2026-08-09 09:39:03] FairyGUI: HUD底栏绑定 ExpBar=idx=4/16 path=BottomUI/DExpBar name=DExpBar item=DExpBar title=(null) url=ui://jk0io98jv9b11f rect=923.88,825.31,288.56,26.13 exported gfx=null touchable=True visible=True
[2026-08-09 09:39:03] FairyGUI: HUD底栏绑定 Volume=idx=4/33 path=BottomUI/textVolume name=textVolume item=(null) title=(null) url=(null) rect=1295.56,821.75,79.56,32.06 internal gfx=gfx:2048x2048/root=2048x2048/rot=0/pkg:null touchable=True visible=True
[2026-08-09 09:39:05] FairyGUI: HUD底栏绑定 Level=idx=4/14/1 path=BottomUI/DLevel/DLevelText name=DLevelText item=(null) title=(null) url=(null) rect=381.19,827.69,92.63,20.19 internal gfx=gfx:2048x2048/root=2048x2048/rot=0/pkg:null touchable=True visible=True
[2026-08-09 09:39:05] FairyGUI: HUD底栏绑定 Weight=idx=4/8/0 path=BottomUI/DChatWindow/__codex_mobile_chattxt name=__codex_mobile_chattxt item=(null) title=(null) url=(null) rect=651.94,736.25,418,81.94 internal gfx=null touchable=False visible=True
[2026-08-09 09:39:05] FairyGUI: HUD底栏绑定 ExpBar=idx=4/16 path=BottomUI/DExpBar name=DExpBar item=DExpBar title=(null) url=ui://jk0io98jv9b11f rect=923.88,825.31,288.56,26.13 exported gfx=null touchable=True visible=True
[2026-08-09 09:39:05] FairyGUI: HUD底栏绑定 Volume=idx=4/33 path=BottomUI/textVolume name=textVolume item=(null) title=(null) url=(null) rect=1295.56,821.75,79.56,32.06 internal gfx=gfx:2048x2048/root=2048x2048/rot=0/pkg:null touchable=True visible=True
[2026-08-09 09:39:07] FairyGUI: HUD底栏绑定 Level=idx=4/14/1 path=BottomUI/DLevel/DLevelText name=DLevelText item=(null) title=(null) url=(null) rect=381.19,827.69,92.63,20.19 internal gfx=gfx:2048x2048/root=2048x2048/rot=0/pkg:null touchable=True visible=True
[2026-08-09 09:39:07] FairyGUI: HUD底栏绑定 Weight=idx=4/8/0 path=BottomUI/DChatWindow/__codex_mobile_chattxt name=__codex_mobile_chattxt item=(null) title=(null) url=(null) rect=651.94,736.25,418,81.94 internal gfx=null touchable=False visible=True
[2026-08-09 09:39:07] FairyGUI: HUD底栏绑定 ExpBar=idx=4/16 path=BottomUI/DExpBar name=DExpBar item=DExpBar title=(null) url=ui://jk0io98jv9b11f rect=923.88,825.31,288.56,26.13 exported gfx=null touchable=True visible=True
[2026-08-09 09:39:07] FairyGUI: HUD底栏绑定 Volume=idx=4/33 path=BottomUI/textVolume name=textVolume item=(null) title=(null) url=(null) rect=1295.56,821.75,79.56,32.06 internal gfx=gfx:2048x2048/root=2048x2048/rot=0/pkg:null touchable=True visible=True
[2026-08-09 09:39:09] FairyGUI: HUD底栏绑定 Level=idx=4/14/1 path=BottomUI/DLevel/DLevelText name=DLevelText item=(null) title=(null) url=(null) rect=381.19,827.69,92.63,20.19 internal gfx=gfx:2048x2048/root=2048x2048/rot=0/pkg:null touchable=True visible=True
[2026-08-09 09:39:09] FairyGUI: HUD底栏绑定 Weight=idx=4/8/0 path=BottomUI/DChatWindow/__codex_mobile_chattxt name=__codex_mobile_chattxt item=(null) title=(null) url=(null) rect=651.94,736.25,418,81.94 internal gfx=null touchable=False visible=True
[2026-08-09 09:39:09] FairyGUI: HUD底栏绑定 ExpBar=idx=4/16 path=BottomUI/DExpBar name=DExpBar item=DExpBar title=(null) url=ui://jk0io98jv9b11f rect=923.88,825.31,288.56,26.13 exported gfx=null touchable=True visible=True
[2026-08-09 09:39:09] FairyGUI: HUD底栏绑定 Volume=idx=4/33 path=BottomUI/textVolume name=textVolume item=(null) title=(null) url=(null) rect=1295.56,821.75,79.56,32.06 internal gfx=gfx:2048x2048/root=2048x2048/rot=0/pkg:null touchable=True visible=True
[2026-08-09 09:39:12] FairyGUI: HUD底栏绑定 Level=idx=4/14/1 path=BottomUI/DLevel/DLevelText name=DLevelText item=(null) title=(null) url=(null) rect=381.19,827.69,92.63,20.19 internal gfx=gfx:2048x2048/root=2048x2048/rot=0/pkg:null touchable=True visible=True
[2026-08-09 09:39:12] FairyGUI: HUD底栏绑定 Weight=idx=4/8/0 path=BottomUI/DChatWindow/__codex_mobile_chattxt name=__codex_mobile_chattxt item=(null) title=(null) url=(null) rect=651.94,736.25,418,81.94 internal gfx=null touchable=False visible=True
[2026-08-09 09:39:12] FairyGUI: HUD底栏绑定 ExpBar=idx=4/16 path=BottomUI/DExpBar name=DExpBar item=DExpBar title=(null) url=ui://jk0io98jv9b11f rect=923.88,825.31,288.56,26.13 exported gfx=null touchable=True visible=True
[2026-08-09 09:39:12] FairyGUI: HUD底栏绑定 Volume=idx=4/33 path=BottomUI/textVolume name=textVolume item=(null) title=(null) url=(null) rect=1295.56,821.75,79.56,32.06 internal gfx=gfx:2048x2048/root=2048x2048/rot=0/pkg:null touchable=True visible=True
[2026-08-09 09:39:14] FairyGUI: HUD底栏绑定 Level=idx=4/14/1 path=BottomUI/DLevel/DLevelText name=DLevelText item=(null) title=(null) url=(null) rect=381.19,827.69,92.63,20.19 internal gfx=gfx:2048x2048/root=2048x2048/rot=0/pkg:null touchable=True visible=True
[2026-08-09 09:39:14] FairyGUI: HUD底栏绑定 Weight=idx=4/8/0 path=BottomUI/DChatWindow/__codex_mobile_chattxt name=__codex_mobile_chattxt item=(null) title=(null) url=(null) rect=651.94,736.25,418,81.94 internal gfx=null touchable=False visible=True
[2026-08-09 09:39:14] FairyGUI: HUD底栏绑定 ExpBar=idx=4/16 path=BottomUI/DExpBar name=DExpBar item=DExpBar title=(null) url=ui://jk0io98jv9b11f rect=923.88,825.31,288.56,26.13 exported gfx=null touchable=True visible=True
[2026-08-09 09:39:14] FairyGUI: HUD底栏绑定 Volume=idx=4/33 path=BottomUI/textVolume name=textVolume item=(null) title=(null) url=(null) rect=1295.56,821.75,79.56,32.06 internal gfx=gfx:2048x2048/root=2048x2048/rot=0/pkg:null touchable=True visible=True
[2026-08-09 09:39:16] FairyGUI: HUD底栏绑定 Level=idx=4/14/1 path=BottomUI/DLevel/DLevelText name=DLevelText item=(null) title=(null) url=(null) rect=381.19,827.69,92.63,20.19 internal gfx=gfx:2048x2048/root=2048x2048/rot=0/pkg:null touchable=True visible=True
[2026-08-09 09:39:16] FairyGUI: HUD底栏绑定 Weight=idx=4/8/0 path=BottomUI/DChatWindow/__codex_mobile_chattxt name=__codex_mobile_chattxt item=(null) title=(null) url=(null) rect=651.94,736.25,418,81.94 internal gfx=null touchable=False visible=True
[2026-08-09 09:39:16] FairyGUI: HUD底栏绑定 ExpBar=idx=4/16 path=BottomUI/DExpBar name=DExpBar item=DExpBar title=(null) url=ui://jk0io98jv9b11f rect=923.88,825.31,288.56,26.13 exported gfx=null touchable=True visible=True
[2026-08-09 09:39:16] FairyGUI: HUD底栏绑定 Volume=idx=4/33 path=BottomUI/textVolume name=textVolume item=(null) title=(null) url=(null) rect=1295.56,821.75,79.56,32.06 internal gfx=gfx:2048x2048/root=2048x2048/rot=0/pkg:null touchable=True visible=True
[2026-08-09 09:39:18] FairyGUI: HUD底栏绑定 Level=idx=4/14/1 path=BottomUI/DLevel/DLevelText name=DLevelText item=(null) title=(null) url=(null) rect=381.19,827.69,92.63,20.19 internal gfx=gfx:2048x2048/root=2048x2048/rot=0/pkg:null touchable=True visible=True
[2026-08-09 09:39:18] FairyGUI: HUD底栏绑定 Weight=idx=4/8/0 path=BottomUI/DChatWindow/__codex_mobile_chattxt name=__codex_mobile_chattxt item=(null) title=(null) url=(null) rect=651.94,736.25,418,81.94 internal gfx=null touchable=False visible=True
[2026-08-09 09:39:18] FairyGUI: HUD底栏绑定 ExpBar=idx=4/16 path=BottomUI/DExpBar name=DExpBar item=DExpBar title=(null) url=ui://jk0io98jv9b11f rect=923.88,825.31,288.56,26.13 exported gfx=null touchable=True visible=True
[2026-08-09 09:39:18] FairyGUI: HUD底栏绑定 Volume=idx=4/33 path=BottomUI/textVolume name=textVolume item=(null) title=(null) url=(null) rect=1295.56,821.75,79.56,32.06 internal gfx=gfx:2048x2048/root=2048x2048/rot=0/pkg:null touchable=True visible=True
[2026-08-09 09:39:20] FairyGUI: HUD底栏绑定 Level=idx=4/14/1 path=BottomUI/DLevel/DLevelText name=DLevelText item=(null) title=(null) url=(null) rect=381.19,827.69,92.63,20.19 internal gfx=gfx:2048x2048/root=2048x2048/rot=0/pkg:null touchable=True visible=True
[2026-08-09 09:39:20] FairyGUI: HUD底栏绑定 Weight=idx=4/8/0 path=BottomUI/DChatWindow/__codex_mobile_chattxt name=__codex_mobile_chattxt item=(null) title=(null) url=(null) rect=651.94,736.25,418,81.94 internal gfx=null touchable=False visible=True
[2026-08-09 09:39:20] FairyGUI: HUD底栏绑定 ExpBar=idx=4/16 path=BottomUI/DExpBar name=DExpBar item=DExpBar title=(null) url=ui://jk0io98jv9b11f rect=923.88,825.31,288.56,26.13 exported gfx=null touchable=True visible=True
[2026-08-09 09:39:20] FairyGUI: HUD底栏绑定 Volume=idx=4/33 path=BottomUI/textVolume name=textVolume item=(null) title=(null) url=(null) rect=1295.56,821.75,79.56,32.06 internal gfx=gfx:2048x2048/root=2048x2048/rot=0/pkg:null touchable=True visible=True
[2026-08-09 09:39:22] FairyGUI: HUD底栏绑定 Level=idx=4/14/1 path=BottomUI/DLevel/DLevelText name=DLevelText item=(null) title=(null) url=(null) rect=381.19,827.69,92.63,20.19 internal gfx=gfx:2048x2048/root=2048x2048/rot=0/pkg:null touchable=True visible=True
[2026-08-09 09:39:22] FairyGUI: HUD底栏绑定 Weight=idx=4/8/0 path=BottomUI/DChatWindow/__codex_mobile_chattxt name=__codex_mobile_chattxt item=(null) title=(null) url=(null) rect=651.94,736.25,418,81.94 internal gfx=null touchable=False visible=True
[2026-08-09 09:39:22] FairyGUI: HUD底栏绑定 ExpBar=idx=4/16 path=BottomUI/DExpBar name=DExpBar item=DExpBar title=(null) url=ui://jk0io98jv9b11f rect=923.88,825.31,288.56,26.13 exported gfx=null touchable=True visible=True
[2026-08-09 09:39:22] FairyGUI: HUD底栏绑定 Volume=idx=4/33 path=BottomUI/textVolume name=textVolume item=(null) title=(null) url=(null) rect=1295.56,821.75,79.56,32.06 internal gfx=gfx:2048x2048/root=2048x2048/rot=0/pkg:null touchable=True visible=True
[2026-08-09 09:39:24] FairyGUI: HUD底栏绑定 Level=idx=4/14/1 path=BottomUI/DLevel/DLevelText name=DLevelText item=(null) title=(null) url=(null) rect=381.19,827.69,92.63,20.19 internal gfx=gfx:2048x2048/root=2048x2048/rot=0/pkg:null touchable=True visible=True
[2026-08-09 09:39:24] FairyGUI: HUD底栏绑定 Weight=idx=4/8/0 path=BottomUI/DChatWindow/__codex_mobile_chattxt name=__codex_mobile_chattxt item=(null) title=(null) url=(null) rect=651.94,736.25,418,81.94 internal gfx=null touchable=False visible=True
[2026-08-09 09:39:24] FairyGUI: HUD底栏绑定 ExpBar=idx=4/16 path=BottomUI/DExpBar name=DExpBar item=DExpBar title=(null) url=ui://jk0io98jv9b11f rect=923.88,825.31,288.56,26.13 exported gfx=null touchable=True visible=True
[2026-08-09 09:39:24] FairyGUI: HUD底栏绑定 Volume=idx=4/33 path=BottomUI/textVolume name=textVolume item=(null) title=(null) url=(null) rect=1295.56,821.75,79.56,32.06 internal gfx=gfx:2048x2048/root=2048x2048/rot=0/pkg:null touchable=True visible=True
[2026-08-09 09:39:26] FairyGUI: HUD底栏绑定 Level=idx=4/14/1 path=BottomUI/DLevel/DLevelText name=DLevelText item=(null) title=(null) url=(null) rect=381.19,827.69,92.63,20.19 internal gfx=gfx:2048x2048/root=2048x2048/rot=0/pkg:null touchable=True visible=True
[2026-08-09 09:39:26] FairyGUI: HUD底栏绑定 Weight=idx=4/8/0 path=BottomUI/DChatWindow/__codex_mobile_chattxt name=__codex_mobile_chattxt item=(null) title=(null) url=(null) rect=651.94,736.25,418,81.94 internal gfx=null touchable=False visible=True
[2026-08-09 09:39:26] FairyGUI: HUD底栏绑定 ExpBar=idx=4/16 path=BottomUI/DExpBar name=DExpBar item=DExpBar title=(null) url=ui://jk0io98jv9b11f rect=923.88,825.31,288.56,26.13 exported gfx=null touchable=True visible=True
[2026-08-09 09:39:26] FairyGUI: HUD底栏绑定 Volume=idx=4/33 path=BottomUI/textVolume name=textVolume item=(null) title=(null) url=(null) rect=1295.56,821.75,79.56,32.06 internal gfx=gfx:2048x2048/root=2048x2048/rot=0/pkg:null touchable=True visible=True
[2026-08-09 09:39:28] FairyGUI: HUD底栏绑定 Level=idx=4/14/1 path=BottomUI/DLevel/DLevelText name=DLevelText item=(null) title=(null) url=(null) rect=381.19,827.69,92.63,20.19 internal gfx=gfx:2048x2048/root=2048x2048/rot=0/pkg:null touchable=True visible=True
[2026-08-09 09:39:28] FairyGUI: HUD底栏绑定 Weight=idx=4/8/0 path=BottomUI/DChatWindow/__codex_mobile_chattxt name=__codex_mobile_chattxt item=(null) title=(null) url=(null) rect=651.94,736.25,418,81.94 internal gfx=null touchable=False visible=True
[2026-08-09 09:39:28] FairyGUI: HUD底栏绑定 ExpBar=idx=4/16 path=BottomUI/DExpBar name=DExpBar item=DExpBar title=(null) url=ui://jk0io98jv9b11f rect=923.88,825.31,288.56,26.13 exported gfx=null touchable=True visible=True
[2026-08-09 09:39:28] FairyGUI: HUD底栏绑定 Volume=idx=4/33 path=BottomUI/textVolume name=textVolume item=(null) title=(null) url=(null) rect=1295.56,821.75,79.56,32.06 internal gfx=gfx:2048x2048/root=2048x2048/rot=0/pkg:null touchable=True visible=True
[2026-08-09 09:39:30] FairyGUI: HUD底栏绑定 Level=idx=4/14/1 path=BottomUI/DLevel/DLevelText name=DLevelText item=(null) title=(null) url=(null) rect=381.19,827.69,92.63,20.19 internal gfx=gfx:2048x2048/root=2048x2048/rot=0/pkg:null touchable=True visible=True
[2026-08-09 09:39:30] FairyGUI: HUD底栏绑定 Weight=idx=4/8/0 path=BottomUI/DChatWindow/__codex_mobile_chattxt name=__codex_mobile_chattxt item=(null) title=(null) url=(null) rect=651.94,736.25,418,81.94 internal gfx=null touchable=False visible=True
[2026-08-09 09:39:30] FairyGUI: HUD底栏绑定 ExpBar=idx=4/16 path=BottomUI/DExpBar name=DExpBar item=DExpBar title=(null) url=ui://jk0io98jv9b11f rect=923.88,825.31,288.56,26.13 exported gfx=null touchable=True visible=True
[2026-08-09 09:39:30] FairyGUI: HUD底栏绑定 Volume=idx=4/33 path=BottomUI/textVolume name=textVolume item=(null) title=(null) url=(null) rect=1295.56,821.75,79.56,32.06 internal gfx=gfx:2048x2048/root=2048x2048/rot=0/pkg:null touchable=True visible=True
[2026-08-09 09:39:32] FairyGUI: HUD底栏绑定 Level=idx=4/14/1 path=BottomUI/DLevel/DLevelText name=DLevelText item=(null) title=(null) url=(null) rect=381.19,827.69,92.63,20.19 internal gfx=gfx:2048x2048/root=2048x2048/rot=0/pkg:null touchable=True visible=True
[2026-08-09 09:39:32] FairyGUI: HUD底栏绑定 Weight=idx=4/8/0 path=BottomUI/DChatWindow/__codex_mobile_chattxt name=__codex_mobile_chattxt item=(null) title=(null) url=(null) rect=651.94,736.25,418,81.94 internal gfx=null touchable=False visible=True
[2026-08-09 09:39:32] FairyGUI: HUD底栏绑定 ExpBar=idx=4/16 path=BottomUI/DExpBar name=DExpBar item=DExpBar title=(null) url=ui://jk0io98jv9b11f rect=923.88,825.31,288.56,26.13 exported gfx=null touchable=True visible=True
[2026-08-09 09:39:32] FairyGUI: HUD底栏绑定 Volume=idx=4/33 path=BottomUI/textVolume name=textVolume item=(null) title=(null) url=(null) rect=1295.56,821.75,79.56,32.06 internal gfx=gfx:2048x2048/root=2048x2048/rot=0/pkg:null touchable=True visible=True
[2026-08-09 09:39:34] FairyGUI: HUD底栏绑定 Level=idx=4/14/1 path=BottomUI/DLevel/DLevelText name=DLevelText item=(null) title=(null) url=(null) rect=381.19,827.69,92.63,20.19 internal gfx=gfx:2048x2048/root=2048x2048/rot=0/pkg:null touchable=True visible=True
[2026-08-09 09:39:34] FairyGUI: HUD底栏绑定 Weight=idx=4/8/0 path=BottomUI/DChatWindow/__codex_mobile_chattxt name=__codex_mobile_chattxt item=(null) title=(null) url=(null) rect=651.94,736.25,418,81.94 internal gfx=null touchable=False visible=True
[2026-08-09 09:39:34] FairyGUI: HUD底栏绑定 ExpBar=idx=4/16 path=BottomUI/DExpBar name=DExpBar item=DExpBar title=(null) url=ui://jk0io98jv9b11f rect=923.88,825.31,288.56,26.13 exported gfx=null touchable=True visible=True
[2026-08-09 09:39:34] FairyGUI: HUD底栏绑定 Volume=idx=4/33 path=BottomUI/textVolume name=textVolume item=(null) title=(null) url=(null) rect=1295.56,821.75,79.56,32.06 internal gfx=gfx:2048x2048/root=2048x2048/rot=0/pkg:null touchable=True visible=True
[2026-08-09 09:39:36] FairyGUI: HUD底栏绑定 Level=idx=4/14/1 path=BottomUI/DLevel/DLevelText name=DLevelText item=(null) title=(null) url=(null) rect=381.19,827.69,92.63,20.19 internal gfx=gfx:2048x2048/root=2048x2048/rot=0/pkg:null touchable=True visible=True
[2026-08-09 09:39:36] FairyGUI: HUD底栏绑定 Weight=idx=4/8/0 path=BottomUI/DChatWindow/__codex_mobile_chattxt name=__codex_mobile_chattxt item=(null) title=(null) url=(null) rect=651.94,736.25,418,81.94 internal gfx=null touchable=False visible=True
[2026-08-09 09:39:36] FairyGUI: HUD底栏绑定 ExpBar=idx=4/16 path=BottomUI/DExpBar name=DExpBar item=DExpBar title=(null) url=ui://jk0io98jv9b11f rect=923.88,825.31,288.56,26.13 exported gfx=null touchable=True visible=True
[2026-08-09 09:39:36] FairyGUI: HUD底栏绑定 Volume=idx=4/33 path=BottomUI/textVolume name=textVolume item=(null) title=(null) url=(null) rect=1295.56,821.75,79.56,32.06 internal gfx=gfx:2048x2048/root=2048x2048/rot=0/pkg:null touchable=True visible=True
[2026-08-09 09:39:38] FairyGUI: HUD底栏绑定 Level=idx=4/14/1 path=BottomUI/DLevel/DLevelText name=DLevelText item=(null) title=(null) url=(null) rect=381.19,827.69,92.63,20.19 internal gfx=gfx:2048x2048/root=2048x2048/rot=0/pkg:null touchable=True visible=True
[2026-08-09 09:39:38] FairyGUI: HUD底栏绑定 Weight=idx=4/8/0 path=BottomUI/DChatWindow/__codex_mobile_chattxt name=__codex_mobile_chattxt item=(null) title=(null) url=(null) rect=651.94,736.25,418,81.94 internal gfx=null touchable=False visible=True
[2026-08-09 09:39:38] FairyGUI: HUD底栏绑定 ExpBar=idx=4/16 path=BottomUI/DExpBar name=DExpBar item=DExpBar title=(null) url=ui://jk0io98jv9b11f rect=923.88,825.31,288.56,26.13 exported gfx=null touchable=True visible=True
[2026-08-09 09:39:38] FairyGUI: HUD底栏绑定 Volume=idx=4/33 path=BottomUI/textVolume name=textVolume item=(null) title=(null) url=(null) rect=1295.56,821.75,79.56,32.06 internal gfx=gfx:2048x2048/root=2048x2048/rot=0/pkg:null touchable=True visible=True
[2026-08-09 09:39:40] FairyGUI: HUD底栏绑定 Level=idx=4/14/1 path=BottomUI/DLevel/DLevelText name=DLevelText item=(null) title=(null) url=(null) rect=381.19,827.69,92.63,20.19 internal gfx=gfx:2048x2048/root=2048x2048/rot=0/pkg:null touchable=True visible=True
[2026-08-09 09:39:40] FairyGUI: HUD底栏绑定 Weight=idx=4/8/0 path=BottomUI/DChatWindow/__codex_mobile_chattxt name=__codex_mobile_chattxt item=(null) title=(null) url=(null) rect=651.94,736.25,418,81.94 internal gfx=null touchable=False visible=True
[2026-08-09 09:39:40] FairyGUI: HUD底栏绑定 ExpBar=idx=4/16 path=BottomUI/DExpBar name=DExpBar item=DExpBar title=(null) url=ui://jk0io98jv9b11f rect=923.88,825.31,288.56,26.13 exported gfx=null touchable=True visible=True
[2026-08-09 09:39:40] FairyGUI: HUD底栏绑定 Volume=idx=4/33 path=BottomUI/textVolume name=textVolume item=(null) title=(null) url=(null) rect=1295.56,821.75,79.56,32.06 internal gfx=gfx:2048x2048/root=2048x2048/rot=0/pkg:null touchable=True visible=True
[2026-08-09 09:39:42] FairyGUI: HUD底栏绑定 Level=idx=4/14/1 path=BottomUI/DLevel/DLevelText name=DLevelText item=(null) title=(null) url=(null) rect=381.19,827.69,92.63,20.19 internal gfx=gfx:2048x2048/root=2048x2048/rot=0/pkg:null touchable=True visible=True
[2026-08-09 09:39:42] FairyGUI: HUD底栏绑定 Weight=idx=4/8/0 path=BottomUI/DChatWindow/__codex_mobile_chattxt name=__codex_mobile_chattxt item=(null) title=(null) url=(null) rect=651.94,736.25,418,81.94 internal gfx=null touchable=False visible=True
[2026-08-09 09:39:42] FairyGUI: HUD底栏绑定 ExpBar=idx=4/16 path=BottomUI/DExpBar name=DExpBar item=DExpBar title=(null) url=ui://jk0io98jv9b11f rect=923.88,825.31,288.56,26.13 exported gfx=null touchable=True visible=True
[2026-08-09 09:39:42] FairyGUI: HUD底栏绑定 Volume=idx=4/33 path=BottomUI/textVolume name=textVolume item=(null) title=(null) url=(null) rect=1295.56,821.75,79.56,32.06 internal gfx=gfx:2048x2048/root=2048x2048/rot=0/pkg:null touchable=True visible=True
[2026-08-09 09:39:44] FairyGUI: HUD底栏绑定 Level=idx=4/14/1 path=BottomUI/DLevel/DLevelText name=DLevelText item=(null) title=(null) url=(null) rect=381.19,827.69,92.63,20.19 internal gfx=gfx:2048x2048/root=2048x2048/rot=0/pkg:null touchable=True visible=True
[2026-08-09 09:39:44] FairyGUI: HUD底栏绑定 Weight=idx=4/8/0 path=BottomUI/DChatWindow/__codex_mobile_chattxt name=__codex_mobile_chattxt item=(null) title=(null) url=(null) rect=651.94,736.25,418,81.94 internal gfx=null touchable=False visible=True
[2026-08-09 09:39:44] FairyGUI: HUD底栏绑定 ExpBar=idx=4/16 path=BottomUI/DExpBar name=DExpBar item=DExpBar title=(null) url=ui://jk0io98jv9b11f rect=923.88,825.31,288.56,26.13 exported gfx=null touchable=True visible=True
[2026-08-09 09:39:44] FairyGUI: HUD底栏绑定 Volume=idx=4/33 path=BottomUI/textVolume name=textVolume item=(null) title=(null) url=(null) rect=1295.56,821.75,79.56,32.06 internal gfx=gfx:2048x2048/root=2048x2048/rot=0/pkg:null touchable=True visible=True
[2026-08-09 09:39:46] FairyGUI: HUD底栏绑定 Level=idx=4/14/1 path=BottomUI/DLevel/DLevelText name=DLevelText item=(null) title=(null) url=(null) rect=381.19,827.69,92.63,20.19 internal gfx=gfx:2048x2048/root=2048x2048/rot=0/pkg:null touchable=True visible=True
[2026-08-09 09:39:46] FairyGUI: HUD底栏绑定 Weight=idx=4/8/0 path=BottomUI/DChatWindow/__codex_mobile_chattxt name=__codex_mobile_chattxt item=(null) title=(null) url=(null) rect=651.94,736.25,418,81.94 internal gfx=null touchable=False visible=True
[2026-08-09 09:39:46] FairyGUI: HUD底栏绑定 ExpBar=idx=4/16 path=BottomUI/DExpBar name=DExpBar item=DExpBar title=(null) url=ui://jk0io98jv9b11f rect=923.88,825.31,288.56,26.13 exported gfx=null touchable=True visible=True
[2026-08-09 09:39:46] FairyGUI: HUD底栏绑定 Volume=idx=4/33 path=BottomUI/textVolume name=textVolume item=(null) title=(null) url=(null) rect=1295.56,821.75,79.56,32.06 internal gfx=gfx:2048x2048/root=2048x2048/rot=0/pkg:null touchable=True visible=True
[2026-08-09 09:39:48] FairyGUI: HUD底栏绑定 Level=idx=4/14/1 path=BottomUI/DLevel/DLevelText name=DLevelText item=(null) title=(null) url=(null) rect=381.19,827.69,92.63,20.19 internal gfx=gfx:2048x2048/root=2048x2048/rot=0/pkg:null touchable=True visible=True
[2026-08-09 09:39:48] FairyGUI: HUD底栏绑定 Weight=idx=4/8/0 path=BottomUI/DChatWindow/__codex_mobile_chattxt name=__codex_mobile_chattxt item=(null) title=(null) url=(null) rect=651.94,736.25,418,81.94 internal gfx=null touchable=False visible=True
[2026-08-09 09:39:48] FairyGUI: HUD底栏绑定 ExpBar=idx=4/16 path=BottomUI/DExpBar name=DExpBar item=DExpBar title=(null) url=ui://jk0io98jv9b11f rect=923.88,825.31,288.56,26.13 exported gfx=null touchable=True visible=True
[2026-08-09 09:39:48] FairyGUI: HUD底栏绑定 Volume=idx=4/33 path=BottomUI/textVolume name=textVolume item=(null) title=(null) url=(null) rect=1295.56,821.75,79.56,32.06 internal gfx=gfx:2048x2048/root=2048x2048/rot=0/pkg:null touchable=True visible=True
[2026-08-09 09:39:50] FairyGUI: HUD底栏绑定 Level=idx=4/14/1 path=BottomUI/DLevel/DLevelText name=DLevelText item=(null) title=(null) url=(null) rect=381.19,827.69,92.63,20.19 internal gfx=gfx:2048x2048/root=2048x2048/rot=0/pkg:null touchable=True visible=True
[2026-08-09 09:39:50] FairyGUI: HUD底栏绑定 Weight=idx=4/8/0 path=BottomUI/DChatWindow/__codex_mobile_chattxt name=__codex_mobile_chattxt item=(null) title=(null) url=(null) rect=651.94,736.25,418,81.94 internal gfx=null touchable=False visible=True
[2026-08-09 09:39:50] FairyGUI: HUD底栏绑定 ExpBar=idx=4/16 path=BottomUI/DExpBar name=DExpBar item=DExpBar title=(null) url=ui://jk0io98jv9b11f rect=923.88,825.31,288.56,26.13 exported gfx=null touchable=True visible=True
[2026-08-09 09:39:50] FairyGUI: HUD底栏绑定 Volume=idx=4/33 path=BottomUI/textVolume name=textVolume item=(null) title=(null) url=(null) rect=1295.56,821.75,79.56,32.06 internal gfx=gfx:2048x2048/root=2048x2048/rot=0/pkg:null touchable=True visible=True
[2026-08-09 09:39:52] FairyGUI: HUD底栏绑定 Level=idx=4/14/1 path=BottomUI/DLevel/DLevelText name=DLevelText item=(null) title=(null) url=(null) rect=381.19,827.69,92.63,20.19 internal gfx=gfx:2048x2048/root=2048x2048/rot=0/pkg:null touchable=True visible=True
[2026-08-09 09:39:52] FairyGUI: HUD底栏绑定 Weight=idx=4/8/0 path=BottomUI/DChatWindow/__codex_mobile_chattxt name=__codex_mobile_chattxt item=(null) title=(null) url=(null) rect=651.94,736.25,418,81.94 internal gfx=null touchable=False visible=True
[2026-08-09 09:39:52] FairyGUI: HUD底栏绑定 ExpBar=idx=4/16 path=BottomUI/DExpBar name=DExpBar item=DExpBar title=(null) url=ui://jk0io98jv9b11f rect=923.88,825.31,288.56,26.13 exported gfx=null touchable=True visible=True
[2026-08-09 09:39:52] FairyGUI: HUD底栏绑定 Volume=idx=4/33 path=BottomUI/textVolume name=textVolume item=(null) title=(null) url=(null) rect=1295.56,821.75,79.56,32.06 internal gfx=gfx:2048x2048/root=2048x2048/rot=0/pkg:null touchable=True visible=True
[2026-08-09 09:39:54] FairyGUI: HUD底栏绑定 Level=idx=4/14/1 path=BottomUI/DLevel/DLevelText name=DLevelText item=(null) title=(null) url=(null) rect=381.19,827.69,92.63,20.19 internal gfx=gfx:2048x2048/root=2048x2048/rot=0/pkg:null touchable=True visible=True
[2026-08-09 09:39:54] FairyGUI: HUD底栏绑定 Weight=idx=4/8/0 path=BottomUI/DChatWindow/__codex_mobile_chattxt name=__codex_mobile_chattxt item=(null) title=(null) url=(null) rect=651.94,736.25,418,81.94 internal gfx=null touchable=False visible=True
[2026-08-09 09:39:54] FairyGUI: HUD底栏绑定 ExpBar=idx=4/16 path=BottomUI/DExpBar name=DExpBar item=DExpBar title=(null) url=ui://jk0io98jv9b11f rect=923.88,825.31,288.56,26.13 exported gfx=null touchable=True visible=True
[2026-08-09 09:39:54] FairyGUI: HUD底栏绑定 Volume=idx=4/33 path=BottomUI/textVolume name=textVolume item=(null) title=(null) url=(null) rect=1295.56,821.75,79.56,32.06 internal gfx=gfx:2048x2048/root=2048x2048/rot=0/pkg:null touchable=True visible=True
[2026-08-09 09:39:56] FairyGUI: HUD底栏绑定 Level=idx=4/14/1 path=BottomUI/DLevel/DLevelText name=DLevelText item=(null) title=(null) url=(null) rect=381.19,827.69,92.63,20.19 internal gfx=gfx:2048x2048/root=2048x2048/rot=0/pkg:null touchable=True visible=True
[2026-08-09 09:39:56] FairyGUI: HUD底栏绑定 Weight=idx=4/8/0 path=BottomUI/DChatWindow/__codex_mobile_chattxt name=__codex_mobile_chattxt item=(null) title=(null) url=(null) rect=651.94,736.25,418,81.94 internal gfx=null touchable=False visible=True
[2026-08-09 09:39:56] FairyGUI: HUD底栏绑定 ExpBar=idx=4/16 path=BottomUI/DExpBar name=DExpBar item=DExpBar title=(null) url=ui://jk0io98jv9b11f rect=923.88,825.31,288.56,26.13 exported gfx=null touchable=True visible=True
[2026-08-09 09:39:56] FairyGUI: HUD底栏绑定 Volume=idx=4/33 path=BottomUI/textVolume name=textVolume item=(null) title=(null) url=(null) rect=1295.56,821.75,79.56,32.06 internal gfx=gfx:2048x2048/root=2048x2048/rot=0/pkg:null touchable=True visible=True
[2026-08-09 09:39:58] FairyGUI: HUD底栏绑定 Level=idx=4/14/1 path=BottomUI/DLevel/DLevelText name=DLevelText item=(null) title=(null) url=(null) rect=381.19,827.69,92.63,20.19 internal gfx=gfx:2048x2048/root=2048x2048/rot=0/pkg:null touchable=True visible=True
[2026-08-09 09:39:58] FairyGUI: HUD底栏绑定 Weight=idx=4/8/0 path=BottomUI/DChatWindow/__codex_mobile_chattxt name=__codex_mobile_chattxt item=(null) title=(null) url=(null) rect=651.94,736.25,418,81.94 internal gfx=null touchable=False visible=True
[2026-08-09 09:39:58] FairyGUI: HUD底栏绑定 ExpBar=idx=4/16 path=BottomUI/DExpBar name=DExpBar item=DExpBar title=(null) url=ui://jk0io98jv9b11f rect=923.88,825.31,288.56,26.13 exported gfx=null touchable=True visible=True
[2026-08-09 09:39:58] FairyGUI: HUD底栏绑定 Volume=idx=4/33 path=BottomUI/textVolume name=textVolume item=(null) title=(null) url=(null) rect=1295.56,821.75,79.56,32.06 internal gfx=gfx:2048x2048/root=2048x2048/rot=0/pkg:null touchable=True visible=True
[2026-08-09 09:40:00] FairyGUI: HUD底栏绑定 Level=idx=4/14/1 path=BottomUI/DLevel/DLevelText name=DLevelText item=(null) title=(null) url=(null) rect=381.19,827.69,92.63,20.19 internal gfx=gfx:2048x2048/root=2048x2048/rot=0/pkg:null touchable=True visible=True
[2026-08-09 09:40:00] FairyGUI: HUD底栏绑定 Weight=idx=4/8/0 path=BottomUI/DChatWindow/__codex_mobile_chattxt name=__codex_mobile_chattxt item=(null) title=(null) url=(null) rect=651.94,736.25,418,81.94 internal gfx=null touchable=False visible=True
[2026-08-09 09:40:00] FairyGUI: HUD底栏绑定 ExpBar=idx=4/16 path=BottomUI/DExpBar name=DExpBar item=DExpBar title=(null) url=ui://jk0io98jv9b11f rect=923.88,825.31,288.56,26.13 exported gfx=null touchable=True visible=True
[2026-08-09 09:40:00] FairyGUI: HUD底栏绑定 Volume=idx=4/33 path=BottomUI/textVolume name=textVolume item=(null) title=(null) url=(null) rect=1295.56,821.75,79.56,32.06 internal gfx=gfx:2048x2048/root=2048x2048/rot=0/pkg:null touchable=True visible=True
[2026-08-09 09:40:02] FairyGUI: HUD底栏绑定 Level=idx=4/14/1 path=BottomUI/DLevel/DLevelText name=DLevelText item=(null) title=(null) url=(null) rect=381.19,827.69,92.63,20.19 internal gfx=gfx:2048x2048/root=2048x2048/rot=0/pkg:null touchable=True visible=True
[2026-08-09 09:40:02] FairyGUI: HUD底栏绑定 Weight=idx=4/8/0 path=BottomUI/DChatWindow/__codex_mobile_chattxt name=__codex_mobile_chattxt item=(null) title=(null) url=(null) rect=651.94,736.25,418,81.94 internal gfx=null touchable=False visible=True
[2026-08-09 09:40:02] FairyGUI: HUD底栏绑定 ExpBar=idx=4/16 path=BottomUI/DExpBar name=DExpBar item=DExpBar title=(null) url=ui://jk0io98jv9b11f rect=923.88,825.31,288.56,26.13 exported gfx=null touchable=True visible=True
[2026-08-09 09:40:02] FairyGUI: HUD底栏绑定 Volume=idx=4/33 path=BottomUI/textVolume name=textVolume item=(null) title=(null) url=(null) rect=1295.56,821.75,79.56,32.06 internal gfx=gfx:2048x2048/root=2048x2048/rot=0/pkg:null touchable=True visible=True
[2026-08-09 09:40:04] FairyGUI: HUD底栏绑定 Level=idx=4/14/1 path=BottomUI/DLevel/DLevelText name=DLevelText item=(null) title=(null) url=(null) rect=381.19,827.69,92.63,20.19 internal gfx=gfx:2048x2048/root=2048x2048/rot=0/pkg:null touchable=True visible=True
[2026-08-09 09:40:04] FairyGUI: HUD底栏绑定 Weight=idx=4/8/0 path=BottomUI/DChatWindow/__codex_mobile_chattxt name=__codex_mobile_chattxt item=(null) title=(null) url=(null) rect=651.94,736.25,418,81.94 internal gfx=null touchable=False visible=True
[2026-08-09 09:40:04] FairyGUI: HUD底栏绑定 ExpBar=idx=4/16 path=BottomUI/DExpBar name=DExpBar item=DExpBar title=(null) url=ui://jk0io98jv9b11f rect=923.88,825.31,288.56,26.13 exported gfx=null touchable=True visible=True
[2026-08-09 09:40:04] FairyGUI: HUD底栏绑定 Volume=idx=4/33 path=BottomUI/textVolume name=textVolume item=(null) title=(null) url=(null) rect=1295.56,821.75,79.56,32.06 internal gfx=gfx:2048x2048/root=2048x2048/rot=0/pkg:null touchable=True visible=True
[2026-08-09 09:40:06] FairyGUI: HUD底栏绑定 Level=idx=4/14/1 path=BottomUI/DLevel/DLevelText name=DLevelText item=(null) title=(null) url=(null) rect=381.19,827.69,92.63,20.19 internal gfx=gfx:2048x2048/root=2048x2048/rot=0/pkg:null touchable=True visible=True
[2026-08-09 09:40:06] FairyGUI: HUD底栏绑定 Weight=idx=4/8/0 path=BottomUI/DChatWindow/__codex_mobile_chattxt name=__codex_mobile_chattxt item=(null) title=(null) url=(null) rect=651.94,736.25,418,81.94 internal gfx=null touchable=False visible=True
[2026-08-09 09:40:06] FairyGUI: HUD底栏绑定 ExpBar=idx=4/16 path=BottomUI/DExpBar name=DExpBar item=DExpBar title=(null) url=ui://jk0io98jv9b11f rect=923.88,825.31,288.56,26.13 exported gfx=null touchable=True visible=True
[2026-08-09 09:40:06] FairyGUI: HUD底栏绑定 Volume=idx=4/33 path=BottomUI/textVolume name=textVolume item=(null) title=(null) url=(null) rect=1295.56,821.75,79.56,32.06 internal gfx=gfx:2048x2048/root=2048x2048/rot=0/pkg:null touchable=True visible=True
[2026-08-09 09:40:08] FairyGUI: HUD底栏绑定 Level=idx=4/14/1 path=BottomUI/DLevel/DLevelText name=DLevelText item=(null) title=(null) url=(null) rect=381.19,827.69,92.63,20.19 internal gfx=gfx:2048x2048/root=2048x2048/rot=0/pkg:null touchable=True visible=True
[2026-08-09 09:40:08] FairyGUI: HUD底栏绑定 Weight=idx=4/8/0 path=BottomUI/DChatWindow/__codex_mobile_chattxt name=__codex_mobile_chattxt item=(null) title=(null) url=(null) rect=651.94,736.25,418,81.94 internal gfx=null touchable=False visible=True
[2026-08-09 09:40:08] FairyGUI: HUD底栏绑定 ExpBar=idx=4/16 path=BottomUI/DExpBar name=DExpBar item=DExpBar title=(null) url=ui://jk0io98jv9b11f rect=923.88,825.31,288.56,26.13 exported gfx=null touchable=True visible=True
[2026-08-09 09:40:08] FairyGUI: HUD底栏绑定 Volume=idx=4/33 path=BottomUI/textVolume name=textVolume item=(null) title=(null) url=(null) rect=1295.56,821.75,79.56,32.06 internal gfx=gfx:2048x2048/root=2048x2048/rot=0/pkg:null touchable=True visible=True
[2026-08-09 09:40:10] FairyGUI: HUD底栏绑定 Level=idx=4/14/1 path=BottomUI/DLevel/DLevelText name=DLevelText item=(null) title=(null) url=(null) rect=381.19,827.69,92.63,20.19 internal gfx=gfx:2048x2048/root=2048x2048/rot=0/pkg:null touchable=True visible=True
[2026-08-09 09:40:10] FairyGUI: HUD底栏绑定 Weight=idx=4/8/0 path=BottomUI/DChatWindow/__codex_mobile_chattxt name=__codex_mobile_chattxt item=(null) title=(null) url=(null) rect=651.94,736.25,418,81.94 internal gfx=null touchable=False visible=True
[2026-08-09 09:40:10] FairyGUI: HUD底栏绑定 ExpBar=idx=4/16 path=BottomUI/DExpBar name=DExpBar item=DExpBar title=(null) url=ui://jk0io98jv9b11f rect=923.88,825.31,288.56,26.13 exported gfx=null touchable=True visible=True
[2026-08-09 09:40:10] FairyGUI: HUD底栏绑定 Volume=idx=4/33 path=BottomUI/textVolume name=textVolume item=(null) title=(null) url=(null) rect=1295.56,821.75,79.56,32.06 internal gfx=gfx:2048x2048/root=2048x2048/rot=0/pkg:null touchable=True visible=True
[2026-08-09 09:40:11] MicroSound: 已下载 450-2.wav -> /data/user/0/com.lommir.client.monogame.android/files/Cache/Mobile/Sounds/450-2.wav
[2026-08-09 09:40:11] MicroSound: 已下载 450-3.wav -> /data/user/0/com.lommir.client.monogame.android/files/Cache/Mobile/Sounds/450-3.wav
[2026-08-09 09:40:13] FairyGUI: HUD底栏绑定 Level=idx=4/14/1 path=BottomUI/DLevel/DLevelText name=DLevelText item=(null) title=(null) url=(null) rect=381.19,827.69,92.63,20.19 internal gfx=gfx:2048x2048/root=2048x2048/rot=0/pkg:null touchable=True visible=True
[2026-08-09 09:40:13] FairyGUI: HUD底栏绑定 Weight=idx=4/8/0 path=BottomUI/DChatWindow/__codex_mobile_chattxt name=__codex_mobile_chattxt item=(null) title=(null) url=(null) rect=651.94,736.25,418,81.94 internal gfx=null touchable=False visible=True
[2026-08-09 09:40:13] FairyGUI: HUD底栏绑定 ExpBar=idx=4/16 path=BottomUI/DExpBar name=DExpBar item=DExpBar title=(null) url=ui://jk0io98jv9b11f rect=923.88,825.31,288.56,26.13 exported gfx=null touchable=True visible=True
[2026-08-09 09:40:13] FairyGUI: HUD底栏绑定 Volume=idx=4/33 path=BottomUI/textVolume name=textVolume item=(null) title=(null) url=(null) rect=1295.56,821.75,79.56,32.06 internal gfx=gfx:2048x2048/root=2048x2048/rot=0/pkg:null touchable=True visible=True
[2026-08-09 09:40:15] FairyGUI: HUD底栏绑定 Level=idx=4/14/1 path=BottomUI/DLevel/DLevelText name=DLevelText item=(null) title=(null) url=(null) rect=381.19,827.69,92.63,20.19 internal gfx=gfx:2048x2048/root=2048x2048/rot=0/pkg:null touchable=True visible=True
[2026-08-09 09:40:15] FairyGUI: HUD底栏绑定 Weight=idx=4/8/0 path=BottomUI/DChatWindow/__codex_mobile_chattxt name=__codex_mobile_chattxt item=(null) title=(null) url=(null) rect=651.94,736.25,418,81.94 internal gfx=null touchable=False visible=True
[2026-08-09 09:40:15] FairyGUI: HUD底栏绑定 ExpBar=idx=4/16 path=BottomUI/DExpBar name=DExpBar item=DExpBar title=(null) url=ui://jk0io98jv9b11f rect=923.88,825.31,288.56,26.13 exported gfx=null touchable=True visible=True
[2026-08-09 09:40:15] FairyGUI: HUD底栏绑定 Volume=idx=4/33 path=BottomUI/textVolume name=textVolume item=(null) title=(null) url=(null) rect=1295.56,821.75,79.56,32.06 internal gfx=gfx:2048x2048/root=2048x2048/rot=0/pkg:null touchable=True visible=True
[2026-08-09 09:40:17] FairyGUI: HUD底栏绑定 Level=idx=4/14/1 path=BottomUI/DLevel/DLevelText name=DLevelText item=(null) title=(null) url=(null) rect=381.19,827.69,92.63,20.19 internal gfx=gfx:2048x2048/root=2048x2048/rot=0/pkg:null touchable=True visible=True
[2026-08-09 09:40:17] FairyGUI: HUD底栏绑定 Weight=idx=4/8/0 path=BottomUI/DChatWindow/__codex_mobile_chattxt name=__codex_mobile_chattxt item=(null) title=(null) url=(null) rect=651.94,736.25,418,81.94 internal gfx=null touchable=False visible=True
[2026-08-09 09:40:17] FairyGUI: HUD底栏绑定 ExpBar=idx=4/16 path=BottomUI/DExpBar name=DExpBar item=DExpBar title=(null) url=ui://jk0io98jv9b11f rect=923.88,825.31,288.56,26.13 exported gfx=null touchable=True visible=True
[2026-08-09 09:40:17] FairyGUI: HUD底栏绑定 Volume=idx=4/33 path=BottomUI/textVolume name=textVolume item=(null) title=(null) url=(null) rect=1295.56,821.75,79.56,32.06 internal gfx=gfx:2048x2048/root=2048x2048/rot=0/pkg:null touchable=True visible=True
[2026-08-09 09:40:19] FairyGUI: HUD底栏绑定 Level=idx=4/14/1 path=BottomUI/DLevel/DLevelText name=DLevelText item=(null) title=(null) url=(null) rect=381.19,827.69,92.63,20.19 internal gfx=gfx:2048x2048/root=2048x2048/rot=0/pkg:null touchable=True visible=True
[2026-08-09 09:40:19] FairyGUI: HUD底栏绑定 Weight=idx=4/8/0 path=BottomUI/DChatWindow/__codex_mobile_chattxt name=__codex_mobile_chattxt item=(null) title=(null) url=(null) rect=651.94,736.25,418,81.94 internal gfx=null touchable=False visible=True
[2026-08-09 09:40:19] FairyGUI: HUD底栏绑定 ExpBar=idx=4/16 path=BottomUI/DExpBar name=DExpBar item=DExpBar title=(null) url=ui://jk0io98jv9b11f rect=923.88,825.31,288.56,26.13 exported gfx=null touchable=True visible=True
[2026-08-09 09:40:19] FairyGUI: HUD底栏绑定 Volume=idx=4/33 path=BottomUI/textVolume name=textVolume item=(null) title=(null) url=(null) rect=1295.56,821.75,79.56,32.06 internal gfx=gfx:2048x2048/root=2048x2048/rot=0/pkg:null touchable=True visible=True
[2026-08-09 09:40:21] FairyGUI: HUD底栏绑定 Level=idx=4/14/1 path=BottomUI/DLevel/DLevelText name=DLevelText item=(null) title=(null) url=(null) rect=381.19,827.69,92.63,20.19 internal gfx=gfx:2048x2048/root=2048x2048/rot=0/pkg:null touchable=True visible=True
[2026-08-09 09:40:21] FairyGUI: HUD底栏绑定 Weight=idx=4/8/0 path=BottomUI/DChatWindow/__codex_mobile_chattxt name=__codex_mobile_chattxt item=(null) title=(null) url=(null) rect=651.94,736.25,418,81.94 internal gfx=null touchable=False visible=True
[2026-08-09 09:40:21] FairyGUI: HUD底栏绑定 ExpBar=idx=4/16 path=BottomUI/DExpBar name=DExpBar item=DExpBar title=(null) url=ui://jk0io98jv9b11f rect=923.88,825.31,288.56,26.13 exported gfx=null touchable=True visible=True
[2026-08-09 09:40:21] FairyGUI: HUD底栏绑定 Volume=idx=4/33 path=BottomUI/textVolume name=textVolume item=(null) title=(null) url=(null) rect=1295.56,821.75,79.56,32.06 internal gfx=gfx:2048x2048/root=2048x2048/rot=0/pkg:null touchable=True visible=True
[2026-08-09 09:40:23] FairyGUI: HUD底栏绑定 Level=idx=4/14/1 path=BottomUI/DLevel/DLevelText name=DLevelText item=(null) title=(null) url=(null) rect=381.19,827.69,92.63,20.19 internal gfx=gfx:2048x2048/root=2048x2048/rot=0/pkg:null touchable=True visible=True
[2026-08-09 09:40:23] FairyGUI: HUD底栏绑定 Weight=idx=4/8/0 path=BottomUI/DChatWindow/__codex_mobile_chattxt name=__codex_mobile_chattxt item=(null) title=(null) url=(null) rect=651.94,736.25,418,81.94 internal gfx=null touchable=False visible=True
[2026-08-09 09:40:23] FairyGUI: HUD底栏绑定 ExpBar=idx=4/16 path=BottomUI/DExpBar name=DExpBar item=DExpBar title=(null) url=ui://jk0io98jv9b11f rect=923.88,825.31,288.56,26.13 exported gfx=null touchable=True visible=True
[2026-08-09 09:40:23] FairyGUI: HUD底栏绑定 Volume=idx=4/33 path=BottomUI/textVolume name=textVolume item=(null) title=(null) url=(null) rect=1295.56,821.75,79.56,32.06 internal gfx=gfx:2048x2048/root=2048x2048/rot=0/pkg:null touchable=True visible=True
[2026-08-09 09:40:25] FairyGUI: HUD底栏绑定 Level=idx=4/14/1 path=BottomUI/DLevel/DLevelText name=DLevelText item=(null) title=(null) url=(null) rect=381.19,827.69,92.63,20.19 internal gfx=gfx:2048x2048/root=2048x2048/rot=0/pkg:null touchable=True visible=True
[2026-08-09 09:40:25] FairyGUI: HUD底栏绑定 Weight=idx=4/8/0 path=BottomUI/DChatWindow/__codex_mobile_chattxt name=__codex_mobile_chattxt item=(null) title=(null) url=(null) rect=651.94,736.25,418,81.94 internal gfx=null touchable=False visible=True
[2026-08-09 09:40:25] FairyGUI: HUD底栏绑定 ExpBar=idx=4/16 path=BottomUI/DExpBar name=DExpBar item=DExpBar title=(null) url=ui://jk0io98jv9b11f rect=923.88,825.31,288.56,26.13 exported gfx=null touchable=True visible=True
[2026-08-09 09:40:25] FairyGUI: HUD底栏绑定 Volume=idx=4/33 path=BottomUI/textVolume name=textVolume item=(null) title=(null) url=(null) rect=1295.56,821.75,79.56,32.06 internal gfx=gfx:2048x2048/root=2048x2048/rot=0/pkg:null touchable=True visible=True
[2026-08-09 09:40:27] FairyGUI: HUD底栏绑定 Level=idx=4/14/1 path=BottomUI/DLevel/DLevelText name=DLevelText item=(null) title=(null) url=(null) rect=381.19,827.69,92.63,20.19 internal gfx=gfx:2048x2048/root=2048x2048/rot=0/pkg:null touchable=True visible=True
[2026-08-09 09:40:27] FairyGUI: HUD底栏绑定 Weight=idx=4/8/0 path=BottomUI/DChatWindow/__codex_mobile_chattxt name=__codex_mobile_chattxt item=(null) title=(null) url=(null) rect=651.94,736.25,418,81.94 internal gfx=null touchable=False visible=True
[2026-08-09 09:40:27] FairyGUI: HUD底栏绑定 ExpBar=idx=4/16 path=BottomUI/DExpBar name=DExpBar item=DExpBar title=(null) url=ui://jk0io98jv9b11f rect=923.88,825.31,288.56,26.13 exported gfx=null touchable=True visible=True
[2026-08-09 09:40:27] FairyGUI: HUD底栏绑定 Volume=idx=4/33 path=BottomUI/textVolume name=textVolume item=(null) title=(null) url=(null) rect=1295.56,821.75,79.56,32.06 internal gfx=gfx:2048x2048/root=2048x2048/rot=0/pkg:null touchable=True visible=True
[2026-08-09 09:40:29] FairyGUI: HUD底栏绑定 Level=idx=4/14/1 path=BottomUI/DLevel/DLevelText name=DLevelText item=(null) title=(null) url=(null) rect=381.19,827.69,92.63,20.19 internal gfx=gfx:2048x2048/root=2048x2048/rot=0/pkg:null touchable=True visible=True
[2026-08-09 09:40:29] FairyGUI: HUD底栏绑定 Weight=idx=4/8/0 path=BottomUI/DChatWindow/__codex_mobile_chattxt name=__codex_mobile_chattxt item=(null) title=(null) url=(null) rect=651.94,736.25,418,81.94 internal gfx=null touchable=False visible=True
[2026-08-09 09:40:29] FairyGUI: HUD底栏绑定 ExpBar=idx=4/16 path=BottomUI/DExpBar name=DExpBar item=DExpBar title=(null) url=ui://jk0io98jv9b11f rect=923.88,825.31,288.56,26.13 exported gfx=null touchable=True visible=True
[2026-08-09 09:40:29] FairyGUI: HUD底栏绑定 Volume=idx=4/33 path=BottomUI/textVolume name=textVolume item=(null) title=(null) url=(null) rect=1295.56,821.75,79.56,32.06 internal gfx=gfx:2048x2048/root=2048x2048/rot=0/pkg:null touchable=True visible=True
[2026-08-09 09:40:31] FairyGUI: HUD底栏绑定 Level=idx=4/14/1 path=BottomUI/DLevel/DLevelText name=DLevelText item=(null) title=(null) url=(null) rect=381.19,827.69,92.63,20.19 internal gfx=gfx:2048x2048/root=2048x2048/rot=0/pkg:null touchable=True visible=True
[2026-08-09 09:40:31] FairyGUI: HUD底栏绑定 Weight=idx=4/8/0 path=BottomUI/DChatWindow/__codex_mobile_chattxt name=__codex_mobile_chattxt item=(null) title=(null) url=(null) rect=651.94,736.25,418,81.94 internal gfx=null touchable=False visible=True
[2026-08-09 09:40:31] FairyGUI: HUD底栏绑定 ExpBar=idx=4/16 path=BottomUI/DExpBar name=DExpBar item=DExpBar title=(null) url=ui://jk0io98jv9b11f rect=923.88,825.31,288.56,26.13 exported gfx=null touchable=True visible=True
[2026-08-09 09:40:31] FairyGUI: HUD底栏绑定 Volume=idx=4/33 path=BottomUI/textVolume name=textVolume item=(null) title=(null) url=(null) rect=1295.56,821.75,79.56,32.06 internal gfx=gfx:2048x2048/root=2048x2048/rot=0/pkg:null touchable=True visible=True
[2026-08-09 09:40:33] FairyGUI: HUD底栏绑定 Level=idx=4/14/1 path=BottomUI/DLevel/DLevelText name=DLevelText item=(null) title=(null) url=(null) rect=381.19,827.69,92.63,20.19 internal gfx=gfx:2048x2048/root=2048x2048/rot=0/pkg:null touchable=True visible=True
[2026-08-09 09:40:33] FairyGUI: HUD底栏绑定 Weight=idx=4/8/0 path=BottomUI/DChatWindow/__codex_mobile_chattxt name=__codex_mobile_chattxt item=(null) title=(null) url=(null) rect=651.94,736.25,418,81.94 internal gfx=null touchable=False visible=True
[2026-08-09 09:40:33] FairyGUI: HUD底栏绑定 ExpBar=idx=4/16 path=BottomUI/DExpBar name=DExpBar item=DExpBar title=(null) url=ui://jk0io98jv9b11f rect=923.88,825.31,288.56,26.13 exported gfx=null touchable=True visible=True
[2026-08-09 09:40:33] FairyGUI: HUD底栏绑定 Volume=idx=4/33 path=BottomUI/textVolume name=textVolume item=(null) title=(null) url=(null) rect=1295.56,821.75,79.56,32.06 internal gfx=gfx:2048x2048/root=2048x2048/rot=0/pkg:null touchable=True visible=True
[2026-08-09 09:40:35] FairyGUI: HUD底栏绑定 Level=idx=4/14/1 path=BottomUI/DLevel/DLevelText name=DLevelText item=(null) title=(null) url=(null) rect=381.19,827.69,92.63,20.19 internal gfx=gfx:2048x2048/root=2048x2048/rot=0/pkg:null touchable=True visible=True
[2026-08-09 09:40:35] FairyGUI: HUD底栏绑定 Weight=idx=4/8/0 path=BottomUI/DChatWindow/__codex_mobile_chattxt name=__codex_mobile_chattxt item=(null) title=(null) url=(null) rect=651.94,736.25,418,81.94 internal gfx=null touchable=False visible=True
[2026-08-09 09:40:35] FairyGUI: HUD底栏绑定 ExpBar=idx=4/16 path=BottomUI/DExpBar name=DExpBar item=DExpBar title=(null) url=ui://jk0io98jv9b11f rect=923.88,825.31,288.56,26.13 exported gfx=null touchable=True visible=True
[2026-08-09 09:40:35] FairyGUI: HUD底栏绑定 Volume=idx=4/33 path=BottomUI/textVolume name=textVolume item=(null) title=(null) url=(null) rect=1295.56,821.75,79.56,32.06 internal gfx=gfx:2048x2048/root=2048x2048/rot=0/pkg:null touchable=True visible=True
[2026-08-09 09:40:37] FairyGUI: HUD底栏绑定 Level=idx=4/14/1 path=BottomUI/DLevel/DLevelText name=DLevelText item=(null) title=(null) url=(null) rect=381.19,827.69,92.63,20.19 internal gfx=gfx:2048x2048/root=2048x2048/rot=0/pkg:null touchable=True visible=True
[2026-08-09 09:40:37] FairyGUI: HUD底栏绑定 Weight=idx=4/8/0 path=BottomUI/DChatWindow/__codex_mobile_chattxt name=__codex_mobile_chattxt item=(null) title=(null) url=(null) rect=651.94,736.25,418,81.94 internal gfx=null touchable=False visible=True
[2026-08-09 09:40:37] FairyGUI: HUD底栏绑定 ExpBar=idx=4/16 path=BottomUI/DExpBar name=DExpBar item=DExpBar title=(null) url=ui://jk0io98jv9b11f rect=923.88,825.31,288.56,26.13 exported gfx=null touchable=True visible=True
[2026-08-09 09:40:37] FairyGUI: HUD底栏绑定 Volume=idx=4/33 path=BottomUI/textVolume name=textVolume item=(null) title=(null) url=(null) rect=1295.56,821.75,79.56,32.06 internal gfx=gfx:2048x2048/root=2048x2048/rot=0/pkg:null touchable=True visible=True
[2026-08-09 09:40:39] FairyGUI: HUD底栏绑定 Level=idx=4/14/1 path=BottomUI/DLevel/DLevelText name=DLevelText item=(null) title=(null) url=(null) rect=381.19,827.69,92.63,20.19 internal gfx=gfx:2048x2048/root=2048x2048/rot=0/pkg:null touchable=True visible=True
[2026-08-09 09:40:39] FairyGUI: HUD底栏绑定 Weight=idx=4/8/0 path=BottomUI/DChatWindow/__codex_mobile_chattxt name=__codex_mobile_chattxt item=(null) title=(null) url=(null) rect=651.94,736.25,418,81.94 internal gfx=null touchable=False visible=True
[2026-08-09 09:40:39] FairyGUI: HUD底栏绑定 ExpBar=idx=4/16 path=BottomUI/DExpBar name=DExpBar item=DExpBar title=(null) url=ui://jk0io98jv9b11f rect=923.88,825.31,288.56,26.13 exported gfx=null touchable=True visible=True
[2026-08-09 09:40:39] FairyGUI: HUD底栏绑定 Volume=idx=4/33 path=BottomUI/textVolume name=textVolume item=(null) title=(null) url=(null) rect=1295.56,821.75,79.56,32.06 internal gfx=gfx:2048x2048/root=2048x2048/rot=0/pkg:null touchable=True visible=True
[2026-08-09 09:40:41] FairyGUI: HUD底栏绑定 Level=idx=4/14/1 path=BottomUI/DLevel/DLevelText name=DLevelText item=(null) title=(null) url=(null) rect=381.19,827.69,92.63,20.19 internal gfx=gfx:2048x2048/root=2048x2048/rot=0/pkg:null touchable=True visible=True
[2026-08-09 09:40:41] FairyGUI: HUD底栏绑定 Weight=idx=4/8/0 path=BottomUI/DChatWindow/__codex_mobile_chattxt name=__codex_mobile_chattxt item=(null) title=(null) url=(null) rect=651.94,736.25,418,81.94 internal gfx=null touchable=False visible=True
[2026-08-09 09:40:41] FairyGUI: HUD底栏绑定 ExpBar=idx=4/16 path=BottomUI/DExpBar name=DExpBar item=DExpBar title=(null) url=ui://jk0io98jv9b11f rect=923.88,825.31,288.56,26.13 exported gfx=null touchable=True visible=True
[2026-08-09 09:40:41] FairyGUI: HUD底栏绑定 Volume=idx=4/33 path=BottomUI/textVolume name=textVolume item=(null) title=(null) url=(null) rect=1295.56,821.75,79.56,32.06 internal gfx=gfx:2048x2048/root=2048x2048/rot=0/pkg:null touchable=True visible=True
[2026-08-09 09:40:44] FairyGUI: HUD底栏绑定 Level=idx=4/14/1 path=BottomUI/DLevel/DLevelText name=DLevelText item=(null) title=(null) url=(null) rect=381.19,827.69,92.63,20.19 internal gfx=gfx:2048x2048/root=2048x2048/rot=0/pkg:null touchable=True visible=True
[2026-08-09 09:40:44] FairyGUI: HUD底栏绑定 Weight=idx=4/8/0 path=BottomUI/DChatWindow/__codex_mobile_chattxt name=__codex_mobile_chattxt item=(null) title=(null) url=(null) rect=651.94,736.25,418,81.94 internal gfx=null touchable=False visible=True
[2026-08-09 09:40:44] FairyGUI: HUD底栏绑定 ExpBar=idx=4/16 path=BottomUI/DExpBar name=DExpBar item=DExpBar title=(null) url=ui://jk0io98jv9b11f rect=923.88,825.31,288.56,26.13 exported gfx=null touchable=True visible=True
[2026-08-09 09:40:44] FairyGUI: HUD底栏绑定 Volume=idx=4/33 path=BottomUI/textVolume name=textVolume item=(null) title=(null) url=(null) rect=1295.56,821.75,79.56,32.06 internal gfx=gfx:2048x2048/root=2048x2048/rot=0/pkg:null touchable=True visible=True
[2026-08-09 09:40:46] FairyGUI: HUD底栏绑定 Level=idx=4/14/1 path=BottomUI/DLevel/DLevelText name=DLevelText item=(null) title=(null) url=(null) rect=381.19,827.69,92.63,20.19 internal gfx=gfx:2048x2048/root=2048x2048/rot=0/pkg:null touchable=True visible=True
[2026-08-09 09:40:46] FairyGUI: HUD底栏绑定 Weight=idx=4/8/0 path=BottomUI/DChatWindow/__codex_mobile_chattxt name=__codex_mobile_chattxt item=(null) title=(null) url=(null) rect=651.94,736.25,418,81.94 internal gfx=null touchable=False visible=True
[2026-08-09 09:40:46] FairyGUI: HUD底栏绑定 ExpBar=idx=4/16 path=BottomUI/DExpBar name=DExpBar item=DExpBar title=(null) url=ui://jk0io98jv9b11f rect=923.88,825.31,288.56,26.13 exported gfx=null touchable=True visible=True
[2026-08-09 09:40:46] FairyGUI: HUD底栏绑定 Volume=idx=4/33 path=BottomUI/textVolume name=textVolume item=(null) title=(null) url=(null) rect=1295.56,821.75,79.56,32.06 internal gfx=gfx:2048x2048/root=2048x2048/rot=0/pkg:null touchable=True visible=True
[2026-08-09 09:40:48] FairyGUI: HUD底栏绑定 Level=idx=4/14/1 path=BottomUI/DLevel/DLevelText name=DLevelText item=(null) title=(null) url=(null) rect=381.19,827.69,92.63,20.19 internal gfx=gfx:2048x2048/root=2048x2048/rot=0/pkg:null touchable=True visible=True
[2026-08-09 09:40:48] FairyGUI: HUD底栏绑定 Weight=idx=4/8/0 path=BottomUI/DChatWindow/__codex_mobile_chattxt name=__codex_mobile_chattxt item=(null) title=(null) url=(null) rect=651.94,736.25,418,81.94 internal gfx=null touchable=False visible=True
[2026-08-09 09:40:48] FairyGUI: HUD底栏绑定 ExpBar=idx=4/16 path=BottomUI/DExpBar name=DExpBar item=DExpBar title=(null) url=ui://jk0io98jv9b11f rect=923.88,825.31,288.56,26.13 exported gfx=null touchable=True visible=True
[2026-08-09 09:40:48] FairyGUI: HUD底栏绑定 Volume=idx=4/33 path=BottomUI/textVolume name=textVolume item=(null) title=(null) url=(null) rect=1295.56,821.75,79.56,32.06 internal gfx=gfx:2048x2048/root=2048x2048/rot=0/pkg:null touchable=True visible=True
[2026-08-09 09:40:50] FairyGUI: HUD底栏绑定 Level=idx=4/14/1 path=BottomUI/DLevel/DLevelText name=DLevelText item=(null) title=(null) url=(null) rect=381.19,827.69,92.63,20.19 internal gfx=gfx:2048x2048/root=2048x2048/rot=0/pkg:null touchable=True visible=True
[2026-08-09 09:40:50] FairyGUI: HUD底栏绑定 Weight=idx=4/8/0 path=BottomUI/DChatWindow/__codex_mobile_chattxt name=__codex_mobile_chattxt item=(null) title=(null) url=(null) rect=651.94,736.25,418,81.94 internal gfx=null touchable=False visible=True
[2026-08-09 09:40:50] FairyGUI: HUD底栏绑定 ExpBar=idx=4/16 path=BottomUI/DExpBar name=DExpBar item=DExpBar title=(null) url=ui://jk0io98jv9b11f rect=923.88,825.31,288.56,26.13 exported gfx=null touchable=True visible=True
[2026-08-09 09:40:50] FairyGUI: HUD底栏绑定 Volume=idx=4/33 path=BottomUI/textVolume name=textVolume item=(null) title=(null) url=(null) rect=1295.56,821.75,79.56,32.06 internal gfx=gfx:2048x2048/root=2048x2048/rot=0/pkg:null touchable=True visible=True
[2026-08-09 09:40:52] FairyGUI: HUD底栏绑定 Level=idx=4/14/1 path=BottomUI/DLevel/DLevelText name=DLevelText item=(null) title=(null) url=(null) rect=381.19,827.69,92.63,20.19 internal gfx=gfx:2048x2048/root=2048x2048/rot=0/pkg:null touchable=True visible=True
[2026-08-09 09:40:52] FairyGUI: HUD底栏绑定 Weight=idx=4/8/0 path=BottomUI/DChatWindow/__codex_mobile_chattxt name=__codex_mobile_chattxt item=(null) title=(null) url=(null) rect=651.94,736.25,418,81.94 internal gfx=null touchable=False visible=True
[2026-08-09 09:40:52] FairyGUI: HUD底栏绑定 ExpBar=idx=4/16 path=BottomUI/DExpBar name=DExpBar item=DExpBar title=(null) url=ui://jk0io98jv9b11f rect=923.88,825.31,288.56,26.13 exported gfx=null touchable=True visible=True
[2026-08-09 09:40:52] FairyGUI: HUD底栏绑定 Volume=idx=4/33 path=BottomUI/textVolume name=textVolume item=(null) title=(null) url=(null) rect=1295.56,821.75,79.56,32.06 internal gfx=gfx:2048x2048/root=2048x2048/rot=0/pkg:null touchable=True visible=True
[2026-08-09 09:40:54] FairyGUI: HUD底栏绑定 Level=idx=4/14/1 path=BottomUI/DLevel/DLevelText name=DLevelText item=(null) title=(null) url=(null) rect=381.19,827.69,92.63,20.19 internal gfx=gfx:2048x2048/root=2048x2048/rot=0/pkg:null touchable=True visible=True
[2026-08-09 09:40:54] FairyGUI: HUD底栏绑定 Weight=idx=4/8/0 path=BottomUI/DChatWindow/__codex_mobile_chattxt name=__codex_mobile_chattxt item=(null) title=(null) url=(null) rect=651.94,736.25,418,81.94 internal gfx=null touchable=False visible=True
[2026-08-09 09:40:54] FairyGUI: HUD底栏绑定 ExpBar=idx=4/16 path=BottomUI/DExpBar name=DExpBar item=DExpBar title=(null) url=ui://jk0io98jv9b11f rect=923.88,825.31,288.56,26.13 exported gfx=null touchable=True visible=True
[2026-08-09 09:40:54] FairyGUI: HUD底栏绑定 Volume=idx=4/33 path=BottomUI/textVolume name=textVolume item=(null) title=(null) url=(null) rect=1295.56,821.75,79.56,32.06 internal gfx=gfx:2048x2048/root=2048x2048/rot=0/pkg:null touchable=True visible=True
[2026-08-09 09:40:56] FairyGUI: HUD底栏绑定 Level=idx=4/14/1 path=BottomUI/DLevel/DLevelText name=DLevelText item=(null) title=(null) url=(null) rect=381.19,827.69,92.63,20.19 internal gfx=gfx:2048x2048/root=2048x2048/rot=0/pkg:null touchable=True visible=True
[2026-08-09 09:40:56] FairyGUI: HUD底栏绑定 Weight=idx=4/8/0 path=BottomUI/DChatWindow/__codex_mobile_chattxt name=__codex_mobile_chattxt item=(null) title=(null) url=(null) rect=651.94,736.25,418,81.94 internal gfx=null touchable=False visible=True
[2026-08-09 09:40:56] FairyGUI: HUD底栏绑定 ExpBar=idx=4/16 path=BottomUI/DExpBar name=DExpBar item=DExpBar title=(null) url=ui://jk0io98jv9b11f rect=923.88,825.31,288.56,26.13 exported gfx=null touchable=True visible=True
[2026-08-09 09:40:56] FairyGUI: HUD底栏绑定 Volume=idx=4/33 path=BottomUI/textVolume name=textVolume item=(null) title=(null) url=(null) rect=1295.56,821.75,79.56,32.06 internal gfx=gfx:2048x2048/root=2048x2048/rot=0/pkg:null touchable=True visible=True
[2026-08-09 09:40:58] FairyGUI: HUD底栏绑定 Level=idx=4/14/1 path=BottomUI/DLevel/DLevelText name=DLevelText item=(null) title=(null) url=(null) rect=381.19,827.69,92.63,20.19 internal gfx=gfx:2048x2048/root=2048x2048/rot=0/pkg:null touchable=True visible=True
[2026-08-09 09:40:58] FairyGUI: HUD底栏绑定 Weight=idx=4/8/0 path=BottomUI/DChatWindow/__codex_mobile_chattxt name=__codex_mobile_chattxt item=(null) title=(null) url=(null) rect=651.94,736.25,418,81.94 internal gfx=null touchable=False visible=True
[2026-08-09 09:40:58] FairyGUI: HUD底栏绑定 ExpBar=idx=4/16 path=BottomUI/DExpBar name=DExpBar item=DExpBar title=(null) url=ui://jk0io98jv9b11f rect=923.88,825.31,288.56,26.13 exported gfx=null touchable=True visible=True
[2026-08-09 09:40:58] FairyGUI: HUD底栏绑定 Volume=idx=4/33 path=BottomUI/textVolume name=textVolume item=(null) title=(null) url=(null) rect=1295.56,821.75,79.56,32.06 internal gfx=gfx:2048x2048/root=2048x2048/rot=0/pkg:null touchable=True visible=True
[2026-08-09 09:41:00] FairyGUI: HUD底栏绑定 Level=idx=4/14/1 path=BottomUI/DLevel/DLevelText name=DLevelText item=(null) title=(null) url=(null) rect=381.19,827.69,92.63,20.19 internal gfx=gfx:2048x2048/root=2048x2048/rot=0/pkg:null touchable=True visible=True
[2026-08-09 09:41:00] FairyGUI: HUD底栏绑定 Weight=idx=4/8/0 path=BottomUI/DChatWindow/__codex_mobile_chattxt name=__codex_mobile_chattxt item=(null) title=(null) url=(null) rect=651.94,736.25,418,81.94 internal gfx=null touchable=False visible=True
[2026-08-09 09:41:00] FairyGUI: HUD底栏绑定 ExpBar=idx=4/16 path=BottomUI/DExpBar name=DExpBar item=DExpBar title=(null) url=ui://jk0io98jv9b11f rect=923.88,825.31,288.56,26.13 exported gfx=null touchable=True visible=True
[2026-08-09 09:41:00] FairyGUI: HUD底栏绑定 Volume=idx=4/33 path=BottomUI/textVolume name=textVolume item=(null) title=(null) url=(null) rect=1295.56,821.75,79.56,32.06 internal gfx=gfx:2048x2048/root=2048x2048/rot=0/pkg:null touchable=True visible=True
[2026-08-09 09:41:02] FairyGUI: HUD底栏绑定 Level=idx=4/14/1 path=BottomUI/DLevel/DLevelText name=DLevelText item=(null) title=(null) url=(null) rect=381.19,827.69,92.63,20.19 internal gfx=gfx:2048x2048/root=2048x2048/rot=0/pkg:null touchable=True visible=True
[2026-08-09 09:41:02] FairyGUI: HUD底栏绑定 Weight=idx=4/8/0 path=BottomUI/DChatWindow/__codex_mobile_chattxt name=__codex_mobile_chattxt item=(null) title=(null) url=(null) rect=651.94,736.25,418,81.94 internal gfx=null touchable=False visible=True
[2026-08-09 09:41:02] FairyGUI: HUD底栏绑定 ExpBar=idx=4/16 path=BottomUI/DExpBar name=DExpBar item=DExpBar title=(null) url=ui://jk0io98jv9b11f rect=923.88,825.31,288.56,26.13 exported gfx=null touchable=True visible=True
[2026-08-09 09:41:02] FairyGUI: HUD底栏绑定 Volume=idx=4/33 path=BottomUI/textVolume name=textVolume item=(null) title=(null) url=(null) rect=1295.56,821.75,79.56,32.06 internal gfx=gfx:2048x2048/root=2048x2048/rot=0/pkg:null touchable=True visible=True
[2026-08-09 09:41:04] FairyGUI: HUD底栏绑定 Level=idx=4/14/1 path=BottomUI/DLevel/DLevelText name=DLevelText item=(null) title=(null) url=(null) rect=381.19,827.69,92.63,20.19 internal gfx=gfx:2048x2048/root=2048x2048/rot=0/pkg:null touchable=True visible=True
[2026-08-09 09:41:04] FairyGUI: HUD底栏绑定 Weight=idx=4/8/0 path=BottomUI/DChatWindow/__codex_mobile_chattxt name=__codex_mobile_chattxt item=(null) title=(null) url=(null) rect=651.94,736.25,418,81.94 internal gfx=null touchable=False visible=True
[2026-08-09 09:41:04] FairyGUI: HUD底栏绑定 ExpBar=idx=4/16 path=BottomUI/DExpBar name=DExpBar item=DExpBar title=(null) url=ui://jk0io98jv9b11f rect=923.88,825.31,288.56,26.13 exported gfx=null touchable=True visible=True
[2026-08-09 09:41:04] FairyGUI: HUD底栏绑定 Volume=idx=4/33 path=BottomUI/textVolume name=textVolume item=(null) title=(null) url=(null) rect=1295.56,821.75,79.56,32.06 internal gfx=gfx:2048x2048/root=2048x2048/rot=0/pkg:null touchable=True visible=True
[2026-08-09 09:41:06] FairyGUI: HUD底栏绑定 Level=idx=4/14/1 path=BottomUI/DLevel/DLevelText name=DLevelText item=(null) title=(null) url=(null) rect=381.19,827.69,92.63,20.19 internal gfx=gfx:2048x2048/root=2048x2048/rot=0/pkg:null touchable=True visible=True
[2026-08-09 09:41:06] FairyGUI: HUD底栏绑定 Weight=idx=4/8/0 path=BottomUI/DChatWindow/__codex_mobile_chattxt name=__codex_mobile_chattxt item=(null) title=(null) url=(null) rect=651.94,736.25,418,81.94 internal gfx=null touchable=False visible=True
[2026-08-09 09:41:06] FairyGUI: HUD底栏绑定 ExpBar=idx=4/16 path=BottomUI/DExpBar name=DExpBar item=DExpBar title=(null) url=ui://jk0io98jv9b11f rect=923.88,825.31,288.56,26.13 exported gfx=null touchable=True visible=True
[2026-08-09 09:41:06] FairyGUI: HUD底栏绑定 Volume=idx=4/33 path=BottomUI/textVolume name=textVolume item=(null) title=(null) url=(null) rect=1295.56,821.75,79.56,32.06 internal gfx=gfx:2048x2048/root=2048x2048/rot=0/pkg:null touchable=True visible=True
[2026-08-09 09:41:08] FairyGUI: HUD底栏绑定 Level=idx=4/14/1 path=BottomUI/DLevel/DLevelText name=DLevelText item=(null) title=(null) url=(null) rect=381.19,827.69,92.63,20.19 internal gfx=gfx:2048x2048/root=2048x2048/rot=0/pkg:null touchable=True visible=True
[2026-08-09 09:41:08] FairyGUI: HUD底栏绑定 Weight=idx=4/8/0 path=BottomUI/DChatWindow/__codex_mobile_chattxt name=__codex_mobile_chattxt item=(null) title=(null) url=(null) rect=651.94,736.25,418,81.94 internal gfx=null touchable=False visible=True
[2026-08-09 09:41:08] FairyGUI: HUD底栏绑定 ExpBar=idx=4/16 path=BottomUI/DExpBar name=DExpBar item=DExpBar title=(null) url=ui://jk0io98jv9b11f rect=923.88,825.31,288.56,26.13 exported gfx=null touchable=True visible=True
[2026-08-09 09:41:08] FairyGUI: HUD底栏绑定 Volume=idx=4/33 path=BottomUI/textVolume name=textVolume item=(null) title=(null) url=(null) rect=1295.56,821.75,79.56,32.06 internal gfx=gfx:2048x2048/root=2048x2048/rot=0/pkg:null touchable=True visible=True
[2026-08-09 09:41:10] FairyGUI: HUD底栏绑定 Level=idx=4/14/1 path=BottomUI/DLevel/DLevelText name=DLevelText item=(null) title=(null) url=(null) rect=381.19,827.69,92.63,20.19 internal gfx=gfx:2048x2048/root=2048x2048/rot=0/pkg:null touchable=True visible=True
[2026-08-09 09:41:10] FairyGUI: HUD底栏绑定 Weight=idx=4/8/0 path=BottomUI/DChatWindow/__codex_mobile_chattxt name=__codex_mobile_chattxt item=(null) title=(null) url=(null) rect=651.94,736.25,418,81.94 internal gfx=null touchable=False visible=True
[2026-08-09 09:41:10] FairyGUI: HUD底栏绑定 ExpBar=idx=4/16 path=BottomUI/DExpBar name=DExpBar item=DExpBar title=(null) url=ui://jk0io98jv9b11f rect=923.88,825.31,288.56,26.13 exported gfx=null touchable=True visible=True
[2026-08-09 09:41:10] FairyGUI: HUD底栏绑定 Volume=idx=4/33 path=BottomUI/textVolume name=textVolume item=(null) title=(null) url=(null) rect=1295.56,821.75,79.56,32.06 internal gfx=gfx:2048x2048/root=2048x2048/rot=0/pkg:null touchable=True visible=True
[2026-08-09 09:41:12] FairyGUI: HUD底栏绑定 Level=idx=4/14/1 path=BottomUI/DLevel/DLevelText name=DLevelText item=(null) title=(null) url=(null) rect=381.19,827.69,92.63,20.19 internal gfx=gfx:2048x2048/root=2048x2048/rot=0/pkg:null touchable=True visible=True
[2026-08-09 09:41:12] FairyGUI: HUD底栏绑定 Weight=idx=4/8/0 path=BottomUI/DChatWindow/__codex_mobile_chattxt name=__codex_mobile_chattxt item=(null) title=(null) url=(null) rect=651.94,736.25,418,81.94 internal gfx=null touchable=False visible=True
[2026-08-09 09:41:12] FairyGUI: HUD底栏绑定 ExpBar=idx=4/16 path=BottomUI/DExpBar name=DExpBar item=DExpBar title=(null) url=ui://jk0io98jv9b11f rect=923.88,825.31,288.56,26.13 exported gfx=null touchable=True visible=True
[2026-08-09 09:41:12] FairyGUI: HUD底栏绑定 Volume=idx=4/33 path=BottomUI/textVolume name=textVolume item=(null) title=(null) url=(null) rect=1295.56,821.75,79.56,32.06 internal gfx=gfx:2048x2048/root=2048x2048/rot=0/pkg:null touchable=True visible=True
[2026-08-09 09:41:14] FairyGUI: HUD底栏绑定 Level=idx=4/14/1 path=BottomUI/DLevel/DLevelText name=DLevelText item=(null) title=(null) url=(null) rect=381.19,827.69,92.63,20.19 internal gfx=gfx:2048x2048/root=2048x2048/rot=0/pkg:null touchable=True visible=True
[2026-08-09 09:41:14] FairyGUI: HUD底栏绑定 Weight=idx=4/8/0 path=BottomUI/DChatWindow/__codex_mobile_chattxt name=__codex_mobile_chattxt item=(null) title=(null) url=(null) rect=651.94,736.25,418,81.94 internal gfx=null touchable=False visible=True
[2026-08-09 09:41:14] FairyGUI: HUD底栏绑定 ExpBar=idx=4/16 path=BottomUI/DExpBar name=DExpBar item=DExpBar title=(null) url=ui://jk0io98jv9b11f rect=923.88,825.31,288.56,26.13 exported gfx=null touchable=True visible=True
[2026-08-09 09:41:14] FairyGUI: HUD底栏绑定 Volume=idx=4/33 path=BottomUI/textVolume name=textVolume item=(null) title=(null) url=(null) rect=1295.56,821.75,79.56,32.06 internal gfx=gfx:2048x2048/root=2048x2048/rot=0/pkg:null touchable=True visible=True
[2026-08-09 09:41:16] FairyGUI: HUD底栏绑定 Level=idx=4/14/1 path=BottomUI/DLevel/DLevelText name=DLevelText item=(null) title=(null) url=(null) rect=381.19,827.69,92.63,20.19 internal gfx=gfx:2048x2048/root=2048x2048/rot=0/pkg:null touchable=True visible=True
[2026-08-09 09:41:16] FairyGUI: HUD底栏绑定 Weight=idx=4/8/0 path=BottomUI/DChatWindow/__codex_mobile_chattxt name=__codex_mobile_chattxt item=(null) title=(null) url=(null) rect=651.94,736.25,418,81.94 internal gfx=null touchable=False visible=True
[2026-08-09 09:41:16] FairyGUI: HUD底栏绑定 ExpBar=idx=4/16 path=BottomUI/DExpBar name=DExpBar item=DExpBar title=(null) url=ui://jk0io98jv9b11f rect=923.88,825.31,288.56,26.13 exported gfx=null touchable=True visible=True
[2026-08-09 09:41:16] FairyGUI: HUD底栏绑定 Volume=idx=4/33 path=BottomUI/textVolume name=textVolume item=(null) title=(null) url=(null) rect=1295.56,821.75,79.56,32.06 internal gfx=gfx:2048x2048/root=2048x2048/rot=0/pkg:null touchable=True visible=True
[2026-08-09 09:41:18] FairyGUI: HUD底栏绑定 Level=idx=4/14/1 path=BottomUI/DLevel/DLevelText name=DLevelText item=(null) title=(null) url=(null) rect=381.19,827.69,92.63,20.19 internal gfx=gfx:2048x2048/root=2048x2048/rot=0/pkg:null touchable=True visible=True
[2026-08-09 09:41:18] FairyGUI: HUD底栏绑定 Weight=idx=4/8/0 path=BottomUI/DChatWindow/__codex_mobile_chattxt name=__codex_mobile_chattxt item=(null) title=(null) url=(null) rect=651.94,736.25,418,81.94 internal gfx=null touchable=False visible=True
[2026-08-09 09:41:18] FairyGUI: HUD底栏绑定 ExpBar=idx=4/16 path=BottomUI/DExpBar name=DExpBar item=DExpBar title=(null) url=ui://jk0io98jv9b11f rect=923.88,825.31,288.56,26.13 exported gfx=null touchable=True visible=True
[2026-08-09 09:41:18] FairyGUI: HUD底栏绑定 Volume=idx=4/33 path=BottomUI/textVolume name=textVolume item=(null) title=(null) url=(null) rect=1295.56,821.75,79.56,32.06 internal gfx=gfx:2048x2048/root=2048x2048/rot=0/pkg:null touchable=True visible=True
[2026-08-09 09:41:20] FairyGUI: HUD底栏绑定 Level=idx=4/14/1 path=BottomUI/DLevel/DLevelText name=DLevelText item=(null) title=(null) url=(null) rect=381.19,827.69,92.63,20.19 internal gfx=gfx:2048x2048/root=2048x2048/rot=0/pkg:null touchable=True visible=True
[2026-08-09 09:41:20] FairyGUI: HUD底栏绑定 Weight=idx=4/8/0 path=BottomUI/DChatWindow/__codex_mobile_chattxt name=__codex_mobile_chattxt item=(null) title=(null) url=(null) rect=651.94,736.25,418,81.94 internal gfx=null touchable=False visible=True
[2026-08-09 09:41:20] FairyGUI: HUD底栏绑定 ExpBar=idx=4/16 path=BottomUI/DExpBar name=DExpBar item=DExpBar title=(null) url=ui://jk0io98jv9b11f rect=923.88,825.31,288.56,26.13 exported gfx=null touchable=True visible=True
[2026-08-09 09:41:20] FairyGUI: HUD底栏绑定 Volume=idx=4/33 path=BottomUI/textVolume name=textVolume item=(null) title=(null) url=(null) rect=1295.56,821.75,79.56,32.06 internal gfx=gfx:2048x2048/root=2048x2048/rot=0/pkg:null touchable=True visible=True
[2026-08-09 09:41:22] FairyGUI: HUD底栏绑定 Level=idx=4/14/1 path=BottomUI/DLevel/DLevelText name=DLevelText item=(null) title=(null) url=(null) rect=381.19,827.69,92.63,20.19 internal gfx=gfx:2048x2048/root=2048x2048/rot=0/pkg:null touchable=True visible=True
[2026-08-09 09:41:22] FairyGUI: HUD底栏绑定 Weight=idx=4/8/0 path=BottomUI/DChatWindow/__codex_mobile_chattxt name=__codex_mobile_chattxt item=(null) title=(null) url=(null) rect=651.94,736.25,418,81.94 internal gfx=null touchable=False visible=True
[2026-08-09 09:41:22] FairyGUI: HUD底栏绑定 ExpBar=idx=4/16 path=BottomUI/DExpBar name=DExpBar item=DExpBar title=(null) url=ui://jk0io98jv9b11f rect=923.88,825.31,288.56,26.13 exported gfx=null touchable=True visible=True
[2026-08-09 09:41:22] FairyGUI: HUD底栏绑定 Volume=idx=4/33 path=BottomUI/textVolume name=textVolume item=(null) title=(null) url=(null) rect=1295.56,821.75,79.56,32.06 internal gfx=gfx:2048x2048/root=2048x2048/rot=0/pkg:null touchable=True visible=True
[2026-08-09 09:41:24] FairyGUI: HUD底栏绑定 Level=idx=4/14/1 path=BottomUI/DLevel/DLevelText name=DLevelText item=(null) title=(null) url=(null) rect=381.19,827.69,92.63,20.19 internal gfx=gfx:2048x2048/root=2048x2048/rot=0/pkg:null touchable=True visible=True
[2026-08-09 09:41:24] FairyGUI: HUD底栏绑定 Weight=idx=4/8/0 path=BottomUI/DChatWindow/__codex_mobile_chattxt name=__codex_mobile_chattxt item=(null) title=(null) url=(null) rect=651.94,736.25,418,81.94 internal gfx=null touchable=False visible=True
[2026-08-09 09:41:24] FairyGUI: HUD底栏绑定 ExpBar=idx=4/16 path=BottomUI/DExpBar name=DExpBar item=DExpBar title=(null) url=ui://jk0io98jv9b11f rect=923.88,825.31,288.56,26.13 exported gfx=null touchable=True visible=True
[2026-08-09 09:41:24] FairyGUI: HUD底栏绑定 Volume=idx=4/33 path=BottomUI/textVolume name=textVolume item=(null) title=(null) url=(null) rect=1295.56,821.75,79.56,32.06 internal gfx=gfx:2048x2048/root=2048x2048/rot=0/pkg:null touchable=True visible=True
[2026-08-09 09:41:26] FairyGUI: HUD底栏绑定 Level=idx=4/14/1 path=BottomUI/DLevel/DLevelText name=DLevelText item=(null) title=(null) url=(null) rect=381.19,827.69,92.63,20.19 internal gfx=gfx:2048x2048/root=2048x2048/rot=0/pkg:null touchable=True visible=True
[2026-08-09 09:41:26] FairyGUI: HUD底栏绑定 Weight=idx=4/8/0 path=BottomUI/DChatWindow/__codex_mobile_chattxt name=__codex_mobile_chattxt item=(null) title=(null) url=(null) rect=651.94,736.25,418,81.94 internal gfx=null touchable=False visible=True
[2026-08-09 09:41:26] FairyGUI: HUD底栏绑定 ExpBar=idx=4/16 path=BottomUI/DExpBar name=DExpBar item=DExpBar title=(null) url=ui://jk0io98jv9b11f rect=923.88,825.31,288.56,26.13 exported gfx=null touchable=True visible=True
[2026-08-09 09:41:26] FairyGUI: HUD底栏绑定 Volume=idx=4/33 path=BottomUI/textVolume name=textVolume item=(null) title=(null) url=(null) rect=1295.56,821.75,79.56,32.06 internal gfx=gfx:2048x2048/root=2048x2048/rot=0/pkg:null touchable=True visible=True
[2026-08-09 09:41:28] FairyGUI: HUD底栏绑定 Level=idx=4/14/1 path=BottomUI/DLevel/DLevelText name=DLevelText item=(null) title=(null) url=(null) rect=381.19,827.69,92.63,20.19 internal gfx=gfx:2048x2048/root=2048x2048/rot=0/pkg:null touchable=True visible=True
[2026-08-09 09:41:28] FairyGUI: HUD底栏绑定 Weight=idx=4/8/0 path=BottomUI/DChatWindow/__codex_mobile_chattxt name=__codex_mobile_chattxt item=(null) title=(null) url=(null) rect=651.94,736.25,418,81.94 internal gfx=null touchable=False visible=True
[2026-08-09 09:41:28] FairyGUI: HUD底栏绑定 ExpBar=idx=4/16 path=BottomUI/DExpBar name=DExpBar item=DExpBar title=(null) url=ui://jk0io98jv9b11f rect=923.88,825.31,288.56,26.13 exported gfx=null touchable=True visible=True
[2026-08-09 09:41:28] FairyGUI: HUD底栏绑定 Volume=idx=4/33 path=BottomUI/textVolume name=textVolume item=(null) title=(null) url=(null) rect=1295.56,821.75,79.56,32.06 internal gfx=gfx:2048x2048/root=2048x2048/rot=0/pkg:null touchable=True visible=True
[2026-08-09 09:41:30] FairyGUI: HUD底栏绑定 Level=idx=4/14/1 path=BottomUI/DLevel/DLevelText name=DLevelText item=(null) title=(null) url=(null) rect=381.19,827.69,92.63,20.19 internal gfx=gfx:2048x2048/root=2048x2048/rot=0/pkg:null touchable=True visible=True
[2026-08-09 09:41:30] FairyGUI: HUD底栏绑定 Weight=idx=4/8/0 path=BottomUI/DChatWindow/__codex_mobile_chattxt name=__codex_mobile_chattxt item=(null) title=(null) url=(null) rect=651.94,736.25,418,81.94 internal gfx=null touchable=False visible=True
[2026-08-09 09:41:30] FairyGUI: HUD底栏绑定 ExpBar=idx=4/16 path=BottomUI/DExpBar name=DExpBar item=DExpBar title=(null) url=ui://jk0io98jv9b11f rect=923.88,825.31,288.56,26.13 exported gfx=null touchable=True visible=True
[2026-08-09 09:41:30] FairyGUI: HUD底栏绑定 Volume=idx=4/33 path=BottomUI/textVolume name=textVolume item=(null) title=(null) url=(null) rect=1295.56,821.75,79.56,32.06 internal gfx=gfx:2048x2048/root=2048x2048/rot=0/pkg:null touchable=True visible=True
[2026-08-09 09:41:32] FairyGUI: HUD底栏绑定 Level=idx=4/14/1 path=BottomUI/DLevel/DLevelText name=DLevelText item=(null) title=(null) url=(null) rect=381.19,827.69,92.63,20.19 internal gfx=gfx:2048x2048/root=2048x2048/rot=0/pkg:null touchable=True visible=True
[2026-08-09 09:41:32] FairyGUI: HUD底栏绑定 Weight=idx=4/8/0 path=BottomUI/DChatWindow/__codex_mobile_chattxt name=__codex_mobile_chattxt item=(null) title=(null) url=(null) rect=651.94,736.25,418,81.94 internal gfx=null touchable=False visible=True
[2026-08-09 09:41:32] FairyGUI: HUD底栏绑定 ExpBar=idx=4/16 path=BottomUI/DExpBar name=DExpBar item=DExpBar title=(null) url=ui://jk0io98jv9b11f rect=923.88,825.31,288.56,26.13 exported gfx=null touchable=True visible=True
[2026-08-09 09:41:32] FairyGUI: HUD底栏绑定 Volume=idx=4/33 path=BottomUI/textVolume name=textVolume item=(null) title=(null) url=(null) rect=1295.56,821.75,79.56,32.06 internal gfx=gfx:2048x2048/root=2048x2048/rot=0/pkg:null touchable=True visible=True
[2026-08-09 09:41:34] FairyGUI: HUD底栏绑定 Level=idx=4/14/1 path=BottomUI/DLevel/DLevelText name=DLevelText item=(null) title=(null) url=(null) rect=381.19,827.69,92.63,20.19 internal gfx=gfx:2048x2048/root=2048x2048/rot=0/pkg:null touchable=True visible=True
[2026-08-09 09:41:34] FairyGUI: HUD底栏绑定 Weight=idx=4/8/0 path=BottomUI/DChatWindow/__codex_mobile_chattxt name=__codex_mobile_chattxt item=(null) title=(null) url=(null) rect=651.94,736.25,418,81.94 internal gfx=null touchable=False visible=True
[2026-08-09 09:41:34] FairyGUI: HUD底栏绑定 ExpBar=idx=4/16 path=BottomUI/DExpBar name=DExpBar item=DExpBar title=(null) url=ui://jk0io98jv9b11f rect=923.88,825.31,288.56,26.13 exported gfx=null touchable=True visible=True
[2026-08-09 09:41:34] FairyGUI: HUD底栏绑定 Volume=idx=4/33 path=BottomUI/textVolume name=textVolume item=(null) title=(null) url=(null) rect=1295.56,821.75,79.56,32.06 internal gfx=gfx:2048x2048/root=2048x2048/rot=0/pkg:null touchable=True visible=True
[2026-08-09 09:41:36] FairyGUI: HUD底栏绑定 Level=idx=4/14/1 path=BottomUI/DLevel/DLevelText name=DLevelText item=(null) title=(null) url=(null) rect=381.19,827.69,92.63,20.19 internal gfx=gfx:2048x2048/root=2048x2048/rot=0/pkg:null touchable=True visible=True
[2026-08-09 09:41:36] FairyGUI: HUD底栏绑定 Weight=idx=4/8/0 path=BottomUI/DChatWindow/__codex_mobile_chattxt name=__codex_mobile_chattxt item=(null) title=(null) url=(null) rect=651.94,736.25,418,81.94 internal gfx=null touchable=False visible=True
[2026-08-09 09:41:36] FairyGUI: HUD底栏绑定 ExpBar=idx=4/16 path=BottomUI/DExpBar name=DExpBar item=DExpBar title=(null) url=ui://jk0io98jv9b11f rect=923.88,825.31,288.56,26.13 exported gfx=null touchable=True visible=True
[2026-08-09 09:41:36] FairyGUI: HUD底栏绑定 Volume=idx=4/33 path=BottomUI/textVolume name=textVolume item=(null) title=(null) url=(null) rect=1295.56,821.75,79.56,32.06 internal gfx=gfx:2048x2048/root=2048x2048/rot=0/pkg:null touchable=True visible=True
[2026-08-09 09:41:38] FairyGUI: HUD底栏绑定 Level=idx=4/14/1 path=BottomUI/DLevel/DLevelText name=DLevelText item=(null) title=(null) url=(null) rect=381.19,827.69,92.63,20.19 internal gfx=gfx:2048x2048/root=2048x2048/rot=0/pkg:null touchable=True visible=True
[2026-08-09 09:41:38] FairyGUI: HUD底栏绑定 Weight=idx=4/8/0 path=BottomUI/DChatWindow/__codex_mobile_chattxt name=__codex_mobile_chattxt item=(null) title=(null) url=(null) rect=651.94,736.25,418,81.94 internal gfx=null touchable=False visible=True
[2026-08-09 09:41:38] FairyGUI: HUD底栏绑定 ExpBar=idx=4/16 path=BottomUI/DExpBar name=DExpBar item=DExpBar title=(null) url=ui://jk0io98jv9b11f rect=923.88,825.31,288.56,26.13 exported gfx=null touchable=True visible=True
[2026-08-09 09:41:38] FairyGUI: HUD底栏绑定 Volume=idx=4/33 path=BottomUI/textVolume name=textVolume item=(null) title=(null) url=(null) rect=1295.56,821.75,79.56,32.06 internal gfx=gfx:2048x2048/root=2048x2048/rot=0/pkg:null touchable=True visible=True
[2026-08-09 09:41:40] FairyGUI: HUD底栏绑定 Level=idx=4/14/1 path=BottomUI/DLevel/DLevelText name=DLevelText item=(null) title=(null) url=(null) rect=381.19,827.69,92.63,20.19 internal gfx=gfx:2048x2048/root=2048x2048/rot=0/pkg:null touchable=True visible=True
[2026-08-09 09:41:40] FairyGUI: HUD底栏绑定 Weight=idx=4/8/0 path=BottomUI/DChatWindow/__codex_mobile_chattxt name=__codex_mobile_chattxt item=(null) title=(null) url=(null) rect=651.94,736.25,418,81.94 internal gfx=null touchable=False visible=True
[2026-08-09 09:41:40] FairyGUI: HUD底栏绑定 ExpBar=idx=4/16 path=BottomUI/DExpBar name=DExpBar item=DExpBar title=(null) url=ui://jk0io98jv9b11f rect=923.88,825.31,288.56,26.13 exported gfx=null touchable=True visible=True
[2026-08-09 09:41:40] FairyGUI: HUD底栏绑定 Volume=idx=4/33 path=BottomUI/textVolume name=textVolume item=(null) title=(null) url=(null) rect=1295.56,821.75,79.56,32.06 internal gfx=gfx:2048x2048/root=2048x2048/rot=0/pkg:null touchable=True visible=True
[2026-08-09 09:41:42] FairyGUI: HUD底栏绑定 Level=idx=4/14/1 path=BottomUI/DLevel/DLevelText name=DLevelText item=(null) title=(null) url=(null) rect=381.19,827.69,92.63,20.19 internal gfx=gfx:2048x2048/root=2048x2048/rot=0/pkg:null touchable=True visible=True
[2026-08-09 09:41:42] FairyGUI: HUD底栏绑定 Weight=idx=4/8/0 path=BottomUI/DChatWindow/__codex_mobile_chattxt name=__codex_mobile_chattxt item=(null) title=(null) url=(null) rect=651.94,736.25,418,81.94 internal gfx=null touchable=False visible=True
[2026-08-09 09:41:42] FairyGUI: HUD底栏绑定 ExpBar=idx=4/16 path=BottomUI/DExpBar name=DExpBar item=DExpBar title=(null) url=ui://jk0io98jv9b11f rect=923.88,825.31,288.56,26.13 exported gfx=null touchable=True visible=True
[2026-08-09 09:41:42] FairyGUI: HUD底栏绑定 Volume=idx=4/33 path=BottomUI/textVolume name=textVolume item=(null) title=(null) url=(null) rect=1295.56,821.75,79.56,32.06 internal gfx=gfx:2048x2048/root=2048x2048/rot=0/pkg:null touchable=True visible=True
[2026-08-09 09:41:44] FairyGUI: HUD底栏绑定 Level=idx=4/14/1 path=BottomUI/DLevel/DLevelText name=DLevelText item=(null) title=(null) url=(null) rect=381.19,827.69,92.63,20.19 internal gfx=gfx:2048x2048/root=2048x2048/rot=0/pkg:null touchable=True visible=True
[2026-08-09 09:41:44] FairyGUI: HUD底栏绑定 Weight=idx=4/8/0 path=BottomUI/DChatWindow/__codex_mobile_chattxt name=__codex_mobile_chattxt item=(null) title=(null) url=(null) rect=651.94,736.25,418,81.94 internal gfx=null touchable=False visible=True
[2026-08-09 09:41:44] FairyGUI: HUD底栏绑定 ExpBar=idx=4/16 path=BottomUI/DExpBar name=DExpBar item=DExpBar title=(null) url=ui://jk0io98jv9b11f rect=923.88,825.31,288.56,26.13 exported gfx=null touchable=True visible=True
[2026-08-09 09:41:44] FairyGUI: HUD底栏绑定 Volume=idx=4/33 path=BottomUI/textVolume name=textVolume item=(null) title=(null) url=(null) rect=1295.56,821.75,79.56,32.06 internal gfx=gfx:2048x2048/root=2048x2048/rot=0/pkg:null touchable=True visible=True
[2026-08-09 09:41:47] FairyGUI: HUD底栏绑定 Level=idx=4/14/1 path=BottomUI/DLevel/DLevelText name=DLevelText item=(null) title=(null) url=(null) rect=381.19,827.69,92.63,20.19 internal gfx=gfx:2048x2048/root=2048x2048/rot=0/pkg:null touchable=True visible=True
[2026-08-09 09:41:47] FairyGUI: HUD底栏绑定 Weight=idx=4/8/0 path=BottomUI/DChatWindow/__codex_mobile_chattxt name=__codex_mobile_chattxt item=(null) title=(null) url=(null) rect=651.94,736.25,418,81.94 internal gfx=null touchable=False visible=True
[2026-08-09 09:41:47] FairyGUI: HUD底栏绑定 ExpBar=idx=4/16 path=BottomUI/DExpBar name=DExpBar item=DExpBar title=(null) url=ui://jk0io98jv9b11f rect=923.88,825.31,288.56,26.13 exported gfx=null touchable=True visible=True
[2026-08-09 09:41:47] FairyGUI: HUD底栏绑定 Volume=idx=4/33 path=BottomUI/textVolume name=textVolume item=(null) title=(null) url=(null) rect=1295.56,821.75,79.56,32.06 internal gfx=gfx:2048x2048/root=2048x2048/rot=0/pkg:null touchable=True visible=True
[2026-08-09 09:41:49] FairyGUI: HUD底栏绑定 Level=idx=4/14/1 path=BottomUI/DLevel/DLevelText name=DLevelText item=(null) title=(null) url=(null) rect=381.19,827.69,92.63,20.19 internal gfx=gfx:2048x2048/root=2048x2048/rot=0/pkg:null touchable=True visible=True
[2026-08-09 09:41:49] FairyGUI: HUD底栏绑定 Weight=idx=4/8/0 path=BottomUI/DChatWindow/__codex_mobile_chattxt name=__codex_mobile_chattxt item=(null) title=(null) url=(null) rect=651.94,736.25,418,81.94 internal gfx=null touchable=False visible=True
[2026-08-09 09:41:49] FairyGUI: HUD底栏绑定 ExpBar=idx=4/16 path=BottomUI/DExpBar name=DExpBar item=DExpBar title=(null) url=ui://jk0io98jv9b11f rect=923.88,825.31,288.56,26.13 exported gfx=null touchable=True visible=True
[2026-08-09 09:41:49] FairyGUI: HUD底栏绑定 Volume=idx=4/33 path=BottomUI/textVolume name=textVolume item=(null) title=(null) url=(null) rect=1295.56,821.75,79.56,32.06 internal gfx=gfx:2048x2048/root=2048x2048/rot=0/pkg:null touchable=True visible=True
[2026-08-09 09:41:51] FairyGUI: HUD底栏绑定 Level=idx=4/14/1 path=BottomUI/DLevel/DLevelText name=DLevelText item=(null) title=(null) url=(null) rect=381.19,827.69,92.63,20.19 internal gfx=gfx:2048x2048/root=2048x2048/rot=0/pkg:null touchable=True visible=True
[2026-08-09 09:41:51] FairyGUI: HUD底栏绑定 Weight=idx=4/8/0 path=BottomUI/DChatWindow/__codex_mobile_chattxt name=__codex_mobile_chattxt item=(null) title=(null) url=(null) rect=651.94,736.25,418,81.94 internal gfx=null touchable=False visible=True
[2026-08-09 09:41:51] FairyGUI: HUD底栏绑定 ExpBar=idx=4/16 path=BottomUI/DExpBar name=DExpBar item=DExpBar title=(null) url=ui://jk0io98jv9b11f rect=923.88,825.31,288.56,26.13 exported gfx=null touchable=True visible=True
[2026-08-09 09:41:51] FairyGUI: HUD底栏绑定 Volume=idx=4/33 path=BottomUI/textVolume name=textVolume item=(null) title=(null) url=(null) rect=1295.56,821.75,79.56,32.06 internal gfx=gfx:2048x2048/root=2048x2048/rot=0/pkg:null touchable=True visible=True
[2026-08-09 09:41:53] FairyGUI: HUD底栏绑定 Level=idx=4/14/1 path=BottomUI/DLevel/DLevelText name=DLevelText item=(null) title=(null) url=(null) rect=381.19,827.69,92.63,20.19 internal gfx=gfx:2048x2048/root=2048x2048/rot=0/pkg:null touchable=True visible=True
[2026-08-09 09:41:53] FairyGUI: HUD底栏绑定 Weight=idx=4/8/0 path=BottomUI/DChatWindow/__codex_mobile_chattxt name=__codex_mobile_chattxt item=(null) title=(null) url=(null) rect=651.94,736.25,418,81.94 internal gfx=null touchable=False visible=True
[2026-08-09 09:41:53] FairyGUI: HUD底栏绑定 ExpBar=idx=4/16 path=BottomUI/DExpBar name=DExpBar item=DExpBar title=(null) url=ui://jk0io98jv9b11f rect=923.88,825.31,288.56,26.13 exported gfx=null touchable=True visible=True
[2026-08-09 09:41:53] FairyGUI: HUD底栏绑定 Volume=idx=4/33 path=BottomUI/textVolume name=textVolume item=(null) title=(null) url=(null) rect=1295.56,821.75,79.56,32.06 internal gfx=gfx:2048x2048/root=2048x2048/rot=0/pkg:null touchable=True visible=True
[2026-08-09 09:41:55] FairyGUI: HUD底栏绑定 Level=idx=4/14/1 path=BottomUI/DLevel/DLevelText name=DLevelText item=(null) title=(null) url=(null) rect=381.19,827.69,92.63,20.19 internal gfx=gfx:2048x2048/root=2048x2048/rot=0/pkg:null touchable=True visible=True
[2026-08-09 09:41:55] FairyGUI: HUD底栏绑定 Weight=idx=4/8/0 path=BottomUI/DChatWindow/__codex_mobile_chattxt name=__codex_mobile_chattxt item=(null) title=(null) url=(null) rect=651.94,736.25,418,81.94 internal gfx=null touchable=False visible=True
[2026-08-09 09:41:55] FairyGUI: HUD底栏绑定 ExpBar=idx=4/16 path=BottomUI/DExpBar name=DExpBar item=DExpBar title=(null) url=ui://jk0io98jv9b11f rect=923.88,825.31,288.56,26.13 exported gfx=null touchable=True visible=True
[2026-08-09 09:41:55] FairyGUI: HUD底栏绑定 Volume=idx=4/33 path=BottomUI/textVolume name=textVolume item=(null) title=(null) url=(null) rect=1295.56,821.75,79.56,32.06 internal gfx=gfx:2048x2048/root=2048x2048/rot=0/pkg:null touchable=True visible=True
[2026-08-09 09:41:57] FairyGUI: HUD底栏绑定 Level=idx=4/14/1 path=BottomUI/DLevel/DLevelText name=DLevelText item=(null) title=(null) url=(null) rect=381.19,827.69,92.63,20.19 internal gfx=gfx:2048x2048/root=2048x2048/rot=0/pkg:null touchable=True visible=True
[2026-08-09 09:41:57] FairyGUI: HUD底栏绑定 Weight=idx=4/8/0 path=BottomUI/DChatWindow/__codex_mobile_chattxt name=__codex_mobile_chattxt item=(null) title=(null) url=(null) rect=651.94,736.25,418,81.94 internal gfx=null touchable=False visible=True
[2026-08-09 09:41:57] FairyGUI: HUD底栏绑定 ExpBar=idx=4/16 path=BottomUI/DExpBar name=DExpBar item=DExpBar title=(null) url=ui://jk0io98jv9b11f rect=923.88,825.31,288.56,26.13 exported gfx=null touchable=True visible=True
[2026-08-09 09:41:57] FairyGUI: HUD底栏绑定 Volume=idx=4/33 path=BottomUI/textVolume name=textVolume item=(null) title=(null) url=(null) rect=1295.56,821.75,79.56,32.06 internal gfx=gfx:2048x2048/root=2048x2048/rot=0/pkg:null touchable=True visible=True
[2026-08-09 09:41:59] FairyGUI: HUD底栏绑定 Level=idx=4/14/1 path=BottomUI/DLevel/DLevelText name=DLevelText item=(null) title=(null) url=(null) rect=381.19,827.69,92.63,20.19 internal gfx=gfx:2048x2048/root=2048x2048/rot=0/pkg:null touchable=True visible=True
[2026-08-09 09:41:59] FairyGUI: HUD底栏绑定 Weight=idx=4/8/0 path=BottomUI/DChatWindow/__codex_mobile_chattxt name=__codex_mobile_chattxt item=(null) title=(null) url=(null) rect=651.94,736.25,418,81.94 internal gfx=null touchable=False visible=True
[2026-08-09 09:41:59] FairyGUI: HUD底栏绑定 ExpBar=idx=4/16 path=BottomUI/DExpBar name=DExpBar item=DExpBar title=(null) url=ui://jk0io98jv9b11f rect=923.88,825.31,288.56,26.13 exported gfx=null touchable=True visible=True
[2026-08-09 09:41:59] FairyGUI: HUD底栏绑定 Volume=idx=4/33 path=BottomUI/textVolume name=textVolume item=(null) title=(null) url=(null) rect=1295.56,821.75,79.56,32.06 internal gfx=gfx:2048x2048/root=2048x2048/rot=0/pkg:null touchable=True visible=True
[2026-08-09 09:42:01] FairyGUI: HUD底栏绑定 Level=idx=4/14/1 path=BottomUI/DLevel/DLevelText name=DLevelText item=(null) title=(null) url=(null) rect=381.19,827.69,92.63,20.19 internal gfx=gfx:2048x2048/root=2048x2048/rot=0/pkg:null touchable=True visible=True
[2026-08-09 09:42:01] FairyGUI: HUD底栏绑定 Weight=idx=4/8/0 path=BottomUI/DChatWindow/__codex_mobile_chattxt name=__codex_mobile_chattxt item=(null) title=(null) url=(null) rect=651.94,736.25,418,81.94 internal gfx=null touchable=False visible=True
[2026-08-09 09:42:01] FairyGUI: HUD底栏绑定 ExpBar=idx=4/16 path=BottomUI/DExpBar name=DExpBar item=DExpBar title=(null) url=ui://jk0io98jv9b11f rect=923.88,825.31,288.56,26.13 exported gfx=null touchable=True visible=True
[2026-08-09 09:42:01] FairyGUI: HUD底栏绑定 Volume=idx=4/33 path=BottomUI/textVolume name=textVolume item=(null) title=(null) url=(null) rect=1295.56,821.75,79.56,32.06 internal gfx=gfx:2048x2048/root=2048x2048/rot=0/pkg:null touchable=True visible=True
[2026-08-09 09:42:03] FairyGUI: HUD底栏绑定 Level=idx=4/14/1 path=BottomUI/DLevel/DLevelText name=DLevelText item=(null) title=(null) url=(null) rect=381.19,827.69,92.63,20.19 internal gfx=gfx:2048x2048/root=2048x2048/rot=0/pkg:null touchable=True visible=True
[2026-08-09 09:42:03] FairyGUI: HUD底栏绑定 Weight=idx=4/8/0 path=BottomUI/DChatWindow/__codex_mobile_chattxt name=__codex_mobile_chattxt item=(null) title=(null) url=(null) rect=651.94,736.25,418,81.94 internal gfx=null touchable=False visible=True
[2026-08-09 09:42:03] FairyGUI: HUD底栏绑定 ExpBar=idx=4/16 path=BottomUI/DExpBar name=DExpBar item=DExpBar title=(null) url=ui://jk0io98jv9b11f rect=923.88,825.31,288.56,26.13 exported gfx=null touchable=True visible=True
[2026-08-09 09:42:03] FairyGUI: HUD底栏绑定 Volume=idx=4/33 path=BottomUI/textVolume name=textVolume item=(null) title=(null) url=(null) rect=1295.56,821.75,79.56,32.06 internal gfx=gfx:2048x2048/root=2048x2048/rot=0/pkg:null touchable=True visible=True
[2026-08-09 09:42:05] FairyGUI: HUD底栏绑定 Level=idx=4/14/1 path=BottomUI/DLevel/DLevelText name=DLevelText item=(null) title=(null) url=(null) rect=381.19,827.69,92.63,20.19 internal gfx=gfx:2048x2048/root=2048x2048/rot=0/pkg:null touchable=True visible=True
[2026-08-09 09:42:05] FairyGUI: HUD底栏绑定 Weight=idx=4/8/0 path=BottomUI/DChatWindow/__codex_mobile_chattxt name=__codex_mobile_chattxt item=(null) title=(null) url=(null) rect=651.94,736.25,418,81.94 internal gfx=null touchable=False visible=True
[2026-08-09 09:42:05] FairyGUI: HUD底栏绑定 ExpBar=idx=4/16 path=BottomUI/DExpBar name=DExpBar item=DExpBar title=(null) url=ui://jk0io98jv9b11f rect=923.88,825.31,288.56,26.13 exported gfx=null touchable=True visible=True
[2026-08-09 09:42:05] FairyGUI: HUD底栏绑定 Volume=idx=4/33 path=BottomUI/textVolume name=textVolume item=(null) title=(null) url=(null) rect=1295.56,821.75,79.56,32.06 internal gfx=gfx:2048x2048/root=2048x2048/rot=0/pkg:null touchable=True visible=True
[2026-08-09 09:42:07] FairyGUI: HUD底栏绑定 Level=idx=4/14/1 path=BottomUI/DLevel/DLevelText name=DLevelText item=(null) title=(null) url=(null) rect=381.19,827.69,92.63,20.19 internal gfx=gfx:2048x2048/root=2048x2048/rot=0/pkg:null touchable=True visible=True
[2026-08-09 09:42:07] FairyGUI: HUD底栏绑定 Weight=idx=4/8/0 path=BottomUI/DChatWindow/__codex_mobile_chattxt name=__codex_mobile_chattxt item=(null) title=(null) url=(null) rect=651.94,736.25,418,81.94 internal gfx=null touchable=False visible=True
[2026-08-09 09:42:07] FairyGUI: HUD底栏绑定 ExpBar=idx=4/16 path=BottomUI/DExpBar name=DExpBar item=DExpBar title=(null) url=ui://jk0io98jv9b11f rect=923.88,825.31,288.56,26.13 exported gfx=null touchable=True visible=True
[2026-08-09 09:42:07] FairyGUI: HUD底栏绑定 Volume=idx=4/33 path=BottomUI/textVolume name=textVolume item=(null) title=(null) url=(null) rect=1295.56,821.75,79.56,32.06 internal gfx=gfx:2048x2048/root=2048x2048/rot=0/pkg:null touchable=True visible=True
[2026-08-09 09:42:09] FairyGUI: HUD底栏绑定 Level=idx=4/14/1 path=BottomUI/DLevel/DLevelText name=DLevelText item=(null) title=(null) url=(null) rect=381.19,827.69,92.63,20.19 internal gfx=gfx:2048x2048/root=2048x2048/rot=0/pkg:null touchable=True visible=True
[2026-08-09 09:42:09] FairyGUI: HUD底栏绑定 Weight=idx=4/8/0 path=BottomUI/DChatWindow/__codex_mobile_chattxt name=__codex_mobile_chattxt item=(null) title=(null) url=(null) rect=651.94,736.25,418,81.94 internal gfx=null touchable=False visible=True
[2026-08-09 09:42:09] FairyGUI: HUD底栏绑定 ExpBar=idx=4/16 path=BottomUI/DExpBar name=DExpBar item=DExpBar title=(null) url=ui://jk0io98jv9b11f rect=923.88,825.31,288.56,26.13 exported gfx=null touchable=True visible=True
[2026-08-09 09:42:09] FairyGUI: HUD底栏绑定 Volume=idx=4/33 path=BottomUI/textVolume name=textVolume item=(null) title=(null) url=(null) rect=1295.56,821.75,79.56,32.06 internal gfx=gfx:2048x2048/root=2048x2048/rot=0/pkg:null touchable=True visible=True
[2026-08-09 09:42:11] FairyGUI: HUD底栏绑定 Level=idx=4/14/1 path=BottomUI/DLevel/DLevelText name=DLevelText item=(null) title=(null) url=(null) rect=381.19,827.69,92.63,20.19 internal gfx=gfx:2048x2048/root=2048x2048/rot=0/pkg:null touchable=True visible=True
[2026-08-09 09:42:11] FairyGUI: HUD底栏绑定 Weight=idx=4/8/0 path=BottomUI/DChatWindow/__codex_mobile_chattxt name=__codex_mobile_chattxt item=(null) title=(null) url=(null) rect=651.94,736.25,418,81.94 internal gfx=null touchable=False visible=True
[2026-08-09 09:42:11] FairyGUI: HUD底栏绑定 ExpBar=idx=4/16 path=BottomUI/DExpBar name=DExpBar item=DExpBar title=(null) url=ui://jk0io98jv9b11f rect=923.88,825.31,288.56,26.13 exported gfx=null touchable=True visible=True
[2026-08-09 09:42:11] FairyGUI: HUD底栏绑定 Volume=idx=4/33 path=BottomUI/textVolume name=textVolume item=(null) title=(null) url=(null) rect=1295.56,821.75,79.56,32.06 internal gfx=gfx:2048x2048/root=2048x2048/rot=0/pkg:null touchable=True visible=True
[2026-08-09 09:42:13] FairyGUI: HUD底栏绑定 Level=idx=4/14/1 path=BottomUI/DLevel/DLevelText name=DLevelText item=(null) title=(null) url=(null) rect=381.19,827.69,92.63,20.19 internal gfx=gfx:2048x2048/root=2048x2048/rot=0/pkg:null touchable=True visible=True
[2026-08-09 09:42:13] FairyGUI: HUD底栏绑定 Weight=idx=4/8/0 path=BottomUI/DChatWindow/__codex_mobile_chattxt name=__codex_mobile_chattxt item=(null) title=(null) url=(null) rect=651.94,736.25,418,81.94 internal gfx=null touchable=False visible=True
[2026-08-09 09:42:13] FairyGUI: HUD底栏绑定 ExpBar=idx=4/16 path=BottomUI/DExpBar name=DExpBar item=DExpBar title=(null) url=ui://jk0io98jv9b11f rect=923.88,825.31,288.56,26.13 exported gfx=null touchable=True visible=True
[2026-08-09 09:42:13] FairyGUI: HUD底栏绑定 Volume=idx=4/33 path=BottomUI/textVolume name=textVolume item=(null) title=(null) url=(null) rect=1295.56,821.75,79.56,32.06 internal gfx=gfx:2048x2048/root=2048x2048/rot=0/pkg:null touchable=True visible=True
[2026-08-09 09:42:15] FairyGUI: HUD底栏绑定 Level=idx=4/14/1 path=BottomUI/DLevel/DLevelText name=DLevelText item=(null) title=(null) url=(null) rect=381.19,827.69,92.63,20.19 internal gfx=gfx:2048x2048/root=2048x2048/rot=0/pkg:null touchable=True visible=True
[2026-08-09 09:42:15] FairyGUI: HUD底栏绑定 Weight=idx=4/8/0 path=BottomUI/DChatWindow/__codex_mobile_chattxt name=__codex_mobile_chattxt item=(null) title=(null) url=(null) rect=651.94,736.25,418,81.94 internal gfx=null touchable=False visible=True
[2026-08-09 09:42:15] FairyGUI: HUD底栏绑定 ExpBar=idx=4/16 path=BottomUI/DExpBar name=DExpBar item=DExpBar title=(null) url=ui://jk0io98jv9b11f rect=923.88,825.31,288.56,26.13 exported gfx=null touchable=True visible=True
[2026-08-09 09:42:15] FairyGUI: HUD底栏绑定 Volume=idx=4/33 path=BottomUI/textVolume name=textVolume item=(null) title=(null) url=(null) rect=1295.56,821.75,79.56,32.06 internal gfx=gfx:2048x2048/root=2048x2048/rot=0/pkg:null touchable=True visible=True
[2026-08-09 09:42:17] FairyGUI: HUD底栏绑定 Level=idx=4/14/1 path=BottomUI/DLevel/DLevelText name=DLevelText item=(null) title=(null) url=(null) rect=381.19,827.69,92.63,20.19 internal gfx=gfx:2048x2048/root=2048x2048/rot=0/pkg:null touchable=True visible=True
[2026-08-09 09:42:17] FairyGUI: HUD底栏绑定 Weight=idx=4/8/0 path=BottomUI/DChatWindow/__codex_mobile_chattxt name=__codex_mobile_chattxt item=(null) title=(null) url=(null) rect=651.94,736.25,418,81.94 internal gfx=null touchable=False visible=True
[2026-08-09 09:42:17] FairyGUI: HUD底栏绑定 ExpBar=idx=4/16 path=BottomUI/DExpBar name=DExpBar item=DExpBar title=(null) url=ui://jk0io98jv9b11f rect=923.88,825.31,288.56,26.13 exported gfx=null touchable=True visible=True
[2026-08-09 09:42:17] FairyGUI: HUD底栏绑定 Volume=idx=4/33 path=BottomUI/textVolume name=textVolume item=(null) title=(null) url=(null) rect=1295.56,821.75,79.56,32.06 internal gfx=gfx:2048x2048/root=2048x2048/rot=0/pkg:null touchable=True visible=True
[2026-08-09 09:42:19] FairyGUI: HUD底栏绑定 Level=idx=4/14/1 path=BottomUI/DLevel/DLevelText name=DLevelText item=(null) title=(null) url=(null) rect=381.19,827.69,92.63,20.19 internal gfx=gfx:2048x2048/root=2048x2048/rot=0/pkg:null touchable=True visible=True
[2026-08-09 09:42:19] FairyGUI: HUD底栏绑定 Weight=idx=4/8/0 path=BottomUI/DChatWindow/__codex_mobile_chattxt name=__codex_mobile_chattxt item=(null) title=(null) url=(null) rect=651.94,736.25,418,81.94 internal gfx=null touchable=False visible=True
[2026-08-09 09:42:19] FairyGUI: HUD底栏绑定 ExpBar=idx=4/16 path=BottomUI/DExpBar name=DExpBar item=DExpBar title=(null) url=ui://jk0io98jv9b11f rect=923.88,825.31,288.56,26.13 exported gfx=null touchable=True visible=True
[2026-08-09 09:42:19] FairyGUI: HUD底栏绑定 Volume=idx=4/33 path=BottomUI/textVolume name=textVolume item=(null) title=(null) url=(null) rect=1295.56,821.75,79.56,32.06 internal gfx=gfx:2048x2048/root=2048x2048/rot=0/pkg:null touchable=True visible=True
[2026-08-09 09:42:21] FairyGUI: HUD底栏绑定 Level=idx=4/14/1 path=BottomUI/DLevel/DLevelText name=DLevelText item=(null) title=(null) url=(null) rect=381.19,827.69,92.63,20.19 internal gfx=gfx:2048x2048/root=2048x2048/rot=0/pkg:null touchable=True visible=True
[2026-08-09 09:42:21] FairyGUI: HUD底栏绑定 Weight=idx=4/8/0 path=BottomUI/DChatWindow/__codex_mobile_chattxt name=__codex_mobile_chattxt item=(null) title=(null) url=(null) rect=651.94,736.25,418,81.94 internal gfx=null touchable=False visible=True
[2026-08-09 09:42:21] FairyGUI: HUD底栏绑定 ExpBar=idx=4/16 path=BottomUI/DExpBar name=DExpBar item=DExpBar title=(null) url=ui://jk0io98jv9b11f rect=923.88,825.31,288.56,26.13 exported gfx=null touchable=True visible=True
[2026-08-09 09:42:21] FairyGUI: HUD底栏绑定 Volume=idx=4/33 path=BottomUI/textVolume name=textVolume item=(null) title=(null) url=(null) rect=1295.56,821.75,79.56,32.06 internal gfx=gfx:2048x2048/root=2048x2048/rot=0/pkg:null touchable=True visible=True
[2026-08-09 09:42:23] FairyGUI: HUD底栏绑定 Level=idx=4/14/1 path=BottomUI/DLevel/DLevelText name=DLevelText item=(null) title=(null) url=(null) rect=381.19,827.69,92.63,20.19 internal gfx=gfx:2048x2048/root=2048x2048/rot=0/pkg:null touchable=True visible=True
[2026-08-09 09:42:23] FairyGUI: HUD底栏绑定 Weight=idx=4/8/0 path=BottomUI/DChatWindow/__codex_mobile_chattxt name=__codex_mobile_chattxt item=(null) title=(null) url=(null) rect=651.94,736.25,418,81.94 internal gfx=null touchable=False visible=True
[2026-08-09 09:42:23] FairyGUI: HUD底栏绑定 ExpBar=idx=4/16 path=BottomUI/DExpBar name=DExpBar item=DExpBar title=(null) url=ui://jk0io98jv9b11f rect=923.88,825.31,288.56,26.13 exported gfx=null touchable=True visible=True
[2026-08-09 09:42:23] FairyGUI: HUD底栏绑定 Volume=idx=4/33 path=BottomUI/textVolume name=textVolume item=(null) title=(null) url=(null) rect=1295.56,821.75,79.56,32.06 internal gfx=gfx:2048x2048/root=2048x2048/rot=0/pkg:null touchable=True visible=True
[2026-08-09 09:42:25] FairyGUI: HUD底栏绑定 Level=idx=4/14/1 path=BottomUI/DLevel/DLevelText name=DLevelText item=(null) title=(null) url=(null) rect=381.19,827.69,92.63,20.19 internal gfx=gfx:2048x2048/root=2048x2048/rot=0/pkg:null touchable=True visible=True
[2026-08-09 09:42:25] FairyGUI: HUD底栏绑定 Weight=idx=4/8/0 path=BottomUI/DChatWindow/__codex_mobile_chattxt name=__codex_mobile_chattxt item=(null) title=(null) url=(null) rect=651.94,736.25,418,81.94 internal gfx=null touchable=False visible=True
[2026-08-09 09:42:25] FairyGUI: HUD底栏绑定 ExpBar=idx=4/16 path=BottomUI/DExpBar name=DExpBar item=DExpBar title=(null) url=ui://jk0io98jv9b11f rect=923.88,825.31,288.56,26.13 exported gfx=null touchable=True visible=True
[2026-08-09 09:42:25] FairyGUI: HUD底栏绑定 Volume=idx=4/33 path=BottomUI/textVolume name=textVolume item=(null) title=(null) url=(null) rect=1295.56,821.75,79.56,32.06 internal gfx=gfx:2048x2048/root=2048x2048/rot=0/pkg:null touchable=True visible=True
[2026-08-09 09:42:28] FairyGUI: HUD底栏绑定 Level=idx=4/14/1 path=BottomUI/DLevel/DLevelText name=DLevelText item=(null) title=(null) url=(null) rect=381.19,827.69,92.63,20.19 internal gfx=gfx:2048x2048/root=2048x2048/rot=0/pkg:null touchable=True visible=True
[2026-08-09 09:42:28] FairyGUI: HUD底栏绑定 Weight=idx=4/8/0 path=BottomUI/DChatWindow/__codex_mobile_chattxt name=__codex_mobile_chattxt item=(null) title=(null) url=(null) rect=651.94,736.25,418,81.94 internal gfx=null touchable=False visible=True
[2026-08-09 09:42:28] FairyGUI: HUD底栏绑定 ExpBar=idx=4/16 path=BottomUI/DExpBar name=DExpBar item=DExpBar title=(null) url=ui://jk0io98jv9b11f rect=923.88,825.31,288.56,26.13 exported gfx=null touchable=True visible=True
[2026-08-09 09:42:28] FairyGUI: HUD底栏绑定 Volume=idx=4/33 path=BottomUI/textVolume name=textVolume item=(null) title=(null) url=(null) rect=1295.56,821.75,79.56,32.06 internal gfx=gfx:2048x2048/root=2048x2048/rot=0/pkg:null touchable=True visible=True
[2026-08-09 09:42:30] FairyGUI: HUD底栏绑定 Level=idx=4/14/1 path=BottomUI/DLevel/DLevelText name=DLevelText item=(null) title=(null) url=(null) rect=381.19,827.69,92.63,20.19 internal gfx=gfx:2048x2048/root=2048x2048/rot=0/pkg:null touchable=True visible=True
[2026-08-09 09:42:30] FairyGUI: HUD底栏绑定 Weight=idx=4/8/0 path=BottomUI/DChatWindow/__codex_mobile_chattxt name=__codex_mobile_chattxt item=(null) title=(null) url=(null) rect=651.94,736.25,418,81.94 internal gfx=null touchable=False visible=True
[2026-08-09 09:42:30] FairyGUI: HUD底栏绑定 ExpBar=idx=4/16 path=BottomUI/DExpBar name=DExpBar item=DExpBar title=(null) url=ui://jk0io98jv9b11f rect=923.88,825.31,288.56,26.13 exported gfx=null touchable=True visible=True
[2026-08-09 09:42:30] FairyGUI: HUD底栏绑定 Volume=idx=4/33 path=BottomUI/textVolume name=textVolume item=(null) title=(null) url=(null) rect=1295.56,821.75,79.56,32.06 internal gfx=gfx:2048x2048/root=2048x2048/rot=0/pkg:null touchable=True visible=True
[2026-08-09 09:42:32] FairyGUI: HUD底栏绑定 Level=idx=4/14/1 path=BottomUI/DLevel/DLevelText name=DLevelText item=(null) title=(null) url=(null) rect=381.19,827.69,92.63,20.19 internal gfx=gfx:2048x2048/root=2048x2048/rot=0/pkg:null touchable=True visible=True
[2026-08-09 09:42:32] FairyGUI: HUD底栏绑定 Weight=idx=4/8/0 path=BottomUI/DChatWindow/__codex_mobile_chattxt name=__codex_mobile_chattxt item=(null) title=(null) url=(null) rect=651.94,736.25,418,81.94 internal gfx=null touchable=False visible=True
[2026-08-09 09:42:32] FairyGUI: HUD底栏绑定 ExpBar=idx=4/16 path=BottomUI/DExpBar name=DExpBar item=DExpBar title=(null) url=ui://jk0io98jv9b11f rect=923.88,825.31,288.56,26.13 exported gfx=null touchable=True visible=True
[2026-08-09 09:42:32] FairyGUI: HUD底栏绑定 Volume=idx=4/33 path=BottomUI/textVolume name=textVolume item=(null) title=(null) url=(null) rect=1295.56,821.75,79.56,32.06 internal gfx=gfx:2048x2048/root=2048x2048/rot=0/pkg:null touchable=True visible=True
[2026-08-09 09:42:34] FairyGUI: HUD底栏绑定 Level=idx=4/14/1 path=BottomUI/DLevel/DLevelText name=DLevelText item=(null) title=(null) url=(null) rect=381.19,827.69,92.63,20.19 internal gfx=gfx:2048x2048/root=2048x2048/rot=0/pkg:null touchable=True visible=True
[2026-08-09 09:42:34] FairyGUI: HUD底栏绑定 Weight=idx=4/8/0 path=BottomUI/DChatWindow/__codex_mobile_chattxt name=__codex_mobile_chattxt item=(null) title=(null) url=(null) rect=651.94,736.25,418,81.94 internal gfx=null touchable=False visible=True
[2026-08-09 09:42:34] FairyGUI: HUD底栏绑定 ExpBar=idx=4/16 path=BottomUI/DExpBar name=DExpBar item=DExpBar title=(null) url=ui://jk0io98jv9b11f rect=923.88,825.31,288.56,26.13 exported gfx=null touchable=True visible=True
[2026-08-09 09:42:34] FairyGUI: HUD底栏绑定 Volume=idx=4/33 path=BottomUI/textVolume name=textVolume item=(null) title=(null) url=(null) rect=1295.56,821.75,79.56,32.06 internal gfx=gfx:2048x2048/root=2048x2048/rot=0/pkg:null touchable=True visible=True
[2026-08-09 09:42:36] FairyGUI: HUD底栏绑定 Level=idx=4/14/1 path=BottomUI/DLevel/DLevelText name=DLevelText item=(null) title=(null) url=(null) rect=381.19,827.69,92.63,20.19 internal gfx=gfx:2048x2048/root=2048x2048/rot=0/pkg:null touchable=True visible=True
[2026-08-09 09:42:36] FairyGUI: HUD底栏绑定 Weight=idx=4/8/0 path=BottomUI/DChatWindow/__codex_mobile_chattxt name=__codex_mobile_chattxt item=(null) title=(null) url=(null) rect=651.94,736.25,418,81.94 internal gfx=null touchable=False visible=True
[2026-08-09 09:42:36] FairyGUI: HUD底栏绑定 ExpBar=idx=4/16 path=BottomUI/DExpBar name=DExpBar item=DExpBar title=(null) url=ui://jk0io98jv9b11f rect=923.88,825.31,288.56,26.13 exported gfx=null touchable=True visible=True
[2026-08-09 09:42:36] FairyGUI: HUD底栏绑定 Volume=idx=4/33 path=BottomUI/textVolume name=textVolume item=(null) title=(null) url=(null) rect=1295.56,821.75,79.56,32.06 internal gfx=gfx:2048x2048/root=2048x2048/rot=0/pkg:null touchable=True visible=True
[2026-08-09 09:42:38] FairyGUI: HUD底栏绑定 Level=idx=4/14/1 path=BottomUI/DLevel/DLevelText name=DLevelText item=(null) title=(null) url=(null) rect=381.19,827.69,92.63,20.19 internal gfx=gfx:2048x2048/root=2048x2048/rot=0/pkg:null touchable=True visible=True
[2026-08-09 09:42:38] FairyGUI: HUD底栏绑定 Weight=idx=4/8/0 path=BottomUI/DChatWindow/__codex_mobile_chattxt name=__codex_mobile_chattxt item=(null) title=(null) url=(null) rect=651.94,736.25,418,81.94 internal gfx=null touchable=False visible=True
[2026-08-09 09:42:38] FairyGUI: HUD底栏绑定 ExpBar=idx=4/16 path=BottomUI/DExpBar name=DExpBar item=DExpBar title=(null) url=ui://jk0io98jv9b11f rect=923.88,825.31,288.56,26.13 exported gfx=null touchable=True visible=True
[2026-08-09 09:42:38] FairyGUI: HUD底栏绑定 Volume=idx=4/33 path=BottomUI/textVolume name=textVolume item=(null) title=(null) url=(null) rect=1295.56,821.75,79.56,32.06 internal gfx=gfx:2048x2048/root=2048x2048/rot=0/pkg:null touchable=True visible=True
[2026-08-09 09:42:40] FairyGUI: HUD底栏绑定 Level=idx=4/14/1 path=BottomUI/DLevel/DLevelText name=DLevelText item=(null) title=(null) url=(null) rect=381.19,827.69,92.63,20.19 internal gfx=gfx:2048x2048/root=2048x2048/rot=0/pkg:null touchable=True visible=True
[2026-08-09 09:42:40] FairyGUI: HUD底栏绑定 Weight=idx=4/8/0 path=BottomUI/DChatWindow/__codex_mobile_chattxt name=__codex_mobile_chattxt item=(null) title=(null) url=(null) rect=651.94,736.25,418,81.94 internal gfx=null touchable=False visible=True
[2026-08-09 09:42:40] FairyGUI: HUD底栏绑定 ExpBar=idx=4/16 path=BottomUI/DExpBar name=DExpBar item=DExpBar title=(null) url=ui://jk0io98jv9b11f rect=923.88,825.31,288.56,26.13 exported gfx=null touchable=True visible=True
[2026-08-09 09:42:40] FairyGUI: HUD底栏绑定 Volume=idx=4/33 path=BottomUI/textVolume name=textVolume item=(null) title=(null) url=(null) rect=1295.56,821.75,79.56,32.06 internal gfx=gfx:2048x2048/root=2048x2048/rot=0/pkg:null touchable=True visible=True
[2026-08-09 09:42:42] FairyGUI: HUD底栏绑定 Level=idx=4/14/1 path=BottomUI/DLevel/DLevelText name=DLevelText item=(null) title=(null) url=(null) rect=381.19,827.69,92.63,20.19 internal gfx=gfx:2048x2048/root=2048x2048/rot=0/pkg:null touchable=True visible=True
[2026-08-09 09:42:42] FairyGUI: HUD底栏绑定 Weight=idx=4/8/0 path=BottomUI/DChatWindow/__codex_mobile_chattxt name=__codex_mobile_chattxt item=(null) title=(null) url=(null) rect=651.94,736.25,418,81.94 internal gfx=null touchable=False visible=True
[2026-08-09 09:42:42] FairyGUI: HUD底栏绑定 ExpBar=idx=4/16 path=BottomUI/DExpBar name=DExpBar item=DExpBar title=(null) url=ui://jk0io98jv9b11f rect=923.88,825.31,288.56,26.13 exported gfx=null touchable=True visible=True
[2026-08-09 09:42:42] FairyGUI: HUD底栏绑定 Volume=idx=4/33 path=BottomUI/textVolume name=textVolume item=(null) title=(null) url=(null) rect=1295.56,821.75,79.56,32.06 internal gfx=gfx:2048x2048/root=2048x2048/rot=0/pkg:null touchable=True visible=True
[2026-08-09 09:42:44] FairyGUI: HUD底栏绑定 Level=idx=4/14/1 path=BottomUI/DLevel/DLevelText name=DLevelText item=(null) title=(null) url=(null) rect=381.19,827.69,92.63,20.19 internal gfx=gfx:2048x2048/root=2048x2048/rot=0/pkg:null touchable=True visible=True
[2026-08-09 09:42:44] FairyGUI: HUD底栏绑定 Weight=idx=4/8/0 path=BottomUI/DChatWindow/__codex_mobile_chattxt name=__codex_mobile_chattxt item=(null) title=(null) url=(null) rect=651.94,736.25,418,81.94 internal gfx=null touchable=False visible=True
[2026-08-09 09:42:44] FairyGUI: HUD底栏绑定 ExpBar=idx=4/16 path=BottomUI/DExpBar name=DExpBar item=DExpBar title=(null) url=ui://jk0io98jv9b11f rect=923.88,825.31,288.56,26.13 exported gfx=null touchable=True visible=True
[2026-08-09 09:42:44] FairyGUI: HUD底栏绑定 Volume=idx=4/33 path=BottomUI/textVolume name=textVolume item=(null) title=(null) url=(null) rect=1295.56,821.75,79.56,32.06 internal gfx=gfx:2048x2048/root=2048x2048/rot=0/pkg:null touchable=True visible=True
[2026-08-09 09:42:46] FairyGUI: HUD底栏绑定 Level=idx=4/14/1 path=BottomUI/DLevel/DLevelText name=DLevelText item=(null) title=(null) url=(null) rect=381.19,827.69,92.63,20.19 internal gfx=gfx:2048x2048/root=2048x2048/rot=0/pkg:null touchable=True visible=True
[2026-08-09 09:42:46] FairyGUI: HUD底栏绑定 Weight=idx=4/8/0 path=BottomUI/DChatWindow/__codex_mobile_chattxt name=__codex_mobile_chattxt item=(null) title=(null) url=(null) rect=651.94,736.25,418,81.94 internal gfx=null touchable=False visible=True
[2026-08-09 09:42:46] FairyGUI: HUD底栏绑定 ExpBar=idx=4/16 path=BottomUI/DExpBar name=DExpBar item=DExpBar title=(null) url=ui://jk0io98jv9b11f rect=923.88,825.31,288.56,26.13 exported gfx=null touchable=True visible=True
[2026-08-09 09:42:46] FairyGUI: HUD底栏绑定 Volume=idx=4/33 path=BottomUI/textVolume name=textVolume item=(null) title=(null) url=(null) rect=1295.56,821.75,79.56,32.06 internal gfx=gfx:2048x2048/root=2048x2048/rot=0/pkg:null touchable=True visible=True
[2026-08-09 09:42:48] FairyGUI: HUD底栏绑定 Level=idx=4/14/1 path=BottomUI/DLevel/DLevelText name=DLevelText item=(null) title=(null) url=(null) rect=381.19,827.69,92.63,20.19 internal gfx=gfx:2048x2048/root=2048x2048/rot=0/pkg:null touchable=True visible=True
[2026-08-09 09:42:48] FairyGUI: HUD底栏绑定 Weight=idx=4/8/0 path=BottomUI/DChatWindow/__codex_mobile_chattxt name=__codex_mobile_chattxt item=(null) title=(null) url=(null) rect=651.94,736.25,418,81.94 internal gfx=null touchable=False visible=True
[2026-08-09 09:42:48] FairyGUI: HUD底栏绑定 ExpBar=idx=4/16 path=BottomUI/DExpBar name=DExpBar item=DExpBar title=(null) url=ui://jk0io98jv9b11f rect=923.88,825.31,288.56,26.13 exported gfx=null touchable=True visible=True
[2026-08-09 09:42:48] FairyGUI: HUD底栏绑定 Volume=idx=4/33 path=BottomUI/textVolume name=textVolume item=(null) title=(null) url=(null) rect=1295.56,821.75,79.56,32.06 internal gfx=gfx:2048x2048/root=2048x2048/rot=0/pkg:null touchable=True visible=True
[2026-08-09 09:42:50] FairyGUI: HUD底栏绑定 Level=idx=4/14/1 path=BottomUI/DLevel/DLevelText name=DLevelText item=(null) title=(null) url=(null) rect=381.19,827.69,92.63,20.19 internal gfx=gfx:2048x2048/root=2048x2048/rot=0/pkg:null touchable=True visible=True
[2026-08-09 09:42:50] FairyGUI: HUD底栏绑定 Weight=idx=4/8/0 path=BottomUI/DChatWindow/__codex_mobile_chattxt name=__codex_mobile_chattxt item=(null) title=(null) url=(null) rect=651.94,736.25,418,81.94 internal gfx=null touchable=False visible=True
[2026-08-09 09:42:50] FairyGUI: HUD底栏绑定 ExpBar=idx=4/16 path=BottomUI/DExpBar name=DExpBar item=DExpBar title=(null) url=ui://jk0io98jv9b11f rect=923.88,825.31,288.56,26.13 exported gfx=null touchable=True visible=True
[2026-08-09 09:42:50] FairyGUI: HUD底栏绑定 Volume=idx=4/33 path=BottomUI/textVolume name=textVolume item=(null) title=(null) url=(null) rect=1295.56,821.75,79.56,32.06 internal gfx=gfx:2048x2048/root=2048x2048/rot=0/pkg:null touchable=True visible=True
[2026-08-09 09:42:52] FairyGUI: HUD底栏绑定 Level=idx=4/14/1 path=BottomUI/DLevel/DLevelText name=DLevelText item=(null) title=(null) url=(null) rect=381.19,827.69,92.63,20.19 internal gfx=gfx:2048x2048/root=2048x2048/rot=0/pkg:null touchable=True visible=True
[2026-08-09 09:42:52] FairyGUI: HUD底栏绑定 Weight=idx=4/8/0 path=BottomUI/DChatWindow/__codex_mobile_chattxt name=__codex_mobile_chattxt item=(null) title=(null) url=(null) rect=651.94,736.25,418,81.94 internal gfx=null touchable=False visible=True
[2026-08-09 09:42:52] FairyGUI: HUD底栏绑定 ExpBar=idx=4/16 path=BottomUI/DExpBar name=DExpBar item=DExpBar title=(null) url=ui://jk0io98jv9b11f rect=923.88,825.31,288.56,26.13 exported gfx=null touchable=True visible=True
[2026-08-09 09:42:52] FairyGUI: HUD底栏绑定 Volume=idx=4/33 path=BottomUI/textVolume name=textVolume item=(null) title=(null) url=(null) rect=1295.56,821.75,79.56,32.06 internal gfx=gfx:2048x2048/root=2048x2048/rot=0/pkg:null touchable=True visible=True
[2026-08-09 09:42:54] FairyGUI: HUD底栏绑定 Level=idx=4/14/1 path=BottomUI/DLevel/DLevelText name=DLevelText item=(null) title=(null) url=(null) rect=381.19,827.69,92.63,20.19 internal gfx=gfx:2048x2048/root=2048x2048/rot=0/pkg:null touchable=True visible=True
[2026-08-09 09:42:54] FairyGUI: HUD底栏绑定 Weight=idx=4/8/0 path=BottomUI/DChatWindow/__codex_mobile_chattxt name=__codex_mobile_chattxt item=(null) title=(null) url=(null) rect=651.94,736.25,418,81.94 internal gfx=null touchable=False visible=True
[2026-08-09 09:42:54] FairyGUI: HUD底栏绑定 ExpBar=idx=4/16 path=BottomUI/DExpBar name=DExpBar item=DExpBar title=(null) url=ui://jk0io98jv9b11f rect=923.88,825.31,288.56,26.13 exported gfx=null touchable=True visible=True
[2026-08-09 09:42:54] FairyGUI: HUD底栏绑定 Volume=idx=4/33 path=BottomUI/textVolume name=textVolume item=(null) title=(null) url=(null) rect=1295.56,821.75,79.56,32.06 internal gfx=gfx:2048x2048/root=2048x2048/rot=0/pkg:null touchable=True visible=True
[2026-08-09 09:42:56] FairyGUI: HUD底栏绑定 Level=idx=4/14/1 path=BottomUI/DLevel/DLevelText name=DLevelText item=(null) title=(null) url=(null) rect=381.19,827.69,92.63,20.19 internal gfx=gfx:2048x2048/root=2048x2048/rot=0/pkg:null touchable=True visible=True
[2026-08-09 09:42:56] FairyGUI: HUD底栏绑定 Weight=idx=4/8/0 path=BottomUI/DChatWindow/__codex_mobile_chattxt name=__codex_mobile_chattxt item=(null) title=(null) url=(null) rect=651.94,736.25,418,81.94 internal gfx=null touchable=False visible=True
[2026-08-09 09:42:56] FairyGUI: HUD底栏绑定 ExpBar=idx=4/16 path=BottomUI/DExpBar name=DExpBar item=DExpBar title=(null) url=ui://jk0io98jv9b11f rect=923.88,825.31,288.56,26.13 exported gfx=null touchable=True visible=True
[2026-08-09 09:42:56] FairyGUI: HUD底栏绑定 Volume=idx=4/33 path=BottomUI/textVolume name=textVolume item=(null) title=(null) url=(null) rect=1295.56,821.75,79.56,32.06 internal gfx=gfx:2048x2048/root=2048x2048/rot=0/pkg:null touchable=True visible=True
[2026-08-09 09:42:59] FairyGUI: HUD底栏绑定 Level=idx=4/14/1 path=BottomUI/DLevel/DLevelText name=DLevelText item=(null) title=(null) url=(null) rect=381.19,827.69,92.63,20.19 internal gfx=gfx:2048x2048/root=2048x2048/rot=0/pkg:null touchable=True visible=True
[2026-08-09 09:42:59] FairyGUI: HUD底栏绑定 Weight=idx=4/8/0 path=BottomUI/DChatWindow/__codex_mobile_chattxt name=__codex_mobile_chattxt item=(null) title=(null) url=(null) rect=651.94,736.25,418,81.94 internal gfx=null touchable=False visible=True
[2026-08-09 09:42:59] FairyGUI: HUD底栏绑定 ExpBar=idx=4/16 path=BottomUI/DExpBar name=DExpBar item=DExpBar title=(null) url=ui://jk0io98jv9b11f rect=923.88,825.31,288.56,26.13 exported gfx=null touchable=True visible=True
[2026-08-09 09:42:59] FairyGUI: HUD底栏绑定 Volume=idx=4/33 path=BottomUI/textVolume name=textVolume item=(null) title=(null) url=(null) rect=1295.56,821.75,79.56,32.06 internal gfx=gfx:2048x2048/root=2048x2048/rot=0/pkg:null touchable=True visible=True
[2026-08-09 09:43:01] FairyGUI: HUD底栏绑定 Level=idx=4/14/1 path=BottomUI/DLevel/DLevelText name=DLevelText item=(null) title=(null) url=(null) rect=381.19,827.69,92.63,20.19 internal gfx=gfx:2048x2048/root=2048x2048/rot=0/pkg:null touchable=True visible=True
[2026-08-09 09:43:01] FairyGUI: HUD底栏绑定 Weight=idx=4/8/0 path=BottomUI/DChatWindow/__codex_mobile_chattxt name=__codex_mobile_chattxt item=(null) title=(null) url=(null) rect=651.94,736.25,418,81.94 internal gfx=null touchable=False visible=True
[2026-08-09 09:43:01] FairyGUI: HUD底栏绑定 ExpBar=idx=4/16 path=BottomUI/DExpBar name=DExpBar item=DExpBar title=(null) url=ui://jk0io98jv9b11f rect=923.88,825.31,288.56,26.13 exported gfx=null touchable=True visible=True
[2026-08-09 09:43:01] FairyGUI: HUD底栏绑定 Volume=idx=4/33 path=BottomUI/textVolume name=textVolume item=(null) title=(null) url=(null) rect=1295.56,821.75,79.56,32.06 internal gfx=gfx:2048x2048/root=2048x2048/rot=0/pkg:null touchable=True visible=True
[2026-08-09 09:43:03] FairyGUI: HUD底栏绑定 Level=idx=4/14/1 path=BottomUI/DLevel/DLevelText name=DLevelText item=(null) title=(null) url=(null) rect=381.19,827.69,92.63,20.19 internal gfx=gfx:2048x2048/root=2048x2048/rot=0/pkg:null touchable=True visible=True
[2026-08-09 09:43:03] FairyGUI: HUD底栏绑定 Weight=idx=4/8/0 path=BottomUI/DChatWindow/__codex_mobile_chattxt name=__codex_mobile_chattxt item=(null) title=(null) url=(null) rect=651.94,736.25,418,81.94 internal gfx=null touchable=False visible=True
[2026-08-09 09:43:03] FairyGUI: HUD底栏绑定 ExpBar=idx=4/16 path=BottomUI/DExpBar name=DExpBar item=DExpBar title=(null) url=ui://jk0io98jv9b11f rect=923.88,825.31,288.56,26.13 exported gfx=null touchable=True visible=True
[2026-08-09 09:43:03] FairyGUI: HUD底栏绑定 Volume=idx=4/33 path=BottomUI/textVolume name=textVolume item=(null) title=(null) url=(null) rect=1295.56,821.75,79.56,32.06 internal gfx=gfx:2048x2048/root=2048x2048/rot=0/pkg:null touchable=True visible=True
[2026-08-09 09:43:05] FairyGUI: HUD底栏绑定 Level=idx=4/14/1 path=BottomUI/DLevel/DLevelText name=DLevelText item=(null) title=(null) url=(null) rect=381.19,827.69,92.63,20.19 internal gfx=gfx:2048x2048/root=2048x2048/rot=0/pkg:null touchable=True visible=True
[2026-08-09 09:43:05] FairyGUI: HUD底栏绑定 Weight=idx=4/8/0 path=BottomUI/DChatWindow/__codex_mobile_chattxt name=__codex_mobile_chattxt item=(null) title=(null) url=(null) rect=651.94,736.25,418,81.94 internal gfx=null touchable=False visible=True
[2026-08-09 09:43:05] FairyGUI: HUD底栏绑定 ExpBar=idx=4/16 path=BottomUI/DExpBar name=DExpBar item=DExpBar title=(null) url=ui://jk0io98jv9b11f rect=923.88,825.31,288.56,26.13 exported gfx=null touchable=True visible=True
[2026-08-09 09:43:05] FairyGUI: HUD底栏绑定 Volume=idx=4/33 path=BottomUI/textVolume name=textVolume item=(null) title=(null) url=(null) rect=1295.56,821.75,79.56,32.06 internal gfx=gfx:2048x2048/root=2048x2048/rot=0/pkg:null touchable=True visible=True
[2026-08-09 09:43:07] FairyGUI: HUD底栏绑定 Level=idx=4/14/1 path=BottomUI/DLevel/DLevelText name=DLevelText item=(null) title=(null) url=(null) rect=381.19,827.69,92.63,20.19 internal gfx=gfx:2048x2048/root=2048x2048/rot=0/pkg:null touchable=True visible=True
[2026-08-09 09:43:07] FairyGUI: HUD底栏绑定 Weight=idx=4/8/0 path=BottomUI/DChatWindow/__codex_mobile_chattxt name=__codex_mobile_chattxt item=(null) title=(null) url=(null) rect=651.94,736.25,418,81.94 internal gfx=null touchable=False visible=True
[2026-08-09 09:43:07] FairyGUI: HUD底栏绑定 ExpBar=idx=4/16 path=BottomUI/DExpBar name=DExpBar item=DExpBar title=(null) url=ui://jk0io98jv9b11f rect=923.88,825.31,288.56,26.13 exported gfx=null touchable=True visible=True
[2026-08-09 09:43:07] FairyGUI: HUD底栏绑定 Volume=idx=4/33 path=BottomUI/textVolume name=textVolume item=(null) title=(null) url=(null) rect=1295.56,821.75,79.56,32.06 internal gfx=gfx:2048x2048/root=2048x2048/rot=0/pkg:null touchable=True visible=True
[2026-08-09 09:43:09] FairyGUI: HUD底栏绑定 Level=idx=4/14/1 path=BottomUI/DLevel/DLevelText name=DLevelText item=(null) title=(null) url=(null) rect=381.19,827.69,92.63,20.19 internal gfx=gfx:2048x2048/root=2048x2048/rot=0/pkg:null touchable=True visible=True
[2026-08-09 09:43:09] FairyGUI: HUD底栏绑定 Weight=idx=4/8/0 path=BottomUI/DChatWindow/__codex_mobile_chattxt name=__codex_mobile_chattxt item=(null) title=(null) url=(null) rect=651.94,736.25,418,81.94 internal gfx=null touchable=False visible=True
[2026-08-09 09:43:09] FairyGUI: HUD底栏绑定 ExpBar=idx=4/16 path=BottomUI/DExpBar name=DExpBar item=DExpBar title=(null) url=ui://jk0io98jv9b11f rect=923.88,825.31,288.56,26.13 exported gfx=null touchable=True visible=True
[2026-08-09 09:43:09] FairyGUI: HUD底栏绑定 Volume=idx=4/33 path=BottomUI/textVolume name=textVolume item=(null) title=(null) url=(null) rect=1295.56,821.75,79.56,32.06 internal gfx=gfx:2048x2048/root=2048x2048/rot=0/pkg:null touchable=True visible=True
[2026-08-09 09:43:11] FairyGUI: HUD底栏绑定 Level=idx=4/14/1 path=BottomUI/DLevel/DLevelText name=DLevelText item=(null) title=(null) url=(null) rect=381.19,827.69,92.63,20.19 internal gfx=gfx:2048x2048/root=2048x2048/rot=0/pkg:null touchable=True visible=True
[2026-08-09 09:43:11] FairyGUI: HUD底栏绑定 Weight=idx=4/8/0 path=BottomUI/DChatWindow/__codex_mobile_chattxt name=__codex_mobile_chattxt item=(null) title=(null) url=(null) rect=651.94,736.25,418,81.94 internal gfx=null touchable=False visible=True
[2026-08-09 09:43:11] FairyGUI: HUD底栏绑定 ExpBar=idx=4/16 path=BottomUI/DExpBar name=DExpBar item=DExpBar title=(null) url=ui://jk0io98jv9b11f rect=923.88,825.31,288.56,26.13 exported gfx=null touchable=True visible=True
[2026-08-09 09:43:11] FairyGUI: HUD底栏绑定 Volume=idx=4/33 path=BottomUI/textVolume name=textVolume item=(null) title=(null) url=(null) rect=1295.56,821.75,79.56,32.06 internal gfx=gfx:2048x2048/root=2048x2048/rot=0/pkg:null touchable=True visible=True
[2026-08-09 09:43:13] FairyGUI: HUD底栏绑定 Level=idx=4/14/1 path=BottomUI/DLevel/DLevelText name=DLevelText item=(null) title=(null) url=(null) rect=381.19,827.69,92.63,20.19 internal gfx=gfx:2048x2048/root=2048x2048/rot=0/pkg:null touchable=True visible=True
[2026-08-09 09:43:13] FairyGUI: HUD底栏绑定 Weight=idx=4/8/0 path=BottomUI/DChatWindow/__codex_mobile_chattxt name=__codex_mobile_chattxt item=(null) title=(null) url=(null) rect=651.94,736.25,418,81.94 internal gfx=null touchable=False visible=True
[2026-08-09 09:43:13] FairyGUI: HUD底栏绑定 ExpBar=idx=4/16 path=BottomUI/DExpBar name=DExpBar item=DExpBar title=(null) url=ui://jk0io98jv9b11f rect=923.88,825.31,288.56,26.13 exported gfx=null touchable=True visible=True
[2026-08-09 09:43:13] FairyGUI: HUD底栏绑定 Volume=idx=4/33 path=BottomUI/textVolume name=textVolume item=(null) title=(null) url=(null) rect=1295.56,821.75,79.56,32.06 internal gfx=gfx:2048x2048/root=2048x2048/rot=0/pkg:null touchable=True visible=True
[2026-08-09 09:43:15] FairyGUI: HUD底栏绑定 Level=idx=4/14/1 path=BottomUI/DLevel/DLevelText name=DLevelText item=(null) title=(null) url=(null) rect=381.19,827.69,92.63,20.19 internal gfx=gfx:2048x2048/root=2048x2048/rot=0/pkg:null touchable=True visible=True
[2026-08-09 09:43:15] FairyGUI: HUD底栏绑定 Weight=idx=4/8/0 path=BottomUI/DChatWindow/__codex_mobile_chattxt name=__codex_mobile_chattxt item=(null) title=(null) url=(null) rect=651.94,736.25,418,81.94 internal gfx=null touchable=False visible=True
[2026-08-09 09:43:15] FairyGUI: HUD底栏绑定 ExpBar=idx=4/16 path=BottomUI/DExpBar name=DExpBar item=DExpBar title=(null) url=ui://jk0io98jv9b11f rect=923.88,825.31,288.56,26.13 exported gfx=null touchable=True visible=True
[2026-08-09 09:43:15] FairyGUI: HUD底栏绑定 Volume=idx=4/33 path=BottomUI/textVolume name=textVolume item=(null) title=(null) url=(null) rect=1295.56,821.75,79.56,32.06 internal gfx=gfx:2048x2048/root=2048x2048/rot=0/pkg:null touchable=True visible=True
[2026-08-09 09:43:17] FairyGUI: HUD底栏绑定 Level=idx=4/14/1 path=BottomUI/DLevel/DLevelText name=DLevelText item=(null) title=(null) url=(null) rect=381.19,827.69,92.63,20.19 internal gfx=gfx:2048x2048/root=2048x2048/rot=0/pkg:null touchable=True visible=True
[2026-08-09 09:43:17] FairyGUI: HUD底栏绑定 Weight=idx=4/8/0 path=BottomUI/DChatWindow/__codex_mobile_chattxt name=__codex_mobile_chattxt item=(null) title=(null) url=(null) rect=651.94,736.25,418,81.94 internal gfx=null touchable=False visible=True
[2026-08-09 09:43:17] FairyGUI: HUD底栏绑定 ExpBar=idx=4/16 path=BottomUI/DExpBar name=DExpBar item=DExpBar title=(null) url=ui://jk0io98jv9b11f rect=923.88,825.31,288.56,26.13 exported gfx=null touchable=True visible=True
[2026-08-09 09:43:17] FairyGUI: HUD底栏绑定 Volume=idx=4/33 path=BottomUI/textVolume name=textVolume item=(null) title=(null) url=(null) rect=1295.56,821.75,79.56,32.06 internal gfx=gfx:2048x2048/root=2048x2048/rot=0/pkg:null touchable=True visible=True
[2026-08-09 09:43:19] FairyGUI: HUD底栏绑定 Level=idx=4/14/1 path=BottomUI/DLevel/DLevelText name=DLevelText item=(null) title=(null) url=(null) rect=381.19,827.69,92.63,20.19 internal gfx=gfx:2048x2048/root=2048x2048/rot=0/pkg:null touchable=True visible=True
[2026-08-09 09:43:19] FairyGUI: HUD底栏绑定 Weight=idx=4/8/0 path=BottomUI/DChatWindow/__codex_mobile_chattxt name=__codex_mobile_chattxt item=(null) title=(null) url=(null) rect=651.94,736.25,418,81.94 internal gfx=null touchable=False visible=True
[2026-08-09 09:43:19] FairyGUI: HUD底栏绑定 ExpBar=idx=4/16 path=BottomUI/DExpBar name=DExpBar item=DExpBar title=(null) url=ui://jk0io98jv9b11f rect=923.88,825.31,288.56,26.13 exported gfx=null touchable=True visible=True
[2026-08-09 09:43:19] FairyGUI: HUD底栏绑定 Volume=idx=4/33 path=BottomUI/textVolume name=textVolume item=(null) title=(null) url=(null) rect=1295.56,821.75,79.56,32.06 internal gfx=gfx:2048x2048/root=2048x2048/rot=0/pkg:null touchable=True visible=True
[2026-08-09 09:43:21] FairyGUI: HUD底栏绑定 Level=idx=4/14/1 path=BottomUI/DLevel/DLevelText name=DLevelText item=(null) title=(null) url=(null) rect=381.19,827.69,92.63,20.19 internal gfx=gfx:2048x2048/root=2048x2048/rot=0/pkg:null touchable=True visible=True
[2026-08-09 09:43:21] FairyGUI: HUD底栏绑定 Weight=idx=4/8/0 path=BottomUI/DChatWindow/__codex_mobile_chattxt name=__codex_mobile_chattxt item=(null) title=(null) url=(null) rect=651.94,736.25,418,81.94 internal gfx=null touchable=False visible=True
[2026-08-09 09:43:21] FairyGUI: HUD底栏绑定 ExpBar=idx=4/16 path=BottomUI/DExpBar name=DExpBar item=DExpBar title=(null) url=ui://jk0io98jv9b11f rect=923.88,825.31,288.56,26.13 exported gfx=null touchable=True visible=True
[2026-08-09 09:43:21] FairyGUI: HUD底栏绑定 Volume=idx=4/33 path=BottomUI/textVolume name=textVolume item=(null) title=(null) url=(null) rect=1295.56,821.75,79.56,32.06 internal gfx=gfx:2048x2048/root=2048x2048/rot=0/pkg:null touchable=True visible=True
[2026-08-09 09:43:23] FairyGUI: HUD底栏绑定 Level=idx=4/14/1 path=BottomUI/DLevel/DLevelText name=DLevelText item=(null) title=(null) url=(null) rect=381.19,827.69,92.63,20.19 internal gfx=gfx:2048x2048/root=2048x2048/rot=0/pkg:null touchable=True visible=True
[2026-08-09 09:43:23] FairyGUI: HUD底栏绑定 Weight=idx=4/8/0 path=BottomUI/DChatWindow/__codex_mobile_chattxt name=__codex_mobile_chattxt item=(null) title=(null) url=(null) rect=651.94,736.25,418,81.94 internal gfx=null touchable=False visible=True
[2026-08-09 09:43:23] FairyGUI: HUD底栏绑定 ExpBar=idx=4/16 path=BottomUI/DExpBar name=DExpBar item=DExpBar title=(null) url=ui://jk0io98jv9b11f rect=923.88,825.31,288.56,26.13 exported gfx=null touchable=True visible=True
[2026-08-09 09:43:23] FairyGUI: HUD底栏绑定 Volume=idx=4/33 path=BottomUI/textVolume name=textVolume item=(null) title=(null) url=(null) rect=1295.56,821.75,79.56,32.06 internal gfx=gfx:2048x2048/root=2048x2048/rot=0/pkg:null touchable=True visible=True
[2026-08-09 09:43:25] FairyGUI: HUD底栏绑定 Level=idx=4/14/1 path=BottomUI/DLevel/DLevelText name=DLevelText item=(null) title=(null) url=(null) rect=381.19,827.69,92.63,20.19 internal gfx=gfx:2048x2048/root=2048x2048/rot=0/pkg:null touchable=True visible=True
[2026-08-09 09:43:25] FairyGUI: HUD底栏绑定 Weight=idx=4/8/0 path=BottomUI/DChatWindow/__codex_mobile_chattxt name=__codex_mobile_chattxt item=(null) title=(null) url=(null) rect=651.94,736.25,418,81.94 internal gfx=null touchable=False visible=True
[2026-08-09 09:43:25] FairyGUI: HUD底栏绑定 ExpBar=idx=4/16 path=BottomUI/DExpBar name=DExpBar item=DExpBar title=(null) url=ui://jk0io98jv9b11f rect=923.88,825.31,288.56,26.13 exported gfx=null touchable=True visible=True
[2026-08-09 09:43:25] FairyGUI: HUD底栏绑定 Volume=idx=4/33 path=BottomUI/textVolume name=textVolume item=(null) title=(null) url=(null) rect=1295.56,821.75,79.56,32.06 internal gfx=gfx:2048x2048/root=2048x2048/rot=0/pkg:null touchable=True visible=True
[2026-08-09 09:43:27] FairyGUI: HUD底栏绑定 Level=idx=4/14/1 path=BottomUI/DLevel/DLevelText name=DLevelText item=(null) title=(null) url=(null) rect=381.19,827.69,92.63,20.19 internal gfx=gfx:2048x2048/root=2048x2048/rot=0/pkg:null touchable=True visible=True
[2026-08-09 09:43:27] FairyGUI: HUD底栏绑定 Weight=idx=4/8/0 path=BottomUI/DChatWindow/__codex_mobile_chattxt name=__codex_mobile_chattxt item=(null) title=(null) url=(null) rect=651.94,736.25,418,81.94 internal gfx=null touchable=False visible=True
[2026-08-09 09:43:27] FairyGUI: HUD底栏绑定 ExpBar=idx=4/16 path=BottomUI/DExpBar name=DExpBar item=DExpBar title=(null) url=ui://jk0io98jv9b11f rect=923.88,825.31,288.56,26.13 exported gfx=null touchable=True visible=True
[2026-08-09 09:43:27] FairyGUI: HUD底栏绑定 Volume=idx=4/33 path=BottomUI/textVolume name=textVolume item=(null) title=(null) url=(null) rect=1295.56,821.75,79.56,32.06 internal gfx=gfx:2048x2048/root=2048x2048/rot=0/pkg:null touchable=True visible=True
[2026-08-09 09:43:29] FairyGUI: HUD底栏绑定 Level=idx=4/14/1 path=BottomUI/DLevel/DLevelText name=DLevelText item=(null) title=(null) url=(null) rect=381.19,827.69,92.63,20.19 internal gfx=gfx:2048x2048/root=2048x2048/rot=0/pkg:null touchable=True visible=True
[2026-08-09 09:43:29] FairyGUI: HUD底栏绑定 Weight=idx=4/8/0 path=BottomUI/DChatWindow/__codex_mobile_chattxt name=__codex_mobile_chattxt item=(null) title=(null) url=(null) rect=651.94,736.25,418,81.94 internal gfx=null touchable=False visible=True
[2026-08-09 09:43:29] FairyGUI: HUD底栏绑定 ExpBar=idx=4/16 path=BottomUI/DExpBar name=DExpBar item=DExpBar title=(null) url=ui://jk0io98jv9b11f rect=923.88,825.31,288.56,26.13 exported gfx=null touchable=True visible=True
[2026-08-09 09:43:29] FairyGUI: HUD底栏绑定 Volume=idx=4/33 path=BottomUI/textVolume name=textVolume item=(null) title=(null) url=(null) rect=1295.56,821.75,79.56,32.06 internal gfx=gfx:2048x2048/root=2048x2048/rot=0/pkg:null touchable=True visible=True
[2026-08-09 09:43:31] FairyGUI: HUD底栏绑定 Level=idx=4/14/1 path=BottomUI/DLevel/DLevelText name=DLevelText item=(null) title=(null) url=(null) rect=381.19,827.69,92.63,20.19 internal gfx=gfx:2048x2048/root=2048x2048/rot=0/pkg:null touchable=True visible=True
[2026-08-09 09:43:31] FairyGUI: HUD底栏绑定 Weight=idx=4/8/0 path=BottomUI/DChatWindow/__codex_mobile_chattxt name=__codex_mobile_chattxt item=(null) title=(null) url=(null) rect=651.94,736.25,418,81.94 internal gfx=null touchable=False visible=True
[2026-08-09 09:43:31] FairyGUI: HUD底栏绑定 ExpBar=idx=4/16 path=BottomUI/DExpBar name=DExpBar item=DExpBar title=(null) url=ui://jk0io98jv9b11f rect=923.88,825.31,288.56,26.13 exported gfx=null touchable=True visible=True
[2026-08-09 09:43:31] FairyGUI: HUD底栏绑定 Volume=idx=4/33 path=BottomUI/textVolume name=textVolume item=(null) title=(null) url=(null) rect=1295.56,821.75,79.56,32.06 internal gfx=gfx:2048x2048/root=2048x2048/rot=0/pkg:null touchable=True visible=True
[2026-08-09 09:43:33] FairyGUI: HUD底栏绑定 Level=idx=4/14/1 path=BottomUI/DLevel/DLevelText name=DLevelText item=(null) title=(null) url=(null) rect=381.19,827.69,92.63,20.19 internal gfx=gfx:2048x2048/root=2048x2048/rot=0/pkg:null touchable=True visible=True
[2026-08-09 09:43:33] FairyGUI: HUD底栏绑定 Weight=idx=4/8/0 path=BottomUI/DChatWindow/__codex_mobile_chattxt name=__codex_mobile_chattxt item=(null) title=(null) url=(null) rect=651.94,736.25,418,81.94 internal gfx=null touchable=False visible=True
[2026-08-09 09:43:33] FairyGUI: HUD底栏绑定 ExpBar=idx=4/16 path=BottomUI/DExpBar name=DExpBar item=DExpBar title=(null) url=ui://jk0io98jv9b11f rect=923.88,825.31,288.56,26.13 exported gfx=null touchable=True visible=True
[2026-08-09 09:43:33] FairyGUI: HUD底栏绑定 Volume=idx=4/33 path=BottomUI/textVolume name=textVolume item=(null) title=(null) url=(null) rect=1295.56,821.75,79.56,32.06 internal gfx=gfx:2048x2048/root=2048x2048/rot=0/pkg:null touchable=True visible=True
[2026-08-09 09:43:35] FairyGUI: HUD底栏绑定 Level=idx=4/14/1 path=BottomUI/DLevel/DLevelText name=DLevelText item=(null) title=(null) url=(null) rect=381.19,827.69,92.63,20.19 internal gfx=gfx:2048x2048/root=2048x2048/rot=0/pkg:null touchable=True visible=True
[2026-08-09 09:43:35] FairyGUI: HUD底栏绑定 Weight=idx=4/8/0 path=BottomUI/DChatWindow/__codex_mobile_chattxt name=__codex_mobile_chattxt item=(null) title=(null) url=(null) rect=651.94,736.25,418,81.94 internal gfx=null touchable=False visible=True
[2026-08-09 09:43:35] FairyGUI: HUD底栏绑定 ExpBar=idx=4/16 path=BottomUI/DExpBar name=DExpBar item=DExpBar title=(null) url=ui://jk0io98jv9b11f rect=923.88,825.31,288.56,26.13 exported gfx=null touchable=True visible=True
[2026-08-09 09:43:35] FairyGUI: HUD底栏绑定 Volume=idx=4/33 path=BottomUI/textVolume name=textVolume item=(null) title=(null) url=(null) rect=1295.56,821.75,79.56,32.06 internal gfx=gfx:2048x2048/root=2048x2048/rot=0/pkg:null touchable=True visible=True
[2026-08-09 09:43:37] FairyGUI: HUD底栏绑定 Level=idx=4/14/1 path=BottomUI/DLevel/DLevelText name=DLevelText item=(null) title=(null) url=(null) rect=381.19,827.69,92.63,20.19 internal gfx=gfx:2048x2048/root=2048x2048/rot=0/pkg:null touchable=True visible=True
[2026-08-09 09:43:37] FairyGUI: HUD底栏绑定 Weight=idx=4/8/0 path=BottomUI/DChatWindow/__codex_mobile_chattxt name=__codex_mobile_chattxt item=(null) title=(null) url=(null) rect=651.94,736.25,418,81.94 internal gfx=null touchable=False visible=True
[2026-08-09 09:43:37] FairyGUI: HUD底栏绑定 ExpBar=idx=4/16 path=BottomUI/DExpBar name=DExpBar item=DExpBar title=(null) url=ui://jk0io98jv9b11f rect=923.88,825.31,288.56,26.13 exported gfx=null touchable=True visible=True
[2026-08-09 09:43:37] FairyGUI: HUD底栏绑定 Volume=idx=4/33 path=BottomUI/textVolume name=textVolume item=(null) title=(null) url=(null) rect=1295.56,821.75,79.56,32.06 internal gfx=gfx:2048x2048/root=2048x2048/rot=0/pkg:null touchable=True visible=True
[2026-08-09 09:43:39] FairyGUI: HUD底栏绑定 Level=idx=4/14/1 path=BottomUI/DLevel/DLevelText name=DLevelText item=(null) title=(null) url=(null) rect=381.19,827.69,92.63,20.19 internal gfx=gfx:2048x2048/root=2048x2048/rot=0/pkg:null touchable=True visible=True
[2026-08-09 09:43:39] FairyGUI: HUD底栏绑定 Weight=idx=4/8/0 path=BottomUI/DChatWindow/__codex_mobile_chattxt name=__codex_mobile_chattxt item=(null) title=(null) url=(null) rect=651.94,736.25,418,81.94 internal gfx=null touchable=False visible=True
[2026-08-09 09:43:39] FairyGUI: HUD底栏绑定 ExpBar=idx=4/16 path=BottomUI/DExpBar name=DExpBar item=DExpBar title=(null) url=ui://jk0io98jv9b11f rect=923.88,825.31,288.56,26.13 exported gfx=null touchable=True visible=True
[2026-08-09 09:43:39] FairyGUI: HUD底栏绑定 Volume=idx=4/33 path=BottomUI/textVolume name=textVolume item=(null) title=(null) url=(null) rect=1295.56,821.75,79.56,32.06 internal gfx=gfx:2048x2048/root=2048x2048/rot=0/pkg:null touchable=True visible=True
[2026-08-09 09:43:41] FairyGUI: HUD底栏绑定 Level=idx=4/14/1 path=BottomUI/DLevel/DLevelText name=DLevelText item=(null) title=(null) url=(null) rect=381.19,827.69,92.63,20.19 internal gfx=gfx:2048x2048/root=2048x2048/rot=0/pkg:null touchable=True visible=True
[2026-08-09 09:43:41] FairyGUI: HUD底栏绑定 Weight=idx=4/8/0 path=BottomUI/DChatWindow/__codex_mobile_chattxt name=__codex_mobile_chattxt item=(null) title=(null) url=(null) rect=651.94,736.25,418,81.94 internal gfx=null touchable=False visible=True
[2026-08-09 09:43:41] FairyGUI: HUD底栏绑定 ExpBar=idx=4/16 path=BottomUI/DExpBar name=DExpBar item=DExpBar title=(null) url=ui://jk0io98jv9b11f rect=923.88,825.31,288.56,26.13 exported gfx=null touchable=True visible=True
[2026-08-09 09:43:41] FairyGUI: HUD底栏绑定 Volume=idx=4/33 path=BottomUI/textVolume name=textVolume item=(null) title=(null) url=(null) rect=1295.56,821.75,79.56,32.06 internal gfx=gfx:2048x2048/root=2048x2048/rot=0/pkg:null touchable=True visible=True
[2026-08-09 09:43:43] FairyGUI: HUD底栏绑定 Level=idx=4/14/1 path=BottomUI/DLevel/DLevelText name=DLevelText item=(null) title=(null) url=(null) rect=381.19,827.69,92.63,20.19 internal gfx=gfx:2048x2048/root=2048x2048/rot=0/pkg:null touchable=True visible=True
[2026-08-09 09:43:43] FairyGUI: HUD底栏绑定 Weight=idx=4/8/0 path=BottomUI/DChatWindow/__codex_mobile_chattxt name=__codex_mobile_chattxt item=(null) title=(null) url=(null) rect=651.94,736.25,418,81.94 internal gfx=null touchable=False visible=True
[2026-08-09 09:43:43] FairyGUI: HUD底栏绑定 ExpBar=idx=4/16 path=BottomUI/DExpBar name=DExpBar item=DExpBar title=(null) url=ui://jk0io98jv9b11f rect=923.88,825.31,288.56,26.13 exported gfx=null touchable=True visible=True
[2026-08-09 09:43:43] FairyGUI: HUD底栏绑定 Volume=idx=4/33 path=BottomUI/textVolume name=textVolume item=(null) title=(null) url=(null) rect=1295.56,821.75,79.56,32.06 internal gfx=gfx:2048x2048/root=2048x2048/rot=0/pkg:null touchable=True visible=True
[2026-08-09 09:43:46] FairyGUI: HUD底栏绑定 Level=idx=4/14/1 path=BottomUI/DLevel/DLevelText name=DLevelText item=(null) title=(null) url=(null) rect=381.19,827.69,92.63,20.19 internal gfx=gfx:2048x2048/root=2048x2048/rot=0/pkg:null touchable=True visible=True
[2026-08-09 09:43:46] FairyGUI: HUD底栏绑定 Weight=idx=4/8/0 path=BottomUI/DChatWindow/__codex_mobile_chattxt name=__codex_mobile_chattxt item=(null) title=(null) url=(null) rect=651.94,736.25,418,81.94 internal gfx=null touchable=False visible=True
[2026-08-09 09:43:46] FairyGUI: HUD底栏绑定 ExpBar=idx=4/16 path=BottomUI/DExpBar name=DExpBar item=DExpBar title=(null) url=ui://jk0io98jv9b11f rect=923.88,825.31,288.56,26.13 exported gfx=null touchable=True visible=True
[2026-08-09 09:43:46] FairyGUI: HUD底栏绑定 Volume=idx=4/33 path=BottomUI/textVolume name=textVolume item=(null) title=(null) url=(null) rect=1295.56,821.75,79.56,32.06 internal gfx=gfx:2048x2048/root=2048x2048/rot=0/pkg:null touchable=True visible=True
[2026-08-09 09:43:48] FairyGUI: HUD底栏绑定 Level=idx=4/14/1 path=BottomUI/DLevel/DLevelText name=DLevelText item=(null) title=(null) url=(null) rect=381.19,827.69,92.63,20.19 internal gfx=gfx:2048x2048/root=2048x2048/rot=0/pkg:null touchable=True visible=True
[2026-08-09 09:43:48] FairyGUI: HUD底栏绑定 Weight=idx=4/8/0 path=BottomUI/DChatWindow/__codex_mobile_chattxt name=__codex_mobile_chattxt item=(null) title=(null) url=(null) rect=651.94,736.25,418,81.94 internal gfx=null touchable=False visible=True
[2026-08-09 09:43:48] FairyGUI: HUD底栏绑定 ExpBar=idx=4/16 path=BottomUI/DExpBar name=DExpBar item=DExpBar title=(null) url=ui://jk0io98jv9b11f rect=923.88,825.31,288.56,26.13 exported gfx=null touchable=True visible=True
[2026-08-09 09:43:48] FairyGUI: HUD底栏绑定 Volume=idx=4/33 path=BottomUI/textVolume name=textVolume item=(null) title=(null) url=(null) rect=1295.56,821.75,79.56,32.06 internal gfx=gfx:2048x2048/root=2048x2048/rot=0/pkg:null touchable=True visible=True
[2026-08-09 09:43:50] FairyGUI: HUD底栏绑定 Level=idx=4/14/1 path=BottomUI/DLevel/DLevelText name=DLevelText item=(null) title=(null) url=(null) rect=381.19,827.69,92.63,20.19 internal gfx=gfx:2048x2048/root=2048x2048/rot=0/pkg:null touchable=True visible=True
[2026-08-09 09:43:50] FairyGUI: HUD底栏绑定 Weight=idx=4/8/0 path=BottomUI/DChatWindow/__codex_mobile_chattxt name=__codex_mobile_chattxt item=(null) title=(null) url=(null) rect=651.94,736.25,418,81.94 internal gfx=null touchable=False visible=True
[2026-08-09 09:43:50] FairyGUI: HUD底栏绑定 ExpBar=idx=4/16 path=BottomUI/DExpBar name=DExpBar item=DExpBar title=(null) url=ui://jk0io98jv9b11f rect=923.88,825.31,288.56,26.13 exported gfx=null touchable=True visible=True
[2026-08-09 09:43:50] FairyGUI: HUD底栏绑定 Volume=idx=4/33 path=BottomUI/textVolume name=textVolume item=(null) title=(null) url=(null) rect=1295.56,821.75,79.56,32.06 internal gfx=gfx:2048x2048/root=2048x2048/rot=0/pkg:null touchable=True visible=True
[2026-08-09 09:43:52] FairyGUI: HUD底栏绑定 Level=idx=4/14/1 path=BottomUI/DLevel/DLevelText name=DLevelText item=(null) title=(null) url=(null) rect=381.19,827.69,92.63,20.19 internal gfx=gfx:2048x2048/root=2048x2048/rot=0/pkg:null touchable=True visible=True
[2026-08-09 09:43:52] FairyGUI: HUD底栏绑定 Weight=idx=4/8/0 path=BottomUI/DChatWindow/__codex_mobile_chattxt name=__codex_mobile_chattxt item=(null) title=(null) url=(null) rect=651.94,736.25,418,81.94 internal gfx=null touchable=False visible=True
[2026-08-09 09:43:52] FairyGUI: HUD底栏绑定 ExpBar=idx=4/16 path=BottomUI/DExpBar name=DExpBar item=DExpBar title=(null) url=ui://jk0io98jv9b11f rect=923.88,825.31,288.56,26.13 exported gfx=null touchable=True visible=True
[2026-08-09 09:43:52] FairyGUI: HUD底栏绑定 Volume=idx=4/33 path=BottomUI/textVolume name=textVolume item=(null) title=(null) url=(null) rect=1295.56,821.75,79.56,32.06 internal gfx=gfx:2048x2048/root=2048x2048/rot=0/pkg:null touchable=True visible=True
[2026-08-09 09:43:54] FairyGUI: HUD底栏绑定 Level=idx=4/14/1 path=BottomUI/DLevel/DLevelText name=DLevelText item=(null) title=(null) url=(null) rect=381.19,827.69,92.63,20.19 internal gfx=gfx:2048x2048/root=2048x2048/rot=0/pkg:null touchable=True visible=True
[2026-08-09 09:43:54] FairyGUI: HUD底栏绑定 Weight=idx=4/8/0 path=BottomUI/DChatWindow/__codex_mobile_chattxt name=__codex_mobile_chattxt item=(null) title=(null) url=(null) rect=651.94,736.25,418,81.94 internal gfx=null touchable=False visible=True
[2026-08-09 09:43:54] FairyGUI: HUD底栏绑定 ExpBar=idx=4/16 path=BottomUI/DExpBar name=DExpBar item=DExpBar title=(null) url=ui://jk0io98jv9b11f rect=923.88,825.31,288.56,26.13 exported gfx=null touchable=True visible=True
[2026-08-09 09:43:54] FairyGUI: HUD底栏绑定 Volume=idx=4/33 path=BottomUI/textVolume name=textVolume item=(null) title=(null) url=(null) rect=1295.56,821.75,79.56,32.06 internal gfx=gfx:2048x2048/root=2048x2048/rot=0/pkg:null touchable=True visible=True
[2026-08-09 09:43:56] FairyGUI: HUD底栏绑定 Level=idx=4/14/1 path=BottomUI/DLevel/DLevelText name=DLevelText item=(null) title=(null) url=(null) rect=381.19,827.69,92.63,20.19 internal gfx=gfx:2048x2048/root=2048x2048/rot=0/pkg:null touchable=True visible=True
[2026-08-09 09:43:56] FairyGUI: HUD底栏绑定 Weight=idx=4/8/0 path=BottomUI/DChatWindow/__codex_mobile_chattxt name=__codex_mobile_chattxt item=(null) title=(null) url=(null) rect=651.94,736.25,418,81.94 internal gfx=null touchable=False visible=True
[2026-08-09 09:43:56] FairyGUI: HUD底栏绑定 ExpBar=idx=4/16 path=BottomUI/DExpBar name=DExpBar item=DExpBar title=(null) url=ui://jk0io98jv9b11f rect=923.88,825.31,288.56,26.13 exported gfx=null touchable=True visible=True
[2026-08-09 09:43:56] FairyGUI: HUD底栏绑定 Volume=idx=4/33 path=BottomUI/textVolume name=textVolume item=(null) title=(null) url=(null) rect=1295.56,821.75,79.56,32.06 internal gfx=gfx:2048x2048/root=2048x2048/rot=0/pkg:null touchable=True visible=True
[2026-08-09 09:43:58] FairyGUI: HUD底栏绑定 Level=idx=4/14/1 path=BottomUI/DLevel/DLevelText name=DLevelText item=(null) title=(null) url=(null) rect=381.19,827.69,92.63,20.19 internal gfx=gfx:2048x2048/root=2048x2048/rot=0/pkg:null touchable=True visible=True
[2026-08-09 09:43:58] FairyGUI: HUD底栏绑定 Weight=idx=4/8/0 path=BottomUI/DChatWindow/__codex_mobile_chattxt name=__codex_mobile_chattxt item=(null) title=(null) url=(null) rect=651.94,736.25,418,81.94 internal gfx=null touchable=False visible=True
[2026-08-09 09:43:58] FairyGUI: HUD底栏绑定 ExpBar=idx=4/16 path=BottomUI/DExpBar name=DExpBar item=DExpBar title=(null) url=ui://jk0io98jv9b11f rect=923.88,825.31,288.56,26.13 exported gfx=null touchable=True visible=True
[2026-08-09 09:43:58] FairyGUI: HUD底栏绑定 Volume=idx=4/33 path=BottomUI/textVolume name=textVolume item=(null) title=(null) url=(null) rect=1295.56,821.75,79.56,32.06 internal gfx=gfx:2048x2048/root=2048x2048/rot=0/pkg:null touchable=True visible=True
[2026-08-09 09:44:00] FairyGUI: HUD底栏绑定 Level=idx=4/14/1 path=BottomUI/DLevel/DLevelText name=DLevelText item=(null) title=(null) url=(null) rect=381.19,827.69,92.63,20.19 internal gfx=gfx:2048x2048/root=2048x2048/rot=0/pkg:null touchable=True visible=True
[2026-08-09 09:44:00] FairyGUI: HUD底栏绑定 Weight=idx=4/8/0 path=BottomUI/DChatWindow/__codex_mobile_chattxt name=__codex_mobile_chattxt item=(null) title=(null) url=(null) rect=651.94,736.25,418,81.94 internal gfx=null touchable=False visible=True
[2026-08-09 09:44:00] FairyGUI: HUD底栏绑定 ExpBar=idx=4/16 path=BottomUI/DExpBar name=DExpBar item=DExpBar title=(null) url=ui://jk0io98jv9b11f rect=923.88,825.31,288.56,26.13 exported gfx=null touchable=True visible=True
[2026-08-09 09:44:00] FairyGUI: HUD底栏绑定 Volume=idx=4/33 path=BottomUI/textVolume name=textVolume item=(null) title=(null) url=(null) rect=1295.56,821.75,79.56,32.06 internal gfx=gfx:2048x2048/root=2048x2048/rot=0/pkg:null touchable=True visible=True
[2026-08-09 09:44:02] FairyGUI: HUD底栏绑定 Level=idx=4/14/1 path=BottomUI/DLevel/DLevelText name=DLevelText item=(null) title=(null) url=(null) rect=381.19,827.69,92.63,20.19 internal gfx=gfx:2048x2048/root=2048x2048/rot=0/pkg:null touchable=True visible=True
[2026-08-09 09:44:02] FairyGUI: HUD底栏绑定 Weight=idx=4/8/0 path=BottomUI/DChatWindow/__codex_mobile_chattxt name=__codex_mobile_chattxt item=(null) title=(null) url=(null) rect=651.94,736.25,418,81.94 internal gfx=null touchable=False visible=True
[2026-08-09 09:44:02] FairyGUI: HUD底栏绑定 ExpBar=idx=4/16 path=BottomUI/DExpBar name=DExpBar item=DExpBar title=(null) url=ui://jk0io98jv9b11f rect=923.88,825.31,288.56,26.13 exported gfx=null touchable=True visible=True
[2026-08-09 09:44:02] FairyGUI: HUD底栏绑定 Volume=idx=4/33 path=BottomUI/textVolume name=textVolume item=(null) title=(null) url=(null) rect=1295.56,821.75,79.56,32.06 internal gfx=gfx:2048x2048/root=2048x2048/rot=0/pkg:null touchable=True visible=True
[2026-08-09 09:44:04] FairyGUI: HUD底栏绑定 Level=idx=4/14/1 path=BottomUI/DLevel/DLevelText name=DLevelText item=(null) title=(null) url=(null) rect=381.19,827.69,92.63,20.19 internal gfx=gfx:2048x2048/root=2048x2048/rot=0/pkg:null touchable=True visible=True
[2026-08-09 09:44:04] FairyGUI: HUD底栏绑定 Weight=idx=4/8/0 path=BottomUI/DChatWindow/__codex_mobile_chattxt name=__codex_mobile_chattxt item=(null) title=(null) url=(null) rect=651.94,736.25,418,81.94 internal gfx=null touchable=False visible=True
[2026-08-09 09:44:04] FairyGUI: HUD底栏绑定 ExpBar=idx=4/16 path=BottomUI/DExpBar name=DExpBar item=DExpBar title=(null) url=ui://jk0io98jv9b11f rect=923.88,825.31,288.56,26.13 exported gfx=null touchable=True visible=True
[2026-08-09 09:44:04] FairyGUI: HUD底栏绑定 Volume=idx=4/33 path=BottomUI/textVolume name=textVolume item=(null) title=(null) url=(null) rect=1295.56,821.75,79.56,32.06 internal gfx=gfx:2048x2048/root=2048x2048/rot=0/pkg:null touchable=True visible=True
[2026-08-09 09:44:06] FairyGUI: HUD底栏绑定 Level=idx=4/14/1 path=BottomUI/DLevel/DLevelText name=DLevelText item=(null) title=(null) url=(null) rect=381.19,827.69,92.63,20.19 internal gfx=gfx:2048x2048/root=2048x2048/rot=0/pkg:null touchable=True visible=True
[2026-08-09 09:44:06] FairyGUI: HUD底栏绑定 Weight=idx=4/8/0 path=BottomUI/DChatWindow/__codex_mobile_chattxt name=__codex_mobile_chattxt item=(null) title=(null) url=(null) rect=651.94,736.25,418,81.94 internal gfx=null touchable=False visible=True
[2026-08-09 09:44:06] FairyGUI: HUD底栏绑定 ExpBar=idx=4/16 path=BottomUI/DExpBar name=DExpBar item=DExpBar title=(null) url=ui://jk0io98jv9b11f rect=923.88,825.31,288.56,26.13 exported gfx=null touchable=True visible=True
[2026-08-09 09:44:06] FairyGUI: HUD底栏绑定 Volume=idx=4/33 path=BottomUI/textVolume name=textVolume item=(null) title=(null) url=(null) rect=1295.56,821.75,79.56,32.06 internal gfx=gfx:2048x2048/root=2048x2048/rot=0/pkg:null touchable=True visible=True
[2026-08-09 09:44:08] FairyGUI: HUD底栏绑定 Level=idx=4/14/1 path=BottomUI/DLevel/DLevelText name=DLevelText item=(null) title=(null) url=(null) rect=381.19,827.69,92.63,20.19 internal gfx=gfx:2048x2048/root=2048x2048/rot=0/pkg:null touchable=True visible=True
[2026-08-09 09:44:08] FairyGUI: HUD底栏绑定 Weight=idx=4/8/0 path=BottomUI/DChatWindow/__codex_mobile_chattxt name=__codex_mobile_chattxt item=(null) title=(null) url=(null) rect=651.94,736.25,418,81.94 internal gfx=null touchable=False visible=True
[2026-08-09 09:44:08] FairyGUI: HUD底栏绑定 ExpBar=idx=4/16 path=BottomUI/DExpBar name=DExpBar item=DExpBar title=(null) url=ui://jk0io98jv9b11f rect=923.88,825.31,288.56,26.13 exported gfx=null touchable=True visible=True
[2026-08-09 09:44:08] FairyGUI: HUD底栏绑定 Volume=idx=4/33 path=BottomUI/textVolume name=textVolume item=(null) title=(null) url=(null) rect=1295.56,821.75,79.56,32.06 internal gfx=gfx:2048x2048/root=2048x2048/rot=0/pkg:null touchable=True visible=True
[2026-08-09 09:44:10] FairyGUI: HUD底栏绑定 Level=idx=4/14/1 path=BottomUI/DLevel/DLevelText name=DLevelText item=(null) title=(null) url=(null) rect=381.19,827.69,92.63,20.19 internal gfx=gfx:2048x2048/root=2048x2048/rot=0/pkg:null touchable=True visible=True
[2026-08-09 09:44:10] FairyGUI: HUD底栏绑定 Weight=idx=4/8/0 path=BottomUI/DChatWindow/__codex_mobile_chattxt name=__codex_mobile_chattxt item=(null) title=(null) url=(null) rect=651.94,736.25,418,81.94 internal gfx=null touchable=False visible=True
[2026-08-09 09:44:10] FairyGUI: HUD底栏绑定 ExpBar=idx=4/16 path=BottomUI/DExpBar name=DExpBar item=DExpBar title=(null) url=ui://jk0io98jv9b11f rect=923.88,825.31,288.56,26.13 exported gfx=null touchable=True visible=True
[2026-08-09 09:44:10] FairyGUI: HUD底栏绑定 Volume=idx=4/33 path=BottomUI/textVolume name=textVolume item=(null) title=(null) url=(null) rect=1295.56,821.75,79.56,32.06 internal gfx=gfx:2048x2048/root=2048x2048/rot=0/pkg:null touchable=True visible=True
[2026-08-09 09:44:12] FairyGUI: HUD底栏绑定 Level=idx=4/14/1 path=BottomUI/DLevel/DLevelText name=DLevelText item=(null) title=(null) url=(null) rect=381.19,827.69,92.63,20.19 internal gfx=gfx:2048x2048/root=2048x2048/rot=0/pkg:null touchable=True visible=True
[2026-08-09 09:44:12] FairyGUI: HUD底栏绑定 Weight=idx=4/8/0 path=BottomUI/DChatWindow/__codex_mobile_chattxt name=__codex_mobile_chattxt item=(null) title=(null) url=(null) rect=651.94,736.25,418,81.94 internal gfx=null touchable=False visible=True
[2026-08-09 09:44:12] FairyGUI: HUD底栏绑定 ExpBar=idx=4/16 path=BottomUI/DExpBar name=DExpBar item=DExpBar title=(null) url=ui://jk0io98jv9b11f rect=923.88,825.31,288.56,26.13 exported gfx=null touchable=True visible=True
[2026-08-09 09:44:12] FairyGUI: HUD底栏绑定 Volume=idx=4/33 path=BottomUI/textVolume name=textVolume item=(null) title=(null) url=(null) rect=1295.56,821.75,79.56,32.06 internal gfx=gfx:2048x2048/root=2048x2048/rot=0/pkg:null touchable=True visible=True
[2026-08-09 09:44:14] FairyGUI: HUD底栏绑定 Level=idx=4/14/1 path=BottomUI/DLevel/DLevelText name=DLevelText item=(null) title=(null) url=(null) rect=381.19,827.69,92.63,20.19 internal gfx=gfx:2048x2048/root=2048x2048/rot=0/pkg:null touchable=True visible=True
[2026-08-09 09:44:14] FairyGUI: HUD底栏绑定 Weight=idx=4/8/0 path=BottomUI/DChatWindow/__codex_mobile_chattxt name=__codex_mobile_chattxt item=(null) title=(null) url=(null) rect=651.94,736.25,418,81.94 internal gfx=null touchable=False visible=True
[2026-08-09 09:44:14] FairyGUI: HUD底栏绑定 ExpBar=idx=4/16 path=BottomUI/DExpBar name=DExpBar item=DExpBar title=(null) url=ui://jk0io98jv9b11f rect=923.88,825.31,288.56,26.13 exported gfx=null touchable=True visible=True
[2026-08-09 09:44:14] FairyGUI: HUD底栏绑定 Volume=idx=4/33 path=BottomUI/textVolume name=textVolume item=(null) title=(null) url=(null) rect=1295.56,821.75,79.56,32.06 internal gfx=gfx:2048x2048/root=2048x2048/rot=0/pkg:null touchable=True visible=True
[2026-08-09 09:44:16] FairyGUI: HUD底栏绑定 Level=idx=4/14/1 path=BottomUI/DLevel/DLevelText name=DLevelText item=(null) title=(null) url=(null) rect=381.19,827.69,92.63,20.19 internal gfx=gfx:2048x2048/root=2048x2048/rot=0/pkg:null touchable=True visible=True
[2026-08-09 09:44:16] FairyGUI: HUD底栏绑定 Weight=idx=4/8/0 path=BottomUI/DChatWindow/__codex_mobile_chattxt name=__codex_mobile_chattxt item=(null) title=(null) url=(null) rect=651.94,736.25,418,81.94 internal gfx=null touchable=False visible=True
[2026-08-09 09:44:16] FairyGUI: HUD底栏绑定 ExpBar=idx=4/16 path=BottomUI/DExpBar name=DExpBar item=DExpBar title=(null) url=ui://jk0io98jv9b11f rect=923.88,825.31,288.56,26.13 exported gfx=null touchable=True visible=True
[2026-08-09 09:44:16] FairyGUI: HUD底栏绑定 Volume=idx=4/33 path=BottomUI/textVolume name=textVolume item=(null) title=(null) url=(null) rect=1295.56,821.75,79.56,32.06 internal gfx=gfx:2048x2048/root=2048x2048/rot=0/pkg:null touchable=True visible=True
[2026-08-09 09:44:18] FairyGUI: HUD底栏绑定 Level=idx=4/14/1 path=BottomUI/DLevel/DLevelText name=DLevelText item=(null) title=(null) url=(null) rect=381.19,827.69,92.63,20.19 internal gfx=gfx:2048x2048/root=2048x2048/rot=0/pkg:null touchable=True visible=True
[2026-08-09 09:44:18] FairyGUI: HUD底栏绑定 Weight=idx=4/8/0 path=BottomUI/DChatWindow/__codex_mobile_chattxt name=__codex_mobile_chattxt item=(null) title=(null) url=(null) rect=651.94,736.25,418,81.94 internal gfx=null touchable=False visible=True
[2026-08-09 09:44:18] FairyGUI: HUD底栏绑定 ExpBar=idx=4/16 path=BottomUI/DExpBar name=DExpBar item=DExpBar title=(null) url=ui://jk0io98jv9b11f rect=923.88,825.31,288.56,26.13 exported gfx=null touchable=True visible=True
[2026-08-09 09:44:18] FairyGUI: HUD底栏绑定 Volume=idx=4/33 path=BottomUI/textVolume name=textVolume item=(null) title=(null) url=(null) rect=1295.56,821.75,79.56,32.06 internal gfx=gfx:2048x2048/root=2048x2048/rot=0/pkg:null touchable=True visible=True
[2026-08-09 09:44:20] FairyGUI: HUD底栏绑定 Level=idx=4/14/1 path=BottomUI/DLevel/DLevelText name=DLevelText item=(null) title=(null) url=(null) rect=381.19,827.69,92.63,20.19 internal gfx=gfx:2048x2048/root=2048x2048/rot=0/pkg:null touchable=True visible=True
[2026-08-09 09:44:20] FairyGUI: HUD底栏绑定 Weight=idx=4/8/0 path=BottomUI/DChatWindow/__codex_mobile_chattxt name=__codex_mobile_chattxt item=(null) title=(null) url=(null) rect=651.94,736.25,418,81.94 internal gfx=null touchable=False visible=True
[2026-08-09 09:44:20] FairyGUI: HUD底栏绑定 ExpBar=idx=4/16 path=BottomUI/DExpBar name=DExpBar item=DExpBar title=(null) url=ui://jk0io98jv9b11f rect=923.88,825.31,288.56,26.13 exported gfx=null touchable=True visible=True
[2026-08-09 09:44:20] FairyGUI: HUD底栏绑定 Volume=idx=4/33 path=BottomUI/textVolume name=textVolume item=(null) title=(null) url=(null) rect=1295.56,821.75,79.56,32.06 internal gfx=gfx:2048x2048/root=2048x2048/rot=0/pkg:null touchable=True visible=True
[2026-08-09 09:44:22] FairyGUI: HUD底栏绑定 Level=idx=4/14/1 path=BottomUI/DLevel/DLevelText name=DLevelText item=(null) title=(null) url=(null) rect=381.19,827.69,92.63,20.19 internal gfx=gfx:2048x2048/root=2048x2048/rot=0/pkg:null touchable=True visible=True
[2026-08-09 09:44:22] FairyGUI: HUD底栏绑定 Weight=idx=4/8/0 path=BottomUI/DChatWindow/__codex_mobile_chattxt name=__codex_mobile_chattxt item=(null) title=(null) url=(null) rect=651.94,736.25,418,81.94 internal gfx=null touchable=False visible=True
[2026-08-09 09:44:22] FairyGUI: HUD底栏绑定 ExpBar=idx=4/16 path=BottomUI/DExpBar name=DExpBar item=DExpBar title=(null) url=ui://jk0io98jv9b11f rect=923.88,825.31,288.56,26.13 exported gfx=null touchable=True visible=True
[2026-08-09 09:44:22] FairyGUI: HUD底栏绑定 Volume=idx=4/33 path=BottomUI/textVolume name=textVolume item=(null) title=(null) url=(null) rect=1295.56,821.75,79.56,32.06 internal gfx=gfx:2048x2048/root=2048x2048/rot=0/pkg:null touchable=True visible=True
[2026-08-09 09:44:24] FairyGUI: HUD底栏绑定 Level=idx=4/14/1 path=BottomUI/DLevel/DLevelText name=DLevelText item=(null) title=(null) url=(null) rect=381.19,827.69,92.63,20.19 internal gfx=gfx:2048x2048/root=2048x2048/rot=0/pkg:null touchable=True visible=True
[2026-08-09 09:44:24] FairyGUI: HUD底栏绑定 Weight=idx=4/8/0 path=BottomUI/DChatWindow/__codex_mobile_chattxt name=__codex_mobile_chattxt item=(null) title=(null) url=(null) rect=651.94,736.25,418,81.94 internal gfx=null touchable=False visible=True
[2026-08-09 09:44:24] FairyGUI: HUD底栏绑定 ExpBar=idx=4/16 path=BottomUI/DExpBar name=DExpBar item=DExpBar title=(null) url=ui://jk0io98jv9b11f rect=923.88,825.31,288.56,26.13 exported gfx=null touchable=True visible=True
[2026-08-09 09:44:24] FairyGUI: HUD底栏绑定 Volume=idx=4/33 path=BottomUI/textVolume name=textVolume item=(null) title=(null) url=(null) rect=1295.56,821.75,79.56,32.06 internal gfx=gfx:2048x2048/root=2048x2048/rot=0/pkg:null touchable=True visible=True
[2026-08-09 09:44:26] FairyGUI: HUD底栏绑定 Level=idx=4/14/1 path=BottomUI/DLevel/DLevelText name=DLevelText item=(null) title=(null) url=(null) rect=381.19,827.69,92.63,20.19 internal gfx=gfx:2048x2048/root=2048x2048/rot=0/pkg:null touchable=True visible=True
[2026-08-09 09:44:26] FairyGUI: HUD底栏绑定 Weight=idx=4/8/0 path=BottomUI/DChatWindow/__codex_mobile_chattxt name=__codex_mobile_chattxt item=(null) title=(null) url=(null) rect=651.94,736.25,418,81.94 internal gfx=null touchable=False visible=True
[2026-08-09 09:44:26] FairyGUI: HUD底栏绑定 ExpBar=idx=4/16 path=BottomUI/DExpBar name=DExpBar item=DExpBar title=(null) url=ui://jk0io98jv9b11f rect=923.88,825.31,288.56,26.13 exported gfx=null touchable=True visible=True
[2026-08-09 09:44:26] FairyGUI: HUD底栏绑定 Volume=idx=4/33 path=BottomUI/textVolume name=textVolume item=(null) title=(null) url=(null) rect=1295.56,821.75,79.56,32.06 internal gfx=gfx:2048x2048/root=2048x2048/rot=0/pkg:null touchable=True visible=True
[2026-08-09 09:44:28] FairyGUI: HUD底栏绑定 Level=idx=4/14/1 path=BottomUI/DLevel/DLevelText name=DLevelText item=(null) title=(null) url=(null) rect=381.19,827.69,92.63,20.19 internal gfx=gfx:2048x2048/root=2048x2048/rot=0/pkg:null touchable=True visible=True
[2026-08-09 09:44:28] FairyGUI: HUD底栏绑定 Weight=idx=4/8/0 path=BottomUI/DChatWindow/__codex_mobile_chattxt name=__codex_mobile_chattxt item=(null) title=(null) url=(null) rect=651.94,736.25,418,81.94 internal gfx=null touchable=False visible=True
[2026-08-09 09:44:28] FairyGUI: HUD底栏绑定 ExpBar=idx=4/16 path=BottomUI/DExpBar name=DExpBar item=DExpBar title=(null) url=ui://jk0io98jv9b11f rect=923.88,825.31,288.56,26.13 exported gfx=null touchable=True visible=True
[2026-08-09 09:44:28] FairyGUI: HUD底栏绑定 Volume=idx=4/33 path=BottomUI/textVolume name=textVolume item=(null) title=(null) url=(null) rect=1295.56,821.75,79.56,32.06 internal gfx=gfx:2048x2048/root=2048x2048/rot=0/pkg:null touchable=True visible=True
[2026-08-09 09:44:30] FairyGUI: HUD底栏绑定 Level=idx=4/14/1 path=BottomUI/DLevel/DLevelText name=DLevelText item=(null) title=(null) url=(null) rect=381.19,827.69,92.63,20.19 internal gfx=gfx:2048x2048/root=2048x2048/rot=0/pkg:null touchable=True visible=True
[2026-08-09 09:44:30] FairyGUI: HUD底栏绑定 Weight=idx=4/8/0 path=BottomUI/DChatWindow/__codex_mobile_chattxt name=__codex_mobile_chattxt item=(null) title=(null) url=(null) rect=651.94,736.25,418,81.94 internal gfx=null touchable=False visible=True
[2026-08-09 09:44:30] FairyGUI: HUD底栏绑定 ExpBar=idx=4/16 path=BottomUI/DExpBar name=DExpBar item=DExpBar title=(null) url=ui://jk0io98jv9b11f rect=923.88,825.31,288.56,26.13 exported gfx=null touchable=True visible=True
[2026-08-09 09:44:30] FairyGUI: HUD底栏绑定 Volume=idx=4/33 path=BottomUI/textVolume name=textVolume item=(null) title=(null) url=(null) rect=1295.56,821.75,79.56,32.06 internal gfx=gfx:2048x2048/root=2048x2048/rot=0/pkg:null touchable=True visible=True
[2026-08-09 09:44:32] FairyGUI: HUD底栏绑定 Level=idx=4/14/1 path=BottomUI/DLevel/DLevelText name=DLevelText item=(null) title=(null) url=(null) rect=381.19,827.69,92.63,20.19 internal gfx=gfx:2048x2048/root=2048x2048/rot=0/pkg:null touchable=True visible=True
[2026-08-09 09:44:32] FairyGUI: HUD底栏绑定 Weight=idx=4/8/0 path=BottomUI/DChatWindow/__codex_mobile_chattxt name=__codex_mobile_chattxt item=(null) title=(null) url=(null) rect=651.94,736.25,418,81.94 internal gfx=null touchable=False visible=True
[2026-08-09 09:44:32] FairyGUI: HUD底栏绑定 ExpBar=idx=4/16 path=BottomUI/DExpBar name=DExpBar item=DExpBar title=(null) url=ui://jk0io98jv9b11f rect=923.88,825.31,288.56,26.13 exported gfx=null touchable=True visible=True
[2026-08-09 09:44:32] FairyGUI: HUD底栏绑定 Volume=idx=4/33 path=BottomUI/textVolume name=textVolume item=(null) title=(null) url=(null) rect=1295.56,821.75,79.56,32.06 internal gfx=gfx:2048x2048/root=2048x2048/rot=0/pkg:null touchable=True visible=True
[2026-08-09 09:44:34] FairyGUI: HUD底栏绑定 Level=idx=4/14/1 path=BottomUI/DLevel/DLevelText name=DLevelText item=(null) title=(null) url=(null) rect=381.19,827.69,92.63,20.19 internal gfx=gfx:2048x2048/root=2048x2048/rot=0/pkg:null touchable=True visible=True
[2026-08-09 09:44:34] FairyGUI: HUD底栏绑定 Weight=idx=4/8/0 path=BottomUI/DChatWindow/__codex_mobile_chattxt name=__codex_mobile_chattxt item=(null) title=(null) url=(null) rect=651.94,736.25,418,81.94 internal gfx=null touchable=False visible=True
[2026-08-09 09:44:34] FairyGUI: HUD底栏绑定 ExpBar=idx=4/16 path=BottomUI/DExpBar name=DExpBar item=DExpBar title=(null) url=ui://jk0io98jv9b11f rect=923.88,825.31,288.56,26.13 exported gfx=null touchable=True visible=True
[2026-08-09 09:44:34] FairyGUI: HUD底栏绑定 Volume=idx=4/33 path=BottomUI/textVolume name=textVolume item=(null) title=(null) url=(null) rect=1295.56,821.75,79.56,32.06 internal gfx=gfx:2048x2048/root=2048x2048/rot=0/pkg:null touchable=True visible=True
[2026-08-09 09:44:36] FairyGUI: HUD底栏绑定 Level=idx=4/14/1 path=BottomUI/DLevel/DLevelText name=DLevelText item=(null) title=(null) url=(null) rect=381.19,827.69,92.63,20.19 internal gfx=gfx:2048x2048/root=2048x2048/rot=0/pkg:null touchable=True visible=True
[2026-08-09 09:44:36] FairyGUI: HUD底栏绑定 Weight=idx=4/8/0 path=BottomUI/DChatWindow/__codex_mobile_chattxt name=__codex_mobile_chattxt item=(null) title=(null) url=(null) rect=651.94,736.25,418,81.94 internal gfx=null touchable=False visible=True
[2026-08-09 09:44:36] FairyGUI: HUD底栏绑定 ExpBar=idx=4/16 path=BottomUI/DExpBar name=DExpBar item=DExpBar title=(null) url=ui://jk0io98jv9b11f rect=923.88,825.31,288.56,26.13 exported gfx=null touchable=True visible=True
[2026-08-09 09:44:36] FairyGUI: HUD底栏绑定 Volume=idx=4/33 path=BottomUI/textVolume name=textVolume item=(null) title=(null) url=(null) rect=1295.56,821.75,79.56,32.06 internal gfx=gfx:2048x2048/root=2048x2048/rot=0/pkg:null touchable=True visible=True
[2026-08-09 09:44:38] FairyGUI: HUD底栏绑定 Level=idx=4/14/1 path=BottomUI/DLevel/DLevelText name=DLevelText item=(null) title=(null) url=(null) rect=381.19,827.69,92.63,20.19 internal gfx=gfx:2048x2048/root=2048x2048/rot=0/pkg:null touchable=True visible=True
[2026-08-09 09:44:38] FairyGUI: HUD底栏绑定 Weight=idx=4/8/0 path=BottomUI/DChatWindow/__codex_mobile_chattxt name=__codex_mobile_chattxt item=(null) title=(null) url=(null) rect=651.94,736.25,418,81.94 internal gfx=null touchable=False visible=True
[2026-08-09 09:44:38] FairyGUI: HUD底栏绑定 ExpBar=idx=4/16 path=BottomUI/DExpBar name=DExpBar item=DExpBar title=(null) url=ui://jk0io98jv9b11f rect=923.88,825.31,288.56,26.13 exported gfx=null touchable=True visible=True
[2026-08-09 09:44:38] FairyGUI: HUD底栏绑定 Volume=idx=4/33 path=BottomUI/textVolume name=textVolume item=(null) title=(null) url=(null) rect=1295.56,821.75,79.56,32.06 internal gfx=gfx:2048x2048/root=2048x2048/rot=0/pkg:null touchable=True visible=True
[2026-08-09 09:44:40] FairyGUI: HUD底栏绑定 Level=idx=4/14/1 path=BottomUI/DLevel/DLevelText name=DLevelText item=(null) title=(null) url=(null) rect=381.19,827.69,92.63,20.19 internal gfx=gfx:2048x2048/root=2048x2048/rot=0/pkg:null touchable=True visible=True
[2026-08-09 09:44:40] FairyGUI: HUD底栏绑定 Weight=idx=4/8/0 path=BottomUI/DChatWindow/__codex_mobile_chattxt name=__codex_mobile_chattxt item=(null) title=(null) url=(null) rect=651.94,736.25,418,81.94 internal gfx=null touchable=False visible=True
[2026-08-09 09:44:40] FairyGUI: HUD底栏绑定 ExpBar=idx=4/16 path=BottomUI/DExpBar name=DExpBar item=DExpBar title=(null) url=ui://jk0io98jv9b11f rect=923.88,825.31,288.56,26.13 exported gfx=null touchable=True visible=True
[2026-08-09 09:44:40] FairyGUI: HUD底栏绑定 Volume=idx=4/33 path=BottomUI/textVolume name=textVolume item=(null) title=(null) url=(null) rect=1295.56,821.75,79.56,32.06 internal gfx=gfx:2048x2048/root=2048x2048/rot=0/pkg:null touchable=True visible=True
[2026-08-09 09:44:43] FairyGUI: HUD底栏绑定 Level=idx=4/14/1 path=BottomUI/DLevel/DLevelText name=DLevelText item=(null) title=(null) url=(null) rect=381.19,827.69,92.63,20.19 internal gfx=gfx:2048x2048/root=2048x2048/rot=0/pkg:null touchable=True visible=True
[2026-08-09 09:44:43] FairyGUI: HUD底栏绑定 Weight=idx=4/8/0 path=BottomUI/DChatWindow/__codex_mobile_chattxt name=__codex_mobile_chattxt item=(null) title=(null) url=(null) rect=651.94,736.25,418,81.94 internal gfx=null touchable=False visible=True
[2026-08-09 09:44:43] FairyGUI: HUD底栏绑定 ExpBar=idx=4/16 path=BottomUI/DExpBar name=DExpBar item=DExpBar title=(null) url=ui://jk0io98jv9b11f rect=923.88,825.31,288.56,26.13 exported gfx=null touchable=True visible=True
[2026-08-09 09:44:43] FairyGUI: HUD底栏绑定 Volume=idx=4/33 path=BottomUI/textVolume name=textVolume item=(null) title=(null) url=(null) rect=1295.56,821.75,79.56,32.06 internal gfx=gfx:2048x2048/root=2048x2048/rot=0/pkg:null touchable=True visible=True
[2026-08-09 09:44:45] FairyGUI: HUD底栏绑定 Level=idx=4/14/1 path=BottomUI/DLevel/DLevelText name=DLevelText item=(null) title=(null) url=(null) rect=381.19,827.69,92.63,20.19 internal gfx=gfx:2048x2048/root=2048x2048/rot=0/pkg:null touchable=True visible=True
[2026-08-09 09:44:45] FairyGUI: HUD底栏绑定 Weight=idx=4/8/0 path=BottomUI/DChatWindow/__codex_mobile_chattxt name=__codex_mobile_chattxt item=(null) title=(null) url=(null) rect=651.94,736.25,418,81.94 internal gfx=null touchable=False visible=True
[2026-08-09 09:44:45] FairyGUI: HUD底栏绑定 ExpBar=idx=4/16 path=BottomUI/DExpBar name=DExpBar item=DExpBar title=(null) url=ui://jk0io98jv9b11f rect=923.88,825.31,288.56,26.13 exported gfx=null touchable=True visible=True
[2026-08-09 09:44:45] FairyGUI: HUD底栏绑定 Volume=idx=4/33 path=BottomUI/textVolume name=textVolume item=(null) title=(null) url=(null) rect=1295.56,821.75,79.56,32.06 internal gfx=gfx:2048x2048/root=2048x2048/rot=0/pkg:null touchable=True visible=True
[2026-08-09 09:44:47] FairyGUI: HUD底栏绑定 Level=idx=4/14/1 path=BottomUI/DLevel/DLevelText name=DLevelText item=(null) title=(null) url=(null) rect=381.19,827.69,92.63,20.19 internal gfx=gfx:2048x2048/root=2048x2048/rot=0/pkg:null touchable=True visible=True
[2026-08-09 09:44:47] FairyGUI: HUD底栏绑定 Weight=idx=4/8/0 path=BottomUI/DChatWindow/__codex_mobile_chattxt name=__codex_mobile_chattxt item=(null) title=(null) url=(null) rect=651.94,736.25,418,81.94 internal gfx=null touchable=False visible=True
[2026-08-09 09:44:47] FairyGUI: HUD底栏绑定 ExpBar=idx=4/16 path=BottomUI/DExpBar name=DExpBar item=DExpBar title=(null) url=ui://jk0io98jv9b11f rect=923.88,825.31,288.56,26.13 exported gfx=null touchable=True visible=True
[2026-08-09 09:44:47] FairyGUI: HUD底栏绑定 Volume=idx=4/33 path=BottomUI/textVolume name=textVolume item=(null) title=(null) url=(null) rect=1295.56,821.75,79.56,32.06 internal gfx=gfx:2048x2048/root=2048x2048/rot=0/pkg:null touchable=True visible=True
[2026-08-09 09:44:49] FairyGUI: HUD底栏绑定 Level=idx=4/14/1 path=BottomUI/DLevel/DLevelText name=DLevelText item=(null) title=(null) url=(null) rect=381.19,827.69,92.63,20.19 internal gfx=gfx:2048x2048/root=2048x2048/rot=0/pkg:null touchable=True visible=True
[2026-08-09 09:44:49] FairyGUI: HUD底栏绑定 Weight=idx=4/8/0 path=BottomUI/DChatWindow/__codex_mobile_chattxt name=__codex_mobile_chattxt item=(null) title=(null) url=(null) rect=651.94,736.25,418,81.94 internal gfx=null touchable=False visible=True
[2026-08-09 09:44:49] FairyGUI: HUD底栏绑定 ExpBar=idx=4/16 path=BottomUI/DExpBar name=DExpBar item=DExpBar title=(null) url=ui://jk0io98jv9b11f rect=923.88,825.31,288.56,26.13 exported gfx=null touchable=True visible=True
[2026-08-09 09:44:49] FairyGUI: HUD底栏绑定 Volume=idx=4/33 path=BottomUI/textVolume name=textVolume item=(null) title=(null) url=(null) rect=1295.56,821.75,79.56,32.06 internal gfx=gfx:2048x2048/root=2048x2048/rot=0/pkg:null touchable=True visible=True
[2026-08-09 09:44:51] FairyGUI: HUD底栏绑定 Level=idx=4/14/1 path=BottomUI/DLevel/DLevelText name=DLevelText item=(null) title=(null) url=(null) rect=381.19,827.69,92.63,20.19 internal gfx=gfx:2048x2048/root=2048x2048/rot=0/pkg:null touchable=True visible=True
[2026-08-09 09:44:51] FairyGUI: HUD底栏绑定 Weight=idx=4/8/0 path=BottomUI/DChatWindow/__codex_mobile_chattxt name=__codex_mobile_chattxt item=(null) title=(null) url=(null) rect=651.94,736.25,418,81.94 internal gfx=null touchable=False visible=True
[2026-08-09 09:44:51] FairyGUI: HUD底栏绑定 ExpBar=idx=4/16 path=BottomUI/DExpBar name=DExpBar item=DExpBar title=(null) url=ui://jk0io98jv9b11f rect=923.88,825.31,288.56,26.13 exported gfx=null touchable=True visible=True
[2026-08-09 09:44:51] FairyGUI: HUD底栏绑定 Volume=idx=4/33 path=BottomUI/textVolume name=textVolume item=(null) title=(null) url=(null) rect=1295.56,821.75,79.56,32.06 internal gfx=gfx:2048x2048/root=2048x2048/rot=0/pkg:null touchable=True visible=True
[2026-08-09 09:44:53] FairyGUI: HUD底栏绑定 Level=idx=4/14/1 path=BottomUI/DLevel/DLevelText name=DLevelText item=(null) title=(null) url=(null) rect=381.19,827.69,92.63,20.19 internal gfx=gfx:2048x2048/root=2048x2048/rot=0/pkg:null touchable=True visible=True
[2026-08-09 09:44:53] FairyGUI: HUD底栏绑定 Weight=idx=4/8/0 path=BottomUI/DChatWindow/__codex_mobile_chattxt name=__codex_mobile_chattxt item=(null) title=(null) url=(null) rect=651.94,736.25,418,81.94 internal gfx=null touchable=False visible=True
[2026-08-09 09:44:53] FairyGUI: HUD底栏绑定 ExpBar=idx=4/16 path=BottomUI/DExpBar name=DExpBar item=DExpBar title=(null) url=ui://jk0io98jv9b11f rect=923.88,825.31,288.56,26.13 exported gfx=null touchable=True visible=True
[2026-08-09 09:44:53] FairyGUI: HUD底栏绑定 Volume=idx=4/33 path=BottomUI/textVolume name=textVolume item=(null) title=(null) url=(null) rect=1295.56,821.75,79.56,32.06 internal gfx=gfx:2048x2048/root=2048x2048/rot=0/pkg:null touchable=True visible=True
[2026-08-09 09:44:55] FairyGUI: HUD底栏绑定 Level=idx=4/14/1 path=BottomUI/DLevel/DLevelText name=DLevelText item=(null) title=(null) url=(null) rect=381.19,827.69,92.63,20.19 internal gfx=gfx:2048x2048/root=2048x2048/rot=0/pkg:null touchable=True visible=True
[2026-08-09 09:44:55] FairyGUI: HUD底栏绑定 Weight=idx=4/8/0 path=BottomUI/DChatWindow/__codex_mobile_chattxt name=__codex_mobile_chattxt item=(null) title=(null) url=(null) rect=651.94,736.25,418,81.94 internal gfx=null touchable=False visible=True
[2026-08-09 09:44:55] FairyGUI: HUD底栏绑定 ExpBar=idx=4/16 path=BottomUI/DExpBar name=DExpBar item=DExpBar title=(null) url=ui://jk0io98jv9b11f rect=923.88,825.31,288.56,26.13 exported gfx=null touchable=True visible=True
[2026-08-09 09:44:55] FairyGUI: HUD底栏绑定 Volume=idx=4/33 path=BottomUI/textVolume name=textVolume item=(null) title=(null) url=(null) rect=1295.56,821.75,79.56,32.06 internal gfx=gfx:2048x2048/root=2048x2048/rot=0/pkg:null touchable=True visible=True
[2026-08-09 09:44:57] FairyGUI: HUD底栏绑定 Level=idx=4/14/1 path=BottomUI/DLevel/DLevelText name=DLevelText item=(null) title=(null) url=(null) rect=381.19,827.69,92.63,20.19 internal gfx=gfx:2048x2048/root=2048x2048/rot=0/pkg:null touchable=True visible=True
[2026-08-09 09:44:57] FairyGUI: HUD底栏绑定 Weight=idx=4/8/0 path=BottomUI/DChatWindow/__codex_mobile_chattxt name=__codex_mobile_chattxt item=(null) title=(null) url=(null) rect=651.94,736.25,418,81.94 internal gfx=null touchable=False visible=True
[2026-08-09 09:44:57] FairyGUI: HUD底栏绑定 ExpBar=idx=4/16 path=BottomUI/DExpBar name=DExpBar item=DExpBar title=(null) url=ui://jk0io98jv9b11f rect=923.88,825.31,288.56,26.13 exported gfx=null touchable=True visible=True
[2026-08-09 09:44:57] FairyGUI: HUD底栏绑定 Volume=idx=4/33 path=BottomUI/textVolume name=textVolume item=(null) title=(null) url=(null) rect=1295.56,821.75,79.56,32.06 internal gfx=gfx:2048x2048/root=2048x2048/rot=0/pkg:null touchable=True visible=True
[2026-08-09 09:44:59] FairyGUI: HUD底栏绑定 Level=idx=4/14/1 path=BottomUI/DLevel/DLevelText name=DLevelText item=(null) title=(null) url=(null) rect=381.19,827.69,92.63,20.19 internal gfx=gfx:2048x2048/root=2048x2048/rot=0/pkg:null touchable=True visible=True
[2026-08-09 09:44:59] FairyGUI: HUD底栏绑定 Weight=idx=4/8/0 path=BottomUI/DChatWindow/__codex_mobile_chattxt name=__codex_mobile_chattxt item=(null) title=(null) url=(null) rect=651.94,736.25,418,81.94 internal gfx=null touchable=False visible=True
[2026-08-09 09:44:59] FairyGUI: HUD底栏绑定 ExpBar=idx=4/16 path=BottomUI/DExpBar name=DExpBar item=DExpBar title=(null) url=ui://jk0io98jv9b11f rect=923.88,825.31,288.56,26.13 exported gfx=null touchable=True visible=True
[2026-08-09 09:44:59] FairyGUI: HUD底栏绑定 Volume=idx=4/33 path=BottomUI/textVolume name=textVolume item=(null) title=(null) url=(null) rect=1295.56,821.75,79.56,32.06 internal gfx=gfx:2048x2048/root=2048x2048/rot=0/pkg:null touchable=True visible=True
[2026-08-09 09:45:01] FairyGUI: HUD底栏绑定 Level=idx=4/14/1 path=BottomUI/DLevel/DLevelText name=DLevelText item=(null) title=(null) url=(null) rect=381.19,827.69,92.63,20.19 internal gfx=gfx:2048x2048/root=2048x2048/rot=0/pkg:null touchable=True visible=True
[2026-08-09 09:45:01] FairyGUI: HUD底栏绑定 Weight=idx=4/8/0 path=BottomUI/DChatWindow/__codex_mobile_chattxt name=__codex_mobile_chattxt item=(null) title=(null) url=(null) rect=651.94,736.25,418,81.94 internal gfx=null touchable=False visible=True
[2026-08-09 09:45:01] FairyGUI: HUD底栏绑定 ExpBar=idx=4/16 path=BottomUI/DExpBar name=DExpBar item=DExpBar title=(null) url=ui://jk0io98jv9b11f rect=923.88,825.31,288.56,26.13 exported gfx=null touchable=True visible=True
[2026-08-09 09:45:01] FairyGUI: HUD底栏绑定 Volume=idx=4/33 path=BottomUI/textVolume name=textVolume item=(null) title=(null) url=(null) rect=1295.56,821.75,79.56,32.06 internal gfx=gfx:2048x2048/root=2048x2048/rot=0/pkg:null touchable=True visible=True
[2026-08-09 09:45:03] FairyGUI: HUD底栏绑定 Level=idx=4/14/1 path=BottomUI/DLevel/DLevelText name=DLevelText item=(null) title=(null) url=(null) rect=381.19,827.69,92.63,20.19 internal gfx=gfx:2048x2048/root=2048x2048/rot=0/pkg:null touchable=True visible=True
[2026-08-09 09:45:03] FairyGUI: HUD底栏绑定 Weight=idx=4/8/0 path=BottomUI/DChatWindow/__codex_mobile_chattxt name=__codex_mobile_chattxt item=(null) title=(null) url=(null) rect=651.94,736.25,418,81.94 internal gfx=null touchable=False visible=True
[2026-08-09 09:45:03] FairyGUI: HUD底栏绑定 ExpBar=idx=4/16 path=BottomUI/DExpBar name=DExpBar item=DExpBar title=(null) url=ui://jk0io98jv9b11f rect=923.88,825.31,288.56,26.13 exported gfx=null touchable=True visible=True
[2026-08-09 09:45:03] FairyGUI: HUD底栏绑定 Volume=idx=4/33 path=BottomUI/textVolume name=textVolume item=(null) title=(null) url=(null) rect=1295.56,821.75,79.56,32.06 internal gfx=gfx:2048x2048/root=2048x2048/rot=0/pkg:null touchable=True visible=True
[2026-08-09 09:45:05] FairyGUI: HUD底栏绑定 Level=idx=4/14/1 path=BottomUI/DLevel/DLevelText name=DLevelText item=(null) title=(null) url=(null) rect=381.19,827.69,92.63,20.19 internal gfx=gfx:2048x2048/root=2048x2048/rot=0/pkg:null touchable=True visible=True
[2026-08-09 09:45:05] FairyGUI: HUD底栏绑定 Weight=idx=4/8/0 path=BottomUI/DChatWindow/__codex_mobile_chattxt name=__codex_mobile_chattxt item=(null) title=(null) url=(null) rect=651.94,736.25,418,81.94 internal gfx=null touchable=False visible=True
[2026-08-09 09:45:05] FairyGUI: HUD底栏绑定 ExpBar=idx=4/16 path=BottomUI/DExpBar name=DExpBar item=DExpBar title=(null) url=ui://jk0io98jv9b11f rect=923.88,825.31,288.56,26.13 exported gfx=null touchable=True visible=True
[2026-08-09 09:45:05] FairyGUI: HUD底栏绑定 Volume=idx=4/33 path=BottomUI/textVolume name=textVolume item=(null) title=(null) url=(null) rect=1295.56,821.75,79.56,32.06 internal gfx=gfx:2048x2048/root=2048x2048/rot=0/pkg:null touchable=True visible=True
[2026-08-09 09:45:07] FairyGUI: HUD底栏绑定 Level=idx=4/14/1 path=BottomUI/DLevel/DLevelText name=DLevelText item=(null) title=(null) url=(null) rect=381.19,827.69,92.63,20.19 internal gfx=gfx:2048x2048/root=2048x2048/rot=0/pkg:null touchable=True visible=True
[2026-08-09 09:45:07] FairyGUI: HUD底栏绑定 Weight=idx=4/8/0 path=BottomUI/DChatWindow/__codex_mobile_chattxt name=__codex_mobile_chattxt item=(null) title=(null) url=(null) rect=651.94,736.25,418,81.94 internal gfx=null touchable=False visible=True
[2026-08-09 09:45:07] FairyGUI: HUD底栏绑定 ExpBar=idx=4/16 path=BottomUI/DExpBar name=DExpBar item=DExpBar title=(null) url=ui://jk0io98jv9b11f rect=923.88,825.31,288.56,26.13 exported gfx=null touchable=True visible=True
[2026-08-09 09:45:07] FairyGUI: HUD底栏绑定 Volume=idx=4/33 path=BottomUI/textVolume name=textVolume item=(null) title=(null) url=(null) rect=1295.56,821.75,79.56,32.06 internal gfx=gfx:2048x2048/root=2048x2048/rot=0/pkg:null touchable=True visible=True
[2026-08-09 09:45:09] FairyGUI: HUD底栏绑定 Level=idx=4/14/1 path=BottomUI/DLevel/DLevelText name=DLevelText item=(null) title=(null) url=(null) rect=381.19,827.69,92.63,20.19 internal gfx=gfx:2048x2048/root=2048x2048/rot=0/pkg:null touchable=True visible=True
[2026-08-09 09:45:09] FairyGUI: HUD底栏绑定 Weight=idx=4/8/0 path=BottomUI/DChatWindow/__codex_mobile_chattxt name=__codex_mobile_chattxt item=(null) title=(null) url=(null) rect=651.94,736.25,418,81.94 internal gfx=null touchable=False visible=True
[2026-08-09 09:45:09] FairyGUI: HUD底栏绑定 ExpBar=idx=4/16 path=BottomUI/DExpBar name=DExpBar item=DExpBar title=(null) url=ui://jk0io98jv9b11f rect=923.88,825.31,288.56,26.13 exported gfx=null touchable=True visible=True
[2026-08-09 09:45:09] FairyGUI: HUD底栏绑定 Volume=idx=4/33 path=BottomUI/textVolume name=textVolume item=(null) title=(null) url=(null) rect=1295.56,821.75,79.56,32.06 internal gfx=gfx:2048x2048/root=2048x2048/rot=0/pkg:null touchable=True visible=True
[2026-08-09 09:45:11] FairyGUI: HUD底栏绑定 Level=idx=4/14/1 path=BottomUI/DLevel/DLevelText name=DLevelText item=(null) title=(null) url=(null) rect=381.19,827.69,92.63,20.19 internal gfx=gfx:2048x2048/root=2048x2048/rot=0/pkg:null touchable=True visible=True
[2026-08-09 09:45:11] FairyGUI: HUD底栏绑定 Weight=idx=4/8/0 path=BottomUI/DChatWindow/__codex_mobile_chattxt name=__codex_mobile_chattxt item=(null) title=(null) url=(null) rect=651.94,736.25,418,81.94 internal gfx=null touchable=False visible=True
[2026-08-09 09:45:11] FairyGUI: HUD底栏绑定 ExpBar=idx=4/16 path=BottomUI/DExpBar name=DExpBar item=DExpBar title=(null) url=ui://jk0io98jv9b11f rect=923.88,825.31,288.56,26.13 exported gfx=null touchable=True visible=True
[2026-08-09 09:45:11] FairyGUI: HUD底栏绑定 Volume=idx=4/33 path=BottomUI/textVolume name=textVolume item=(null) title=(null) url=(null) rect=1295.56,821.75,79.56,32.06 internal gfx=gfx:2048x2048/root=2048x2048/rot=0/pkg:null touchable=True visible=True
[2026-08-09 09:45:13] FairyGUI: HUD底栏绑定 Level=idx=4/14/1 path=BottomUI/DLevel/DLevelText name=DLevelText item=(null) title=(null) url=(null) rect=381.19,827.69,92.63,20.19 internal gfx=gfx:2048x2048/root=2048x2048/rot=0/pkg:null touchable=True visible=True
[2026-08-09 09:45:13] FairyGUI: HUD底栏绑定 Weight=idx=4/8/0 path=BottomUI/DChatWindow/__codex_mobile_chattxt name=__codex_mobile_chattxt item=(null) title=(null) url=(null) rect=651.94,736.25,418,81.94 internal gfx=null touchable=False visible=True
[2026-08-09 09:45:13] FairyGUI: HUD底栏绑定 ExpBar=idx=4/16 path=BottomUI/DExpBar name=DExpBar item=DExpBar title=(null) url=ui://jk0io98jv9b11f rect=923.88,825.31,288.56,26.13 exported gfx=null touchable=True visible=True
[2026-08-09 09:45:13] FairyGUI: HUD底栏绑定 Volume=idx=4/33 path=BottomUI/textVolume name=textVolume item=(null) title=(null) url=(null) rect=1295.56,821.75,79.56,32.06 internal gfx=gfx:2048x2048/root=2048x2048/rot=0/pkg:null touchable=True visible=True
[2026-08-09 09:45:15] FairyGUI: HUD底栏绑定 Level=idx=4/14/1 path=BottomUI/DLevel/DLevelText name=DLevelText item=(null) title=(null) url=(null) rect=381.19,827.69,92.63,20.19 internal gfx=gfx:2048x2048/root=2048x2048/rot=0/pkg:null touchable=True visible=True
[2026-08-09 09:45:15] FairyGUI: HUD底栏绑定 Weight=idx=4/8/0 path=BottomUI/DChatWindow/__codex_mobile_chattxt name=__codex_mobile_chattxt item=(null) title=(null) url=(null) rect=651.94,736.25,418,81.94 internal gfx=null touchable=False visible=True
[2026-08-09 09:45:15] FairyGUI: HUD底栏绑定 ExpBar=idx=4/16 path=BottomUI/DExpBar name=DExpBar item=DExpBar title=(null) url=ui://jk0io98jv9b11f rect=923.88,825.31,288.56,26.13 exported gfx=null touchable=True visible=True
[2026-08-09 09:45:15] FairyGUI: HUD底栏绑定 Volume=idx=4/33 path=BottomUI/textVolume name=textVolume item=(null) title=(null) url=(null) rect=1295.56,821.75,79.56,32.06 internal gfx=gfx:2048x2048/root=2048x2048/rot=0/pkg:null touchable=True visible=True
[2026-08-09 09:45:17] FairyGUI: HUD底栏绑定 Level=idx=4/14/1 path=BottomUI/DLevel/DLevelText name=DLevelText item=(null) title=(null) url=(null) rect=381.19,827.69,92.63,20.19 internal gfx=gfx:2048x2048/root=2048x2048/rot=0/pkg:null touchable=True visible=True
[2026-08-09 09:45:17] FairyGUI: HUD底栏绑定 Weight=idx=4/8/0 path=BottomUI/DChatWindow/__codex_mobile_chattxt name=__codex_mobile_chattxt item=(null) title=(null) url=(null) rect=651.94,736.25,418,81.94 internal gfx=null touchable=False visible=True
[2026-08-09 09:45:17] FairyGUI: HUD底栏绑定 ExpBar=idx=4/16 path=BottomUI/DExpBar name=DExpBar item=DExpBar title=(null) url=ui://jk0io98jv9b11f rect=923.88,825.31,288.56,26.13 exported gfx=null touchable=True visible=True
[2026-08-09 09:45:17] FairyGUI: HUD底栏绑定 Volume=idx=4/33 path=BottomUI/textVolume name=textVolume item=(null) title=(null) url=(null) rect=1295.56,821.75,79.56,32.06 internal gfx=gfx:2048x2048/root=2048x2048/rot=0/pkg:null touchable=True visible=True
[2026-08-09 09:45:19] FairyGUI: HUD底栏绑定 Level=idx=4/14/1 path=BottomUI/DLevel/DLevelText name=DLevelText item=(null) title=(null) url=(null) rect=381.19,827.69,92.63,20.19 internal gfx=gfx:2048x2048/root=2048x2048/rot=0/pkg:null touchable=True visible=True
[2026-08-09 09:45:19] FairyGUI: HUD底栏绑定 Weight=idx=4/8/0 path=BottomUI/DChatWindow/__codex_mobile_chattxt name=__codex_mobile_chattxt item=(null) title=(null) url=(null) rect=651.94,736.25,418,81.94 internal gfx=null touchable=False visible=True
[2026-08-09 09:45:19] FairyGUI: HUD底栏绑定 ExpBar=idx=4/16 path=BottomUI/DExpBar name=DExpBar item=DExpBar title=(null) url=ui://jk0io98jv9b11f rect=923.88,825.31,288.56,26.13 exported gfx=null touchable=True visible=True
[2026-08-09 09:45:19] FairyGUI: HUD底栏绑定 Volume=idx=4/33 path=BottomUI/textVolume name=textVolume item=(null) title=(null) url=(null) rect=1295.56,821.75,79.56,32.06 internal gfx=gfx:2048x2048/root=2048x2048/rot=0/pkg:null touchable=True visible=True
[2026-08-09 09:45:21] FairyGUI: HUD底栏绑定 Level=idx=4/14/1 path=BottomUI/DLevel/DLevelText name=DLevelText item=(null) title=(null) url=(null) rect=381.19,827.69,92.63,20.19 internal gfx=gfx:2048x2048/root=2048x2048/rot=0/pkg:null touchable=True visible=True
[2026-08-09 09:45:21] FairyGUI: HUD底栏绑定 Weight=idx=4/8/0 path=BottomUI/DChatWindow/__codex_mobile_chattxt name=__codex_mobile_chattxt item=(null) title=(null) url=(null) rect=651.94,736.25,418,81.94 internal gfx=null touchable=False visible=True
[2026-08-09 09:45:21] FairyGUI: HUD底栏绑定 ExpBar=idx=4/16 path=BottomUI/DExpBar name=DExpBar item=DExpBar title=(null) url=ui://jk0io98jv9b11f rect=923.88,825.31,288.56,26.13 exported gfx=null touchable=True visible=True
[2026-08-09 09:45:21] FairyGUI: HUD底栏绑定 Volume=idx=4/33 path=BottomUI/textVolume name=textVolume item=(null) title=(null) url=(null) rect=1295.56,821.75,79.56,32.06 internal gfx=gfx:2048x2048/root=2048x2048/rot=0/pkg:null touchable=True visible=True
[2026-08-09 09:45:23] FairyGUI: HUD底栏绑定 Level=idx=4/14/1 path=BottomUI/DLevel/DLevelText name=DLevelText item=(null) title=(null) url=(null) rect=381.19,827.69,92.63,20.19 internal gfx=gfx:2048x2048/root=2048x2048/rot=0/pkg:null touchable=True visible=True
[2026-08-09 09:45:23] FairyGUI: HUD底栏绑定 Weight=idx=4/8/0 path=BottomUI/DChatWindow/__codex_mobile_chattxt name=__codex_mobile_chattxt item=(null) title=(null) url=(null) rect=651.94,736.25,418,81.94 internal gfx=null touchable=False visible=True
[2026-08-09 09:45:23] FairyGUI: HUD底栏绑定 ExpBar=idx=4/16 path=BottomUI/DExpBar name=DExpBar item=DExpBar title=(null) url=ui://jk0io98jv9b11f rect=923.88,825.31,288.56,26.13 exported gfx=null touchable=True visible=True
[2026-08-09 09:45:23] FairyGUI: HUD底栏绑定 Volume=idx=4/33 path=BottomUI/textVolume name=textVolume item=(null) title=(null) url=(null) rect=1295.56,821.75,79.56,32.06 internal gfx=gfx:2048x2048/root=2048x2048/rot=0/pkg:null touchable=True visible=True
[2026-08-09 09:45:26] FairyGUI: HUD底栏绑定 Level=idx=4/14/1 path=BottomUI/DLevel/DLevelText name=DLevelText item=(null) title=(null) url=(null) rect=381.19,827.69,92.63,20.19 internal gfx=gfx:2048x2048/root=2048x2048/rot=0/pkg:null touchable=True visible=True
[2026-08-09 09:45:26] FairyGUI: HUD底栏绑定 Weight=idx=4/8/0 path=BottomUI/DChatWindow/__codex_mobile_chattxt name=__codex_mobile_chattxt item=(null) title=(null) url=(null) rect=651.94,736.25,418,81.94 internal gfx=null touchable=False visible=True
[2026-08-09 09:45:26] FairyGUI: HUD底栏绑定 ExpBar=idx=4/16 path=BottomUI/DExpBar name=DExpBar item=DExpBar title=(null) url=ui://jk0io98jv9b11f rect=923.88,825.31,288.56,26.13 exported gfx=null touchable=True visible=True
[2026-08-09 09:45:26] FairyGUI: HUD底栏绑定 Volume=idx=4/33 path=BottomUI/textVolume name=textVolume item=(null) title=(null) url=(null) rect=1295.56,821.75,79.56,32.06 internal gfx=gfx:2048x2048/root=2048x2048/rot=0/pkg:null touchable=True visible=True
[2026-08-09 09:45:28] FairyGUI: HUD底栏绑定 Level=idx=4/14/1 path=BottomUI/DLevel/DLevelText name=DLevelText item=(null) title=(null) url=(null) rect=381.19,827.69,92.63,20.19 internal gfx=gfx:2048x2048/root=2048x2048/rot=0/pkg:null touchable=True visible=True
[2026-08-09 09:45:28] FairyGUI: HUD底栏绑定 Weight=idx=4/8/0 path=BottomUI/DChatWindow/__codex_mobile_chattxt name=__codex_mobile_chattxt item=(null) title=(null) url=(null) rect=651.94,736.25,418,81.94 internal gfx=null touchable=False visible=True
[2026-08-09 09:45:28] FairyGUI: HUD底栏绑定 ExpBar=idx=4/16 path=BottomUI/DExpBar name=DExpBar item=DExpBar title=(null) url=ui://jk0io98jv9b11f rect=923.88,825.31,288.56,26.13 exported gfx=null touchable=True visible=True
[2026-08-09 09:45:28] FairyGUI: HUD底栏绑定 Volume=idx=4/33 path=BottomUI/textVolume name=textVolume item=(null) title=(null) url=(null) rect=1295.56,821.75,79.56,32.06 internal gfx=gfx:2048x2048/root=2048x2048/rot=0/pkg:null touchable=True visible=True
[2026-08-09 09:45:30] FairyGUI: HUD底栏绑定 Level=idx=4/14/1 path=BottomUI/DLevel/DLevelText name=DLevelText item=(null) title=(null) url=(null) rect=381.19,827.69,92.63,20.19 internal gfx=gfx:2048x2048/root=2048x2048/rot=0/pkg:null touchable=True visible=True
[2026-08-09 09:45:30] FairyGUI: HUD底栏绑定 Weight=idx=4/8/0 path=BottomUI/DChatWindow/__codex_mobile_chattxt name=__codex_mobile_chattxt item=(null) title=(null) url=(null) rect=651.94,736.25,418,81.94 internal gfx=null touchable=False visible=True
[2026-08-09 09:45:30] FairyGUI: HUD底栏绑定 ExpBar=idx=4/16 path=BottomUI/DExpBar name=DExpBar item=DExpBar title=(null) url=ui://jk0io98jv9b11f rect=923.88,825.31,288.56,26.13 exported gfx=null touchable=True visible=True
[2026-08-09 09:45:30] FairyGUI: HUD底栏绑定 Volume=idx=4/33 path=BottomUI/textVolume name=textVolume item=(null) title=(null) url=(null) rect=1295.56,821.75,79.56,32.06 internal gfx=gfx:2048x2048/root=2048x2048/rot=0/pkg:null touchable=True visible=True
[2026-08-09 09:45:32] FairyGUI: HUD底栏绑定 Level=idx=4/14/1 path=BottomUI/DLevel/DLevelText name=DLevelText item=(null) title=(null) url=(null) rect=381.19,827.69,92.63,20.19 internal gfx=gfx:2048x2048/root=2048x2048/rot=0/pkg:null touchable=True visible=True
[2026-08-09 09:45:32] FairyGUI: HUD底栏绑定 Weight=idx=4/8/0 path=BottomUI/DChatWindow/__codex_mobile_chattxt name=__codex_mobile_chattxt item=(null) title=(null) url=(null) rect=651.94,736.25,418,81.94 internal gfx=null touchable=False visible=True
[2026-08-09 09:45:32] FairyGUI: HUD底栏绑定 ExpBar=idx=4/16 path=BottomUI/DExpBar name=DExpBar item=DExpBar title=(null) url=ui://jk0io98jv9b11f rect=923.88,825.31,288.56,26.13 exported gfx=null touchable=True visible=True
[2026-08-09 09:45:32] FairyGUI: HUD底栏绑定 Volume=idx=4/33 path=BottomUI/textVolume name=textVolume item=(null) title=(null) url=(null) rect=1295.56,821.75,79.56,32.06 internal gfx=gfx:2048x2048/root=2048x2048/rot=0/pkg:null touchable=True visible=True
[2026-08-09 09:45:34] FairyGUI: HUD底栏绑定 Level=idx=4/14/1 path=BottomUI/DLevel/DLevelText name=DLevelText item=(null) title=(null) url=(null) rect=381.19,827.69,92.63,20.19 internal gfx=gfx:2048x2048/root=2048x2048/rot=0/pkg:null touchable=True visible=True
[2026-08-09 09:45:34] FairyGUI: HUD底栏绑定 Weight=idx=4/8/0 path=BottomUI/DChatWindow/__codex_mobile_chattxt name=__codex_mobile_chattxt item=(null) title=(null) url=(null) rect=651.94,736.25,418,81.94 internal gfx=null touchable=False visible=True
[2026-08-09 09:45:34] FairyGUI: HUD底栏绑定 ExpBar=idx=4/16 path=BottomUI/DExpBar name=DExpBar item=DExpBar title=(null) url=ui://jk0io98jv9b11f rect=923.88,825.31,288.56,26.13 exported gfx=null touchable=True visible=True
[2026-08-09 09:45:34] FairyGUI: HUD底栏绑定 Volume=idx=4/33 path=BottomUI/textVolume name=textVolume item=(null) title=(null) url=(null) rect=1295.56,821.75,79.56,32.06 internal gfx=gfx:2048x2048/root=2048x2048/rot=0/pkg:null touchable=True visible=True
[2026-08-09 09:45:36] FairyGUI: HUD底栏绑定 Level=idx=4/14/1 path=BottomUI/DLevel/DLevelText name=DLevelText item=(null) title=(null) url=(null) rect=381.19,827.69,92.63,20.19 internal gfx=gfx:2048x2048/root=2048x2048/rot=0/pkg:null touchable=True visible=True
[2026-08-09 09:45:36] FairyGUI: HUD底栏绑定 Weight=idx=4/8/0 path=BottomUI/DChatWindow/__codex_mobile_chattxt name=__codex_mobile_chattxt item=(null) title=(null) url=(null) rect=651.94,736.25,418,81.94 internal gfx=null touchable=False visible=True
[2026-08-09 09:45:36] FairyGUI: HUD底栏绑定 ExpBar=idx=4/16 path=BottomUI/DExpBar name=DExpBar item=DExpBar title=(null) url=ui://jk0io98jv9b11f rect=923.88,825.31,288.56,26.13 exported gfx=null touchable=True visible=True
[2026-08-09 09:45:36] FairyGUI: HUD底栏绑定 Volume=idx=4/33 path=BottomUI/textVolume name=textVolume item=(null) title=(null) url=(null) rect=1295.56,821.75,79.56,32.06 internal gfx=gfx:2048x2048/root=2048x2048/rot=0/pkg:null touchable=True visible=True
[2026-08-09 09:45:38] FairyGUI: HUD底栏绑定 Level=idx=4/14/1 path=BottomUI/DLevel/DLevelText name=DLevelText item=(null) title=(null) url=(null) rect=381.19,827.69,92.63,20.19 internal gfx=gfx:2048x2048/root=2048x2048/rot=0/pkg:null touchable=True visible=True
[2026-08-09 09:45:38] FairyGUI: HUD底栏绑定 Weight=idx=4/8/0 path=BottomUI/DChatWindow/__codex_mobile_chattxt name=__codex_mobile_chattxt item=(null) title=(null) url=(null) rect=651.94,736.25,418,81.94 internal gfx=null touchable=False visible=True
[2026-08-09 09:45:38] FairyGUI: HUD底栏绑定 ExpBar=idx=4/16 path=BottomUI/DExpBar name=DExpBar item=DExpBar title=(null) url=ui://jk0io98jv9b11f rect=923.88,825.31,288.56,26.13 exported gfx=null touchable=True visible=True
[2026-08-09 09:45:38] FairyGUI: HUD底栏绑定 Volume=idx=4/33 path=BottomUI/textVolume name=textVolume item=(null) title=(null) url=(null) rect=1295.56,821.75,79.56,32.06 internal gfx=gfx:2048x2048/root=2048x2048/rot=0/pkg:null touchable=True visible=True
[2026-08-09 09:45:40] FairyGUI: HUD底栏绑定 Level=idx=4/14/1 path=BottomUI/DLevel/DLevelText name=DLevelText item=(null) title=(null) url=(null) rect=381.19,827.69,92.63,20.19 internal gfx=gfx:2048x2048/root=2048x2048/rot=0/pkg:null touchable=True visible=True
[2026-08-09 09:45:40] FairyGUI: HUD底栏绑定 Weight=idx=4/8/0 path=BottomUI/DChatWindow/__codex_mobile_chattxt name=__codex_mobile_chattxt item=(null) title=(null) url=(null) rect=651.94,736.25,418,81.94 internal gfx=null touchable=False visible=True
[2026-08-09 09:45:40] FairyGUI: HUD底栏绑定 ExpBar=idx=4/16 path=BottomUI/DExpBar name=DExpBar item=DExpBar title=(null) url=ui://jk0io98jv9b11f rect=923.88,825.31,288.56,26.13 exported gfx=null touchable=True visible=True
[2026-08-09 09:45:40] FairyGUI: HUD底栏绑定 Volume=idx=4/33 path=BottomUI/textVolume name=textVolume item=(null) title=(null) url=(null) rect=1295.56,821.75,79.56,32.06 internal gfx=gfx:2048x2048/root=2048x2048/rot=0/pkg:null touchable=True visible=True
[2026-08-09 09:45:42] FairyGUI: HUD底栏绑定 Level=idx=4/14/1 path=BottomUI/DLevel/DLevelText name=DLevelText item=(null) title=(null) url=(null) rect=381.19,827.69,92.63,20.19 internal gfx=gfx:2048x2048/root=2048x2048/rot=0/pkg:null touchable=True visible=True
[2026-08-09 09:45:42] FairyGUI: HUD底栏绑定 Weight=idx=4/8/0 path=BottomUI/DChatWindow/__codex_mobile_chattxt name=__codex_mobile_chattxt item=(null) title=(null) url=(null) rect=651.94,736.25,418,81.94 internal gfx=null touchable=False visible=True
[2026-08-09 09:45:42] FairyGUI: HUD底栏绑定 ExpBar=idx=4/16 path=BottomUI/DExpBar name=DExpBar item=DExpBar title=(null) url=ui://jk0io98jv9b11f rect=923.88,825.31,288.56,26.13 exported gfx=null touchable=True visible=True
[2026-08-09 09:45:42] FairyGUI: HUD底栏绑定 Volume=idx=4/33 path=BottomUI/textVolume name=textVolume item=(null) title=(null) url=(null) rect=1295.56,821.75,79.56,32.06 internal gfx=gfx:2048x2048/root=2048x2048/rot=0/pkg:null touchable=True visible=True
[2026-08-09 09:45:44] FairyGUI: HUD底栏绑定 Level=idx=4/14/1 path=BottomUI/DLevel/DLevelText name=DLevelText item=(null) title=(null) url=(null) rect=381.19,827.69,92.63,20.19 internal gfx=gfx:2048x2048/root=2048x2048/rot=0/pkg:null touchable=True visible=True
[2026-08-09 09:45:44] FairyGUI: HUD底栏绑定 Weight=idx=4/8/0 path=BottomUI/DChatWindow/__codex_mobile_chattxt name=__codex_mobile_chattxt item=(null) title=(null) url=(null) rect=651.94,736.25,418,81.94 internal gfx=null touchable=False visible=True
[2026-08-09 09:45:44] FairyGUI: HUD底栏绑定 ExpBar=idx=4/16 path=BottomUI/DExpBar name=DExpBar item=DExpBar title=(null) url=ui://jk0io98jv9b11f rect=923.88,825.31,288.56,26.13 exported gfx=null touchable=True visible=True
[2026-08-09 09:45:44] FairyGUI: HUD底栏绑定 Volume=idx=4/33 path=BottomUI/textVolume name=textVolume item=(null) title=(null) url=(null) rect=1295.56,821.75,79.56,32.06 internal gfx=gfx:2048x2048/root=2048x2048/rot=0/pkg:null touchable=True visible=True
[2026-08-09 09:45:51] 启动：Platform=Unix ClientRoot=/data/user/0/com.lommir.client.monogame.android/files RuntimeRoot=/data/user/0/com.lommir.client.monogame.android/files/Cache/Mobile/Runtime
[2026-08-09 09:45:52] FairyGUI: SafeArea(Overlay) px=0,0,1334,750 scaleFactor=1 -> ui=0,0,1334,750
[2026-08-09 09:45:52] FairyGUI: Stage 初始化完成（移动端 UI 接入 POC）
[2026-08-09 09:45:52] FairyGUI: publish 包加载完成（复古）
[2026-08-09 09:45:52] FairyGUI: 已导出包组件清单到 /data/user/0/com.lommir.client.monogame.android/files/Cache/Mobile/Runtime/FairyGui-PackageComponentList.txt
[2026-08-09 09:45:52] FairyGUI: SafeArea(Overlay) px=0,0,1520,855 scaleFactor=1 -> ui=0,0,1520,855
[2026-08-09 09:45:52] FairyGUI: DoubleDJoystick 动效绑定等待主界面创建（稍后自动重试）。
[2026-08-09 09:45:52] FairyGUI: MobileMainHud 后台预取启动，Pkg=UIRes Atlases=11
[2026-08-09 09:45:52] FairyGUI: MobileMainHud 后台字节预取 1/11 file=UIRes_atlas0
[2026-08-09 09:45:52] FairyGUI: MobileMainHud 后台字节预取 2/11 file=UIRes_atlas0_1
[2026-08-09 09:45:53] FairyGUI: MobileMainHud 后台字节预取 3/11 file=UIRes_atlas0_2
[2026-08-09 09:45:53] FairyGUI: MobileMainHud 后台字节预取 4/11 file=UIRes_atlas0_3
[2026-08-09 09:45:53] FairyGUI: MobileMainHud 后台字节预取 5/11 file=UIRes_atlas0_4
[2026-08-09 09:45:53] FairyGUI: MobileMainHud 后台字节预取 6/11 file=UIRes_atlas0_5
[2026-08-09 09:45:53] FairyGUI: MobileMainHud 后台字节预取 7/11 file=UIRes_atlas0_6
[2026-08-09 09:45:53] FairyGUI: MobileMainHud 后台字节预取 8/11 file=UIRes_atlas0_7
[2026-08-09 09:45:53] FairyGUI: MobileMainHud 后台字节预取 9/11 file=UIRes_atlas0_8
[2026-08-09 09:45:53] FairyGUI: MobileMainHud 后台字节预取 10/11 file=UIRes_atlas0_9
[2026-08-09 09:45:53] FairyGUI: MobileMainHud 后台字节预取 11/11 file=UIRes_atlas0_10
[2026-08-09 09:45:53] FairyGUI: MobileMainHud 后台字节预取完成，Pkg=UIRes Atlases=11 TotalMs=0
[2026-08-09 09:45:53] FairyGUI: MobileMainHud 贴图预热 1/11 file=UIRes_atlas0 Ms=1077
[2026-08-09 09:45:56] FairyGUI: MobileMainHud 贴图预热 2/11 file=UIRes_atlas0_1 Ms=1927
[2026-08-09 09:45:57] FairyGUI: DoubleDJoystick 动效绑定等待主界面创建（稍后自动重试）。
[2026-08-09 09:45:57] ClientVersionHash=aab3d05182c67c2f8bf22eef1016dd8f Source=/system/bin/app_process64
[2026-08-09 09:45:59] FairyGUI: MobileMainHud 贴图预热 3/11 file=UIRes_atlas0_2 Ms=1681
[2026-08-09 09:45:59] 握手通过：ClientVersion=OK，已进入登录界面。
[2026-08-09 09:45:59] SmokeTest 自动登录发起：Account=codexp10809（PasswordLen=9）。
[2026-08-09 09:46:01] FairyGUI: MobileMainHud 贴图预热 4/11 file=UIRes_atlas0_3 Ms=1870
[2026-08-09 09:46:01] FairyGUI: DoubleDJoystick 动效绑定等待主界面创建（稍后自动重试）。
[2026-08-09 09:46:01] 登录成功：Characters=1，准备进入选角。
[2026-08-09 09:46:02] FairyGUI: MobileMainHud 贴图预热 5/11 file=UIRes_atlas0_4 Ms=1310
[2026-08-09 09:46:04] FairyGUI: MobileMainHud 贴图预热 6/11 file=UIRes_atlas0_5 Ms=1481
[2026-08-09 09:46:05] FairyGUI: MobileMainHud 贴图预热 7/11 file=UIRes_atlas0_6 Ms=1336
[2026-08-09 09:46:05] FairyGUI: DoubleDJoystick 动效绑定等待主界面创建（稍后自动重试）。
[2026-08-09 09:46:06] FairyGUI: MobileMainHud 贴图预热 8/11 file=UIRes_atlas0_7 Ms=1330
[2026-08-09 09:46:08] FairyGUI: MobileMainHud 贴图预热 9/11 file=UIRes_atlas0_8 Ms=1524
[2026-08-09 09:46:09] FairyGUI: MobileMainHud 贴图预热 10/11 file=UIRes_atlas0_9 Ms=1196
[2026-08-09 09:46:09] FairyGUI: DoubleDJoystick 动效绑定等待主界面创建（稍后自动重试）。
[2026-08-09 09:46:10] FairyGUI: MobileMainHud 贴图预热 11/11 file=UIRes_atlas0_10 Ms=787
[2026-08-09 09:46:10] FairyGUI: MobileMainHud 贴图预热完成，Pkg=UIRes Atlases=11 TotalMs=17020
[2026-08-09 09:46:11] 进入选角界面：Characters=1
[2026-08-09 09:46:11] SmokeTest 选角命中：CharacterName=P1Hero809，SelectedIndex=0。
[2026-08-09 09:46:11] SmokeTest 自动进图：发送 StartGame（SelectedIndex=0, CharacterIndex=11）。
[2026-08-09 09:46:11] 进入地图：StartGame=OK，创建 GameScene。
[2026-08-09 09:46:11] 进入地图：准备 new GameScene（v20260328-asynclog）。
[2026-08-09 09:46:11] 进入地图：GameScene 构造开始（v20260328-asynclog）。
[2026-08-09 09:46:11] 进入地图：GameScene 已创建。
[2026-08-09 09:46:11] 进入地图：开始初始化移动端 Overlay（FairyGUI 主界面）。
[2026-08-09 09:46:11] FairyGUI: 开始创建主界面（UI/主界面_MainUI）
[2026-08-09 09:46:11] FairyGUI: CreateObject 前置：Stopwatch 已启动。
[2026-08-09 09:46:11] FairyGUI: CreateObject 前置：TraceDepth 已递增到 1。
[2026-08-09 09:46:11] FairyGUI: 即将调用 UIPackage.CreateObject（UI/主界面_MainUI）。
[2026-08-09 09:46:11] FairyGUI: [CreateObject] static 入口 pkgName=UI resName=主界面_MainUI
[2026-08-09 09:46:11] FairyGUI: [CreateObject] static GetByName 开始 pkgName=UI
[2026-08-09 09:46:11] FairyGUI: [GetByName] TryGetValue 开始 name=UI
[2026-08-09 09:46:11] FairyGUI: [GetByName] TryGetValue 命中（0ms） name=UI
[2026-08-09 09:46:11] FairyGUI: [CreateObject] static GetByName 返回（0ms） pkg=UI
[2026-08-09 09:46:11] FairyGUI: [CreateObject] static pkg.CreateObject 开始 pkg=UI resName=主界面_MainUI
[2026-08-09 09:46:11] FairyGUI: [CreateObject] pkg.CreateObject(string) 入口 pkg=UI resName=主界面_MainUI itemsByName=65
[2026-08-09 09:46:11] FairyGUI: [CreateObject] pkg._itemsByName.TryGetValue 开始 pkg=UI resName=主界面_MainUI
[2026-08-09 09:46:11] FairyGUI: [CreateObject] pkg._itemsByName.TryGetValue 命中（0ms） pkg=UI resName=主界面_MainUI itemType=Component
[2026-08-09 09:46:11] FairyGUI: [CreateObject] 开始 pkg=UI item=主界面_MainUI type=Component
[2026-08-09 09:46:11] FairyGUI: [CreateObject] GetItemAsset 完成（0ms） pkg=UI item=主界面_MainUI file=
[2026-08-09 09:46:11] FairyGUI: [CreateObject] ConstructFromResource 开始 obj=GComponent pkg=UI item=主界面_MainUI
[2026-08-09 09:46:12] FairyGUI: [LoadSound] 开始 pkg=Sounds file=Sounds_3272i
[2026-08-09 09:46:12] FairyGUI: [LoadSound] OpenSoundStream 开始 file=Sounds_3272i
[2026-08-09 09:46:12] FairyGUI: [LoadSound] OpenSoundStream 完成（0ms） file=Sounds_3272i
[2026-08-09 09:46:12] FairyGUI: [LoadSound] Decode 开始 file=Sounds_3272i
[2026-08-09 09:46:12] FairyGUI: [LoadSound] Decode 完成（0ms） file=Sounds_3272i
[2026-08-09 09:46:12] FairyGUI: [LoadSound] 完成（1ms） pkg=Sounds file=Sounds_3272i
[2026-08-09 09:46:12] FairyGUI: [CreateObject] 开始 pkg=UIRes item=BottomAuPickupBtn type=Component
[2026-08-09 09:46:12] FairyGUI: [CreateObject] GetItemAsset 完成（0ms） pkg=UIRes item=BottomAuPickupBtn file=
[2026-08-09 09:46:12] FairyGUI: [CreateObject] ConstructFromResource 开始 obj=GButton pkg=UIRes item=BottomAuPickupBtn
[2026-08-09 09:46:12] FairyGUI: [CreateObject] ConstructFromResource 完成（0ms） obj=GButton pkg=UIRes item=BottomAuPickupBtn
[2026-08-09 09:46:12] FairyGUI: [CreateObject] 开始 pkg=UIRes item=RightUIProWin type=Component
[2026-08-09 09:46:12] FairyGUI: [CreateObject] GetItemAsset 完成（0ms） pkg=UIRes item=RightUIProWin file=
[2026-08-09 09:46:12] FairyGUI: [CreateObject] ConstructFromResource 开始 obj=GComponent pkg=UIRes item=RightUIProWin
[2026-08-09 09:46:12] FairyGUI: [CreateObject] ConstructFromResource 完成（1ms） obj=GComponent pkg=UIRes item=RightUIProWin
[2026-08-09 09:46:12] FairyGUI: [CreateObject] 开始 pkg=UIRes item=ComPetWin type=Component
[2026-08-09 09:46:12] FairyGUI: [CreateObject] GetItemAsset 完成（0ms） pkg=UIRes item=ComPetWin file=
[2026-08-09 09:46:12] FairyGUI: [CreateObject] ConstructFromResource 开始 obj=GComponent pkg=UIRes item=ComPetWin
[2026-08-09 09:46:12] FairyGUI: [CreateObject] ConstructFromResource 完成（3ms） obj=GComponent pkg=UIRes item=ComPetWin
[2026-08-09 09:46:12] FairyGUI: [CreateObject] 开始 pkg=UIRes item=DBtnAuto type=Component
[2026-08-09 09:46:12] FairyGUI: [CreateObject] GetItemAsset 完成（0ms） pkg=UIRes item=DBtnAuto file=
[2026-08-09 09:46:12] FairyGUI: [CreateObject] ConstructFromResource 开始 obj=GButton pkg=UIRes item=DBtnAuto
[2026-08-09 09:46:12] FairyGUI: [CreateObject] ConstructFromResource 完成（0ms） obj=GButton pkg=UIRes item=DBtnAuto
[2026-08-09 09:46:12] FairyGUI: [CreateObject] 开始 pkg=UIRes item=RigPetItemBtn1 type=Component
[2026-08-09 09:46:12] FairyGUI: [CreateObject] GetItemAsset 完成（0ms） pkg=UIRes item=RigPetItemBtn1 file=
[2026-08-09 09:46:12] FairyGUI: [CreateObject] ConstructFromResource 开始 obj=GButton pkg=UIRes item=RigPetItemBtn1
[2026-08-09 09:46:12] FairyGUI: [CreateObject] ConstructFromResource 完成（0ms） obj=GButton pkg=UIRes item=RigPetItemBtn1
[2026-08-09 09:46:12] FairyGUI: [CreateObject] 开始 pkg=UIRes item=RigPetItemBtn3 type=Component
[2026-08-09 09:46:12] FairyGUI: [CreateObject] GetItemAsset 完成（0ms） pkg=UIRes item=RigPetItemBtn3 file=
[2026-08-09 09:46:12] FairyGUI: [CreateObject] ConstructFromResource 开始 obj=GButton pkg=UIRes item=RigPetItemBtn3
[2026-08-09 09:46:12] FairyGUI: [CreateObject] ConstructFromResource 完成（0ms） obj=GButton pkg=UIRes item=RigPetItemBtn3
[2026-08-09 09:46:12] FairyGUI: [CreateObject] 开始 pkg=UIRes item=RigPetItemBtn4 type=Component
[2026-08-09 09:46:12] FairyGUI: [CreateObject] GetItemAsset 完成（0ms） pkg=UIRes item=RigPetItemBtn4 file=
[2026-08-09 09:46:12] FairyGUI: [CreateObject] ConstructFromResource 开始 obj=GButton pkg=UIRes item=RigPetItemBtn4
[2026-08-09 09:46:12] FairyGUI: [CreateObject] ConstructFromResource 完成（0ms） obj=GButton pkg=UIRes item=RigPetItemBtn4
[2026-08-09 09:46:12] FairyGUI: [CreateObject] 开始 pkg=UIRes item=bagItem type=Component
[2026-08-09 09:46:12] FairyGUI: [CreateObject] GetItemAsset 完成（0ms） pkg=UIRes item=bagItem file=
[2026-08-09 09:46:12] FairyGUI: [CreateObject] ConstructFromResource 开始 obj=GComponent pkg=UIRes item=bagItem
[2026-08-09 09:46:12] FairyGUI: [CreateObject] ConstructFromResource 完成（0ms） obj=GComponent pkg=UIRes item=bagItem
[2026-08-09 09:46:12] FairyGUI: [CreateObject] 开始 pkg=UIRes item=bagItem type=Component
[2026-08-09 09:46:12] FairyGUI: [CreateObject] GetItemAsset 完成（0ms） pkg=UIRes item=bagItem file=
[2026-08-09 09:46:12] FairyGUI: [CreateObject] ConstructFromResource 开始 obj=GComponent pkg=UIRes item=bagItem
[2026-08-09 09:46:12] FairyGUI: [CreateObject] ConstructFromResource 完成（0ms） obj=GComponent pkg=UIRes item=bagItem
[2026-08-09 09:46:12] FairyGUI: [CreateObject] 开始 pkg=UIRes item=bagItem type=Component
[2026-08-09 09:46:12] FairyGUI: [CreateObject] GetItemAsset 完成（0ms） pkg=UIRes item=bagItem file=
[2026-08-09 09:46:12] FairyGUI: [CreateObject] ConstructFromResource 开始 obj=GComponent pkg=UIRes item=bagItem
[2026-08-09 09:46:12] FairyGUI: [CreateObject] ConstructFromResource 完成（0ms） obj=GComponent pkg=UIRes item=bagItem
[2026-08-09 09:46:12] FairyGUI: [CreateObject] 开始 pkg=UIRes item=bagItem type=Component
[2026-08-09 09:46:12] FairyGUI: [CreateObject] GetItemAsset 完成（0ms） pkg=UIRes item=bagItem file=
[2026-08-09 09:46:12] FairyGUI: [CreateObject] ConstructFromResource 开始 obj=GComponent pkg=UIRes item=bagItem
[2026-08-09 09:46:12] FairyGUI: [CreateObject] ConstructFromResource 完成（0ms） obj=GComponent pkg=UIRes item=bagItem
[2026-08-09 09:46:12] FairyGUI: [CreateObject] 开始 pkg=UIRes item=bagItem type=Component
[2026-08-09 09:46:12] FairyGUI: [CreateObject] GetItemAsset 完成（0ms） pkg=UIRes item=bagItem file=
[2026-08-09 09:46:12] FairyGUI: [CreateObject] ConstructFromResource 开始 obj=GComponent pkg=UIRes item=bagItem
[2026-08-09 09:46:12] FairyGUI: [CreateObject] ConstructFromResource 完成（0ms） obj=GComponent pkg=UIRes item=bagItem
[2026-08-09 09:46:12] FairyGUI: [CreateObject] 开始 pkg=UIRes item=bagItem type=Component
[2026-08-09 09:46:12] FairyGUI: [CreateObject] GetItemAsset 完成（0ms） pkg=UIRes item=bagItem file=
[2026-08-09 09:46:12] FairyGUI: [CreateObject] ConstructFromResource 开始 obj=GComponent pkg=UIRes item=bagItem
[2026-08-09 09:46:12] FairyGUI: [CreateObject] ConstructFromResource 完成（0ms） obj=GComponent pkg=UIRes item=bagItem
[2026-08-09 09:46:12] FairyGUI: [LoadSound] 开始 pkg=Sounds file=Sounds_g2d28
[2026-08-09 09:46:12] FairyGUI: [LoadSound] OpenSoundStream 开始 file=Sounds_g2d28
[2026-08-09 09:46:12] FairyGUI: [LoadSound] OpenSoundStream 完成（0ms） file=Sounds_g2d28
[2026-08-09 09:46:12] FairyGUI: [LoadSound] Decode 开始 file=Sounds_g2d28
[2026-08-09 09:46:12] FairyGUI: [LoadSound] Decode 完成（0ms） file=Sounds_g2d28
[2026-08-09 09:46:12] FairyGUI: [LoadSound] 完成（0ms） pkg=Sounds file=Sounds_g2d28
[2026-08-09 09:46:12] FairyGUI: [CreateObject] 开始 pkg=UIRes item=TargetListItem type=Component
[2026-08-09 09:46:12] FairyGUI: [CreateObject] GetItemAsset 完成（0ms） pkg=UIRes item=TargetListItem file=
[2026-08-09 09:46:12] FairyGUI: [CreateObject] ConstructFromResource 开始 obj=GButton pkg=UIRes item=TargetListItem
[2026-08-09 09:46:12] FairyGUI: [CreateObject] ConstructFromResource 完成（0ms） obj=GButton pkg=UIRes item=TargetListItem
[2026-08-09 09:46:12] FairyGUI: [CreateObject] 开始 pkg=UIRes item=TargetListItem type=Component
[2026-08-09 09:46:12] FairyGUI: [CreateObject] GetItemAsset 完成（0ms） pkg=UIRes item=TargetListItem file=
[2026-08-09 09:46:12] FairyGUI: [CreateObject] ConstructFromResource 开始 obj=GButton pkg=UIRes item=TargetListItem
[2026-08-09 09:46:12] FairyGUI: [CreateObject] ConstructFromResource 完成（0ms） obj=GButton pkg=UIRes item=TargetListItem
[2026-08-09 09:46:12] FairyGUI: [CreateObject] 开始 pkg=UIRes item=TargetListItem type=Component
[2026-08-09 09:46:12] FairyGUI: [CreateObject] GetItemAsset 完成（0ms） pkg=UIRes item=TargetListItem file=
[2026-08-09 09:46:12] FairyGUI: [CreateObject] ConstructFromResource 开始 obj=GButton pkg=UIRes item=TargetListItem
[2026-08-09 09:46:12] FairyGUI: [CreateObject] ConstructFromResource 完成（0ms） obj=GButton pkg=UIRes item=TargetListItem
[2026-08-09 09:46:12] FairyGUI: [CreateObject] 开始 pkg=UIRes item=TargetListItem type=Component
[2026-08-09 09:46:12] FairyGUI: [CreateObject] GetItemAsset 完成（0ms） pkg=UIRes item=TargetListItem file=
[2026-08-09 09:46:12] FairyGUI: [CreateObject] ConstructFromResource 开始 obj=GButton pkg=UIRes item=TargetListItem
[2026-08-09 09:46:12] FairyGUI: [CreateObject] ConstructFromResource 完成（0ms） obj=GButton pkg=UIRes item=TargetListItem
[2026-08-09 09:46:12] FairyGUI: [LoadSound] 开始 pkg=Sounds file=Sounds_w0d00
[2026-08-09 09:46:12] FairyGUI: [LoadSound] OpenSoundStream 开始 file=Sounds_w0d00
[2026-08-09 09:46:12] FairyGUI: [LoadSound] OpenSoundStream 完成（0ms） file=Sounds_w0d00
[2026-08-09 09:46:12] FairyGUI: [LoadSound] Decode 开始 file=Sounds_w0d00
[2026-08-09 09:46:12] FairyGUI: [LoadSound] Decode 完成（0ms） file=Sounds_w0d00
[2026-08-09 09:46:12] FairyGUI: [LoadSound] 完成（0ms） pkg=Sounds file=Sounds_w0d00
[2026-08-09 09:46:12] FairyGUI: [CreateObject] 开始 pkg=UIRes item=bagItem type=Component
[2026-08-09 09:46:12] FairyGUI: [CreateObject] GetItemAsset 完成（0ms） pkg=UIRes item=bagItem file=
[2026-08-09 09:46:12] FairyGUI: [CreateObject] ConstructFromResource 开始 obj=GComponent pkg=UIRes item=bagItem
[2026-08-09 09:46:12] FairyGUI: [CreateObject] ConstructFromResource 完成（1ms） obj=GComponent pkg=UIRes item=bagItem
[2026-08-09 09:46:12] FairyGUI: [CreateObject] 开始 pkg=UIRes item=bagItem type=Component
[2026-08-09 09:46:12] FairyGUI: [CreateObject] GetItemAsset 完成（0ms） pkg=UIRes item=bagItem file=
[2026-08-09 09:46:12] FairyGUI: [CreateObject] ConstructFromResource 开始 obj=GComponent pkg=UIRes item=bagItem
[2026-08-09 09:46:12] FairyGUI: [CreateObject] ConstructFromResource 完成（0ms） obj=GComponent pkg=UIRes item=bagItem
[2026-08-09 09:46:12] FairyGUI: [CreateObject] 开始 pkg=UIRes item=bagItem type=Component
[2026-08-09 09:46:12] FairyGUI: [CreateObject] GetItemAsset 完成（0ms） pkg=UIRes item=bagItem file=
[2026-08-09 09:46:12] FairyGUI: [CreateObject] ConstructFromResource 开始 obj=GComponent pkg=UIRes item=bagItem
[2026-08-09 09:46:12] FairyGUI: [CreateObject] ConstructFromResource 完成（1ms） obj=GComponent pkg=UIRes item=bagItem
[2026-08-09 09:46:12] FairyGUI: [CreateObject] 开始 pkg=UIRes item=bagItem type=Component
[2026-08-09 09:46:12] FairyGUI: [CreateObject] GetItemAsset 完成（0ms） pkg=UIRes item=bagItem file=
[2026-08-09 09:46:12] FairyGUI: [CreateObject] ConstructFromResource 开始 obj=GComponent pkg=UIRes item=bagItem
[2026-08-09 09:46:12] FairyGUI: [CreateObject] ConstructFromResource 完成（1ms） obj=GComponent pkg=UIRes item=bagItem
[2026-08-09 09:46:12] FairyGUI: [CreateObject] 开始 pkg=UIRes item=bagItem type=Component
[2026-08-09 09:46:12] FairyGUI: [CreateObject] GetItemAsset 完成（0ms） pkg=UIRes item=bagItem file=
[2026-08-09 09:46:12] FairyGUI: [CreateObject] ConstructFromResource 开始 obj=GComponent pkg=UIRes item=bagItem
[2026-08-09 09:46:12] FairyGUI: [CreateObject] ConstructFromResource 完成（1ms） obj=GComponent pkg=UIRes item=bagItem
[2026-08-09 09:46:12] FairyGUI: [CreateObject] 开始 pkg=UIRes item=bagItem type=Component
[2026-08-09 09:46:12] FairyGUI: [CreateObject] GetItemAsset 完成（0ms） pkg=UIRes item=bagItem file=
[2026-08-09 09:46:12] FairyGUI: [CreateObject] ConstructFromResource 开始 obj=GComponent pkg=UIRes item=bagItem
[2026-08-09 09:46:12] FairyGUI: [CreateObject] ConstructFromResource 完成（0ms） obj=GComponent pkg=UIRes item=bagItem
[2026-08-09 09:46:12] FairyGUI: [CreateObject] 开始 pkg=UIRes item=DScrollBar type=Component
[2026-08-09 09:46:12] FairyGUI: [CreateObject] GetItemAsset 完成（0ms） pkg=UIRes item=DScrollBar file=
[2026-08-09 09:46:12] FairyGUI: [CreateObject] ConstructFromResource 开始 obj=GScrollBar pkg=UIRes item=DScrollBar
[2026-08-09 09:46:12] FairyGUI: [CreateObject] ConstructFromResource 完成（1ms） obj=GScrollBar pkg=UIRes item=DScrollBar
[2026-08-09 09:46:12] FairyGUI: [CreateObject] ConstructFromResource 完成（77ms） obj=GComponent pkg=UI item=主界面_MainUI
[2026-08-09 09:46:12] FairyGUI: CreateObject 后置：TraceDepth 已递减到 0。
[2026-08-09 09:46:12] FairyGUI: CreateObject 完成（81ms）
[2026-08-09 09:46:12] FairyGUI: 主界面挂载完成（1ms）
[2026-08-09 09:46:12] FairyGUI: SafeArea(MainHud) px=0,0,1520,855 scaleFactor=1 -> ui=0,0,1520,855
[2026-08-09 09:46:12] FairyGUI: EnsureMobileMainHudLayout 完成（0ms）
[2026-08-09 09:46:12] FairyGUI: 主界面核心节点状态(ApplyDefaults)
  DMinMapUI=idx=0 path=DMinMapUI name=DMinMapUI item=DMinMapUI title=(null) url=ui://jk0io98jruoyn2r3 rect=1223.13,0,294.5,195.94 exported gfx=null touchable=True visible=True chain=DMinMapUI(v=1,a=1) <- (v=1,a=1)
  DStateWindow=idx=1 path=DStateWindow name=DStateWindow item=DStateWindow title=(null) url=ui://jk0io98jv9b16t rect=1.19,3.56,496.38,52.25 exported gfx=null touchable=True visible=True chain=DStateWindow(v=1,a=1) <- (v=1,a=1)
  TaskAndRanksPanel=idx=3 path=TaskAndRanksPanel name=TaskAndRanksPanel item=TaskAndRanksPanel title=(null) url=ui://jk0io98jtd9ga rect=2.38,81.94,356.25,249.38 exported gfx=null touchable=True visible=True chain=TaskAndRanksPanel(v=1,a=1) <- (v=1,a=1)
  DFunBtms=idx=4 path=DFunBtms name=DFunBtms item=DFunBtms title=(null) url=ui://jk0io98jk02tn1v2 rect=1056.88,197.13,460.75,359.81 exported gfx=null touchable=True visible=True chain=DFunBtms(v=1,a=1) <- (v=1,a=1)
  BottomUI=idx=5 path=BottomUI name=BottomUI item=BottomUI title=(null) url=ui://jk0io98jv9b119 rect=760,755.25,1520,199.5 exported gfx=null touchable=True visible=True chain=BottomUI(v=1,a=1) <- (v=1,a=1)
  BottomPCUI=idx=8 path=BottomPCUI name=BottomPCUI item=DBottom title=(null) url=ui://jk0io98jj3e21or rect=0,553.38,1520,301.63 exported gfx=null touchable=False visible=False chain=BottomPCUI(v=0,a=1) <- (v=1,a=1)
  DArrackModelUI=idx=7 path=DArrackModelUI name=DArrackModelUI item=DArrackModelUI title=(null) url=ui://jk0io98jv9b1g0 rect=1091.31,371.69,427.5,422.75 exported gfx=null touchable=True visible=True chain=DArrackModelUI(v=1,a=1) <- (v=1,a=1)
  DoubleDJoystick=idx=9 path=DoubleDJoystick name=DoubleDJoystick item=DoubleDJoystick title=(null) url=ui://jk0io98jgcp1n1pi rect=-2.38,376.44,498.75,375.25 exported gfx=null touchable=True visible=True chain=DoubleDJoystick(v=1,a=1) <- (v=1,a=1)
  BottomUI/bg=idx=5/0 path=BottomUI/bg name=bg item=Bottom_00135 title=(null) url=ui://jk0io98jldxan23d rect=482.13,686.38,99.75,99.75 exported gfx=84x84/root=2048x2048/rot=0 touchable=True visible=True chain=bg(v=1,a=1) <- BottomUI(v=1,a=1) <- (v=1,a=1)
  BottomUI/DHPBall=idx=5/1 path=BottomUI/DHPBall name=DHPBall item=Bottom_00138 title=(null) url=ui://jk0io98jldxan23e rect=480.94,686.38,49.88,99.75 exported gfx=42x84/root=2048x1024/rot=0 touchable=True visible=True chain=DHPBall(v=1,a=1) <- BottomUI(v=1,a=1) <- (v=1,a=1)
  BottomUI/DMPBall=idx=5/2 path=BottomUI/DMPBall name=DMPBall item=Bottom_00137 title=(null) url=ui://jk0io98jldxan23f rect=534.38,686.38,49.88,99.75 exported gfx=42x84/root=2048x1024/rot=0 touchable=True visible=True chain=DMPBall(v=1,a=1) <- BottomUI(v=1,a=1) <- (v=1,a=1)
  DoubleDJoystick/joystick_center_1=idx=9/4 path=DoubleDJoystick/joystick_center_1 name=joystick_center_1 item=Bottom_00343 title=(null) url=ui://jk0io98jldxan274 rect=47.5,559.31,142.5,140.13 exported gfx=160x158/root=2048x2048/rot=0 touchable=True visible=True chain=joystick_center_1(v=1,a=1) <- DoubleDJoystick(v=1,a=1) <- (v=1,a=1)
  DoubleDJoystick/joystick_center_2=idx=9/0 path=DoubleDJoystick/joystick_center_2 name=joystick_center_2 item=Bottom_00343 title=(null) url=ui://jk0io98jldxan274 rect=217.31,435.81,190,187.63 exported gfx=160x158/root=2048x2048/rot=0 touchable=True visible=True chain=joystick_center_2(v=1,a=1) <- DoubleDJoystick(v=1,a=1) <- (v=1,a=1)
  DoubleDJoystick/joystick_1=idx=9/6 path=DoubleDJoystick/joystick_1 name=joystick_1 item=joystick_1 title= url=ui://jk0io98jgcp1n1pg rect=78.38,587.81,84.31,84.31 exported gfx=null touchable=True visible=True chain=joystick_1(v=1,a=1) <- DoubleDJoystick(v=1,a=1) <- (v=1,a=1)
  DoubleDJoystick/joystick_2=idx=9/2 path=DoubleDJoystick/joystick_2 name=joystick_2 item=joystick_2 title= url=ui://jk0io98jgcp1n1ph rect=270.75,488.06,84.31,84.31 exported gfx=null touchable=True visible=True chain=joystick_2(v=1,a=1) <- DoubleDJoystick(v=1,a=1) <- (v=1,a=1)
[2026-08-09 09:46:12] FairyGUI: Clamp(DFunBtms) anchor=idx=4/4 path=DFunBtms/DBtnShow name=DBtnShow item=DBtnShow title= url=ui://jk0io98jk02tn1ut rect=1423.75,285,90.25,83.13 exported gfx=null touchable=True visible=True moveTarget=idx=4 path=DFunBtms name=DFunBtms item=DFunBtms title=(null) url=ui://jk0io98jk02tn1v2 rect=1054.44,197.13,460.75,359.81 exported gfx=null touchable=True visible=True move=(-2.44,0) rect=1426.19,285,90.25,83.13 safe=0,0,1520,855
[2026-08-09 09:46:12] FairyGUI: 已导出主界面树到 /data/user/0/com.lommir.client.monogame.android/files/Cache/Mobile/Runtime/FairyGui-MobileMainHudTree.txt
[2026-08-09 09:46:12] FairyGUI: TryDumpMobileMainHudTreeIfDue 返回（27ms）
[2026-08-09 09:46:12] FairyGUI: 已绑定按钮[拾取] -> idx=10/7/2 path=DFunBtms/RigFunctionList/(null) name= item=BottomAuPickupBtn title= url=ui://jk0io98jk02tn1v0 rect=1079.38,289.75,74.81,74.81 exported touchable=True visible=True
[2026-08-09 09:46:12] FairyGUI: 已绑定按钮[自动跑] -> idx=4/11 path=BottomUI/DRun name=DRun item=(null) title=(null) url=(null) rect=4.75,720.81,108.06,93.81 internal touchable=True visible=True
[2026-08-09 09:46:12] FairyGUI: 已绑定按钮[自动打] -> idx=4/18/1 path=BottomUI/AutoFight/BtnAutoFight name=BtnAutoFight item=BtnAutoFight title= url=ui://jk0io98jv9b11h rect=874,590.19,49.88,51.06 exported touchable=True visible=True
[2026-08-09 09:46:12] FairyGUI: 已绑定按钮[模式] -> idx=6/4 path=DArrackModelUI/DBtnAttack0 name=DBtnAttack0 item=DBtnAttack0 title= url=ui://jk0io98jv9b1fd rect=1312.19,586.63,142.5,142.5 exported touchable=True visible=True
[2026-08-09 09:46:12] FairyGUI: 已绑定按钮[技能] -> idx=6/1/0 path=DArrackModelUI/DBtnAttack2/skill name=skill item=(null) title=(null) url=(null) rect=1201.75,572.38,95,95 internal touchable=True visible=True
[2026-08-09 09:46:12] FairyGUI: 已绑定按钮[角色] -> idx=10/10 path=DFunBtms/DBtnState name=DBtnState item=DBtnState title= url=ui://jk0io98jk02tn1ur rect=1379.81,237.5,80.75,80.75 exported touchable=True visible=True
[2026-08-09 09:46:12] FairyGUI: 已绑定按钮[背包] -> idx=10/11 path=DFunBtms/DBtnBag name=DBtnBag item=DBtnBag title= url=ui://jk0io98jk02tn1uq rect=1473.63,237.5,80.75,80.75 exported touchable=True visible=True
[2026-08-09 09:46:12] FairyGUI: 已绑定按钮[师徒] -> idx=10 path=__codex_mobile_mentor_hud_fallback name=__codex_mobile_mentor_hud_fallback item=(null) title=师徒 url=(null) rect=1368,779,133,57 internal touchable=True visible=True
[2026-08-09 09:46:12] FairyGUI: 已绑定按钮[关系] -> idx=11 path=__codex_mobile_marriage_hud_fallback name=__codex_mobile_marriage_hud_fallback item=(null) title=关系 url=(null) rect=1368,710.13,133,57 internal touchable=True visible=True
[2026-08-09 09:46:12] FairyGUI: 已绑定按钮[坐骑] -> idx=12 path=__codex_mobile_mount_hud_fallback name=__codex_mobile_mount_hud_fallback item=(null) title=坐骑 url=(null) rect=1368,643.63,133,57 internal touchable=True visible=True
[2026-08-09 09:46:12] FairyGUI: 已绑定按钮[钓鱼] -> idx=13 path=__codex_mobile_fishing_hud_fallback name=__codex_mobile_fishing_hud_fallback item=(null) title=钓鱼 url=(null) rect=1368,510.63,133,57 internal touchable=True visible=True
[2026-08-09 09:46:13] FairyGUI: 已绑定按钮[封印/租赁] -> idx=14 path=__codex_mobile_seal_rental_hud_fallback name=__codex_mobile_seal_rental_hud_fallback item=(null) title=封印/租赁 url=(null) rect=1368,577.13,133,57 internal touchable=True visible=True
[2026-08-09 09:46:13] FairyGUI: 已绑定按钮[活动/赏金] -> idx=15 path=__codex_mobile_activity_hud_fallback name=__codex_mobile_activity_hud_fallback item=(null) title=活动/赏金 url=(null) rect=1368,444.13,133,57 internal touchable=True visible=True
[2026-08-09 09:46:13] FairyGUI: 已绑定按钮[聊天] -> idx=4/8 path=BottomUI/DChatWindow name=DChatWindow item=(null) title=(null) url=(null) rect=651.94,736.25,418,81.94 internal touchable=True visible=True
[2026-08-09 09:46:13] FairyGUI: 已绑定按钮[商店] -> idx=16 path=__codex_mobile_shop_hud_fallback name=__codex_mobile_shop_hud_fallback item=(null) title=商店 url=(null) rect=1368,377.63,133,57 internal touchable=True visible=True
[2026-08-09 09:46:13] FairyGUI: 已绑定按钮[大地图] -> idx=0/4 path=DMinMapUI/DBtnMinMap name=DBtnMinMap item=DBtnMinMap title= url=ui://jk0io98jruoyn2r1 rect=1224.31,0,42.75,42.75 exported touchable=True visible=True
[2026-08-09 09:46:13] FairyGUI: 主界面按钮绑定未完全命中，待补充映射：攻击、英雄、系统
[2026-08-09 09:46:13] FairyGUI: TryBindMobileMainHudButtonsIfDue 返回（1172ms）
[2026-08-09 09:46:13] FairyGUI: 主界面已创建（UI/主界面_MainUI）
[2026-08-09 09:46:13] FairyGUI: 主界面创建总耗时 1316ms
[2026-08-09 09:46:13] 进入地图：移动端 Overlay 初始化调用已返回。
[2026-08-09 09:46:13] 进入地图：GameScene 构造已返回，准备释放 SelectScene。
[2026-08-09 09:46:13] 进入地图：SelectScene 已释放。
[2026-08-09 09:46:13] FairyGUI: 系统消息输出绑定到 BottomUI/DChatWindow：idx=4/8/0 path=BottomUI/DChatWindow/__codex_mobile_chattxt name=__codex_mobile_chattxt item=(null) title=(null) url=(null) rect=651.94,736.25,418,81.94 internal gfx=null touchable=False visible=True (BottomUI/DChatWindow-fallback)
[2026-08-09 09:46:13] 进入地图：收到 MapInformation FileName=0
[2026-08-09 09:46:13] 进入地图：开始后台加载地图 FileName=/data/user/0/com.lommir.client.monogame.android/files/Cache/Mobile/Maps/0.map
[2026-08-09 09:46:13] 进入地图：MapControl 已切换为后台加载（1ms）
[2026-08-09 09:46:14] FairyGUI: DoubleDJoystick 动效绑定完成：
  Walk Root=idx=8/7 path=DoubleDJoystick/joystick_touch_1 name=joystick_touch_1 item=(null) title=(null) url=(null) rect=-2.38,547.44,235.13,194.75 internal gfx=gfx:1x1/root=1x1/rot=0/pkg:null touchable=True visible=True
  Walk Knob=idx=8/6 path=DoubleDJoystick/joystick_1 name=joystick_1 item=joystick_1 title= url=ui://jk0io98jgcp1n1pg rect=78.38,587.81,84.31,84.31 exported gfx=null touchable=True visible=True
  Walk Center=idx=8/4 path=DoubleDJoystick/joystick_center_1 name=joystick_center_1 item=Bottom_00343 title=(null) url=ui://jk0io98jldxan274 rect=47.5,559.31,142.5,140.13 exported gfx=160x158/root=2048x2048/rot=0 touchable=True visible=True
  Walk Thumb=idx=8/5 path=DoubleDJoystick/direct_1 name=direct_1 item=Bottom_00344 title=(null) url=ui://jk0io98jldxan275 rect=119.94,624.63,135.38,85.5 exported gfx=152x90/root=2048x2048/rot=0 touchable=True visible=False
  Run Root=idx=8/3 path=DoubleDJoystick/joystick_touch_2 name=joystick_touch_2 item=(null) title=(null) url=(null) rect=10.69,389.5,445.31,351.5 internal gfx=gfx:1x1/root=1x1/rot=0/pkg:null touchable=True visible=True
  Run Knob=idx=8/2 path=DoubleDJoystick/joystick_2 name=joystick_2 item=joystick_2 title= url=ui://jk0io98jgcp1n1ph rect=270.75,488.06,84.31,84.31 exported gfx=null touchable=True visible=True
  Run Center=idx=8/0 path=DoubleDJoystick/joystick_center_2 name=joystick_center_2 item=Bottom_00343 title=(null) url=ui://jk0io98jldxan274 rect=217.31,435.81,190,187.63 exported gfx=160x158/root=2048x2048/rot=0 touchable=True visible=True
  Run Thumb=idx=8/1 path=DoubleDJoystick/direct_2 name=direct_2 item=Bottom_00344 title=(null) url=ui://jk0io98jldxan275 rect=312.31,523.69,180.5,114 exported gfx=152x90/root=2048x2048/rot=0 touchable=True visible=False
[2026-08-09 09:46:14] FairyGUI: 主界面小地图绑定完成：idx=0/3/0 path=DMinMapUI/DMap/item name=item item=(null) title=(null) url=(null) rect=1271.81,36.81,237.5,150.81 internal gfx=null touchable=True visible=True (DMinMapUI/DMap-largest)
[2026-08-09 09:46:14] FairyGUI: 小地图贴图已更新：Index=1 View=full Target=idx=0/3/0 path=DMinMapUI/DMap/item name=item item=(null) title=(null) url=(null) rect=1271.81,36.81,237.5,150.81 internal gfx=null touchable=True visible=True (DMinMapUI/DMap-largest) Size=(200,127) Parent=(200,127) Fill=ScaleFree AutoSize=False
[2026-08-09 09:46:14] FairyGUI: 已导出主界面技能快捷栏绑定报告到 /data/user/0/com.lommir.client.monogame.android/files/Cache/Mobile/Runtime/FairyGui-MobileMainHudSkillHotbarBindings.txt
[2026-08-09 09:46:14] FairyGUI: 主界面技能快捷栏绑定完成：Slots=8 GridRoot=idx=6 path=DArrackModelUI name=DArrackModelUI item=DArrackModelUI title=(null) url=ui://jk0io98jv9b1g0 rect=1091.31,371.69,427.5,422.75 exported gfx=null touchable=True visible=True (name:DArrackModelUI) (named)
[2026-08-09 09:46:14] FairyGUI: HUD底栏绑定 Level=idx=4/14/1 path=BottomUI/DLevel/DLevelText name=DLevelText item=(null) title=(null) url=(null) rect=381.19,827.69,92.63,20.19 internal gfx=gfx:2048x2048/root=2048x2048/rot=0/pkg:null touchable=True visible=True
[2026-08-09 09:46:14] FairyGUI: HUD底栏绑定 Weight=idx=4/8/0 path=BottomUI/DChatWindow/__codex_mobile_chattxt name=__codex_mobile_chattxt item=(null) title=(null) url=(null) rect=651.94,736.25,418,81.94 internal gfx=null touchable=False visible=True
[2026-08-09 09:46:14] FairyGUI: HUD底栏绑定 ExpBar=idx=4/16 path=BottomUI/DExpBar name=DExpBar item=DExpBar title=(null) url=ui://jk0io98jv9b11f rect=923.88,825.31,288.56,26.13 exported gfx=null touchable=True visible=True
[2026-08-09 09:46:14] FairyGUI: HUD底栏绑定 Volume=idx=4/33 path=BottomUI/textVolume name=textVolume item=(null) title=(null) url=(null) rect=1295.56,821.75,79.56,32.06 internal gfx=gfx:2048x2048/root=2048x2048/rot=0/pkg:null touchable=True visible=True
[2026-08-09 09:46:14] 进入地图：后台地图加载完成 FileName=/data/user/0/com.lommir.client.monogame.android/files/Cache/Mobile/Maps/0.map TotalMs=2677 Size=700x700 Objects=18 MiniMap=1/1
[2026-08-09 09:46:14] MLibrary: 本帧贴图创建预算已用尽，延后到后续帧（避免卡顿/掉线）。Lib=Tiles.Lib Index=241 Budget=12/frame
[2026-08-09 09:46:16] FairyGUI: HUD底栏绑定 Level=idx=4/14/1 path=BottomUI/DLevel/DLevelText name=DLevelText item=(null) title=(null) url=(null) rect=381.19,827.69,92.63,20.19 internal gfx=gfx:2048x2048/root=2048x2048/rot=0/pkg:null touchable=True visible=True
[2026-08-09 09:46:16] FairyGUI: HUD底栏绑定 Weight=idx=4/8/0 path=BottomUI/DChatWindow/__codex_mobile_chattxt name=__codex_mobile_chattxt item=(null) title=(null) url=(null) rect=651.94,736.25,418,81.94 internal gfx=null touchable=False visible=True
[2026-08-09 09:46:16] FairyGUI: HUD底栏绑定 ExpBar=idx=4/16 path=BottomUI/DExpBar name=DExpBar item=DExpBar title=(null) url=ui://jk0io98jv9b11f rect=923.88,825.31,288.56,26.13 exported gfx=null touchable=True visible=True
[2026-08-09 09:46:16] FairyGUI: HUD底栏绑定 Volume=idx=4/33 path=BottomUI/textVolume name=textVolume item=(null) title=(null) url=(null) rect=1295.56,821.75,79.56,32.06 internal gfx=gfx:2048x2048/root=2048x2048/rot=0/pkg:null touchable=True visible=True
[2026-08-09 09:46:18] FairyGUI: HUD底栏绑定 Level=idx=4/14/1 path=BottomUI/DLevel/DLevelText name=DLevelText item=(null) title=(null) url=(null) rect=381.19,827.69,92.63,20.19 internal gfx=gfx:2048x2048/root=2048x2048/rot=0/pkg:null touchable=True visible=True
[2026-08-09 09:46:18] FairyGUI: HUD底栏绑定 Weight=idx=4/8/0 path=BottomUI/DChatWindow/__codex_mobile_chattxt name=__codex_mobile_chattxt item=(null) title=(null) url=(null) rect=651.94,736.25,418,81.94 internal gfx=null touchable=False visible=True
[2026-08-09 09:46:18] FairyGUI: HUD底栏绑定 ExpBar=idx=4/16 path=BottomUI/DExpBar name=DExpBar item=DExpBar title=(null) url=ui://jk0io98jv9b11f rect=923.88,825.31,288.56,26.13 exported gfx=null touchable=True visible=True
[2026-08-09 09:46:18] FairyGUI: HUD底栏绑定 Volume=idx=4/33 path=BottomUI/textVolume name=textVolume item=(null) title=(null) url=(null) rect=1295.56,821.75,79.56,32.06 internal gfx=gfx:2048x2048/root=2048x2048/rot=0/pkg:null touchable=True visible=True
[2026-08-09 09:46:20] FairyGUI: HUD底栏绑定 Level=idx=4/14/1 path=BottomUI/DLevel/DLevelText name=DLevelText item=(null) title=(null) url=(null) rect=381.19,827.69,92.63,20.19 internal gfx=gfx:2048x2048/root=2048x2048/rot=0/pkg:null touchable=True visible=True
[2026-08-09 09:46:20] FairyGUI: HUD底栏绑定 Weight=idx=4/8/0 path=BottomUI/DChatWindow/__codex_mobile_chattxt name=__codex_mobile_chattxt item=(null) title=(null) url=(null) rect=651.94,736.25,418,81.94 internal gfx=null touchable=False visible=True
[2026-08-09 09:46:20] FairyGUI: HUD底栏绑定 ExpBar=idx=4/16 path=BottomUI/DExpBar name=DExpBar item=DExpBar title=(null) url=ui://jk0io98jv9b11f rect=923.88,825.31,288.56,26.13 exported gfx=null touchable=True visible=True
[2026-08-09 09:46:20] FairyGUI: HUD底栏绑定 Volume=idx=4/33 path=BottomUI/textVolume name=textVolume item=(null) title=(null) url=(null) rect=1295.56,821.75,79.56,32.06 internal gfx=gfx:2048x2048/root=2048x2048/rot=0/pkg:null touchable=True visible=True
[2026-08-09 09:46:22] FairyGUI: HUD底栏绑定 Level=idx=4/14/1 path=BottomUI/DLevel/DLevelText name=DLevelText item=(null) title=(null) url=(null) rect=381.19,827.69,92.63,20.19 internal gfx=gfx:2048x2048/root=2048x2048/rot=0/pkg:null touchable=True visible=True
[2026-08-09 09:46:22] FairyGUI: HUD底栏绑定 Weight=idx=4/8/0 path=BottomUI/DChatWindow/__codex_mobile_chattxt name=__codex_mobile_chattxt item=(null) title=(null) url=(null) rect=651.94,736.25,418,81.94 internal gfx=null touchable=False visible=True
[2026-08-09 09:46:22] FairyGUI: HUD底栏绑定 ExpBar=idx=4/16 path=BottomUI/DExpBar name=DExpBar item=DExpBar title=(null) url=ui://jk0io98jv9b11f rect=923.88,825.31,288.56,26.13 exported gfx=null touchable=True visible=True
[2026-08-09 09:46:22] FairyGUI: HUD底栏绑定 Volume=idx=4/33 path=BottomUI/textVolume name=textVolume item=(null) title=(null) url=(null) rect=1295.56,821.75,79.56,32.06 internal gfx=gfx:2048x2048/root=2048x2048/rot=0/pkg:null touchable=True visible=True
[2026-08-09 09:46:24] FairyGUI: HUD底栏绑定 Level=idx=4/14/1 path=BottomUI/DLevel/DLevelText name=DLevelText item=(null) title=(null) url=(null) rect=381.19,827.69,92.63,20.19 internal gfx=gfx:2048x2048/root=2048x2048/rot=0/pkg:null touchable=True visible=True
[2026-08-09 09:46:24] FairyGUI: HUD底栏绑定 Weight=idx=4/8/0 path=BottomUI/DChatWindow/__codex_mobile_chattxt name=__codex_mobile_chattxt item=(null) title=(null) url=(null) rect=651.94,736.25,418,81.94 internal gfx=null touchable=False visible=True
[2026-08-09 09:46:24] FairyGUI: HUD底栏绑定 ExpBar=idx=4/16 path=BottomUI/DExpBar name=DExpBar item=DExpBar title=(null) url=ui://jk0io98jv9b11f rect=923.88,825.31,288.56,26.13 exported gfx=null touchable=True visible=True
[2026-08-09 09:46:24] FairyGUI: HUD底栏绑定 Volume=idx=4/33 path=BottomUI/textVolume name=textVolume item=(null) title=(null) url=(null) rect=1295.56,821.75,79.56,32.06 internal gfx=gfx:2048x2048/root=2048x2048/rot=0/pkg:null touchable=True visible=True
[2026-08-09 09:46:26] FairyGUI: HUD底栏绑定 Level=idx=4/14/1 path=BottomUI/DLevel/DLevelText name=DLevelText item=(null) title=(null) url=(null) rect=381.19,827.69,92.63,20.19 internal gfx=gfx:2048x2048/root=2048x2048/rot=0/pkg:null touchable=True visible=True
[2026-08-09 09:46:26] FairyGUI: HUD底栏绑定 Weight=idx=4/8/0 path=BottomUI/DChatWindow/__codex_mobile_chattxt name=__codex_mobile_chattxt item=(null) title=(null) url=(null) rect=651.94,736.25,418,81.94 internal gfx=null touchable=False visible=True
[2026-08-09 09:46:26] FairyGUI: HUD底栏绑定 ExpBar=idx=4/16 path=BottomUI/DExpBar name=DExpBar item=DExpBar title=(null) url=ui://jk0io98jv9b11f rect=923.88,825.31,288.56,26.13 exported gfx=null touchable=True visible=True
[2026-08-09 09:46:26] FairyGUI: HUD底栏绑定 Volume=idx=4/33 path=BottomUI/textVolume name=textVolume item=(null) title=(null) url=(null) rect=1295.56,821.75,79.56,32.06 internal gfx=gfx:2048x2048/root=2048x2048/rot=0/pkg:null touchable=True visible=True
[2026-08-09 09:46:27] FairyGUI Action: Shop (商店)
[2026-08-09 09:46:27] FairyGUI: 窗口已创建（Shop） -> UI/商店_DShopUI (exported) score=329
[2026-08-09 09:46:27] FairyGUI: 已导出窗口(Shop)树到 /data/user/0/com.lommir.client.monogame.android/files/Cache/Mobile/Runtime/FairyGui-MobileWindow-Shop-Tree.txt
[2026-08-09 09:46:27] FairyGUI: 窗口(Shop) 已绑定关闭按钮 name=BtnClose item=BtnClose
[2026-08-09 09:46:27] FairyGUI: 商店窗口固定商品格绑定完成：Cells=15
[2026-08-09 09:46:28] FairyGUI: HUD底栏绑定 Level=idx=4/14/1 path=BottomUI/DLevel/DLevelText name=DLevelText item=(null) title=(null) url=(null) rect=381.19,827.69,92.63,20.19 internal gfx=gfx:2048x2048/root=2048x2048/rot=0/pkg:null touchable=True visible=True
[2026-08-09 09:46:28] FairyGUI: HUD底栏绑定 Weight=idx=4/8/0 path=BottomUI/DChatWindow/__codex_mobile_chattxt name=__codex_mobile_chattxt item=(null) title=(null) url=(null) rect=651.94,736.25,418,81.94 internal gfx=null touchable=False visible=True
[2026-08-09 09:46:28] FairyGUI: HUD底栏绑定 ExpBar=idx=4/16 path=BottomUI/DExpBar name=DExpBar item=DExpBar title=(null) url=ui://jk0io98jv9b11f rect=923.88,825.31,288.56,26.13 exported gfx=null touchable=True visible=True
[2026-08-09 09:46:28] FairyGUI: HUD底栏绑定 Volume=idx=4/33 path=BottomUI/textVolume name=textVolume item=(null) title=(null) url=(null) rect=1295.56,821.75,79.56,32.06 internal gfx=gfx:2048x2048/root=2048x2048/rot=0/pkg:null touchable=True visible=True
[2026-08-09 09:46:30] FairyGUI: HUD底栏绑定 Level=idx=4/14/1 path=BottomUI/DLevel/DLevelText name=DLevelText item=(null) title=(null) url=(null) rect=381.19,827.69,92.63,20.19 internal gfx=gfx:2048x2048/root=2048x2048/rot=0/pkg:null touchable=True visible=True
[2026-08-09 09:46:30] FairyGUI: HUD底栏绑定 Weight=idx=4/8/0 path=BottomUI/DChatWindow/__codex_mobile_chattxt name=__codex_mobile_chattxt item=(null) title=(null) url=(null) rect=651.94,736.25,418,81.94 internal gfx=null touchable=False visible=True
[2026-08-09 09:46:30] FairyGUI: HUD底栏绑定 ExpBar=idx=4/16 path=BottomUI/DExpBar name=DExpBar item=DExpBar title=(null) url=ui://jk0io98jv9b11f rect=923.88,825.31,288.56,26.13 exported gfx=null touchable=True visible=True
[2026-08-09 09:46:30] FairyGUI: HUD底栏绑定 Volume=idx=4/33 path=BottomUI/textVolume name=textVolume item=(null) title=(null) url=(null) rect=1295.56,821.75,79.56,32.06 internal gfx=gfx:2048x2048/root=2048x2048/rot=0/pkg:null touchable=True visible=True
[2026-08-09 09:46:32] FairyGUI: HUD底栏绑定 Level=idx=4/14/1 path=BottomUI/DLevel/DLevelText name=DLevelText item=(null) title=(null) url=(null) rect=381.19,827.69,92.63,20.19 internal gfx=gfx:2048x2048/root=2048x2048/rot=0/pkg:null touchable=True visible=True
[2026-08-09 09:46:32] FairyGUI: HUD底栏绑定 Weight=idx=4/8/0 path=BottomUI/DChatWindow/__codex_mobile_chattxt name=__codex_mobile_chattxt item=(null) title=(null) url=(null) rect=651.94,736.25,418,81.94 internal gfx=null touchable=False visible=True
[2026-08-09 09:46:32] FairyGUI: HUD底栏绑定 ExpBar=idx=4/16 path=BottomUI/DExpBar name=DExpBar item=DExpBar title=(null) url=ui://jk0io98jv9b11f rect=923.88,825.31,288.56,26.13 exported gfx=null touchable=True visible=True
[2026-08-09 09:46:32] FairyGUI: HUD底栏绑定 Volume=idx=4/33 path=BottomUI/textVolume name=textVolume item=(null) title=(null) url=(null) rect=1295.56,821.75,79.56,32.06 internal gfx=gfx:2048x2048/root=2048x2048/rot=0/pkg:null touchable=True visible=True
[2026-08-09 09:46:34] FairyGUI: HUD底栏绑定 Level=idx=4/14/1 path=BottomUI/DLevel/DLevelText name=DLevelText item=(null) title=(null) url=(null) rect=381.19,827.69,92.63,20.19 internal gfx=gfx:2048x2048/root=2048x2048/rot=0/pkg:null touchable=True visible=True
[2026-08-09 09:46:34] FairyGUI: HUD底栏绑定 Weight=idx=4/8/0 path=BottomUI/DChatWindow/__codex_mobile_chattxt name=__codex_mobile_chattxt item=(null) title=(null) url=(null) rect=651.94,736.25,418,81.94 internal gfx=null touchable=False visible=True
[2026-08-09 09:46:34] FairyGUI: HUD底栏绑定 ExpBar=idx=4/16 path=BottomUI/DExpBar name=DExpBar item=DExpBar title=(null) url=ui://jk0io98jv9b11f rect=923.88,825.31,288.56,26.13 exported gfx=null touchable=True visible=True
[2026-08-09 09:46:34] FairyGUI: HUD底栏绑定 Volume=idx=4/33 path=BottomUI/textVolume name=textVolume item=(null) title=(null) url=(null) rect=1295.56,821.75,79.56,32.06 internal gfx=gfx:2048x2048/root=2048x2048/rot=0/pkg:null touchable=True visible=True
[2026-08-09 09:46:36] FairyGUI: HUD底栏绑定 Level=idx=4/14/1 path=BottomUI/DLevel/DLevelText name=DLevelText item=(null) title=(null) url=(null) rect=381.19,827.69,92.63,20.19 internal gfx=gfx:2048x2048/root=2048x2048/rot=0/pkg:null touchable=True visible=True
[2026-08-09 09:46:36] FairyGUI: HUD底栏绑定 Weight=idx=4/8/0 path=BottomUI/DChatWindow/__codex_mobile_chattxt name=__codex_mobile_chattxt item=(null) title=(null) url=(null) rect=651.94,736.25,418,81.94 internal gfx=null touchable=False visible=True
[2026-08-09 09:46:36] FairyGUI: HUD底栏绑定 ExpBar=idx=4/16 path=BottomUI/DExpBar name=DExpBar item=DExpBar title=(null) url=ui://jk0io98jv9b11f rect=923.88,825.31,288.56,26.13 exported gfx=null touchable=True visible=True
[2026-08-09 09:46:36] FairyGUI: HUD底栏绑定 Volume=idx=4/33 path=BottomUI/textVolume name=textVolume item=(null) title=(null) url=(null) rect=1295.56,821.75,79.56,32.06 internal gfx=gfx:2048x2048/root=2048x2048/rot=0/pkg:null touchable=True visible=True
[2026-08-09 09:46:38] FairyGUI: HUD底栏绑定 Level=idx=4/14/1 path=BottomUI/DLevel/DLevelText name=DLevelText item=(null) title=(null) url=(null) rect=381.19,827.69,92.63,20.19 internal gfx=gfx:2048x2048/root=2048x2048/rot=0/pkg:null touchable=True visible=True
[2026-08-09 09:46:38] FairyGUI: HUD底栏绑定 Weight=idx=4/8/0 path=BottomUI/DChatWindow/__codex_mobile_chattxt name=__codex_mobile_chattxt item=(null) title=(null) url=(null) rect=651.94,736.25,418,81.94 internal gfx=null touchable=False visible=True
[2026-08-09 09:46:38] FairyGUI: HUD底栏绑定 ExpBar=idx=4/16 path=BottomUI/DExpBar name=DExpBar item=DExpBar title=(null) url=ui://jk0io98jv9b11f rect=923.88,825.31,288.56,26.13 exported gfx=null touchable=True visible=True
[2026-08-09 09:46:38] FairyGUI: HUD底栏绑定 Volume=idx=4/33 path=BottomUI/textVolume name=textVolume item=(null) title=(null) url=(null) rect=1295.56,821.75,79.56,32.06 internal gfx=gfx:2048x2048/root=2048x2048/rot=0/pkg:null touchable=True visible=True
[2026-08-09 09:46:40] FairyGUI: HUD底栏绑定 Level=idx=4/14/1 path=BottomUI/DLevel/DLevelText name=DLevelText item=(null) title=(null) url=(null) rect=381.19,827.69,92.63,20.19 internal gfx=gfx:2048x2048/root=2048x2048/rot=0/pkg:null touchable=True visible=True
[2026-08-09 09:46:40] FairyGUI: HUD底栏绑定 Weight=idx=4/8/0 path=BottomUI/DChatWindow/__codex_mobile_chattxt name=__codex_mobile_chattxt item=(null) title=(null) url=(null) rect=651.94,736.25,418,81.94 internal gfx=null touchable=False visible=True
[2026-08-09 09:46:40] FairyGUI: HUD底栏绑定 ExpBar=idx=4/16 path=BottomUI/DExpBar name=DExpBar item=DExpBar title=(null) url=ui://jk0io98jv9b11f rect=923.88,825.31,288.56,26.13 exported gfx=null touchable=True visible=True
[2026-08-09 09:46:40] FairyGUI: HUD底栏绑定 Volume=idx=4/33 path=BottomUI/textVolume name=textVolume item=(null) title=(null) url=(null) rect=1295.56,821.75,79.56,32.06 internal gfx=gfx:2048x2048/root=2048x2048/rot=0/pkg:null touchable=True visible=True
[2026-08-09 09:46:43] FairyGUI: HUD底栏绑定 Level=idx=4/14/1 path=BottomUI/DLevel/DLevelText name=DLevelText item=(null) title=(null) url=(null) rect=381.19,827.69,92.63,20.19 internal gfx=gfx:2048x2048/root=2048x2048/rot=0/pkg:null touchable=True visible=True
[2026-08-09 09:46:43] FairyGUI: HUD底栏绑定 Weight=idx=4/8/0 path=BottomUI/DChatWindow/__codex_mobile_chattxt name=__codex_mobile_chattxt item=(null) title=(null) url=(null) rect=651.94,736.25,418,81.94 internal gfx=null touchable=False visible=True
[2026-08-09 09:46:43] FairyGUI: HUD底栏绑定 ExpBar=idx=4/16 path=BottomUI/DExpBar name=DExpBar item=DExpBar title=(null) url=ui://jk0io98jv9b11f rect=923.88,825.31,288.56,26.13 exported gfx=null touchable=True visible=True
[2026-08-09 09:46:43] FairyGUI: HUD底栏绑定 Volume=idx=4/33 path=BottomUI/textVolume name=textVolume item=(null) title=(null) url=(null) rect=1295.56,821.75,79.56,32.06 internal gfx=gfx:2048x2048/root=2048x2048/rot=0/pkg:null touchable=True visible=True
[2026-08-09 09:46:45] FairyGUI: HUD底栏绑定 Level=idx=4/14/1 path=BottomUI/DLevel/DLevelText name=DLevelText item=(null) title=(null) url=(null) rect=381.19,827.69,92.63,20.19 internal gfx=gfx:2048x2048/root=2048x2048/rot=0/pkg:null touchable=True visible=True
[2026-08-09 09:46:45] FairyGUI: HUD底栏绑定 Weight=idx=4/8/0 path=BottomUI/DChatWindow/__codex_mobile_chattxt name=__codex_mobile_chattxt item=(null) title=(null) url=(null) rect=651.94,736.25,418,81.94 internal gfx=null touchable=False visible=True
[2026-08-09 09:46:45] FairyGUI: HUD底栏绑定 ExpBar=idx=4/16 path=BottomUI/DExpBar name=DExpBar item=DExpBar title=(null) url=ui://jk0io98jv9b11f rect=923.88,825.31,288.56,26.13 exported gfx=null touchable=True visible=True
[2026-08-09 09:46:45] FairyGUI: HUD底栏绑定 Volume=idx=4/33 path=BottomUI/textVolume name=textVolume item=(null) title=(null) url=(null) rect=1295.56,821.75,79.56,32.06 internal gfx=gfx:2048x2048/root=2048x2048/rot=0/pkg:null touchable=True visible=True
[2026-08-09 09:46:47] FairyGUI: HUD底栏绑定 Level=idx=4/14/1 path=BottomUI/DLevel/DLevelText name=DLevelText item=(null) title=(null) url=(null) rect=381.19,827.69,92.63,20.19 internal gfx=gfx:2048x2048/root=2048x2048/rot=0/pkg:null touchable=True visible=True
[2026-08-09 09:46:47] FairyGUI: HUD底栏绑定 Weight=idx=4/8/0 path=BottomUI/DChatWindow/__codex_mobile_chattxt name=__codex_mobile_chattxt item=(null) title=(null) url=(null) rect=651.94,736.25,418,81.94 internal gfx=null touchable=False visible=True
[2026-08-09 09:46:47] FairyGUI: HUD底栏绑定 ExpBar=idx=4/16 path=BottomUI/DExpBar name=DExpBar item=DExpBar title=(null) url=ui://jk0io98jv9b11f rect=923.88,825.31,288.56,26.13 exported gfx=null touchable=True visible=True
[2026-08-09 09:46:47] FairyGUI: HUD底栏绑定 Volume=idx=4/33 path=BottomUI/textVolume name=textVolume item=(null) title=(null) url=(null) rect=1295.56,821.75,79.56,32.06 internal gfx=gfx:2048x2048/root=2048x2048/rot=0/pkg:null touchable=True visible=True
[2026-08-09 09:46:49] FairyGUI: HUD底栏绑定 Level=idx=4/14/1 path=BottomUI/DLevel/DLevelText name=DLevelText item=(null) title=(null) url=(null) rect=381.19,827.69,92.63,20.19 internal gfx=gfx:2048x2048/root=2048x2048/rot=0/pkg:null touchable=True visible=True
[2026-08-09 09:46:49] FairyGUI: HUD底栏绑定 Weight=idx=4/8/0 path=BottomUI/DChatWindow/__codex_mobile_chattxt name=__codex_mobile_chattxt item=(null) title=(null) url=(null) rect=651.94,736.25,418,81.94 internal gfx=null touchable=False visible=True
[2026-08-09 09:46:49] FairyGUI: HUD底栏绑定 ExpBar=idx=4/16 path=BottomUI/DExpBar name=DExpBar item=DExpBar title=(null) url=ui://jk0io98jv9b11f rect=923.88,825.31,288.56,26.13 exported gfx=null touchable=True visible=True
[2026-08-09 09:46:49] FairyGUI: HUD底栏绑定 Volume=idx=4/33 path=BottomUI/textVolume name=textVolume item=(null) title=(null) url=(null) rect=1295.56,821.75,79.56,32.06 internal gfx=gfx:2048x2048/root=2048x2048/rot=0/pkg:null touchable=True visible=True
[2026-08-09 09:46:51] FairyGUI: HUD底栏绑定 Level=idx=4/14/1 path=BottomUI/DLevel/DLevelText name=DLevelText item=(null) title=(null) url=(null) rect=381.19,827.69,92.63,20.19 internal gfx=gfx:2048x2048/root=2048x2048/rot=0/pkg:null touchable=True visible=True
[2026-08-09 09:46:51] FairyGUI: HUD底栏绑定 Weight=idx=4/8/0 path=BottomUI/DChatWindow/__codex_mobile_chattxt name=__codex_mobile_chattxt item=(null) title=(null) url=(null) rect=651.94,736.25,418,81.94 internal gfx=null touchable=False visible=True
[2026-08-09 09:46:51] FairyGUI: HUD底栏绑定 ExpBar=idx=4/16 path=BottomUI/DExpBar name=DExpBar item=DExpBar title=(null) url=ui://jk0io98jv9b11f rect=923.88,825.31,288.56,26.13 exported gfx=null touchable=True visible=True
[2026-08-09 09:46:51] FairyGUI: HUD底栏绑定 Volume=idx=4/33 path=BottomUI/textVolume name=textVolume item=(null) title=(null) url=(null) rect=1295.56,821.75,79.56,32.06 internal gfx=gfx:2048x2048/root=2048x2048/rot=0/pkg:null touchable=True visible=True
[2026-08-09 09:46:53] FairyGUI: HUD底栏绑定 Level=idx=4/14/1 path=BottomUI/DLevel/DLevelText name=DLevelText item=(null) title=(null) url=(null) rect=381.19,827.69,92.63,20.19 internal gfx=gfx:2048x2048/root=2048x2048/rot=0/pkg:null touchable=True visible=True
[2026-08-09 09:46:53] FairyGUI: HUD底栏绑定 Weight=idx=4/8/0 path=BottomUI/DChatWindow/__codex_mobile_chattxt name=__codex_mobile_chattxt item=(null) title=(null) url=(null) rect=651.94,736.25,418,81.94 internal gfx=null touchable=False visible=True
[2026-08-09 09:46:53] FairyGUI: HUD底栏绑定 ExpBar=idx=4/16 path=BottomUI/DExpBar name=DExpBar item=DExpBar title=(null) url=ui://jk0io98jv9b11f rect=923.88,825.31,288.56,26.13 exported gfx=null touchable=True visible=True
[2026-08-09 09:46:53] FairyGUI: HUD底栏绑定 Volume=idx=4/33 path=BottomUI/textVolume name=textVolume item=(null) title=(null) url=(null) rect=1295.56,821.75,79.56,32.06 internal gfx=gfx:2048x2048/root=2048x2048/rot=0/pkg:null touchable=True visible=True
[2026-08-09 09:46:55] FairyGUI: HUD底栏绑定 Level=idx=4/14/1 path=BottomUI/DLevel/DLevelText name=DLevelText item=(null) title=(null) url=(null) rect=381.19,827.69,92.63,20.19 internal gfx=gfx:2048x2048/root=2048x2048/rot=0/pkg:null touchable=True visible=True
[2026-08-09 09:46:55] FairyGUI: HUD底栏绑定 Weight=idx=4/8/0 path=BottomUI/DChatWindow/__codex_mobile_chattxt name=__codex_mobile_chattxt item=(null) title=(null) url=(null) rect=651.94,736.25,418,81.94 internal gfx=null touchable=False visible=True
[2026-08-09 09:46:55] FairyGUI: HUD底栏绑定 ExpBar=idx=4/16 path=BottomUI/DExpBar name=DExpBar item=DExpBar title=(null) url=ui://jk0io98jv9b11f rect=923.88,825.31,288.56,26.13 exported gfx=null touchable=True visible=True
[2026-08-09 09:46:55] FairyGUI: HUD底栏绑定 Volume=idx=4/33 path=BottomUI/textVolume name=textVolume item=(null) title=(null) url=(null) rect=1295.56,821.75,79.56,32.06 internal gfx=gfx:2048x2048/root=2048x2048/rot=0/pkg:null touchable=True visible=True
[2026-08-09 09:46:57] FairyGUI: HUD底栏绑定 Level=idx=4/14/1 path=BottomUI/DLevel/DLevelText name=DLevelText item=(null) title=(null) url=(null) rect=381.19,827.69,92.63,20.19 internal gfx=gfx:2048x2048/root=2048x2048/rot=0/pkg:null touchable=True visible=True
[2026-08-09 09:46:57] FairyGUI: HUD底栏绑定 Weight=idx=4/8/0 path=BottomUI/DChatWindow/__codex_mobile_chattxt name=__codex_mobile_chattxt item=(null) title=(null) url=(null) rect=651.94,736.25,418,81.94 internal gfx=null touchable=False visible=True
[2026-08-09 09:46:57] FairyGUI: HUD底栏绑定 ExpBar=idx=4/16 path=BottomUI/DExpBar name=DExpBar item=DExpBar title=(null) url=ui://jk0io98jv9b11f rect=923.88,825.31,288.56,26.13 exported gfx=null touchable=True visible=True
[2026-08-09 09:46:57] FairyGUI: HUD底栏绑定 Volume=idx=4/33 path=BottomUI/textVolume name=textVolume item=(null) title=(null) url=(null) rect=1295.56,821.75,79.56,32.06 internal gfx=gfx:2048x2048/root=2048x2048/rot=0/pkg:null touchable=True visible=True
[2026-08-09 09:46:59] FairyGUI: HUD底栏绑定 Level=idx=4/14/1 path=BottomUI/DLevel/DLevelText name=DLevelText item=(null) title=(null) url=(null) rect=381.19,827.69,92.63,20.19 internal gfx=gfx:2048x2048/root=2048x2048/rot=0/pkg:null touchable=True visible=True
[2026-08-09 09:46:59] FairyGUI: HUD底栏绑定 Weight=idx=4/8/0 path=BottomUI/DChatWindow/__codex_mobile_chattxt name=__codex_mobile_chattxt item=(null) title=(null) url=(null) rect=651.94,736.25,418,81.94 internal gfx=null touchable=False visible=True
[2026-08-09 09:46:59] FairyGUI: HUD底栏绑定 ExpBar=idx=4/16 path=BottomUI/DExpBar name=DExpBar item=DExpBar title=(null) url=ui://jk0io98jv9b11f rect=923.88,825.31,288.56,26.13 exported gfx=null touchable=True visible=True
[2026-08-09 09:46:59] FairyGUI: HUD底栏绑定 Volume=idx=4/33 path=BottomUI/textVolume name=textVolume item=(null) title=(null) url=(null) rect=1295.56,821.75,79.56,32.06 internal gfx=gfx:2048x2048/root=2048x2048/rot=0/pkg:null touchable=True visible=True
[2026-08-09 09:47:01] FairyGUI: HUD底栏绑定 Level=idx=4/14/1 path=BottomUI/DLevel/DLevelText name=DLevelText item=(null) title=(null) url=(null) rect=381.19,827.69,92.63,20.19 internal gfx=gfx:2048x2048/root=2048x2048/rot=0/pkg:null touchable=True visible=True
[2026-08-09 09:47:01] FairyGUI: HUD底栏绑定 Weight=idx=4/8/0 path=BottomUI/DChatWindow/__codex_mobile_chattxt name=__codex_mobile_chattxt item=(null) title=(null) url=(null) rect=651.94,736.25,418,81.94 internal gfx=null touchable=False visible=True
[2026-08-09 09:47:01] FairyGUI: HUD底栏绑定 ExpBar=idx=4/16 path=BottomUI/DExpBar name=DExpBar item=DExpBar title=(null) url=ui://jk0io98jv9b11f rect=923.88,825.31,288.56,26.13 exported gfx=null touchable=True visible=True
[2026-08-09 09:47:01] FairyGUI: HUD底栏绑定 Volume=idx=4/33 path=BottomUI/textVolume name=textVolume item=(null) title=(null) url=(null) rect=1295.56,821.75,79.56,32.06 internal gfx=gfx:2048x2048/root=2048x2048/rot=0/pkg:null touchable=True visible=True
[2026-08-09 09:47:03] FairyGUI: HUD底栏绑定 Level=idx=4/14/1 path=BottomUI/DLevel/DLevelText name=DLevelText item=(null) title=(null) url=(null) rect=381.19,827.69,92.63,20.19 internal gfx=gfx:2048x2048/root=2048x2048/rot=0/pkg:null touchable=True visible=True
[2026-08-09 09:47:03] FairyGUI: HUD底栏绑定 Weight=idx=4/8/0 path=BottomUI/DChatWindow/__codex_mobile_chattxt name=__codex_mobile_chattxt item=(null) title=(null) url=(null) rect=651.94,736.25,418,81.94 internal gfx=null touchable=False visible=True
[2026-08-09 09:47:03] FairyGUI: HUD底栏绑定 ExpBar=idx=4/16 path=BottomUI/DExpBar name=DExpBar item=DExpBar title=(null) url=ui://jk0io98jv9b11f rect=923.88,825.31,288.56,26.13 exported gfx=null touchable=True visible=True
[2026-08-09 09:47:03] FairyGUI: HUD底栏绑定 Volume=idx=4/33 path=BottomUI/textVolume name=textVolume item=(null) title=(null) url=(null) rect=1295.56,821.75,79.56,32.06 internal gfx=gfx:2048x2048/root=2048x2048/rot=0/pkg:null touchable=True visible=True
[2026-08-09 09:47:05] FairyGUI: HUD底栏绑定 Level=idx=4/14/1 path=BottomUI/DLevel/DLevelText name=DLevelText item=(null) title=(null) url=(null) rect=381.19,827.69,92.63,20.19 internal gfx=gfx:2048x2048/root=2048x2048/rot=0/pkg:null touchable=True visible=True
[2026-08-09 09:47:05] FairyGUI: HUD底栏绑定 Weight=idx=4/8/0 path=BottomUI/DChatWindow/__codex_mobile_chattxt name=__codex_mobile_chattxt item=(null) title=(null) url=(null) rect=651.94,736.25,418,81.94 internal gfx=null touchable=False visible=True
[2026-08-09 09:47:05] FairyGUI: HUD底栏绑定 ExpBar=idx=4/16 path=BottomUI/DExpBar name=DExpBar item=DExpBar title=(null) url=ui://jk0io98jv9b11f rect=923.88,825.31,288.56,26.13 exported gfx=null touchable=True visible=True
[2026-08-09 09:47:05] FairyGUI: HUD底栏绑定 Volume=idx=4/33 path=BottomUI/textVolume name=textVolume item=(null) title=(null) url=(null) rect=1295.56,821.75,79.56,32.06 internal gfx=gfx:2048x2048/root=2048x2048/rot=0/pkg:null touchable=True visible=True
[2026-08-09 09:47:07] FairyGUI: HUD底栏绑定 Level=idx=4/14/1 path=BottomUI/DLevel/DLevelText name=DLevelText item=(null) title=(null) url=(null) rect=381.19,827.69,92.63,20.19 internal gfx=gfx:2048x2048/root=2048x2048/rot=0/pkg:null touchable=True visible=True
[2026-08-09 09:47:07] FairyGUI: HUD底栏绑定 Weight=idx=4/8/0 path=BottomUI/DChatWindow/__codex_mobile_chattxt name=__codex_mobile_chattxt item=(null) title=(null) url=(null) rect=651.94,736.25,418,81.94 internal gfx=null touchable=False visible=True
[2026-08-09 09:47:07] FairyGUI: HUD底栏绑定 ExpBar=idx=4/16 path=BottomUI/DExpBar name=DExpBar item=DExpBar title=(null) url=ui://jk0io98jv9b11f rect=923.88,825.31,288.56,26.13 exported gfx=null touchable=True visible=True
[2026-08-09 09:47:07] FairyGUI: HUD底栏绑定 Volume=idx=4/33 path=BottomUI/textVolume name=textVolume item=(null) title=(null) url=(null) rect=1295.56,821.75,79.56,32.06 internal gfx=gfx:2048x2048/root=2048x2048/rot=0/pkg:null touchable=True visible=True
[2026-08-09 09:47:09] FairyGUI: HUD底栏绑定 Level=idx=4/14/1 path=BottomUI/DLevel/DLevelText name=DLevelText item=(null) title=(null) url=(null) rect=381.19,827.69,92.63,20.19 internal gfx=gfx:2048x2048/root=2048x2048/rot=0/pkg:null touchable=True visible=True
[2026-08-09 09:47:09] FairyGUI: HUD底栏绑定 Weight=idx=4/8/0 path=BottomUI/DChatWindow/__codex_mobile_chattxt name=__codex_mobile_chattxt item=(null) title=(null) url=(null) rect=651.94,736.25,418,81.94 internal gfx=null touchable=False visible=True
[2026-08-09 09:47:09] FairyGUI: HUD底栏绑定 ExpBar=idx=4/16 path=BottomUI/DExpBar name=DExpBar item=DExpBar title=(null) url=ui://jk0io98jv9b11f rect=923.88,825.31,288.56,26.13 exported gfx=null touchable=True visible=True
[2026-08-09 09:47:09] FairyGUI: HUD底栏绑定 Volume=idx=4/33 path=BottomUI/textVolume name=textVolume item=(null) title=(null) url=(null) rect=1295.56,821.75,79.56,32.06 internal gfx=gfx:2048x2048/root=2048x2048/rot=0/pkg:null touchable=True visible=True
[2026-08-09 09:47:11] FairyGUI: HUD底栏绑定 Level=idx=4/14/1 path=BottomUI/DLevel/DLevelText name=DLevelText item=(null) title=(null) url=(null) rect=381.19,827.69,92.63,20.19 internal gfx=gfx:2048x2048/root=2048x2048/rot=0/pkg:null touchable=True visible=True
[2026-08-09 09:47:11] FairyGUI: HUD底栏绑定 Weight=idx=4/8/0 path=BottomUI/DChatWindow/__codex_mobile_chattxt name=__codex_mobile_chattxt item=(null) title=(null) url=(null) rect=651.94,736.25,418,81.94 internal gfx=null touchable=False visible=True
[2026-08-09 09:47:11] FairyGUI: HUD底栏绑定 ExpBar=idx=4/16 path=BottomUI/DExpBar name=DExpBar item=DExpBar title=(null) url=ui://jk0io98jv9b11f rect=923.88,825.31,288.56,26.13 exported gfx=null touchable=True visible=True
[2026-08-09 09:47:11] FairyGUI: HUD底栏绑定 Volume=idx=4/33 path=BottomUI/textVolume name=textVolume item=(null) title=(null) url=(null) rect=1295.56,821.75,79.56,32.06 internal gfx=gfx:2048x2048/root=2048x2048/rot=0/pkg:null touchable=True visible=True
[2026-08-09 09:47:13] FairyGUI: HUD底栏绑定 Level=idx=4/14/1 path=BottomUI/DLevel/DLevelText name=DLevelText item=(null) title=(null) url=(null) rect=381.19,827.69,92.63,20.19 internal gfx=gfx:2048x2048/root=2048x2048/rot=0/pkg:null touchable=True visible=True
[2026-08-09 09:47:13] FairyGUI: HUD底栏绑定 Weight=idx=4/8/0 path=BottomUI/DChatWindow/__codex_mobile_chattxt name=__codex_mobile_chattxt item=(null) title=(null) url=(null) rect=651.94,736.25,418,81.94 internal gfx=null touchable=False visible=True
[2026-08-09 09:47:13] FairyGUI: HUD底栏绑定 ExpBar=idx=4/16 path=BottomUI/DExpBar name=DExpBar item=DExpBar title=(null) url=ui://jk0io98jv9b11f rect=923.88,825.31,288.56,26.13 exported gfx=null touchable=True visible=True
[2026-08-09 09:47:13] FairyGUI: HUD底栏绑定 Volume=idx=4/33 path=BottomUI/textVolume name=textVolume item=(null) title=(null) url=(null) rect=1295.56,821.75,79.56,32.06 internal gfx=gfx:2048x2048/root=2048x2048/rot=0/pkg:null touchable=True visible=True
[2026-08-09 09:47:15] FairyGUI: HUD底栏绑定 Level=idx=4/14/1 path=BottomUI/DLevel/DLevelText name=DLevelText item=(null) title=(null) url=(null) rect=381.19,827.69,92.63,20.19 internal gfx=gfx:2048x2048/root=2048x2048/rot=0/pkg:null touchable=True visible=True
[2026-08-09 09:47:15] FairyGUI: HUD底栏绑定 Weight=idx=4/8/0 path=BottomUI/DChatWindow/__codex_mobile_chattxt name=__codex_mobile_chattxt item=(null) title=(null) url=(null) rect=651.94,736.25,418,81.94 internal gfx=null touchable=False visible=True
[2026-08-09 09:47:15] FairyGUI: HUD底栏绑定 ExpBar=idx=4/16 path=BottomUI/DExpBar name=DExpBar item=DExpBar title=(null) url=ui://jk0io98jv9b11f rect=923.88,825.31,288.56,26.13 exported gfx=null touchable=True visible=True
[2026-08-09 09:47:15] FairyGUI: HUD底栏绑定 Volume=idx=4/33 path=BottomUI/textVolume name=textVolume item=(null) title=(null) url=(null) rect=1295.56,821.75,79.56,32.06 internal gfx=gfx:2048x2048/root=2048x2048/rot=0/pkg:null touchable=True visible=True
[2026-08-09 09:47:17] FairyGUI: HUD底栏绑定 Level=idx=4/14/1 path=BottomUI/DLevel/DLevelText name=DLevelText item=(null) title=(null) url=(null) rect=381.19,827.69,92.63,20.19 internal gfx=gfx:2048x2048/root=2048x2048/rot=0/pkg:null touchable=True visible=True
[2026-08-09 09:47:17] FairyGUI: HUD底栏绑定 Weight=idx=4/8/0 path=BottomUI/DChatWindow/__codex_mobile_chattxt name=__codex_mobile_chattxt item=(null) title=(null) url=(null) rect=651.94,736.25,418,81.94 internal gfx=null touchable=False visible=True
[2026-08-09 09:47:17] FairyGUI: HUD底栏绑定 ExpBar=idx=4/16 path=BottomUI/DExpBar name=DExpBar item=DExpBar title=(null) url=ui://jk0io98jv9b11f rect=923.88,825.31,288.56,26.13 exported gfx=null touchable=True visible=True
[2026-08-09 09:47:17] FairyGUI: HUD底栏绑定 Volume=idx=4/33 path=BottomUI/textVolume name=textVolume item=(null) title=(null) url=(null) rect=1295.56,821.75,79.56,32.06 internal gfx=gfx:2048x2048/root=2048x2048/rot=0/pkg:null touchable=True visible=True
[2026-08-09 09:47:19] FairyGUI: HUD底栏绑定 Level=idx=4/14/1 path=BottomUI/DLevel/DLevelText name=DLevelText item=(null) title=(null) url=(null) rect=381.19,827.69,92.63,20.19 internal gfx=gfx:2048x2048/root=2048x2048/rot=0/pkg:null touchable=True visible=True
[2026-08-09 09:47:19] FairyGUI: HUD底栏绑定 Weight=idx=4/8/0 path=BottomUI/DChatWindow/__codex_mobile_chattxt name=__codex_mobile_chattxt item=(null) title=(null) url=(null) rect=651.94,736.25,418,81.94 internal gfx=null touchable=False visible=True
[2026-08-09 09:47:19] FairyGUI: HUD底栏绑定 ExpBar=idx=4/16 path=BottomUI/DExpBar name=DExpBar item=DExpBar title=(null) url=ui://jk0io98jv9b11f rect=923.88,825.31,288.56,26.13 exported gfx=null touchable=True visible=True
[2026-08-09 09:47:19] FairyGUI: HUD底栏绑定 Volume=idx=4/33 path=BottomUI/textVolume name=textVolume item=(null) title=(null) url=(null) rect=1295.56,821.75,79.56,32.06 internal gfx=gfx:2048x2048/root=2048x2048/rot=0/pkg:null touchable=True visible=True
[2026-08-09 09:47:21] FairyGUI: HUD底栏绑定 Level=idx=4/14/1 path=BottomUI/DLevel/DLevelText name=DLevelText item=(null) title=(null) url=(null) rect=381.19,827.69,92.63,20.19 internal gfx=gfx:2048x2048/root=2048x2048/rot=0/pkg:null touchable=True visible=True
[2026-08-09 09:47:21] FairyGUI: HUD底栏绑定 Weight=idx=4/8/0 path=BottomUI/DChatWindow/__codex_mobile_chattxt name=__codex_mobile_chattxt item=(null) title=(null) url=(null) rect=651.94,736.25,418,81.94 internal gfx=null touchable=False visible=True
[2026-08-09 09:47:21] FairyGUI: HUD底栏绑定 ExpBar=idx=4/16 path=BottomUI/DExpBar name=DExpBar item=DExpBar title=(null) url=ui://jk0io98jv9b11f rect=923.88,825.31,288.56,26.13 exported gfx=null touchable=True visible=True
[2026-08-09 09:47:21] FairyGUI: HUD底栏绑定 Volume=idx=4/33 path=BottomUI/textVolume name=textVolume item=(null) title=(null) url=(null) rect=1295.56,821.75,79.56,32.06 internal gfx=gfx:2048x2048/root=2048x2048/rot=0/pkg:null touchable=True visible=True
[2026-08-09 09:47:23] FairyGUI: HUD底栏绑定 Level=idx=4/14/1 path=BottomUI/DLevel/DLevelText name=DLevelText item=(null) title=(null) url=(null) rect=381.19,827.69,92.63,20.19 internal gfx=gfx:2048x2048/root=2048x2048/rot=0/pkg:null touchable=True visible=True
[2026-08-09 09:47:23] FairyGUI: HUD底栏绑定 Weight=idx=4/8/0 path=BottomUI/DChatWindow/__codex_mobile_chattxt name=__codex_mobile_chattxt item=(null) title=(null) url=(null) rect=651.94,736.25,418,81.94 internal gfx=null touchable=False visible=True
[2026-08-09 09:47:23] FairyGUI: HUD底栏绑定 ExpBar=idx=4/16 path=BottomUI/DExpBar name=DExpBar item=DExpBar title=(null) url=ui://jk0io98jv9b11f rect=923.88,825.31,288.56,26.13 exported gfx=null touchable=True visible=True
[2026-08-09 09:47:23] FairyGUI: HUD底栏绑定 Volume=idx=4/33 path=BottomUI/textVolume name=textVolume item=(null) title=(null) url=(null) rect=1295.56,821.75,79.56,32.06 internal gfx=gfx:2048x2048/root=2048x2048/rot=0/pkg:null touchable=True visible=True
[2026-08-09 09:47:25] FairyGUI: HUD底栏绑定 Level=idx=4/14/1 path=BottomUI/DLevel/DLevelText name=DLevelText item=(null) title=(null) url=(null) rect=381.19,827.69,92.63,20.19 internal gfx=gfx:2048x2048/root=2048x2048/rot=0/pkg:null touchable=True visible=True
[2026-08-09 09:47:25] FairyGUI: HUD底栏绑定 Weight=idx=4/8/0 path=BottomUI/DChatWindow/__codex_mobile_chattxt name=__codex_mobile_chattxt item=(null) title=(null) url=(null) rect=651.94,736.25,418,81.94 internal gfx=null touchable=False visible=True
[2026-08-09 09:47:25] FairyGUI: HUD底栏绑定 ExpBar=idx=4/16 path=BottomUI/DExpBar name=DExpBar item=DExpBar title=(null) url=ui://jk0io98jv9b11f rect=923.88,825.31,288.56,26.13 exported gfx=null touchable=True visible=True
[2026-08-09 09:47:25] FairyGUI: HUD底栏绑定 Volume=idx=4/33 path=BottomUI/textVolume name=textVolume item=(null) title=(null) url=(null) rect=1295.56,821.75,79.56,32.06 internal gfx=gfx:2048x2048/root=2048x2048/rot=0/pkg:null touchable=True visible=True
[2026-08-09 09:47:27] FairyGUI: HUD底栏绑定 Level=idx=4/14/1 path=BottomUI/DLevel/DLevelText name=DLevelText item=(null) title=(null) url=(null) rect=381.19,827.69,92.63,20.19 internal gfx=gfx:2048x2048/root=2048x2048/rot=0/pkg:null touchable=True visible=True
[2026-08-09 09:47:27] FairyGUI: HUD底栏绑定 Weight=idx=4/8/0 path=BottomUI/DChatWindow/__codex_mobile_chattxt name=__codex_mobile_chattxt item=(null) title=(null) url=(null) rect=651.94,736.25,418,81.94 internal gfx=null touchable=False visible=True
[2026-08-09 09:47:27] FairyGUI: HUD底栏绑定 ExpBar=idx=4/16 path=BottomUI/DExpBar name=DExpBar item=DExpBar title=(null) url=ui://jk0io98jv9b11f rect=923.88,825.31,288.56,26.13 exported gfx=null touchable=True visible=True
[2026-08-09 09:47:27] FairyGUI: HUD底栏绑定 Volume=idx=4/33 path=BottomUI/textVolume name=textVolume item=(null) title=(null) url=(null) rect=1295.56,821.75,79.56,32.06 internal gfx=gfx:2048x2048/root=2048x2048/rot=0/pkg:null touchable=True visible=True
[2026-08-09 09:47:29] FairyGUI: HUD底栏绑定 Level=idx=4/14/1 path=BottomUI/DLevel/DLevelText name=DLevelText item=(null) title=(null) url=(null) rect=381.19,827.69,92.63,20.19 internal gfx=gfx:2048x2048/root=2048x2048/rot=0/pkg:null touchable=True visible=True
[2026-08-09 09:47:29] FairyGUI: HUD底栏绑定 Weight=idx=4/8/0 path=BottomUI/DChatWindow/__codex_mobile_chattxt name=__codex_mobile_chattxt item=(null) title=(null) url=(null) rect=651.94,736.25,418,81.94 internal gfx=null touchable=False visible=True
[2026-08-09 09:47:29] FairyGUI: HUD底栏绑定 ExpBar=idx=4/16 path=BottomUI/DExpBar name=DExpBar item=DExpBar title=(null) url=ui://jk0io98jv9b11f rect=923.88,825.31,288.56,26.13 exported gfx=null touchable=True visible=True
[2026-08-09 09:47:29] FairyGUI: HUD底栏绑定 Volume=idx=4/33 path=BottomUI/textVolume name=textVolume item=(null) title=(null) url=(null) rect=1295.56,821.75,79.56,32.06 internal gfx=gfx:2048x2048/root=2048x2048/rot=0/pkg:null touchable=True visible=True
[2026-08-09 09:47:31] FairyGUI: HUD底栏绑定 Level=idx=4/14/1 path=BottomUI/DLevel/DLevelText name=DLevelText item=(null) title=(null) url=(null) rect=381.19,827.69,92.63,20.19 internal gfx=gfx:2048x2048/root=2048x2048/rot=0/pkg:null touchable=True visible=True
[2026-08-09 09:47:31] FairyGUI: HUD底栏绑定 Weight=idx=4/8/0 path=BottomUI/DChatWindow/__codex_mobile_chattxt name=__codex_mobile_chattxt item=(null) title=(null) url=(null) rect=651.94,736.25,418,81.94 internal gfx=null touchable=False visible=True
[2026-08-09 09:47:31] FairyGUI: HUD底栏绑定 ExpBar=idx=4/16 path=BottomUI/DExpBar name=DExpBar item=DExpBar title=(null) url=ui://jk0io98jv9b11f rect=923.88,825.31,288.56,26.13 exported gfx=null touchable=True visible=True
[2026-08-09 09:47:31] FairyGUI: HUD底栏绑定 Volume=idx=4/33 path=BottomUI/textVolume name=textVolume item=(null) title=(null) url=(null) rect=1295.56,821.75,79.56,32.06 internal gfx=gfx:2048x2048/root=2048x2048/rot=0/pkg:null touchable=True visible=True
[2026-08-09 09:47:33] FairyGUI: HUD底栏绑定 Level=idx=4/14/1 path=BottomUI/DLevel/DLevelText name=DLevelText item=(null) title=(null) url=(null) rect=381.19,827.69,92.63,20.19 internal gfx=gfx:2048x2048/root=2048x2048/rot=0/pkg:null touchable=True visible=True
[2026-08-09 09:47:33] FairyGUI: HUD底栏绑定 Weight=idx=4/8/0 path=BottomUI/DChatWindow/__codex_mobile_chattxt name=__codex_mobile_chattxt item=(null) title=(null) url=(null) rect=651.94,736.25,418,81.94 internal gfx=null touchable=False visible=True
[2026-08-09 09:47:33] FairyGUI: HUD底栏绑定 ExpBar=idx=4/16 path=BottomUI/DExpBar name=DExpBar item=DExpBar title=(null) url=ui://jk0io98jv9b11f rect=923.88,825.31,288.56,26.13 exported gfx=null touchable=True visible=True
[2026-08-09 09:47:33] FairyGUI: HUD底栏绑定 Volume=idx=4/33 path=BottomUI/textVolume name=textVolume item=(null) title=(null) url=(null) rect=1295.56,821.75,79.56,32.06 internal gfx=gfx:2048x2048/root=2048x2048/rot=0/pkg:null touchable=True visible=True
[2026-08-09 09:47:36] FairyGUI: HUD底栏绑定 Level=idx=4/14/1 path=BottomUI/DLevel/DLevelText name=DLevelText item=(null) title=(null) url=(null) rect=381.19,827.69,92.63,20.19 internal gfx=gfx:2048x2048/root=2048x2048/rot=0/pkg:null touchable=True visible=True
[2026-08-09 09:47:36] FairyGUI: HUD底栏绑定 Weight=idx=4/8/0 path=BottomUI/DChatWindow/__codex_mobile_chattxt name=__codex_mobile_chattxt item=(null) title=(null) url=(null) rect=651.94,736.25,418,81.94 internal gfx=null touchable=False visible=True
[2026-08-09 09:47:36] FairyGUI: HUD底栏绑定 ExpBar=idx=4/16 path=BottomUI/DExpBar name=DExpBar item=DExpBar title=(null) url=ui://jk0io98jv9b11f rect=923.88,825.31,288.56,26.13 exported gfx=null touchable=True visible=True
[2026-08-09 09:47:36] FairyGUI: HUD底栏绑定 Volume=idx=4/33 path=BottomUI/textVolume name=textVolume item=(null) title=(null) url=(null) rect=1295.56,821.75,79.56,32.06 internal gfx=gfx:2048x2048/root=2048x2048/rot=0/pkg:null touchable=True visible=True
[2026-08-09 09:47:38] FairyGUI: HUD底栏绑定 Level=idx=4/14/1 path=BottomUI/DLevel/DLevelText name=DLevelText item=(null) title=(null) url=(null) rect=381.19,827.69,92.63,20.19 internal gfx=gfx:2048x2048/root=2048x2048/rot=0/pkg:null touchable=True visible=True
[2026-08-09 09:47:38] FairyGUI: HUD底栏绑定 Weight=idx=4/8/0 path=BottomUI/DChatWindow/__codex_mobile_chattxt name=__codex_mobile_chattxt item=(null) title=(null) url=(null) rect=651.94,736.25,418,81.94 internal gfx=null touchable=False visible=True
[2026-08-09 09:47:38] FairyGUI: HUD底栏绑定 ExpBar=idx=4/16 path=BottomUI/DExpBar name=DExpBar item=DExpBar title=(null) url=ui://jk0io98jv9b11f rect=923.88,825.31,288.56,26.13 exported gfx=null touchable=True visible=True
[2026-08-09 09:47:38] FairyGUI: HUD底栏绑定 Volume=idx=4/33 path=BottomUI/textVolume name=textVolume item=(null) title=(null) url=(null) rect=1295.56,821.75,79.56,32.06 internal gfx=gfx:2048x2048/root=2048x2048/rot=0/pkg:null touchable=True visible=True
[2026-08-09 09:47:40] FairyGUI: HUD底栏绑定 Level=idx=4/14/1 path=BottomUI/DLevel/DLevelText name=DLevelText item=(null) title=(null) url=(null) rect=381.19,827.69,92.63,20.19 internal gfx=gfx:2048x2048/root=2048x2048/rot=0/pkg:null touchable=True visible=True
[2026-08-09 09:47:40] FairyGUI: HUD底栏绑定 Weight=idx=4/8/0 path=BottomUI/DChatWindow/__codex_mobile_chattxt name=__codex_mobile_chattxt item=(null) title=(null) url=(null) rect=651.94,736.25,418,81.94 internal gfx=null touchable=False visible=True
[2026-08-09 09:47:40] FairyGUI: HUD底栏绑定 ExpBar=idx=4/16 path=BottomUI/DExpBar name=DExpBar item=DExpBar title=(null) url=ui://jk0io98jv9b11f rect=923.88,825.31,288.56,26.13 exported gfx=null touchable=True visible=True
[2026-08-09 09:47:40] FairyGUI: HUD底栏绑定 Volume=idx=4/33 path=BottomUI/textVolume name=textVolume item=(null) title=(null) url=(null) rect=1295.56,821.75,79.56,32.06 internal gfx=gfx:2048x2048/root=2048x2048/rot=0/pkg:null touchable=True visible=True
[2026-08-09 09:47:42] FairyGUI: HUD底栏绑定 Level=idx=4/14/1 path=BottomUI/DLevel/DLevelText name=DLevelText item=(null) title=(null) url=(null) rect=381.19,827.69,92.63,20.19 internal gfx=gfx:2048x2048/root=2048x2048/rot=0/pkg:null touchable=True visible=True
[2026-08-09 09:47:42] FairyGUI: HUD底栏绑定 Weight=idx=4/8/0 path=BottomUI/DChatWindow/__codex_mobile_chattxt name=__codex_mobile_chattxt item=(null) title=(null) url=(null) rect=651.94,736.25,418,81.94 internal gfx=null touchable=False visible=True
[2026-08-09 09:47:42] FairyGUI: HUD底栏绑定 ExpBar=idx=4/16 path=BottomUI/DExpBar name=DExpBar item=DExpBar title=(null) url=ui://jk0io98jv9b11f rect=923.88,825.31,288.56,26.13 exported gfx=null touchable=True visible=True
[2026-08-09 09:47:42] FairyGUI: HUD底栏绑定 Volume=idx=4/33 path=BottomUI/textVolume name=textVolume item=(null) title=(null) url=(null) rect=1295.56,821.75,79.56,32.06 internal gfx=gfx:2048x2048/root=2048x2048/rot=0/pkg:null touchable=True visible=True
[2026-08-09 09:47:44] FairyGUI: HUD底栏绑定 Level=idx=4/14/1 path=BottomUI/DLevel/DLevelText name=DLevelText item=(null) title=(null) url=(null) rect=381.19,827.69,92.63,20.19 internal gfx=gfx:2048x2048/root=2048x2048/rot=0/pkg:null touchable=True visible=True
[2026-08-09 09:47:44] FairyGUI: HUD底栏绑定 Weight=idx=4/8/0 path=BottomUI/DChatWindow/__codex_mobile_chattxt name=__codex_mobile_chattxt item=(null) title=(null) url=(null) rect=651.94,736.25,418,81.94 internal gfx=null touchable=False visible=True
[2026-08-09 09:47:44] FairyGUI: HUD底栏绑定 ExpBar=idx=4/16 path=BottomUI/DExpBar name=DExpBar item=DExpBar title=(null) url=ui://jk0io98jv9b11f rect=923.88,825.31,288.56,26.13 exported gfx=null touchable=True visible=True
[2026-08-09 09:47:44] FairyGUI: HUD底栏绑定 Volume=idx=4/33 path=BottomUI/textVolume name=textVolume item=(null) title=(null) url=(null) rect=1295.56,821.75,79.56,32.06 internal gfx=gfx:2048x2048/root=2048x2048/rot=0/pkg:null touchable=True visible=True
[2026-08-09 09:47:46] FairyGUI: HUD底栏绑定 Level=idx=4/14/1 path=BottomUI/DLevel/DLevelText name=DLevelText item=(null) title=(null) url=(null) rect=381.19,827.69,92.63,20.19 internal gfx=gfx:2048x2048/root=2048x2048/rot=0/pkg:null touchable=True visible=True
[2026-08-09 09:47:46] FairyGUI: HUD底栏绑定 Weight=idx=4/8/0 path=BottomUI/DChatWindow/__codex_mobile_chattxt name=__codex_mobile_chattxt item=(null) title=(null) url=(null) rect=651.94,736.25,418,81.94 internal gfx=null touchable=False visible=True
[2026-08-09 09:47:46] FairyGUI: HUD底栏绑定 ExpBar=idx=4/16 path=BottomUI/DExpBar name=DExpBar item=DExpBar title=(null) url=ui://jk0io98jv9b11f rect=923.88,825.31,288.56,26.13 exported gfx=null touchable=True visible=True
[2026-08-09 09:47:46] FairyGUI: HUD底栏绑定 Volume=idx=4/33 path=BottomUI/textVolume name=textVolume item=(null) title=(null) url=(null) rect=1295.56,821.75,79.56,32.06 internal gfx=gfx:2048x2048/root=2048x2048/rot=0/pkg:null touchable=True visible=True
[2026-08-09 09:47:48] FairyGUI: HUD底栏绑定 Level=idx=4/14/1 path=BottomUI/DLevel/DLevelText name=DLevelText item=(null) title=(null) url=(null) rect=381.19,827.69,92.63,20.19 internal gfx=gfx:2048x2048/root=2048x2048/rot=0/pkg:null touchable=True visible=True
[2026-08-09 09:47:48] FairyGUI: HUD底栏绑定 Weight=idx=4/8/0 path=BottomUI/DChatWindow/__codex_mobile_chattxt name=__codex_mobile_chattxt item=(null) title=(null) url=(null) rect=651.94,736.25,418,81.94 internal gfx=null touchable=False visible=True
[2026-08-09 09:47:48] FairyGUI: HUD底栏绑定 ExpBar=idx=4/16 path=BottomUI/DExpBar name=DExpBar item=DExpBar title=(null) url=ui://jk0io98jv9b11f rect=923.88,825.31,288.56,26.13 exported gfx=null touchable=True visible=True
[2026-08-09 09:47:48] FairyGUI: HUD底栏绑定 Volume=idx=4/33 path=BottomUI/textVolume name=textVolume item=(null) title=(null) url=(null) rect=1295.56,821.75,79.56,32.06 internal gfx=gfx:2048x2048/root=2048x2048/rot=0/pkg:null touchable=True visible=True
[2026-08-09 09:47:50] FairyGUI: HUD底栏绑定 Level=idx=4/14/1 path=BottomUI/DLevel/DLevelText name=DLevelText item=(null) title=(null) url=(null) rect=381.19,827.69,92.63,20.19 internal gfx=gfx:2048x2048/root=2048x2048/rot=0/pkg:null touchable=True visible=True
[2026-08-09 09:47:50] FairyGUI: HUD底栏绑定 Weight=idx=4/8/0 path=BottomUI/DChatWindow/__codex_mobile_chattxt name=__codex_mobile_chattxt item=(null) title=(null) url=(null) rect=651.94,736.25,418,81.94 internal gfx=null touchable=False visible=True
[2026-08-09 09:47:50] FairyGUI: HUD底栏绑定 ExpBar=idx=4/16 path=BottomUI/DExpBar name=DExpBar item=DExpBar title=(null) url=ui://jk0io98jv9b11f rect=923.88,825.31,288.56,26.13 exported gfx=null touchable=True visible=True
[2026-08-09 09:47:50] FairyGUI: HUD底栏绑定 Volume=idx=4/33 path=BottomUI/textVolume name=textVolume item=(null) title=(null) url=(null) rect=1295.56,821.75,79.56,32.06 internal gfx=gfx:2048x2048/root=2048x2048/rot=0/pkg:null touchable=True visible=True
[2026-08-09 09:47:52] FairyGUI: HUD底栏绑定 Level=idx=4/14/1 path=BottomUI/DLevel/DLevelText name=DLevelText item=(null) title=(null) url=(null) rect=381.19,827.69,92.63,20.19 internal gfx=gfx:2048x2048/root=2048x2048/rot=0/pkg:null touchable=True visible=True
[2026-08-09 09:47:52] FairyGUI: HUD底栏绑定 Weight=idx=4/8/0 path=BottomUI/DChatWindow/__codex_mobile_chattxt name=__codex_mobile_chattxt item=(null) title=(null) url=(null) rect=651.94,736.25,418,81.94 internal gfx=null touchable=False visible=True
[2026-08-09 09:47:52] FairyGUI: HUD底栏绑定 ExpBar=idx=4/16 path=BottomUI/DExpBar name=DExpBar item=DExpBar title=(null) url=ui://jk0io98jv9b11f rect=923.88,825.31,288.56,26.13 exported gfx=null touchable=True visible=True
[2026-08-09 09:47:52] FairyGUI: HUD底栏绑定 Volume=idx=4/33 path=BottomUI/textVolume name=textVolume item=(null) title=(null) url=(null) rect=1295.56,821.75,79.56,32.06 internal gfx=gfx:2048x2048/root=2048x2048/rot=0/pkg:null touchable=True visible=True
[2026-08-09 09:47:54] FairyGUI: HUD底栏绑定 Level=idx=4/14/1 path=BottomUI/DLevel/DLevelText name=DLevelText item=(null) title=(null) url=(null) rect=381.19,827.69,92.63,20.19 internal gfx=gfx:2048x2048/root=2048x2048/rot=0/pkg:null touchable=True visible=True
[2026-08-09 09:47:54] FairyGUI: HUD底栏绑定 Weight=idx=4/8/0 path=BottomUI/DChatWindow/__codex_mobile_chattxt name=__codex_mobile_chattxt item=(null) title=(null) url=(null) rect=651.94,736.25,418,81.94 internal gfx=null touchable=False visible=True
[2026-08-09 09:47:54] FairyGUI: HUD底栏绑定 ExpBar=idx=4/16 path=BottomUI/DExpBar name=DExpBar item=DExpBar title=(null) url=ui://jk0io98jv9b11f rect=923.88,825.31,288.56,26.13 exported gfx=null touchable=True visible=True
[2026-08-09 09:47:54] FairyGUI: HUD底栏绑定 Volume=idx=4/33 path=BottomUI/textVolume name=textVolume item=(null) title=(null) url=(null) rect=1295.56,821.75,79.56,32.06 internal gfx=gfx:2048x2048/root=2048x2048/rot=0/pkg:null touchable=True visible=True
[2026-08-09 09:47:56] FairyGUI: HUD底栏绑定 Level=idx=4/14/1 path=BottomUI/DLevel/DLevelText name=DLevelText item=(null) title=(null) url=(null) rect=381.19,827.69,92.63,20.19 internal gfx=gfx:2048x2048/root=2048x2048/rot=0/pkg:null touchable=True visible=True
[2026-08-09 09:47:56] FairyGUI: HUD底栏绑定 Weight=idx=4/8/0 path=BottomUI/DChatWindow/__codex_mobile_chattxt name=__codex_mobile_chattxt item=(null) title=(null) url=(null) rect=651.94,736.25,418,81.94 internal gfx=null touchable=False visible=True
[2026-08-09 09:47:56] FairyGUI: HUD底栏绑定 ExpBar=idx=4/16 path=BottomUI/DExpBar name=DExpBar item=DExpBar title=(null) url=ui://jk0io98jv9b11f rect=923.88,825.31,288.56,26.13 exported gfx=null touchable=True visible=True
[2026-08-09 09:47:56] FairyGUI: HUD底栏绑定 Volume=idx=4/33 path=BottomUI/textVolume name=textVolume item=(null) title=(null) url=(null) rect=1295.56,821.75,79.56,32.06 internal gfx=gfx:2048x2048/root=2048x2048/rot=0/pkg:null touchable=True visible=True
[2026-08-09 09:47:56] FairyGUI Action: Shop (商店)
[2026-08-09 09:47:58] FairyGUI: HUD底栏绑定 Level=idx=4/14/1 path=BottomUI/DLevel/DLevelText name=DLevelText item=(null) title=(null) url=(null) rect=381.19,827.69,92.63,20.19 internal gfx=gfx:2048x2048/root=2048x2048/rot=0/pkg:null touchable=True visible=True
[2026-08-09 09:47:58] FairyGUI: HUD底栏绑定 Weight=idx=4/8/0 path=BottomUI/DChatWindow/__codex_mobile_chattxt name=__codex_mobile_chattxt item=(null) title=(null) url=(null) rect=651.94,736.25,418,81.94 internal gfx=null touchable=False visible=True
[2026-08-09 09:47:58] FairyGUI: HUD底栏绑定 ExpBar=idx=4/16 path=BottomUI/DExpBar name=DExpBar item=DExpBar title=(null) url=ui://jk0io98jv9b11f rect=923.88,825.31,288.56,26.13 exported gfx=null touchable=True visible=True
[2026-08-09 09:47:58] FairyGUI: HUD底栏绑定 Volume=idx=4/33 path=BottomUI/textVolume name=textVolume item=(null) title=(null) url=(null) rect=1295.56,821.75,79.56,32.06 internal gfx=gfx:2048x2048/root=2048x2048/rot=0/pkg:null touchable=True visible=True
[2026-08-09 09:48:00] FairyGUI: HUD底栏绑定 Level=idx=4/14/1 path=BottomUI/DLevel/DLevelText name=DLevelText item=(null) title=(null) url=(null) rect=381.19,827.69,92.63,20.19 internal gfx=gfx:2048x2048/root=2048x2048/rot=0/pkg:null touchable=True visible=True
[2026-08-09 09:48:00] FairyGUI: HUD底栏绑定 Weight=idx=4/8/0 path=BottomUI/DChatWindow/__codex_mobile_chattxt name=__codex_mobile_chattxt item=(null) title=(null) url=(null) rect=651.94,736.25,418,81.94 internal gfx=null touchable=False visible=True
[2026-08-09 09:48:00] FairyGUI: HUD底栏绑定 ExpBar=idx=4/16 path=BottomUI/DExpBar name=DExpBar item=DExpBar title=(null) url=ui://jk0io98jv9b11f rect=923.88,825.31,288.56,26.13 exported gfx=null touchable=True visible=True
[2026-08-09 09:48:00] FairyGUI: HUD底栏绑定 Volume=idx=4/33 path=BottomUI/textVolume name=textVolume item=(null) title=(null) url=(null) rect=1295.56,821.75,79.56,32.06 internal gfx=gfx:2048x2048/root=2048x2048/rot=0/pkg:null touchable=True visible=True
[2026-08-09 09:48:02] FairyGUI: HUD底栏绑定 Level=idx=4/14/1 path=BottomUI/DLevel/DLevelText name=DLevelText item=(null) title=(null) url=(null) rect=381.19,827.69,92.63,20.19 internal gfx=gfx:2048x2048/root=2048x2048/rot=0/pkg:null touchable=True visible=True
[2026-08-09 09:48:02] FairyGUI: HUD底栏绑定 Weight=idx=4/8/0 path=BottomUI/DChatWindow/__codex_mobile_chattxt name=__codex_mobile_chattxt item=(null) title=(null) url=(null) rect=651.94,736.25,418,81.94 internal gfx=null touchable=False visible=True
[2026-08-09 09:48:02] FairyGUI: HUD底栏绑定 ExpBar=idx=4/16 path=BottomUI/DExpBar name=DExpBar item=DExpBar title=(null) url=ui://jk0io98jv9b11f rect=923.88,825.31,288.56,26.13 exported gfx=null touchable=True visible=True
[2026-08-09 09:48:02] FairyGUI: HUD底栏绑定 Volume=idx=4/33 path=BottomUI/textVolume name=textVolume item=(null) title=(null) url=(null) rect=1295.56,821.75,79.56,32.06 internal gfx=gfx:2048x2048/root=2048x2048/rot=0/pkg:null touchable=True visible=True
[2026-08-09 09:48:04] FairyGUI: HUD底栏绑定 Level=idx=4/14/1 path=BottomUI/DLevel/DLevelText name=DLevelText item=(null) title=(null) url=(null) rect=381.19,827.69,92.63,20.19 internal gfx=gfx:2048x2048/root=2048x2048/rot=0/pkg:null touchable=True visible=True
[2026-08-09 09:48:04] FairyGUI: HUD底栏绑定 Weight=idx=4/8/0 path=BottomUI/DChatWindow/__codex_mobile_chattxt name=__codex_mobile_chattxt item=(null) title=(null) url=(null) rect=651.94,736.25,418,81.94 internal gfx=null touchable=False visible=True
[2026-08-09 09:48:04] FairyGUI: HUD底栏绑定 ExpBar=idx=4/16 path=BottomUI/DExpBar name=DExpBar item=DExpBar title=(null) url=ui://jk0io98jv9b11f rect=923.88,825.31,288.56,26.13 exported gfx=null touchable=True visible=True
[2026-08-09 09:48:04] FairyGUI: HUD底栏绑定 Volume=idx=4/33 path=BottomUI/textVolume name=textVolume item=(null) title=(null) url=(null) rect=1295.56,821.75,79.56,32.06 internal gfx=gfx:2048x2048/root=2048x2048/rot=0/pkg:null touchable=True visible=True
