C:\Users\luo\.codex\worktrees\p3-db04-restore-drill-20260810\Server.MirForms\Server.csproj : warning NU1902: 包 "log4net" 3.0.3 具有已知的 中 严重性漏洞，https://github.com/advisories/GHSA-4f7c-pmjv-c25w
C:\Users\luo\.codex\worktrees\p3-db04-restore-drill-20260810\Server.MirForms\Server.csproj : warning NU1903: 包 "SQLitePCLRaw.lib.e_sqlite3" 2.1.11 具有已知的 高 严重性漏洞，https://github.com/advisories/GHSA-2m69-gcr7-jv3q
C:\Users\luo\.codex\worktrees\p3-db04-restore-drill-20260810\Server\Server.Library.csproj : warning NU1902: 包 "log4net" 3.0.3 具有已知的 中 严重性漏洞，https://github.com/advisories/GHSA-4f7c-pmjv-c25w
C:\Users\luo\.codex\worktrees\p3-db04-restore-drill-20260810\Server\Server.Library.csproj : warning NU1903: 包 "SQLitePCLRaw.lib.e_sqlite3" 2.1.11 具有已知的 高 严重性漏洞，https://github.com/advisories/GHSA-2m69-gcr7-jv3q
  Shared -> C:\Users\luo\.codex\worktrees\p3-db04-restore-drill-20260810\Shared\bin\Release\Shared.dll
  Server.Library -> C:\Users\luo\.codex\worktrees\p3-db04-restore-drill-20260810\Server\bin\Release\Server.Library.dll
C:\Users\luo\.codex\worktrees\p3-db04-restore-drill-20260810\Server.MirForms\Account\PlayerInfoForm.cs(10,35): warning CS8625: 无法将 null 字面量转换为非 null 的引用类型。 [C:\Users\luo\.codex\worktrees\p3-db04-restore-drill-20260810\Server.MirForms\Server.csproj]
C:\Users\luo\.codex\worktrees\p3-db04-restore-drill-20260810\Server.MirForms\Database\RecipeInfoForm.cs(29,26): warning CS8622: “void RecipeInfoForm.RecipeInfoForm_Load(object sender, EventArgs e)”的参数“sender”类型中引用类型的为 Null 性与目标委托“EventHandler”不匹配(可能是由于为 Null 性特性)。 [C:\Users\luo\.codex\worktrees\p3-db04-restore-drill-20260810\Server.MirForms\Server.csproj]
C:\Users\luo\.codex\worktrees\p3-db04-restore-drill-20260810\Server.MirForms\Database\RecipeInfoForm.cs(30,48): warning CS8622: “void RecipeInfoForm.RecipeList_SelectedIndexChanged(object sender, EventArgs e)”的参数“sender”类型中引用类型的为 Null 性与目标委托“EventHandler”不匹配(可能是由于为 Null 性特性)。 [C:\Users\luo\.codex\worktrees\p3-db04-restore-drill-20260810\Server.MirForms\Server.csproj]
C:\Users\luo\.codex\worktrees\p3-db04-restore-drill-20260810\Server.MirForms\Database\RecipeInfoForm.cs(33,47): warning CS8622: “void RecipeInfoForm.TextBox_TextChanged(object sender, EventArgs e)”的参数“sender”类型中引用类型的为 Null 性与目标委托“EventHandler”不匹配(可能是由于为 Null 性特性)。 [C:\Users\luo\.codex\worktrees\p3-db04-restore-drill-20260810\Server.MirForms\Server.csproj]
C:\Users\luo\.codex\worktrees\p3-db04-restore-drill-20260810\Server.MirForms\Database\RecipeInfoForm.cs(34,42): warning CS8622: “void RecipeInfoForm.TextBox_TextChanged(object sender, EventArgs e)”的参数“sender”类型中引用类型的为 Null 性与目标委托“EventHandler”不匹配(可能是由于为 Null 性特性)。 [C:\Users\luo\.codex\worktrees\p3-db04-restore-drill-20260810\Server.MirForms\Server.csproj]
C:\Users\luo\.codex\worktrees\p3-db04-restore-drill-20260810\Server.MirForms\Database\RecipeInfoForm.cs(35,40): warning CS8622: “void RecipeInfoForm.TextBox_TextChanged(object sender, EventArgs e)”的参数“sender”类型中引用类型的为 Null 性与目标委托“EventHandler”不匹配(可能是由于为 Null 性特性)。 [C:\Users\luo\.codex\worktrees\p3-db04-restore-drill-20260810\Server.MirForms\Server.csproj]
C:\Users\luo\.codex\worktrees\p3-db04-restore-drill-20260810\Server.MirForms\Database\RecipeInfoForm.cs(36,40): warning CS8622: “void RecipeInfoForm.TextBox_TextChanged(object sender, EventArgs e)”的参数“sender”类型中引用类型的为 Null 性与目标委托“EventHandler”不匹配(可能是由于为 Null 性特性)。 [C:\Users\luo\.codex\worktrees\p3-db04-restore-drill-20260810\Server.MirForms\Server.csproj]
C:\Users\luo\.codex\worktrees\p3-db04-restore-drill-20260810\Server.MirForms\Database\RecipeInfoForm.cs(37,51): warning CS8622: “void RecipeInfoForm.TextBox_TextChanged(object sender, EventArgs e)”的参数“sender”类型中引用类型的为 Null 性与目标委托“EventHandler”不匹配(可能是由于为 Null 性特性)。 [C:\Users\luo\.codex\worktrees\p3-db04-restore-drill-20260810\Server.MirForms\Server.csproj]
C:\Users\luo\.codex\worktrees\p3-db04-restore-drill-20260810\Server.MirForms\Database\RecipeInfoForm.cs(38,53): warning CS8622: “void RecipeInfoForm.TextBox_TextChanged(object sender, EventArgs e)”的参数“sender”类型中引用类型的为 Null 性与目标委托“EventHandler”不匹配(可能是由于为 Null 性特性)。 [C:\Users\luo\.codex\worktrees\p3-db04-restore-drill-20260810\Server.MirForms\Server.csproj]
C:\Users\luo\.codex\worktrees\p3-db04-restore-drill-20260810\Server.MirForms\Database\RecipeInfoForm.cs(39,44): warning CS8622: “void RecipeInfoForm.TextBox_TextChanged(object sender, EventArgs e)”的参数“sender”类型中引用类型的为 Null 性与目标委托“EventHandler”不匹配(可能是由于为 Null 性特性)。 [C:\Users\luo\.codex\worktrees\p3-db04-restore-drill-20260810\Server.MirForms\Server.csproj]
C:\Users\luo\.codex\worktrees\p3-db04-restore-drill-20260810\Server.MirForms\Database\RecipeInfoForm.cs(40,51): warning CS8622: “void RecipeInfoForm.TextBox_TextChanged(object sender, EventArgs e)”的参数“sender”类型中引用类型的为 Null 性与目标委托“EventHandler”不匹配(可能是由于为 Null 性特性)。 [C:\Users\luo\.codex\worktrees\p3-db04-restore-drill-20260810\Server.MirForms\Server.csproj]
C:\Users\luo\.codex\worktrees\p3-db04-restore-drill-20260810\Server.MirForms\Database\RecipeInfoForm.cs(41,53): warning CS8622: “void RecipeInfoForm.TextBox_TextChanged(object sender, EventArgs e)”的参数“sender”类型中引用类型的为 Null 性与目标委托“EventHandler”不匹配(可能是由于为 Null 性特性)。 [C:\Users\luo\.codex\worktrees\p3-db04-restore-drill-20260810\Server.MirForms\Server.csproj]
C:\Users\luo\.codex\worktrees\p3-db04-restore-drill-20260810\Server.MirForms\Database\RecipeInfoForm.cs(42,44): warning CS8622: “void RecipeInfoForm.TextBox_TextChanged(object sender, EventArgs e)”的参数“sender”类型中引用类型的为 Null 性与目标委托“EventHandler”不匹配(可能是由于为 Null 性特性)。 [C:\Users\luo\.codex\worktrees\p3-db04-restore-drill-20260810\Server.MirForms\Server.csproj]
C:\Users\luo\.codex\worktrees\p3-db04-restore-drill-20260810\Server.MirForms\Database\RecipeInfoForm.cs(43,51): warning CS8622: “void RecipeInfoForm.TextBox_TextChanged(object sender, EventArgs e)”的参数“sender”类型中引用类型的为 Null 性与目标委托“EventHandler”不匹配(可能是由于为 Null 性特性)。 [C:\Users\luo\.codex\worktrees\p3-db04-restore-drill-20260810\Server.MirForms\Server.csproj]
C:\Users\luo\.codex\worktrees\p3-db04-restore-drill-20260810\Server.MirForms\Database\RecipeInfoForm.cs(44,53): warning CS8622: “void RecipeInfoForm.TextBox_TextChanged(object sender, EventArgs e)”的参数“sender”类型中引用类型的为 Null 性与目标委托“EventHandler”不匹配(可能是由于为 Null 性特性)。 [C:\Users\luo\.codex\worktrees\p3-db04-restore-drill-20260810\Server.MirForms\Server.csproj]
C:\Users\luo\.codex\worktrees\p3-db04-restore-drill-20260810\Server.MirForms\Database\RecipeInfoForm.cs(45,51): warning CS8622: “void RecipeInfoForm.TextBox_TextChanged(object sender, EventArgs e)”的参数“sender”类型中引用类型的为 Null 性与目标委托“EventHandler”不匹配(可能是由于为 Null 性特性)。 [C:\Users\luo\.codex\worktrees\p3-db04-restore-drill-20260810\Server.MirForms\Server.csproj]
C:\Users\luo\.codex\worktrees\p3-db04-restore-drill-20260810\Server.MirForms\Database\RecipeInfoForm.cs(46,53): warning CS8622: “void RecipeInfoForm.TextBox_TextChanged(object sender, EventArgs e)”的参数“sender”类型中引用类型的为 Null 性与目标委托“EventHandler”不匹配(可能是由于为 Null 性特性)。 [C:\Users\luo\.codex\worktrees\p3-db04-restore-drill-20260810\Server.MirForms\Server.csproj]
C:\Users\luo\.codex\worktrees\p3-db04-restore-drill-20260810\Server.MirForms\Database\RecipeInfoForm.cs(47,44): warning CS8622: “void RecipeInfoForm.TextBox_TextChanged(object sender, EventArgs e)”的参数“sender”类型中引用类型的为 Null 性与目标委托“EventHandler”不匹配(可能是由于为 Null 性特性)。 [C:\Users\luo\.codex\worktrees\p3-db04-restore-drill-20260810\Server.MirForms\Server.csproj]
C:\Users\luo\.codex\worktrees\p3-db04-restore-drill-20260810\Server.MirForms\VisualMapInfo\VForm.cs(27,52): warning CS8622: “void VForm.FocusModeActivated(object sender, EventArgs e)”的参数“sender”类型中引用类型的为 Null 性与目标委托“EventHandler”不匹配(可能是由于为 Null 性特性)。 [C:\Users\luo\.codex\worktrees\p3-db04-restore-drill-20260810\Server.MirForms\Server.csproj]
C:\Users\luo\.codex\worktrees\p3-db04-restore-drill-20260810\Server.MirForms\Database\RecipeInfoForm.cs(90,35): warning CS8602: 解引用可能出现空引用。 [C:\Users\luo\.codex\worktrees\p3-db04-restore-drill-20260810\Server.MirForms\Server.csproj]
C:\Users\luo\.codex\worktrees\p3-db04-restore-drill-20260810\Server.MirForms\Database\RecipeInfoForm.cs(90,35): warning CS8600: 将 null 文本或可能的 null 值转换为不可为 null 类型。 [C:\Users\luo\.codex\worktrees\p3-db04-restore-drill-20260810\Server.MirForms\Server.csproj]
C:\Users\luo\.codex\worktrees\p3-db04-restore-drill-20260810\Server.MirForms\Database\RecipeInfoForm.cs(91,47): warning CS8602: 解引用可能出现空引用。 [C:\Users\luo\.codex\worktrees\p3-db04-restore-drill-20260810\Server.MirForms\Server.csproj]
C:\Users\luo\.codex\worktrees\p3-db04-restore-drill-20260810\Server.MirForms\BalanceConfigForm.cs(56,17): warning CS8602: 解引用可能出现空引用。 [C:\Users\luo\.codex\worktrees\p3-db04-restore-drill-20260810\Server.MirForms\Server.csproj]
C:\Users\luo\.codex\worktrees\p3-db04-restore-drill-20260810\Server.MirForms\BalanceConfigForm.cs(65,31): warning CS8605: 取消装箱可能为 null 的值。 [C:\Users\luo\.codex\worktrees\p3-db04-restore-drill-20260810\Server.MirForms\Server.csproj]
C:\Users\luo\.codex\worktrees\p3-db04-restore-drill-20260810\Server.MirForms\Systems\SystemInfoForm.cs(137,48): warning CS8600: 将 null 文本或可能的 null 值转换为不可为 null 类型。 [C:\Users\luo\.codex\worktrees\p3-db04-restore-drill-20260810\Server.MirForms\Server.csproj]
C:\Users\luo\.codex\worktrees\p3-db04-restore-drill-20260810\Server.MirForms\Systems\SystemInfoForm.cs(138,49): warning CS8602: 解引用可能出现空引用。 [C:\Users\luo\.codex\worktrees\p3-db04-restore-drill-20260810\Server.MirForms\Server.csproj]
C:\Users\luo\.codex\worktrees\p3-db04-restore-drill-20260810\Server.MirForms\ConfigForm.cs(119,63): warning CS8600: 将 null 文本或可能的 null 值转换为不可为 null 类型。 [C:\Users\luo\.codex\worktrees\p3-db04-restore-drill-20260810\Server.MirForms\Server.csproj]
C:\Users\luo\.codex\worktrees\p3-db04-restore-drill-20260810\Server.MirForms\Account\PlayerInfoForm.cs(66,35): warning CS8602: 解引用可能出现空引用。 [C:\Users\luo\.codex\worktrees\p3-db04-restore-drill-20260810\Server.MirForms\Server.csproj]
C:\Users\luo\.codex\worktrees\p3-db04-restore-drill-20260810\Server.MirForms\Database\MagicInfoForm.cs(23,35): warning CS8600: 将 null 文本或可能的 null 值转换为不可为 null 类型。 [C:\Users\luo\.codex\worktrees\p3-db04-restore-drill-20260810\Server.MirForms\Server.csproj]
C:\Users\luo\.codex\worktrees\p3-db04-restore-drill-20260810\Server.MirForms\Database\MagicInfoForm.cs(23,35): warning CS8601: 可能的 null 引用赋值。 [C:\Users\luo\.codex\worktrees\p3-db04-restore-drill-20260810\Server.MirForms\Server.csproj]
C:\Users\luo\.codex\worktrees\p3-db04-restore-drill-20260810\Server.MirForms\ConfigForm.cs(212,44): warning CS8622: “void ConfigForm.CheckUShort(object sender, EventArgs e)”的参数“sender”类型中引用类型的为 Null 性与目标委托“EventHandler”不匹配(可能是由于为 Null 性特性)。 [C:\Users\luo\.codex\worktrees\p3-db04-restore-drill-20260810\Server.MirForms\Server.csproj]
C:\Users\luo\.codex\worktrees\p3-db04-restore-drill-20260810\Server.MirForms\ConfigForm.cs(232,50): warning CS8622: “void ConfigForm.TlsCertificateBrowseButton_Click(object sender, EventArgs e)”的参数“sender”类型中引用类型的为 Null 性与目标委托“EventHandler”不匹配(可能是由于为 Null 性特性)。 [C:\Users\luo\.codex\worktrees\p3-db04-restore-drill-20260810\Server.MirForms\Server.csproj]
C:\Users\luo\.codex\worktrees\p3-db04-restore-drill-20260810\Server.MirForms\ConfigForm.cs(274,83): warning CS8600: 将 null 文本或可能的 null 值转换为不可为 null 类型。 [C:\Users\luo\.codex\worktrees\p3-db04-restore-drill-20260810\Server.MirForms\Server.csproj]
C:\Users\luo\.codex\worktrees\p3-db04-restore-drill-20260810\Server.MirForms\Database\MapInfoForm.cs(51,52): warning CS8622: “void MapInfoForm.MapInfoListBox_SelectedIndexChanged(object sender, EventArgs e)”的参数“sender”类型中引用类型的为 Null 性与目标委托“EventHandler”不匹配(可能是由于为 Null 性特性)。 [C:\Users\luo\.codex\worktrees\p3-db04-restore-drill-20260810\Server.MirForms\Server.csproj]
C:\Users\luo\.codex\worktrees\p3-db04-restore-drill-20260810\Server.MirForms\Database\MapInfoForm.cs(55,39): warning CS8600: 将 null 文本或可能的 null 值转换为不可为 null 类型。 [C:\Users\luo\.codex\worktrees\p3-db04-restore-drill-20260810\Server.MirForms\Server.csproj]
C:\Users\luo\.codex\worktrees\p3-db04-restore-drill-20260810\Server.MirForms\Database\MapInfoForm.cs(75,52): warning CS8622: “void MapInfoForm.MapInfoListBox_SelectedIndexChanged(object sender, EventArgs e)”的参数“sender”类型中引用类型的为 Null 性与目标委托“EventHandler”不匹配(可能是由于为 Null 性特性)。 [C:\Users\luo\.codex\worktrees\p3-db04-restore-drill-20260810\Server.MirForms\Server.csproj]
C:\Users\luo\.codex\worktrees\p3-db04-restore-drill-20260810\Server.MirForms\VisualMapInfo\VForm.cs(209,45): warning CS8625: 无法将 null 字面量转换为非 null 的引用类型。 [C:\Users\luo\.codex\worktrees\p3-db04-restore-drill-20260810\Server.MirForms\Server.csproj]
C:\Users\luo\.codex\worktrees\p3-db04-restore-drill-20260810\Server.MirForms\VisualMapInfo\VForm.cs(262,65): warning CS8625: 无法将 null 字面量转换为非 null 的引用类型。 [C:\Users\luo\.codex\worktrees\p3-db04-restore-drill-20260810\Server.MirForms\Server.csproj]
C:\Users\luo\.codex\worktrees\p3-db04-restore-drill-20260810\Server.MirForms\VisualMapInfo\VForm.cs(264,69): warning CS8625: 无法将 null 字面量转换为非 null 的引用类型。 [C:\Users\luo\.codex\worktrees\p3-db04-restore-drill-20260810\Server.MirForms\Server.csproj]
C:\Users\luo\.codex\worktrees\p3-db04-restore-drill-20260810\Server.MirForms\VisualMapInfo\VForm.cs(266,47): warning CS8625: 无法将 null 字面量转换为非 null 的引用类型。 [C:\Users\luo\.codex\worktrees\p3-db04-restore-drill-20260810\Server.MirForms\Server.csproj]
C:\Users\luo\.codex\worktrees\p3-db04-restore-drill-20260810\Server.MirForms\VisualMapInfo\VForm.cs(267,50): warning CS8625: 无法将 null 字面量转换为非 null 的引用类型。 [C:\Users\luo\.codex\worktrees\p3-db04-restore-drill-20260810\Server.MirForms\Server.csproj]
C:\Users\luo\.codex\worktrees\p3-db04-restore-drill-20260810\Server.MirForms\Systems\SystemInfoForm.cs(785,68): warning CS8601: 可能的 null 引用赋值。 [C:\Users\luo\.codex\worktrees\p3-db04-restore-drill-20260810\Server.MirForms\Server.csproj]
C:\Users\luo\.codex\worktrees\p3-db04-restore-drill-20260810\Server.MirForms\VisualMapInfo\VForm.cs(273,17): warning CS8602: 解引用可能出现空引用。 [C:\Users\luo\.codex\worktrees\p3-db04-restore-drill-20260810\Server.MirForms\Server.csproj]
C:\Users\luo\.codex\worktrees\p3-db04-restore-drill-20260810\Server.MirForms\Database\RecipeInfoForm.cs(410,37): warning CS8602: 解引用可能出现空引用。 [C:\Users\luo\.codex\worktrees\p3-db04-restore-drill-20260810\Server.MirForms\Server.csproj]
C:\Users\luo\.codex\worktrees\p3-db04-restore-drill-20260810\Server.MirForms\Database\RecipeInfoForm.cs(410,37): warning CS8602: 解引用可能出现空引用。 [C:\Users\luo\.codex\worktrees\p3-db04-restore-drill-20260810\Server.MirForms\Server.csproj]
C:\Users\luo\.codex\worktrees\p3-db04-restore-drill-20260810\Server.MirForms\Database\MonsterInfoForm.cs(184,56): warning CS8622: “void MonsterInfoForm.MonsterInfoListBox_SelectedIndexChanged(object sender, EventArgs e)”的参数“sender”类型中引用类型的为 Null 性与目标委托“EventHandler”不匹配(可能是由于为 Null 性特性)。 [C:\Users\luo\.codex\worktrees\p3-db04-restore-drill-20260810\Server.MirForms\Server.csproj]
C:\Users\luo\.codex\worktrees\p3-db04-restore-drill-20260810\Server.MirForms\Database\MonsterInfoForm.cs(193,56): warning CS8622: “void MonsterInfoForm.MonsterInfoListBox_SelectedIndexChanged(object sender, EventArgs e)”的参数“sender”类型中引用类型的为 Null 性与目标委托“EventHandler”不匹配(可能是由于为 Null 性特性)。 [C:\Users\luo\.codex\worktrees\p3-db04-restore-drill-20260810\Server.MirForms\Server.csproj]
C:\Users\luo\.codex\worktrees\p3-db04-restore-drill-20260810\Server.MirForms\Database\MapInfoForm.cs(223,25): warning CS8625: 无法将 null 字面量转换为非 null 的引用类型。 [C:\Users\luo\.codex\worktrees\p3-db04-restore-drill-20260810\Server.MirForms\Server.csproj]
C:\Users\luo\.codex\worktrees\p3-db04-restore-drill-20260810\Server.MirForms\Database\MagicInfoForm.cs(178,50): warning CS8622: “void MagicInfoForm.MagiclistBox_SelectedIndexChanged(object sender, EventArgs e)”的参数“sender”类型中引用类型的为 Null 性与目标委托“EventHandler”不匹配(可能是由于为 Null 性特性)。 [C:\Users\luo\.codex\worktrees\p3-db04-restore-drill-20260810\Server.MirForms\Server.csproj]
C:\Users\luo\.codex\worktrees\p3-db04-restore-drill-20260810\Server.MirForms\Database\MagicInfoForm.cs(268,44): warning CS8622: “void MagicInfoForm.txtDmgMultBoost_TextChanged(object sender, EventArgs e)”的参数“sender”类型中引用类型的为 Null 性与目标委托“EventHandler”不匹配(可能是由于为 Null 性特性)。 [C:\Users\luo\.codex\worktrees\p3-db04-restore-drill-20260810\Server.MirForms\Server.csproj]
C:\Users\luo\.codex\worktrees\p3-db04-restore-drill-20260810\Server.MirForms\Database\MagicInfoForm.cs(277,43): warning CS8622: “void MagicInfoForm.txtDmgMultBase_TextChanged(object sender, EventArgs e)”的参数“sender”类型中引用类型的为 Null 性与目标委托“EventHandler”不匹配(可能是由于为 Null 性特性)。 [C:\Users\luo\.codex\worktrees\p3-db04-restore-drill-20260810\Server.MirForms\Server.csproj]
C:\Users\luo\.codex\worktrees\p3-db04-restore-drill-20260810\Server.MirForms\Database\MagicInfoForm.cs(304,43): warning CS8622: “void MagicInfoForm.txtDmgBonusMax_TextChanged(object sender, EventArgs e)”的参数“sender”类型中引用类型的为 Null 性与目标委托“EventHandler”不匹配(可能是由于为 Null 性特性)。 [C:\Users\luo\.codex\worktrees\p3-db04-restore-drill-20260810\Server.MirForms\Server.csproj]
C:\Users\luo\.codex\worktrees\p3-db04-restore-drill-20260810\Server.MirForms\Database\MagicInfoForm.cs(313,43): warning CS8622: “void MagicInfoForm.txtDmgBonusMin_TextChanged(object sender, EventArgs e)”的参数“sender”类型中引用类型的为 Null 性与目标委托“EventHandler”不匹配(可能是由于为 Null 性特性)。 [C:\Users\luo\.codex\worktrees\p3-db04-restore-drill-20260810\Server.MirForms\Server.csproj]
C:\Users\luo\.codex\worktrees\p3-db04-restore-drill-20260810\Server.MirForms\Database\MagicInfoForm.cs(340,42): warning CS8622: “void MagicInfoForm.txtDmgBaseMax_TextChanged(object sender, EventArgs e)”的参数“sender”类型中引用类型的为 Null 性与目标委托“EventHandler”不匹配(可能是由于为 Null 性特性)。 [C:\Users\luo\.codex\worktrees\p3-db04-restore-drill-20260810\Server.MirForms\Server.csproj]
C:\Users\luo\.codex\worktrees\p3-db04-restore-drill-20260810\Server.MirForms\Database\MagicInfoForm.cs(349,42): warning CS8622: “void MagicInfoForm.txtDmgBaseMin_TextChanged(object sender, EventArgs e)”的参数“sender”类型中引用类型的为 Null 性与目标委托“EventHandler”不匹配(可能是由于为 Null 性特性)。 [C:\Users\luo\.codex\worktrees\p3-db04-restore-drill-20260810\Server.MirForms\Server.csproj]
C:\Users\luo\.codex\worktrees\p3-db04-restore-drill-20260810\Server.MirForms\Database\MagicInfoForm.cs(409,37): warning CS8622: “void MagicInfoForm.txtRange_TextChanged(object sender, EventArgs e)”的参数“sender”类型中引用类型的为 Null 性与目标委托“EventHandler”不匹配(可能是由于为 Null 性特性)。 [C:\Users\luo\.codex\worktrees\p3-db04-restore-drill-20260810\Server.MirForms\Server.csproj]
C:\Users\luo\.codex\worktrees\p3-db04-restore-drill-20260810\Server.MirForms\Database\MagicInfoForm.cs(418,46): warning CS8622: “void MagicInfoForm.txtDelayReduction_TextChanged(object sender, EventArgs e)”的参数“sender”类型中引用类型的为 Null 性与目标委托“EventHandler”不匹配(可能是由于为 Null 性特性)。 [C:\Users\luo\.codex\worktrees\p3-db04-restore-drill-20260810\Server.MirForms\Server.csproj]
C:\Users\luo\.codex\worktrees\p3-db04-restore-drill-20260810\Server.MirForms\Database\MagicInfoForm.cs(427,41): warning CS8622: “void MagicInfoForm.txtDelayBase_TextChanged(object sender, EventArgs e)”的参数“sender”类型中引用类型的为 Null 性与目标委托“EventHandler”不匹配(可能是由于为 Null 性特性)。 [C:\Users\luo\.codex\worktrees\p3-db04-restore-drill-20260810\Server.MirForms\Server.csproj]
C:\Users\luo\.codex\worktrees\p3-db04-restore-drill-20260810\Server.MirForms\Database\MagicInfoForm.cs(476,42): warning CS8622: “void MagicInfoForm.txtMPIncrease_TextChanged(object sender, EventArgs e)”的参数“sender”类型中引用类型的为 Null 性与目标委托“EventHandler”不匹配(可能是由于为 Null 性特性)。 [C:\Users\luo\.codex\worktrees\p3-db04-restore-drill-20260810\Server.MirForms\Server.csproj]
C:\Users\luo\.codex\worktrees\p3-db04-restore-drill-20260810\Server.MirForms\Database\MagicInfoForm.cs(485,38): warning CS8622: “void MagicInfoForm.txtMPBase_TextChanged(object sender, EventArgs e)”的参数“sender”类型中引用类型的为 Null 性与目标委托“EventHandler”不匹配(可能是由于为 Null 性特性)。 [C:\Users\luo\.codex\worktrees\p3-db04-restore-drill-20260810\Server.MirForms\Server.csproj]
C:\Users\luo\.codex\worktrees\p3-db04-restore-drill-20260810\Server.MirForms\Database\MagicInfoForm.cs(541,47): warning CS8622: “void MagicInfoForm.txtSkillLvl3Points_TextChanged(object sender, EventArgs e)”的参数“sender”类型中引用类型的为 Null 性与目标委托“EventHandler”不匹配(可能是由于为 Null 性特性)。 [C:\Users\luo\.codex\worktrees\p3-db04-restore-drill-20260810\Server.MirForms\Server.csproj]
C:\Users\luo\.codex\worktrees\p3-db04-restore-drill-20260810\Server.MirForms\Database\MagicInfoForm.cs(549,47): warning CS8622: “void MagicInfoForm.txtSkillLvl2Points_TextChanged(object sender, EventArgs e)”的参数“sender”类型中引用类型的为 Null 性与目标委托“EventHandler”不匹配(可能是由于为 Null 性特性)。 [C:\Users\luo\.codex\worktrees\p3-db04-restore-drill-20260810\Server.MirForms\Server.csproj]
C:\Users\luo\.codex\worktrees\p3-db04-restore-drill-20260810\Server.MirForms\Database\MagicInfoForm.cs(557,47): warning CS8622: “void MagicInfoForm.txtSkillLvl1Points_TextChanged(object sender, EventArgs e)”的参数“sender”类型中引用类型的为 Null 性与目标委托“EventHandler”不匹配(可能是由于为 Null 性特性)。 [C:\Users\luo\.codex\worktrees\p3-db04-restore-drill-20260810\Server.MirForms\Server.csproj]
C:\Users\luo\.codex\worktrees\p3-db04-restore-drill-20260810\Server.MirForms\Database\MagicInfoForm.cs(592,44): warning CS8622: “void MagicInfoForm.txtSkillLvl3Req_TextChanged(object sender, EventArgs e)”的参数“sender”类型中引用类型的为 Null 性与目标委托“EventHandler”不匹配(可能是由于为 Null 性特性)。 [C:\Users\luo\.codex\worktrees\p3-db04-restore-drill-20260810\Server.MirForms\Server.csproj]
C:\Users\luo\.codex\worktrees\p3-db04-restore-drill-20260810\Server.MirForms\Database\MagicInfoForm.cs(600,44): warning CS8622: “void MagicInfoForm.txtSkillLvl2Req_TextChanged(object sender, EventArgs e)”的参数“sender”类型中引用类型的为 Null 性与目标委托“EventHandler”不匹配(可能是由于为 Null 性特性)。 [C:\Users\luo\.codex\worktrees\p3-db04-restore-drill-20260810\Server.MirForms\Server.csproj]
C:\Users\luo\.codex\worktrees\p3-db04-restore-drill-20260810\Server.MirForms\Database\MagicInfoForm.cs(608,44): warning CS8622: “void MagicInfoForm.txtSkillLvl1Req_TextChanged(object sender, EventArgs e)”的参数“sender”类型中引用类型的为 Null 性与目标委托“EventHandler”不匹配(可能是由于为 Null 性特性)。 [C:\Users\luo\.codex\worktrees\p3-db04-restore-drill-20260810\Server.MirForms\Server.csproj]
C:\Users\luo\.codex\worktrees\p3-db04-restore-drill-20260810\Server.MirForms\Database\MagicInfoForm.cs(652,41): warning CS8622: “void MagicInfoForm.txtSkillIcon_TextChanged(object sender, EventArgs e)”的参数“sender”类型中引用类型的为 Null 性与目标委托“EventHandler”不匹配(可能是由于为 Null 性特性)。 [C:\Users\luo\.codex\worktrees\p3-db04-restore-drill-20260810\Server.MirForms\Server.csproj]
C:\Users\luo\.codex\worktrees\p3-db04-restore-drill-20260810\Server.MirForms\Database\MagicInfoForm.cs(678,40): warning CS8622: “void MagicInfoForm.textBoxName_TextChanged(object sender, EventArgs e)”的参数“sender”类型中引用类型的为 Null 性与目标委托“EventHandler”不匹配(可能是由于为 Null 性特性)。 [C:\Users\luo\.codex\worktrees\p3-db04-restore-drill-20260810\Server.MirForms\Server.csproj]
C:\Users\luo\.codex\worktrees\p3-db04-restore-drill-20260810\Server.MirForms\Database\MagicInfoForm.cs(705,27): warning CS8622: “void MagicInfoForm.MagicInfoForm_FormClosed(object sender, FormClosedEventArgs e)”的参数“sender”类型中引用类型的为 Null 性与目标委托“FormClosedEventHandler”不匹配(可能是由于为 Null 性特性)。 [C:\Users\luo\.codex\worktrees\p3-db04-restore-drill-20260810\Server.MirForms\Server.csproj]
C:\Users\luo\.codex\worktrees\p3-db04-restore-drill-20260810\Server.MirForms\Database\MagicInfoForm.cs(734,32): warning CS8602: 解引用可能出现空引用。 [C:\Users\luo\.codex\worktrees\p3-db04-restore-drill-20260810\Server.MirForms\Server.csproj]
C:\Users\luo\.codex\worktrees\p3-db04-restore-drill-20260810\Server.MirForms\Database\MagicInfoForm.cs(743,34): warning CS8602: 解引用可能出现空引用。 [C:\Users\luo\.codex\worktrees\p3-db04-restore-drill-20260810\Server.MirForms\Server.csproj]
C:\Users\luo\.codex\worktrees\p3-db04-restore-drill-20260810\Server.MirForms\Database\NPCInfoForm.cs(143,52): warning CS8622: “void NPCInfoForm.NPCInfoListBox_SelectedIndexChanged(object sender, EventArgs e)”的参数“sender”类型中引用类型的为 Null 性与目标委托“EventHandler”不匹配(可能是由于为 Null 性特性)。 [C:\Users\luo\.codex\worktrees\p3-db04-restore-drill-20260810\Server.MirForms\Server.csproj]
C:\Users\luo\.codex\worktrees\p3-db04-restore-drill-20260810\Server.MirForms\Database\NPCInfoForm.cs(153,52): warning CS8622: “void NPCInfoForm.NPCInfoListBox_SelectedIndexChanged(object sender, EventArgs e)”的参数“sender”类型中引用类型的为 Null 性与目标委托“EventHandler”不匹配(可能是由于为 Null 性特性)。 [C:\Users\luo\.codex\worktrees\p3-db04-restore-drill-20260810\Server.MirForms\Server.csproj]
C:\Users\luo\.codex\worktrees\p3-db04-restore-drill-20260810\Server.MirForms\Database\MagicInfoForm.cs(753,32): warning CS8602: 解引用可能出现空引用。 [C:\Users\luo\.codex\worktrees\p3-db04-restore-drill-20260810\Server.MirForms\Server.csproj]
C:\Users\luo\.codex\worktrees\p3-db04-restore-drill-20260810\Server.MirForms\Database\MagicInfoForm.cs(763,33): warning CS8602: 解引用可能出现空引用。 [C:\Users\luo\.codex\worktrees\p3-db04-restore-drill-20260810\Server.MirForms\Server.csproj]
C:\Users\luo\.codex\worktrees\p3-db04-restore-drill-20260810\Server.MirForms\Account\Market.cs(165,13): warning CS8602: 解引用可能出现空引用。 [C:\Users\luo\.codex\worktrees\p3-db04-restore-drill-20260810\Server.MirForms\Server.csproj]
C:\Users\luo\.codex\worktrees\p3-db04-restore-drill-20260810\Server.MirForms\VisualMapInfo\VForm.cs(314,17): warning CS8602: 解引用可能出现空引用。 [C:\Users\luo\.codex\worktrees\p3-db04-restore-drill-20260810\Server.MirForms\Server.csproj]
C:\Users\luo\.codex\worktrees\p3-db04-restore-drill-20260810\Server.MirForms\VisualMapInfo\VForm.cs(324,65): warning CS8625: 无法将 null 字面量转换为非 null 的引用类型。 [C:\Users\luo\.codex\worktrees\p3-db04-restore-drill-20260810\Server.MirForms\Server.csproj]
C:\Users\luo\.codex\worktrees\p3-db04-restore-drill-20260810\Server.MirForms\VisualMapInfo\VForm.cs(336,69): warning CS8625: 无法将 null 字面量转换为非 null 的引用类型。 [C:\Users\luo\.codex\worktrees\p3-db04-restore-drill-20260810\Server.MirForms\Server.csproj]
C:\Users\luo\.codex\worktrees\p3-db04-restore-drill-20260810\Server.MirForms\Database\QuestInfoForm.cs(103,35): warning CS8600: 将 null 文本或可能的 null 值转换为不可为 null 类型。 [C:\Users\luo\.codex\worktrees\p3-db04-restore-drill-20260810\Server.MirForms\Server.csproj]
C:\Users\luo\.codex\worktrees\p3-db04-restore-drill-20260810\Server.MirForms\Database\QuestInfoForm.cs(107,29): warning CS8600: 将 null 文本或可能的 null 值转换为不可为 null 类型。 [C:\Users\luo\.codex\worktrees\p3-db04-restore-drill-20260810\Server.MirForms\Server.csproj]
C:\Users\luo\.codex\worktrees\p3-db04-restore-drill-20260810\Server.MirForms\SMain.cs(41,52): warning CS8622: “void SMain.scriptDebugToolStripMenuItem_Click(object sender, EventArgs e)”的参数“sender”类型中引用类型的为 Null 性与目标委托“EventHandler”不匹配(可能是由于为 Null 性特性)。 [C:\Users\luo\.codex\worktrees\p3-db04-restore-drill-20260810\Server.MirForms\Server.csproj]
C:\Users\luo\.codex\worktrees\p3-db04-restore-drill-20260810\Server.MirForms\Database\NPCInfoForm.cs(286,32): warning CS8600: 将 null 文本或可能的 null 值转换为不可为 null 类型。 [C:\Users\luo\.codex\worktrees\p3-db04-restore-drill-20260810\Server.MirForms\Server.csproj]
C:\Users\luo\.codex\worktrees\p3-db04-restore-drill-20260810\Server.MirForms\Database\NPCInfoForm.cs(287,49): warning CS8602: 解引用可能出现空引用。 [C:\Users\luo\.codex\worktrees\p3-db04-restore-drill-20260810\Server.MirForms\Server.csproj]
C:\Users\luo\.codex\worktrees\p3-db04-restore-drill-20260810\Server.MirForms\Account\AccountInfoForm.cs(120,61): warning CS8622: “void AccountInfoForm.AccountInfoListView_SelectedIndexChanged(object sender, EventArgs e)”的参数“sender”类型中引用类型的为 Null 性与目标委托“EventHandler”不匹配(可能是由于为 Null 性特性)。 [C:\Users\luo\.codex\worktrees\p3-db04-restore-drill-20260810\Server.MirForms\Server.csproj]
C:\Users\luo\.codex\worktrees\p3-db04-restore-drill-20260810\Server.MirForms\Account\AccountInfoForm.cs(130,61): warning CS8622: “void AccountInfoForm.AccountInfoListView_SelectedIndexChanged(object sender, EventArgs e)”的参数“sender”类型中引用类型的为 Null 性与目标委托“EventHandler”不匹配(可能是由于为 Null 性特性)。 [C:\Users\luo\.codex\worktrees\p3-db04-restore-drill-20260810\Server.MirForms\Server.csproj]
C:\Users\luo\.codex\worktrees\p3-db04-restore-drill-20260810\Server.MirForms\Account\AccountInfoForm.cs(138,43): warning CS8604: “void List<AccountInfo>.Add(AccountInfo item)”中的形参“item”可能传入 null 引用实参。 [C:\Users\luo\.codex\worktrees\p3-db04-restore-drill-20260810\Server.MirForms\Server.csproj]
C:\Users\luo\.codex\worktrees\p3-db04-restore-drill-20260810\Server.MirForms\Account\AccountInfoForm.cs(214,41): warning CS8600: 将 null 文本或可能的 null 值转换为不可为 null 类型。 [C:\Users\luo\.codex\worktrees\p3-db04-restore-drill-20260810\Server.MirForms\Server.csproj]
C:\Users\luo\.codex\worktrees\p3-db04-restore-drill-20260810\Server.MirForms\VisualMapInfo\VForm.cs(474,42): warning CS8625: 无法将 null 字面量转换为非 null 的引用类型。 [C:\Users\luo\.codex\worktrees\p3-db04-restore-drill-20260810\Server.MirForms\Server.csproj]
C:\Users\luo\.codex\worktrees\p3-db04-restore-drill-20260810\Server.MirForms\Database\NPCInfoForm.cs(400,43): warning CS8604: “DirectoryInfo Directory.CreateDirectory(string path)”中的形参“path”可能传入 null 引用实参。 [C:\Users\luo\.codex\worktrees\p3-db04-restore-drill-20260810\Server.MirForms\Server.csproj]
C:\Users\luo\.codex\worktrees\p3-db04-restore-drill-20260810\Server.MirForms\Database\QuestInfoForm.cs(146,54): warning CS8622: “void QuestInfoForm.QuestInfoListBox_SelectedIndexChanged(object sender, EventArgs e)”的参数“sender”类型中引用类型的为 Null 性与目标委托“EventHandler”不匹配(可能是由于为 Null 性特性)。 [C:\Users\luo\.codex\worktrees\p3-db04-restore-drill-20260810\Server.MirForms\Server.csproj]
C:\Users\luo\.codex\worktrees\p3-db04-restore-drill-20260810\Server.MirForms\Database\QuestInfoForm.cs(155,54): warning CS8622: “void QuestInfoForm.QuestInfoListBox_SelectedIndexChanged(object sender, EventArgs e)”的参数“sender”类型中引用类型的为 Null 性与目标委托“EventHandler”不匹配(可能是由于为 Null 性特性)。 [C:\Users\luo\.codex\worktrees\p3-db04-restore-drill-20260810\Server.MirForms\Server.csproj]
C:\Users\luo\.codex\worktrees\p3-db04-restore-drill-20260810\Server.MirForms\Database\MapInfoForm.cs(282,25): warning CS8625: 无法将 null 字面量转换为非 null 的引用类型。 [C:\Users\luo\.codex\worktrees\p3-db04-restore-drill-20260810\Server.MirForms\Server.csproj]
C:\Users\luo\.codex\worktrees\p3-db04-restore-drill-20260810\Server.MirForms\Database\MonsterInfoFormNew.cs(34,19): warning CS8600: 将 null 文本或可能的 null 值转换为不可为 null 类型。 [C:\Users\luo\.codex\worktrees\p3-db04-restore-drill-20260810\Server.MirForms\Server.csproj]
C:\Users\luo\.codex\worktrees\p3-db04-restore-drill-20260810\Server.MirForms\Database\MonsterInfoFormNew.cs(39,13): warning CS8602: 解引用可能出现空引用。 [C:\Users\luo\.codex\worktrees\p3-db04-restore-drill-20260810\Server.MirForms\Server.csproj]
C:\Users\luo\.codex\worktrees\p3-db04-restore-drill-20260810\Server.MirForms\Database\QuestInfoForm.cs(275,47): warning CS8605: 取消装箱可能为 null 的值。 [C:\Users\luo\.codex\worktrees\p3-db04-restore-drill-20260810\Server.MirForms\Server.csproj]
C:\Users\luo\.codex\worktrees\p3-db04-restore-drill-20260810\Server.MirForms\Database\MonsterInfoFormNew.cs(80,46): warning CS8602: 解引用可能出现空引用。 [C:\Users\luo\.codex\worktrees\p3-db04-restore-drill-20260810\Server.MirForms\Server.csproj]
C:\Users\luo\.codex\worktrees\p3-db04-restore-drill-20260810\Server.MirForms\Database\MonsterInfoFormNew.cs(87,38): warning CS8602: 解引用可能出现空引用。 [C:\Users\luo\.codex\worktrees\p3-db04-restore-drill-20260810\Server.MirForms\Server.csproj]
C:\Users\luo\.codex\worktrees\p3-db04-restore-drill-20260810\Server.MirForms\VisualMapInfo\VForm.cs(719,32): warning CS8600: 将 null 文本或可能的 null 值转换为不可为 null 类型。 [C:\Users\luo\.codex\worktrees\p3-db04-restore-drill-20260810\Server.MirForms\Server.csproj]
C:\Users\luo\.codex\worktrees\p3-db04-restore-drill-20260810\Server.MirForms\VisualMapInfo\VForm.cs(743,60): warning CS8602: 解引用可能出现空引用。 [C:\Users\luo\.codex\worktrees\p3-db04-restore-drill-20260810\Server.MirForms\Server.csproj]
C:\Users\luo\.codex\worktrees\p3-db04-restore-drill-20260810\Server.MirForms\Systems\GuildItemForm.cs(25,26): warning CS8622: “void GuildItemForm.GuildItemForm_Load(object sender, EventArgs e)”的参数“sender”类型中引用类型的为 Null 性与目标委托“EventHandler”不匹配(可能是由于为 Null 性特性)。 [C:\Users\luo\.codex\worktrees\p3-db04-restore-drill-20260810\Server.MirForms\Server.csproj]
C:\Users\luo\.codex\worktrees\p3-db04-restore-drill-20260810\Server.MirForms\Database\ItemInfoFormNew.cs(38,50): warning CS8622: “void ItemInfoFormNew.CellValueChanged(object sender, DataGridViewCellEventArgs e)”的参数“sender”类型中引用类型的为 Null 性与目标委托“DataGridViewCellEventHandler”不匹配(可能是由于为 Null 性特性)。 [C:\Users\luo\.codex\worktrees\p3-db04-restore-drill-20260810\Server.MirForms\Server.csproj]
C:\Users\luo\.codex\worktrees\p3-db04-restore-drill-20260810\Server.MirForms\Database\ItemInfoFormNew.cs(39,48): warning CS8622: “void ItemInfoFormNew.itemInfoGridView_CellValidating(object sender, DataGridViewCellValidatingEventArgs e)”的参数“sender”类型中引用类型的为 Null 性与目标委托“DataGridViewCellValidatingEventHandler”不匹配(可能是由于为 Null 性特性)。 [C:\Users\luo\.codex\worktrees\p3-db04-restore-drill-20260810\Server.MirForms\Server.csproj]
C:\Users\luo\.codex\worktrees\p3-db04-restore-drill-20260810\Server.MirForms\Database\ItemInfoFormNew.cs(40,44): warning CS8622: “void ItemInfoFormNew.ItemInfoGridView_MouseClick(object sender, MouseEventArgs e)”的参数“sender”类型中引用类型的为 Null 性与目标委托“MouseEventHandler”不匹配(可能是由于为 Null 性特性)。 [C:\Users\luo\.codex\worktrees\p3-db04-restore-drill-20260810\Server.MirForms\Server.csproj]
C:\Users\luo\.codex\worktrees\p3-db04-restore-drill-20260810\Server.MirForms\Database\ItemInfoFormNew.cs(41,50): warning CS8622: “void ItemInfoFormNew.ItemInfoGridView_SelectionChanged(object sender, EventArgs e)”的参数“sender”类型中引用类型的为 Null 性与目标委托“EventHandler”不匹配(可能是由于为 Null 性特性)。 [C:\Users\luo\.codex\worktrees\p3-db04-restore-drill-20260810\Server.MirForms\Server.csproj]
C:\Users\luo\.codex\worktrees\p3-db04-restore-drill-20260810\Server.MirForms\SMain.cs(115,65): warning CS8600: 将 null 文本或可能的 null 值转换为不可为 null 类型。 [C:\Users\luo\.codex\worktrees\p3-db04-restore-drill-20260810\Server.MirForms\Server.csproj]
C:\Users\luo\.codex\worktrees\p3-db04-restore-drill-20260810\Server.MirForms\SMain.cs(124,63): warning CS8600: 将 null 文本或可能的 null 值转换为不可为 null 类型。 [C:\Users\luo\.codex\worktrees\p3-db04-restore-drill-20260810\Server.MirForms\Server.csproj]
C:\Users\luo\.codex\worktrees\p3-db04-restore-drill-20260810\Server.MirForms\SMain.cs(133,62): warning CS8600: 将 null 文本或可能的 null 值转换为不可为 null 类型。 [C:\Users\luo\.codex\worktrees\p3-db04-restore-drill-20260810\Server.MirForms\Server.csproj]
C:\Users\luo\.codex\worktrees\p3-db04-restore-drill-20260810\Server.MirForms\Database\ItemInfoFormNew.cs(47,19): warning CS8600: 将 null 文本或可能的 null 值转换为不可为 null 类型。 [C:\Users\luo\.codex\worktrees\p3-db04-restore-drill-20260810\Server.MirForms\Server.csproj]
C:\Users\luo\.codex\worktrees\p3-db04-restore-drill-20260810\Server.MirForms\Database\ItemInfoFormNew.cs(52,13): warning CS8602: 解引用可能出现空引用。 [C:\Users\luo\.codex\worktrees\p3-db04-restore-drill-20260810\Server.MirForms\Server.csproj]
C:\Users\luo\.codex\worktrees\p3-db04-restore-drill-20260810\Server.MirForms\Database\ItemInfoFormNew.cs(68,71): warning CS8625: 无法将 null 字面量转换为非 null 的引用类型。 [C:\Users\luo\.codex\worktrees\p3-db04-restore-drill-20260810\Server.MirForms\Server.csproj]
C:\Users\luo\.codex\worktrees\p3-db04-restore-drill-20260810\Server.MirForms\Database\MapInfoForm.cs(398,25): warning CS8625: 无法将 null 字面量转换为非 null 的引用类型。 [C:\Users\luo\.codex\worktrees\p3-db04-restore-drill-20260810\Server.MirForms\Server.csproj]
C:\Users\luo\.codex\worktrees\p3-db04-restore-drill-20260810\Server.MirForms\Systems\GuildItemForm.cs(122,66): warning CS8600: 将 null 文本或可能的 null 值转换为不可为 null 类型。 [C:\Users\luo\.codex\worktrees\p3-db04-restore-drill-20260810\Server.MirForms\Server.csproj]
C:\Users\luo\.codex\worktrees\p3-db04-restore-drill-20260810\Server.MirForms\Systems\ConquestInfoForm.cs(201,32): warning CS8600: 将 null 文本或可能的 null 值转换为不可为 null 类型。 [C:\Users\luo\.codex\worktrees\p3-db04-restore-drill-20260810\Server.MirForms\Server.csproj]
C:\Users\luo\.codex\worktrees\p3-db04-restore-drill-20260810\Server.MirForms\Systems\ConquestInfoForm.cs(201,32): warning CS8601: 可能的 null 引用赋值。 [C:\Users\luo\.codex\worktrees\p3-db04-restore-drill-20260810\Server.MirForms\Server.csproj]
C:\Users\luo\.codex\worktrees\p3-db04-restore-drill-20260810\Server.MirForms\Systems\ConquestInfoForm.cs(245,44): warning CS8604: “int ObjectCollection.Add(object item)”中的形参“item”可能传入 null 引用实参。 [C:\Users\luo\.codex\worktrees\p3-db04-restore-drill-20260810\Server.MirForms\Server.csproj]
C:\Users\luo\.codex\worktrees\p3-db04-restore-drill-20260810\Server.MirForms\Database\MonsterInfoForm.cs(648,50): warning CS8605: 取消装箱可能为 null 的值。 [C:\Users\luo\.codex\worktrees\p3-db04-restore-drill-20260810\Server.MirForms\Server.csproj]
C:\Users\luo\.codex\worktrees\p3-db04-restore-drill-20260810\Server.MirForms\Systems\ConquestInfoForm.cs(342,34): warning CS8600: 将 null 文本或可能的 null 值转换为不可为 null 类型。 [C:\Users\luo\.codex\worktrees\p3-db04-restore-drill-20260810\Server.MirForms\Server.csproj]
C:\Users\luo\.codex\worktrees\p3-db04-restore-drill-20260810\Server.MirForms\Systems\ConquestInfoForm.cs(342,34): warning CS8601: 可能的 null 引用赋值。 [C:\Users\luo\.codex\worktrees\p3-db04-restore-drill-20260810\Server.MirForms\Server.csproj]
C:\Users\luo\.codex\worktrees\p3-db04-restore-drill-20260810\Server.MirForms\Systems\ConquestInfoForm.cs(346,34): warning CS8625: 无法将 null 字面量转换为非 null 的引用类型。 [C:\Users\luo\.codex\worktrees\p3-db04-restore-drill-20260810\Server.MirForms\Server.csproj]
C:\Users\luo\.codex\worktrees\p3-db04-restore-drill-20260810\Server.MirForms\Systems\ConquestInfoForm.cs(353,32): warning CS8600: 将 null 文本或可能的 null 值转换为不可为 null 类型。 [C:\Users\luo\.codex\worktrees\p3-db04-restore-drill-20260810\Server.MirForms\Server.csproj]
C:\Users\luo\.codex\worktrees\p3-db04-restore-drill-20260810\Server.MirForms\Systems\ConquestInfoForm.cs(354,48): warning CS8602: 解引用可能出现空引用。 [C:\Users\luo\.codex\worktrees\p3-db04-restore-drill-20260810\Server.MirForms\Server.csproj]
C:\Users\luo\.codex\worktrees\p3-db04-restore-drill-20260810\Server.MirForms\Database\QuestInfoForm.cs(362,34): warning CS8600: 将 null 文本或可能的 null 值转换为不可为 null 类型。 [C:\Users\luo\.codex\worktrees\p3-db04-restore-drill-20260810\Server.MirForms\Server.csproj]
C:\Users\luo\.codex\worktrees\p3-db04-restore-drill-20260810\Server.MirForms\Database\QuestInfoForm.cs(364,56): warning CS8602: 解引用可能出现空引用。 [C:\Users\luo\.codex\worktrees\p3-db04-restore-drill-20260810\Server.MirForms\Server.csproj]
C:\Users\luo\.codex\worktrees\p3-db04-restore-drill-20260810\Server.MirForms\Database\QuestInfoForm.cs(373,56): warning CS8605: 取消装箱可能为 null 的值。 [C:\Users\luo\.codex\worktrees\p3-db04-restore-drill-20260810\Server.MirForms\Server.csproj]
C:\Users\luo\.codex\worktrees\p3-db04-restore-drill-20260810\Server.MirForms\Database\MapInfoForm.cs(492,25): warning CS8625: 无法将 null 字面量转换为非 null 的引用类型。 [C:\Users\luo\.codex\worktrees\p3-db04-restore-drill-20260810\Server.MirForms\Server.csproj]
C:\Users\luo\.codex\worktrees\p3-db04-restore-drill-20260810\Server.MirForms\Database\QuestInfoForm.cs(388,43): warning CS8604: “DirectoryInfo Directory.CreateDirectory(string path)”中的形参“path”可能传入 null 引用实参。 [C:\Users\luo\.codex\worktrees\p3-db04-restore-drill-20260810\Server.MirForms\Server.csproj]
C:\Users\luo\.codex\worktrees\p3-db04-restore-drill-20260810\Server.MirForms\Database\MapInfoForm.cs(543,52): warning CS8622: “void MapInfoForm.MapInfoListBox_SelectedIndexChanged(object sender, EventArgs e)”的参数“sender”类型中引用类型的为 Null 性与目标委托“EventHandler”不匹配(可能是由于为 Null 性特性)。 [C:\Users\luo\.codex\worktrees\p3-db04-restore-drill-20260810\Server.MirForms\Server.csproj]
C:\Users\luo\.codex\worktrees\p3-db04-restore-drill-20260810\Server.MirForms\Database\MapInfoForm.cs(552,52): warning CS8622: “void MapInfoForm.MapInfoListBox_SelectedIndexChanged(object sender, EventArgs e)”的参数“sender”类型中引用类型的为 Null 性与目标委托“EventHandler”不匹配(可能是由于为 Null 性特性)。 [C:\Users\luo\.codex\worktrees\p3-db04-restore-drill-20260810\Server.MirForms\Server.csproj]
C:\Users\luo\.codex\worktrees\p3-db04-restore-drill-20260810\Server.MirForms\Database\MonsterInfoFormNew.cs(129,57): warning CS8604: “DataColumn DataColumnCollection.Add(string? columnName, Type type)”中的形参“type”可能传入 null 引用实参。 [C:\Users\luo\.codex\worktrees\p3-db04-restore-drill-20260810\Server.MirForms\Server.csproj]
C:\Users\luo\.codex\worktrees\p3-db04-restore-drill-20260810\Server.MirForms\Database\MapInfoForm.cs(556,57): warning CS8622: “void MapInfoForm.SafeZoneInfoListBox_SelectedIndexChanged(object sender, EventArgs e)”的参数“sender”类型中引用类型的为 Null 性与目标委托“EventHandler”不匹配(可能是由于为 Null 性特性)。 [C:\Users\luo\.codex\worktrees\p3-db04-restore-drill-20260810\Server.MirForms\Server.csproj]
C:\Users\luo\.codex\worktrees\p3-db04-restore-drill-20260810\Server.MirForms\Database\MapInfoForm.cs(565,57): warning CS8622: “void MapInfoForm.SafeZoneInfoListBox_SelectedIndexChanged(object sender, EventArgs e)”的参数“sender”类型中引用类型的为 Null 性与目标委托“EventHandler”不匹配(可能是由于为 Null 性特性)。 [C:\Users\luo\.codex\worktrees\p3-db04-restore-drill-20260810\Server.MirForms\Server.csproj]
C:\Users\luo\.codex\worktrees\p3-db04-restore-drill-20260810\Server.MirForms\Database\MonsterInfoFormNew.cs(176,18): warning CS8602: 解引用可能出现空引用。 [C:\Users\luo\.codex\worktrees\p3-db04-restore-drill-20260810\Server.MirForms\Server.csproj]
C:\Users\luo\.codex\worktrees\p3-db04-restore-drill-20260810\Server.MirForms\Database\MonsterInfoFormNew.cs(182,14): warning CS8602: 解引用可能出现空引用。 [C:\Users\luo\.codex\worktrees\p3-db04-restore-drill-20260810\Server.MirForms\Server.csproj]
C:\Users\luo\.codex\worktrees\p3-db04-restore-drill-20260810\Server.MirForms\Systems\ConquestInfoForm.cs(459,28): warning CS8600: 将 null 文本或可能的 null 值转换为不可为 null 类型。 [C:\Users\luo\.codex\worktrees\p3-db04-restore-drill-20260810\Server.MirForms\Server.csproj]
C:\Users\luo\.codex\worktrees\p3-db04-restore-drill-20260810\Server.MirForms\Systems\ConquestInfoForm.cs(460,41): warning CS8602: 解引用可能出现空引用。 [C:\Users\luo\.codex\worktrees\p3-db04-restore-drill-20260810\Server.MirForms\Server.csproj]
C:\Users\luo\.codex\worktrees\p3-db04-restore-drill-20260810\Server.MirForms\Systems\ConquestInfoForm.cs(468,28): warning CS8600: 将 null 文本或可能的 null 值转换为不可为 null 类型。 [C:\Users\luo\.codex\worktrees\p3-db04-restore-drill-20260810\Server.MirForms\Server.csproj]
C:\Users\luo\.codex\worktrees\p3-db04-restore-drill-20260810\Server.MirForms\Systems\ConquestInfoForm.cs(469,44): warning CS8602: 解引用可能出现空引用。 [C:\Users\luo\.codex\worktrees\p3-db04-restore-drill-20260810\Server.MirForms\Server.csproj]
C:\Users\luo\.codex\worktrees\p3-db04-restore-drill-20260810\Server.MirForms\Systems\ConquestInfoForm.cs(477,32): warning CS8600: 将 null 文本或可能的 null 值转换为不可为 null 类型。 [C:\Users\luo\.codex\worktrees\p3-db04-restore-drill-20260810\Server.MirForms\Server.csproj]
C:\Users\luo\.codex\worktrees\p3-db04-restore-drill-20260810\Server.MirForms\Systems\ConquestInfoForm.cs(478,39): warning CS8602: 解引用可能出现空引用。 [C:\Users\luo\.codex\worktrees\p3-db04-restore-drill-20260810\Server.MirForms\Server.csproj]
C:\Users\luo\.codex\worktrees\p3-db04-restore-drill-20260810\Server.MirForms\Systems\ConquestInfoForm.cs(503,32): warning CS8600: 将 null 文本或可能的 null 值转换为不可为 null 类型。 [C:\Users\luo\.codex\worktrees\p3-db04-restore-drill-20260810\Server.MirForms\Server.csproj]
C:\Users\luo\.codex\worktrees\p3-db04-restore-drill-20260810\Server.MirForms\Systems\ConquestInfoForm.cs(503,32): warning CS8601: 可能的 null 引用赋值。 [C:\Users\luo\.codex\worktrees\p3-db04-restore-drill-20260810\Server.MirForms\Server.csproj]
C:\Users\luo\.codex\worktrees\p3-db04-restore-drill-20260810\Server.MirForms\Systems\ConquestInfoForm.cs(507,32): warning CS8625: 无法将 null 字面量转换为非 null 的引用类型。 [C:\Users\luo\.codex\worktrees\p3-db04-restore-drill-20260810\Server.MirForms\Server.csproj]
C:\Users\luo\.codex\worktrees\p3-db04-restore-drill-20260810\Server.MirForms\Systems\GuildInfoForm.cs(73,32): warning CS8625: 无法将 null 字面量转换为非 null 的引用类型。 [C:\Users\luo\.codex\worktrees\p3-db04-restore-drill-20260810\Server.MirForms\Server.csproj]
C:\Users\luo\.codex\worktrees\p3-db04-restore-drill-20260810\Server.MirForms\Systems\ConquestInfoForm.cs(531,32): warning CS8600: 将 null 文本或可能的 null 值转换为不可为 null 类型。 [C:\Users\luo\.codex\worktrees\p3-db04-restore-drill-20260810\Server.MirForms\Server.csproj]
C:\Users\luo\.codex\worktrees\p3-db04-restore-drill-20260810\Server.MirForms\Systems\ConquestInfoForm.cs(532,37): warning CS8602: 解引用可能出现空引用。 [C:\Users\luo\.codex\worktrees\p3-db04-restore-drill-20260810\Server.MirForms\Server.csproj]
C:\Users\luo\.codex\worktrees\p3-db04-restore-drill-20260810\Server.MirForms\Systems\ConquestInfoForm.cs(566,32): warning CS8600: 将 null 文本或可能的 null 值转换为不可为 null 类型。 [C:\Users\luo\.codex\worktrees\p3-db04-restore-drill-20260810\Server.MirForms\Server.csproj]
C:\Users\luo\.codex\worktrees\p3-db04-restore-drill-20260810\Server.MirForms\Systems\ConquestInfoForm.cs(566,32): warning CS8601: 可能的 null 引用赋值。 [C:\Users\luo\.codex\worktrees\p3-db04-restore-drill-20260810\Server.MirForms\Server.csproj]
C:\Users\luo\.codex\worktrees\p3-db04-restore-drill-20260810\Server.MirForms\Systems\ConquestInfoForm.cs(570,32): warning CS8625: 无法将 null 字面量转换为非 null 的引用类型。 [C:\Users\luo\.codex\worktrees\p3-db04-restore-drill-20260810\Server.MirForms\Server.csproj]
C:\Users\luo\.codex\worktrees\p3-db04-restore-drill-20260810\Server.MirForms\Account\AccountInfoForm.cs(595,43): warning CS8600: 将 null 文本或可能的 null 值转换为不可为 null 类型。 [C:\Users\luo\.codex\worktrees\p3-db04-restore-drill-20260810\Server.MirForms\Server.csproj]
C:\Users\luo\.codex\worktrees\p3-db04-restore-drill-20260810\Server.MirForms\Systems\ConquestInfoForm.cs(578,32): warning CS8600: 将 null 文本或可能的 null 值转换为不可为 null 类型。 [C:\Users\luo\.codex\worktrees\p3-db04-restore-drill-20260810\Server.MirForms\Server.csproj]
C:\Users\luo\.codex\worktrees\p3-db04-restore-drill-20260810\Server.MirForms\Systems\ConquestInfoForm.cs(579,37): warning CS8602: 解引用可能出现空引用。 [C:\Users\luo\.codex\worktrees\p3-db04-restore-drill-20260810\Server.MirForms\Server.csproj]
C:\Users\luo\.codex\worktrees\p3-db04-restore-drill-20260810\Server.MirForms\Systems\GuildInfoForm.cs(236,95): warning CS8600: 将 null 文本或可能的 null 值转换为不可为 null 类型。 [C:\Users\luo\.codex\worktrees\p3-db04-restore-drill-20260810\Server.MirForms\Server.csproj]
C:\Users\luo\.codex\worktrees\p3-db04-restore-drill-20260810\Server.MirForms\Systems\ConquestInfoForm.cs(686,41): warning CS8605: 取消装箱可能为 null 的值。 [C:\Users\luo\.codex\worktrees\p3-db04-restore-drill-20260810\Server.MirForms\Server.csproj]
C:\Users\luo\.codex\worktrees\p3-db04-restore-drill-20260810\Server.MirForms\Systems\ConquestInfoForm.cs(693,37): warning CS8605: 取消装箱可能为 null 的值。 [C:\Users\luo\.codex\worktrees\p3-db04-restore-drill-20260810\Server.MirForms\Server.csproj]
C:\Users\luo\.codex\worktrees\p3-db04-restore-drill-20260810\Server.MirForms\Database\MapInfoForm.cs(569,56): warning CS8622: “void MapInfoForm.RespawnInfoListBox_SelectedIndexChanged(object sender, EventArgs e)”的参数“sender”类型中引用类型的为 Null 性与目标委托“EventHandler”不匹配(可能是由于为 Null 性特性)。 [C:\Users\luo\.codex\worktrees\p3-db04-restore-drill-20260810\Server.MirForms\Server.csproj]
C:\Users\luo\.codex\worktrees\p3-db04-restore-drill-20260810\Server.MirForms\Database\MapInfoForm.cs(584,56): warning CS8622: “void MapInfoForm.RespawnInfoListBox_SelectedIndexChanged(object sender, EventArgs e)”的参数“sender”类型中引用类型的为 Null 性与目标委托“EventHandler”不匹配(可能是由于为 Null 性特性)。 [C:\Users\luo\.codex\worktrees\p3-db04-restore-drill-20260810\Server.MirForms\Server.csproj]
C:\Users\luo\.codex\worktrees\p3-db04-restore-drill-20260810\Server.MirForms\Database\ItemInfoFormNew.cs(217,57): warning CS8604: “DataColumn DataColumnCollection.Add(string? columnName, Type type)”中的形参“type”可能传入 null 引用实参。 [C:\Users\luo\.codex\worktrees\p3-db04-restore-drill-20260810\Server.MirForms\Server.csproj]
C:\Users\luo\.codex\worktrees\p3-db04-restore-drill-20260810\Server.MirForms\Database\ItemInfoFormNew.cs(285,13): warning CS8602: 解引用可能出现空引用。 [C:\Users\luo\.codex\worktrees\p3-db04-restore-drill-20260810\Server.MirForms\Server.csproj]
C:\Users\luo\.codex\worktrees\p3-db04-restore-drill-20260810\Server.MirForms\Database\ItemInfoFormNew.cs(296,31): warning CS8605: 取消装箱可能为 null 的值。 [C:\Users\luo\.codex\worktrees\p3-db04-restore-drill-20260810\Server.MirForms\Server.csproj]
C:\Users\luo\.codex\worktrees\p3-db04-restore-drill-20260810\Server.MirForms\Database\ItemInfoFormNew.cs(301,18): warning CS8602: 解引用可能出现空引用。 [C:\Users\luo\.codex\worktrees\p3-db04-restore-drill-20260810\Server.MirForms\Server.csproj]
C:\Users\luo\.codex\worktrees\p3-db04-restore-drill-20260810\Server.MirForms\Database\ItemInfoFormNew.cs(307,14): warning CS8602: 解引用可能出现空引用。 [C:\Users\luo\.codex\worktrees\p3-db04-restore-drill-20260810\Server.MirForms\Server.csproj]
C:\Users\luo\.codex\worktrees\p3-db04-restore-drill-20260810\Server.MirForms\Database\MapInfoForm.cs(588,57): warning CS8622: “void MapInfoForm.MovementInfoListBox_SelectedIndexChanged(object sender, EventArgs e)”的参数“sender”类型中引用类型的为 Null 性与目标委托“EventHandler”不匹配(可能是由于为 Null 性特性)。 [C:\Users\luo\.codex\worktrees\p3-db04-restore-drill-20260810\Server.MirForms\Server.csproj]
C:\Users\luo\.codex\worktrees\p3-db04-restore-drill-20260810\Server.MirForms\Database\MapInfoForm.cs(597,57): warning CS8622: “void MapInfoForm.MovementInfoListBox_SelectedIndexChanged(object sender, EventArgs e)”的参数“sender”类型中引用类型的为 Null 性与目标委托“EventHandler”不匹配(可能是由于为 Null 性特性)。 [C:\Users\luo\.codex\worktrees\p3-db04-restore-drill-20260810\Server.MirForms\Server.csproj]
C:\Users\luo\.codex\worktrees\p3-db04-restore-drill-20260810\Server.MirForms\Database\MonsterInfoForm.cs(748,40): warning CS8600: 将 null 文本或可能的 null 值转换为不可为 null 类型。 [C:\Users\luo\.codex\worktrees\p3-db04-restore-drill-20260810\Server.MirForms\Server.csproj]
C:\Users\luo\.codex\worktrees\p3-db04-restore-drill-20260810\Server.MirForms\Database\MapInfoForm.cs(603,51): warning CS8622: “void MapInfoForm.MZListlistBox_SelectedIndexChanged(object sender, EventArgs e)”的参数“sender”类型中引用类型的为 Null 性与目标委托“EventHandler”不匹配(可能是由于为 Null 性特性)。 [C:\Users\luo\.codex\worktrees\p3-db04-restore-drill-20260810\Server.MirForms\Server.csproj]
C:\Users\luo\.codex\worktrees\p3-db04-restore-drill-20260810\Server.MirForms\Database\MapInfoForm.cs(611,51): warning CS8622: “void MapInfoForm.MZListlistBox_SelectedIndexChanged(object sender, EventArgs e)”的参数“sender”类型中引用类型的为 Null 性与目标委托“EventHandler”不匹配(可能是由于为 Null 性特性)。 [C:\Users\luo\.codex\worktrees\p3-db04-restore-drill-20260810\Server.MirForms\Server.csproj]
C:\Users\luo\.codex\worktrees\p3-db04-restore-drill-20260810\Server.MirForms\Systems\ConquestInfoForm.cs(869,33): warning CS8600: 将 null 文本或可能的 null 值转换为不可为 null 类型。 [C:\Users\luo\.codex\worktrees\p3-db04-restore-drill-20260810\Server.MirForms\Server.csproj]
C:\Users\luo\.codex\worktrees\p3-db04-restore-drill-20260810\Server.MirForms\Systems\ConquestInfoForm.cs(869,33): warning CS8601: 可能的 null 引用赋值。 [C:\Users\luo\.codex\worktrees\p3-db04-restore-drill-20260810\Server.MirForms\Server.csproj]
C:\Users\luo\.codex\worktrees\p3-db04-restore-drill-20260810\Server.MirForms\Systems\ConquestInfoForm.cs(873,33): warning CS8625: 无法将 null 字面量转换为非 null 的引用类型。 [C:\Users\luo\.codex\worktrees\p3-db04-restore-drill-20260810\Server.MirForms\Server.csproj]
C:\Users\luo\.codex\worktrees\p3-db04-restore-drill-20260810\Server.MirForms\Database\MapInfoForm.cs(677,13): warning CS8602: 解引用可能出现空引用。 [C:\Users\luo\.codex\worktrees\p3-db04-restore-drill-20260810\Server.MirForms\Server.csproj]
C:\Users\luo\.codex\worktrees\p3-db04-restore-drill-20260810\Server.MirForms\Database\ItemInfoForm.cs(453,53): warning CS8622: “void ItemInfoForm.ItemInfoListBox_SelectedIndexChanged(object sender, EventArgs e)”的参数“sender”类型中引用类型的为 Null 性与目标委托“EventHandler”不匹配(可能是由于为 Null 性特性)。 [C:\Users\luo\.codex\worktrees\p3-db04-restore-drill-20260810\Server.MirForms\Server.csproj]
C:\Users\luo\.codex\worktrees\p3-db04-restore-drill-20260810\Server.MirForms\Database\ItemInfoForm.cs(468,53): warning CS8622: “void ItemInfoForm.ItemInfoListBox_SelectedIndexChanged(object sender, EventArgs e)”的参数“sender”类型中引用类型的为 Null 性与目标委托“EventHandler”不匹配(可能是由于为 Null 性特性)。 [C:\Users\luo\.codex\worktrees\p3-db04-restore-drill-20260810\Server.MirForms\Server.csproj]
C:\Users\luo\.codex\worktrees\p3-db04-restore-drill-20260810\Server.MirForms\Database\ItemInfoForm.cs(480,38): warning CS8605: 取消装箱可能为 null 的值。 [C:\Users\luo\.codex\worktrees\p3-db04-restore-drill-20260810\Server.MirForms\Server.csproj]
C:\Users\luo\.codex\worktrees\p3-db04-restore-drill-20260810\Server.MirForms\DropBuilder\DropBuilderForm.cs(156,83): warning CS8625: 无法将 null 字面量转换为非 null 的引用类型。 [C:\Users\luo\.codex\worktrees\p3-db04-restore-drill-20260810\Server.MirForms\Server.csproj]
C:\Users\luo\.codex\worktrees\p3-db04-restore-drill-20260810\Server.MirForms\Database\MapInfoForm.cs(704,46): warning CS8605: 取消装箱可能为 null 的值。 [C:\Users\luo\.codex\worktrees\p3-db04-restore-drill-20260810\Server.MirForms\Server.csproj]
C:\Users\luo\.codex\worktrees\p3-db04-restore-drill-20260810\Server.MirForms\Program.cs(40,29): warning CS0168: 声明了变量“ex”，但从未使用过 [C:\Users\luo\.codex\worktrees\p3-db04-restore-drill-20260810\Server.MirForms\Server.csproj]
C:\Users\luo\.codex\worktrees\p3-db04-restore-drill-20260810\Server.MirForms\Database\ItemInfoForm.cs(522,46): warning CS8605: 取消装箱可能为 null 的值。 [C:\Users\luo\.codex\worktrees\p3-db04-restore-drill-20260810\Server.MirForms\Server.csproj]
C:\Users\luo\.codex\worktrees\p3-db04-restore-drill-20260810\Server.MirForms\Database\ItemInfoForm.cs(529,54): warning CS8605: 取消装箱可能为 null 的值。 [C:\Users\luo\.codex\worktrees\p3-db04-restore-drill-20260810\Server.MirForms\Server.csproj]
C:\Users\luo\.codex\worktrees\p3-db04-restore-drill-20260810\Server.MirForms\Database\ItemInfoForm.cs(536,56): warning CS8605: 取消装箱可能为 null 的值。 [C:\Users\luo\.codex\worktrees\p3-db04-restore-drill-20260810\Server.MirForms\Server.csproj]
C:\Users\luo\.codex\worktrees\p3-db04-restore-drill-20260810\Server.MirForms\Database\ItemInfoForm.cs(543,55): warning CS8605: 取消装箱可能为 null 的值。 [C:\Users\luo\.codex\worktrees\p3-db04-restore-drill-20260810\Server.MirForms\Server.csproj]
C:\Users\luo\.codex\worktrees\p3-db04-restore-drill-20260810\Server.MirForms\Database\MonsterInfoFormNew.cs(204,42): warning CS8600: 将 null 文本或可能的 null 值转换为不可为 null 类型。 [C:\Users\luo\.codex\worktrees\p3-db04-restore-drill-20260810\Server.MirForms\Server.csproj]
C:\Users\luo\.codex\worktrees\p3-db04-restore-drill-20260810\Server.MirForms\Database\MonsterInfoFormNew.cs(212,33): warning CS8605: 取消装箱可能为 null 的值。 [C:\Users\luo\.codex\worktrees\p3-db04-restore-drill-20260810\Server.MirForms\Server.csproj]
C:\Users\luo\.codex\worktrees\p3-db04-restore-drill-20260810\Server.MirForms\Database\MonsterInfoFormNew.cs(214,31): warning CS8600: 将 null 文本或可能的 null 值转换为不可为 null 类型。 [C:\Users\luo\.codex\worktrees\p3-db04-restore-drill-20260810\Server.MirForms\Server.csproj]
C:\Users\luo\.codex\worktrees\p3-db04-restore-drill-20260810\Server.MirForms\Database\MonsterInfoFormNew.cs(216,64): warning CS8605: 取消装箱可能为 null 的值。 [C:\Users\luo\.codex\worktrees\p3-db04-restore-drill-20260810\Server.MirForms\Server.csproj]
C:\Users\luo\.codex\worktrees\p3-db04-restore-drill-20260810\Server.MirForms\Database\MonsterInfoFormNew.cs(219,17): warning CS8602: 解引用可能出现空引用。 [C:\Users\luo\.codex\worktrees\p3-db04-restore-drill-20260810\Server.MirForms\Server.csproj]
C:\Users\luo\.codex\worktrees\p3-db04-restore-drill-20260810\Server.MirForms\Database\MonsterInfoFormNew.cs(219,32): warning CS8600: 将 null 文本或可能的 null 值转换为不可为 null 类型。 [C:\Users\luo\.codex\worktrees\p3-db04-restore-drill-20260810\Server.MirForms\Server.csproj]
C:\Users\luo\.codex\worktrees\p3-db04-restore-drill-20260810\Server.MirForms\Database\MonsterInfoFormNew.cs(220,33): warning CS8605: 取消装箱可能为 null 的值。 [C:\Users\luo\.codex\worktrees\p3-db04-restore-drill-20260810\Server.MirForms\Server.csproj]
C:\Users\luo\.codex\worktrees\p3-db04-restore-drill-20260810\Server.MirForms\Database\MonsterInfoFormNew.cs(221,30): warning CS8605: 取消装箱可能为 null 的值。 [C:\Users\luo\.codex\worktrees\p3-db04-restore-drill-20260810\Server.MirForms\Server.csproj]
C:\Users\luo\.codex\worktrees\p3-db04-restore-drill-20260810\Server.MirForms\Database\MonsterInfoFormNew.cs(222,33): warning CS8605: 取消装箱可能为 null 的值。 [C:\Users\luo\.codex\worktrees\p3-db04-restore-drill-20260810\Server.MirForms\Server.csproj]
C:\Users\luo\.codex\worktrees\p3-db04-restore-drill-20260810\Server.MirForms\Database\MonsterInfoFormNew.cs(223,34): warning CS8605: 取消装箱可能为 null 的值。 [C:\Users\luo\.codex\worktrees\p3-db04-restore-drill-20260810\Server.MirForms\Server.csproj]
C:\Users\luo\.codex\worktrees\p3-db04-restore-drill-20260810\Server.MirForms\Database\MonsterInfoFormNew.cs(224,33): warning CS8605: 取消装箱可能为 null 的值。 [C:\Users\luo\.codex\worktrees\p3-db04-restore-drill-20260810\Server.MirForms\Server.csproj]
C:\Users\luo\.codex\worktrees\p3-db04-restore-drill-20260810\Server.MirForms\Database\MonsterInfoFormNew.cs(225,39): warning CS8605: 取消装箱可能为 null 的值。 [C:\Users\luo\.codex\worktrees\p3-db04-restore-drill-20260810\Server.MirForms\Server.csproj]
C:\Users\luo\.codex\worktrees\p3-db04-restore-drill-20260810\Server.MirForms\Database\MonsterInfoFormNew.cs(226,37): warning CS8605: 取消装箱可能为 null 的值。 [C:\Users\luo\.codex\worktrees\p3-db04-restore-drill-20260810\Server.MirForms\Server.csproj]
C:\Users\luo\.codex\worktrees\p3-db04-restore-drill-20260810\Server.MirForms\Database\MonsterInfoFormNew.cs(227,37): warning CS8605: 取消装箱可能为 null 的值。 [C:\Users\luo\.codex\worktrees\p3-db04-restore-drill-20260810\Server.MirForms\Server.csproj]
C:\Users\luo\.codex\worktrees\p3-db04-restore-drill-20260810\Server.MirForms\Database\MonsterInfoFormNew.cs(228,35): warning CS8605: 取消装箱可能为 null 的值。 [C:\Users\luo\.codex\worktrees\p3-db04-restore-drill-20260810\Server.MirForms\Server.csproj]
C:\Users\luo\.codex\worktrees\p3-db04-restore-drill-20260810\Server.MirForms\Database\MonsterInfoFormNew.cs(229,38): warning CS8605: 取消装箱可能为 null 的值。 [C:\Users\luo\.codex\worktrees\p3-db04-restore-drill-20260810\Server.MirForms\Server.csproj]
C:\Users\luo\.codex\worktrees\p3-db04-restore-drill-20260810\Server.MirForms\Database\MonsterInfoFormNew.cs(230,35): warning CS8605: 取消装箱可能为 null 的值。 [C:\Users\luo\.codex\worktrees\p3-db04-restore-drill-20260810\Server.MirForms\Server.csproj]
C:\Users\luo\.codex\worktrees\p3-db04-restore-drill-20260810\Server.MirForms\Database\MonsterInfoFormNew.cs(231,35): warning CS8605: 取消装箱可能为 null 的值。 [C:\Users\luo\.codex\worktrees\p3-db04-restore-drill-20260810\Server.MirForms\Server.csproj]
C:\Users\luo\.codex\worktrees\p3-db04-restore-drill-20260810\Server.MirForms\Database\MonsterInfoFormNew.cs(232,34): warning CS8605: 取消装箱可能为 null 的值。 [C:\Users\luo\.codex\worktrees\p3-db04-restore-drill-20260810\Server.MirForms\Server.csproj]
C:\Users\luo\.codex\worktrees\p3-db04-restore-drill-20260810\Server.MirForms\Database\MonsterInfoFormNew.cs(233,35): warning CS8605: 取消装箱可能为 null 的值。 [C:\Users\luo\.codex\worktrees\p3-db04-restore-drill-20260810\Server.MirForms\Server.csproj]
C:\Users\luo\.codex\worktrees\p3-db04-restore-drill-20260810\Server.MirForms\Database\MonsterInfoFormNew.cs(234,36): warning CS8600: 将 null 文本或可能的 null 值转换为不可为 null 类型。 [C:\Users\luo\.codex\worktrees\p3-db04-restore-drill-20260810\Server.MirForms\Server.csproj]
C:\Users\luo\.codex\worktrees\p3-db04-restore-drill-20260810\Server.MirForms\Database\MonsterInfoFormNew.cs(246,51): warning CS8605: 取消装箱可能为 null 的值。 [C:\Users\luo\.codex\worktrees\p3-db04-restore-drill-20260810\Server.MirForms\Server.csproj]
C:\Users\luo\.codex\worktrees\p3-db04-restore-drill-20260810\Server.MirForms\Database\MonsterInfoFormNew.cs(258,25): warning CS8602: 解引用可能出现空引用。 [C:\Users\luo\.codex\worktrees\p3-db04-restore-drill-20260810\Server.MirForms\Server.csproj]
C:\Users\luo\.codex\worktrees\p3-db04-restore-drill-20260810\Server.MirForms\Database\MonsterInfoFormNew.cs(264,20): warning CS8603: 可能返回 null 引用。 [C:\Users\luo\.codex\worktrees\p3-db04-restore-drill-20260810\Server.MirForms\Server.csproj]
C:\Users\luo\.codex\worktrees\p3-db04-restore-drill-20260810\Server.MirForms\Database\MonsterInfoFormNew.cs(280,23): warning CS8602: 解引用可能出现空引用。 [C:\Users\luo\.codex\worktrees\p3-db04-restore-drill-20260810\Server.MirForms\Server.csproj]
C:\Users\luo\.codex\worktrees\p3-db04-restore-drill-20260810\Server.MirForms\Systems\GuildInfoForm.cs(440,13): warning CS8602: 解引用可能出现空引用。 [C:\Users\luo\.codex\worktrees\p3-db04-restore-drill-20260810\Server.MirForms\Server.csproj]
C:\Users\luo\.codex\worktrees\p3-db04-restore-drill-20260810\Server.MirForms\Systems\GuildInfoForm.cs(449,13): warning CS8602: 解引用可能出现空引用。 [C:\Users\luo\.codex\worktrees\p3-db04-restore-drill-20260810\Server.MirForms\Server.csproj]
C:\Users\luo\.codex\worktrees\p3-db04-restore-drill-20260810\Server.MirForms\Systems\ConquestInfoForm.cs(954,32): warning CS8600: 将 null 文本或可能的 null 值转换为不可为 null 类型。 [C:\Users\luo\.codex\worktrees\p3-db04-restore-drill-20260810\Server.MirForms\Server.csproj]
C:\Users\luo\.codex\worktrees\p3-db04-restore-drill-20260810\Server.MirForms\Systems\ConquestInfoForm.cs(955,38): warning CS8602: 解引用可能出现空引用。 [C:\Users\luo\.codex\worktrees\p3-db04-restore-drill-20260810\Server.MirForms\Server.csproj]
C:\Users\luo\.codex\worktrees\p3-db04-restore-drill-20260810\Server.MirForms\Systems\GuildInfoForm.cs(459,13): warning CS8602: 解引用可能出现空引用。 [C:\Users\luo\.codex\worktrees\p3-db04-restore-drill-20260810\Server.MirForms\Server.csproj]
C:\Users\luo\.codex\worktrees\p3-db04-restore-drill-20260810\Server.MirForms\Systems\GuildInfoForm.cs(469,13): warning CS8602: 解引用可能出现空引用。 [C:\Users\luo\.codex\worktrees\p3-db04-restore-drill-20260810\Server.MirForms\Server.csproj]
C:\Users\luo\.codex\worktrees\p3-db04-restore-drill-20260810\Server.MirForms\Systems\GuildInfoForm.cs(478,13): warning CS8602: 解引用可能出现空引用。 [C:\Users\luo\.codex\worktrees\p3-db04-restore-drill-20260810\Server.MirForms\Server.csproj]
C:\Users\luo\.codex\worktrees\p3-db04-restore-drill-20260810\Server.MirForms\Systems\GuildInfoForm.cs(487,13): warning CS8602: 解引用可能出现空引用。 [C:\Users\luo\.codex\worktrees\p3-db04-restore-drill-20260810\Server.MirForms\Server.csproj]
C:\Users\luo\.codex\worktrees\p3-db04-restore-drill-20260810\Server.MirForms\Database\MapInfoForm.cs(817,32): warning CS8600: 将 null 文本或可能的 null 值转换为不可为 null 类型。 [C:\Users\luo\.codex\worktrees\p3-db04-restore-drill-20260810\Server.MirForms\Server.csproj]
C:\Users\luo\.codex\worktrees\p3-db04-restore-drill-20260810\Server.MirForms\Systems\ConquestInfoForm.cs(1022,32): warning CS8600: 将 null 文本或可能的 null 值转换为不可为 null 类型。 [C:\Users\luo\.codex\worktrees\p3-db04-restore-drill-20260810\Server.MirForms\Server.csproj]
C:\Users\luo\.codex\worktrees\p3-db04-restore-drill-20260810\Server.MirForms\Systems\ConquestInfoForm.cs(1022,32): warning CS8601: 可能的 null 引用赋值。 [C:\Users\luo\.codex\worktrees\p3-db04-restore-drill-20260810\Server.MirForms\Server.csproj]
C:\Users\luo\.codex\worktrees\p3-db04-restore-drill-20260810\Server.MirForms\Systems\ConquestInfoForm.cs(1026,32): warning CS8625: 无法将 null 字面量转换为非 null 的引用类型。 [C:\Users\luo\.codex\worktrees\p3-db04-restore-drill-20260810\Server.MirForms\Server.csproj]
C:\Users\luo\.codex\worktrees\p3-db04-restore-drill-20260810\Server.MirForms\Systems\MonsterTunerForm.cs(25,35): warning CS8600: 将 null 文本或可能的 null 值转换为不可为 null 类型。 [C:\Users\luo\.codex\worktrees\p3-db04-restore-drill-20260810\Server.MirForms\Server.csproj]
C:\Users\luo\.codex\worktrees\p3-db04-restore-drill-20260810\Server.MirForms\Systems\ConquestInfoForm.cs(1051,40): warning CS8600: 将 null 文本或可能的 null 值转换为不可为 null 类型。 [C:\Users\luo\.codex\worktrees\p3-db04-restore-drill-20260810\Server.MirForms\Server.csproj]
C:\Users\luo\.codex\worktrees\p3-db04-restore-drill-20260810\Server.MirForms\Systems\ConquestInfoForm.cs(1051,40): warning CS8601: 可能的 null 引用赋值。 [C:\Users\luo\.codex\worktrees\p3-db04-restore-drill-20260810\Server.MirForms\Server.csproj]
C:\Users\luo\.codex\worktrees\p3-db04-restore-drill-20260810\Server.MirForms\Systems\ConquestInfoForm.cs(1055,40): warning CS8625: 无法将 null 字面量转换为非 null 的引用类型。 [C:\Users\luo\.codex\worktrees\p3-db04-restore-drill-20260810\Server.MirForms\Server.csproj]
C:\Users\luo\.codex\worktrees\p3-db04-restore-drill-20260810\Server.MirForms\Database\MapForm.cs(8,41): warning CS8625: 无法将 null 字面量转换为非 null 的引用类型。 [C:\Users\luo\.codex\worktrees\p3-db04-restore-drill-20260810\Server.MirForms\Server.csproj]
C:\Users\luo\.codex\worktrees\p3-db04-restore-drill-20260810\Server.MirForms\VisualMapInfo\Class\VisualizerGlobal.cs(15,42): warning CS8625: 无法将 null 字面量转换为非 null 的引用类型。 [C:\Users\luo\.codex\worktrees\p3-db04-restore-drill-20260810\Server.MirForms\Server.csproj]
C:\Users\luo\.codex\worktrees\p3-db04-restore-drill-20260810\Server.MirForms\VisualMapInfo\Class\VisualizerGlobal.cs(32,39): warning CS8625: 无法将 null 字面量转换为非 null 的引用类型。 [C:\Users\luo\.codex\worktrees\p3-db04-restore-drill-20260810\Server.MirForms\Server.csproj]
C:\Users\luo\.codex\worktrees\p3-db04-restore-drill-20260810\Server.MirForms\VisualMapInfo\Class\VisualizerGlobal.cs(32,45): warning CS8625: 无法将 null 字面量转换为非 null 的引用类型。 [C:\Users\luo\.codex\worktrees\p3-db04-restore-drill-20260810\Server.MirForms\Server.csproj]
C:\Users\luo\.codex\worktrees\p3-db04-restore-drill-20260810\Server.MirForms\VisualMapInfo\Class\VisualizerGlobal.cs(40,27): warning CS8625: 无法将 null 字面量转换为非 null 的引用类型。 [C:\Users\luo\.codex\worktrees\p3-db04-restore-drill-20260810\Server.MirForms\Server.csproj]
C:\Users\luo\.codex\worktrees\p3-db04-restore-drill-20260810\Server.MirForms\Systems\GuildInfoForm.cs(496,13): warning CS8602: 解引用可能出现空引用。 [C:\Users\luo\.codex\worktrees\p3-db04-restore-drill-20260810\Server.MirForms\Server.csproj]
C:\Users\luo\.codex\worktrees\p3-db04-restore-drill-20260810\Server.MirForms\Systems\GuildInfoForm.cs(505,13): warning CS8602: 解引用可能出现空引用。 [C:\Users\luo\.codex\worktrees\p3-db04-restore-drill-20260810\Server.MirForms\Server.csproj]
C:\Users\luo\.codex\worktrees\p3-db04-restore-drill-20260810\Server.MirForms\Systems\GuildInfoForm.cs(514,13): warning CS8602: 解引用可能出现空引用。 [C:\Users\luo\.codex\worktrees\p3-db04-restore-drill-20260810\Server.MirForms\Server.csproj]
C:\Users\luo\.codex\worktrees\p3-db04-restore-drill-20260810\Server.MirForms\Systems\GuildInfoForm.cs(523,13): warning CS8602: 解引用可能出现空引用。 [C:\Users\luo\.codex\worktrees\p3-db04-restore-drill-20260810\Server.MirForms\Server.csproj]
C:\Users\luo\.codex\worktrees\p3-db04-restore-drill-20260810\Server.MirForms\Database\ItemInfoFormNew.cs(329,42): warning CS8600: 将 null 文本或可能的 null 值转换为不可为 null 类型。 [C:\Users\luo\.codex\worktrees\p3-db04-restore-drill-20260810\Server.MirForms\Server.csproj]
C:\Users\luo\.codex\worktrees\p3-db04-restore-drill-20260810\Server.MirForms\Database\ItemInfoFormNew.cs(337,33): warning CS8605: 取消装箱可能为 null 的值。 [C:\Users\luo\.codex\worktrees\p3-db04-restore-drill-20260810\Server.MirForms\Server.csproj]
C:\Users\luo\.codex\worktrees\p3-db04-restore-drill-20260810\Server.MirForms\Database\ItemInfoFormNew.cs(339,28): warning CS8600: 将 null 文本或可能的 null 值转换为不可为 null 类型。 [C:\Users\luo\.codex\worktrees\p3-db04-restore-drill-20260810\Server.MirForms\Server.csproj]
C:\Users\luo\.codex\worktrees\p3-db04-restore-drill-20260810\Server.MirForms\Database\ItemInfoFormNew.cs(341,64): warning CS8605: 取消装箱可能为 null 的值。 [C:\Users\luo\.codex\worktrees\p3-db04-restore-drill-20260810\Server.MirForms\Server.csproj]
C:\Users\luo\.codex\worktrees\p3-db04-restore-drill-20260810\Server.MirForms\Database\ItemInfoFormNew.cs(344,17): warning CS8602: 解引用可能出现空引用。 [C:\Users\luo\.codex\worktrees\p3-db04-restore-drill-20260810\Server.MirForms\Server.csproj]
C:\Users\luo\.codex\worktrees\p3-db04-restore-drill-20260810\Server.MirForms\Database\ItemInfoFormNew.cs(344,29): warning CS8600: 将 null 文本或可能的 null 值转换为不可为 null 类型。 [C:\Users\luo\.codex\worktrees\p3-db04-restore-drill-20260810\Server.MirForms\Server.csproj]
C:\Users\luo\.codex\worktrees\p3-db04-restore-drill-20260810\Server.MirForms\Database\ItemInfoFormNew.cs(345,29): warning CS8605: 取消装箱可能为 null 的值。 [C:\Users\luo\.codex\worktrees\p3-db04-restore-drill-20260810\Server.MirForms\Server.csproj]
C:\Users\luo\.codex\worktrees\p3-db04-restore-drill-20260810\Server.MirForms\Database\ItemInfoFormNew.cs(346,30): warning CS8605: 取消装箱可能为 null 的值。 [C:\Users\luo\.codex\worktrees\p3-db04-restore-drill-20260810\Server.MirForms\Server.csproj]
C:\Users\luo\.codex\worktrees\p3-db04-restore-drill-20260810\Server.MirForms\Database\ItemInfoFormNew.cs(347,37): warning CS8605: 取消装箱可能为 null 的值。 [C:\Users\luo\.codex\worktrees\p3-db04-restore-drill-20260810\Server.MirForms\Server.csproj]
C:\Users\luo\.codex\worktrees\p3-db04-restore-drill-20260810\Server.MirForms\Database\ItemInfoFormNew.cs(348,39): warning CS8605: 取消装箱可能为 null 的值。 [C:\Users\luo\.codex\worktrees\p3-db04-restore-drill-20260810\Server.MirForms\Server.csproj]
C:\Users\luo\.codex\worktrees\p3-db04-restore-drill-20260810\Server.MirForms\Database\ItemInfoFormNew.cs(349,38): warning CS8605: 取消装箱可能为 null 的值。 [C:\Users\luo\.codex\worktrees\p3-db04-restore-drill-20260810\Server.MirForms\Server.csproj]
C:\Users\luo\.codex\worktrees\p3-db04-restore-drill-20260810\Server.MirForms\Database\ItemInfoFormNew.cs(350,28): warning CS8605: 取消装箱可能为 null 的值。 [C:\Users\luo\.codex\worktrees\p3-db04-restore-drill-20260810\Server.MirForms\Server.csproj]
C:\Users\luo\.codex\worktrees\p3-db04-restore-drill-20260810\Server.MirForms\Database\ItemInfoFormNew.cs(351,38): warning CS8605: 取消装箱可能为 null 的值。 [C:\Users\luo\.codex\worktrees\p3-db04-restore-drill-20260810\Server.MirForms\Server.csproj]
C:\Users\luo\.codex\worktrees\p3-db04-restore-drill-20260810\Server.MirForms\Database\ItemInfoFormNew.cs(352,39): warning CS8605: 取消装箱可能为 null 的值。 [C:\Users\luo\.codex\worktrees\p3-db04-restore-drill-20260810\Server.MirForms\Server.csproj]
C:\Users\luo\.codex\worktrees\p3-db04-restore-drill-20260810\Server.MirForms\Database\ItemInfoFormNew.cs(353,30): warning CS8605: 取消装箱可能为 null 的值。 [C:\Users\luo\.codex\worktrees\p3-db04-restore-drill-20260810\Server.MirForms\Server.csproj]
C:\Users\luo\.codex\worktrees\p3-db04-restore-drill-20260810\Server.MirForms\Database\ItemInfoFormNew.cs(354,30): warning CS8605: 取消装箱可能为 null 的值。 [C:\Users\luo\.codex\worktrees\p3-db04-restore-drill-20260810\Server.MirForms\Server.csproj]
C:\Users\luo\.codex\worktrees\p3-db04-restore-drill-20260810\Server.MirForms\Database\ItemInfoFormNew.cs(355,31): warning CS8605: 取消装箱可能为 null 的值。 [C:\Users\luo\.codex\worktrees\p3-db04-restore-drill-20260810\Server.MirForms\Server.csproj]
C:\Users\luo\.codex\worktrees\p3-db04-restore-drill-20260810\Server.MirForms\Database\ItemInfoFormNew.cs(356,34): warning CS8605: 取消装箱可能为 null 的值。 [C:\Users\luo\.codex\worktrees\p3-db04-restore-drill-20260810\Server.MirForms\Server.csproj]
C:\Users\luo\.codex\worktrees\p3-db04-restore-drill-20260810\Server.MirForms\Database\ItemInfoFormNew.cs(357,30): warning CS8605: 取消装箱可能为 null 的值。 [C:\Users\luo\.codex\worktrees\p3-db04-restore-drill-20260810\Server.MirForms\Server.csproj]
C:\Users\luo\.codex\worktrees\p3-db04-restore-drill-20260810\Server.MirForms\Database\ItemInfoFormNew.cs(358,31): warning CS8605: 取消装箱可能为 null 的值。 [C:\Users\luo\.codex\worktrees\p3-db04-restore-drill-20260810\Server.MirForms\Server.csproj]
C:\Users\luo\.codex\worktrees\p3-db04-restore-drill-20260810\Server.MirForms\Database\ItemInfoFormNew.cs(360,34): warning CS8605: 取消装箱可能为 null 的值。 [C:\Users\luo\.codex\worktrees\p3-db04-restore-drill-20260810\Server.MirForms\Server.csproj]
C:\Users\luo\.codex\worktrees\p3-db04-restore-drill-20260810\Server.MirForms\Database\ItemInfoFormNew.cs(361,37): warning CS8605: 取消装箱可能为 null 的值。 [C:\Users\luo\.codex\worktrees\p3-db04-restore-drill-20260810\Server.MirForms\Server.csproj]
C:\Users\luo\.codex\worktrees\p3-db04-restore-drill-20260810\Server.MirForms\Database\ItemInfoFormNew.cs(362,40): warning CS8605: 取消装箱可能为 null 的值。 [C:\Users\luo\.codex\worktrees\p3-db04-restore-drill-20260810\Server.MirForms\Server.csproj]
C:\Users\luo\.codex\worktrees\p3-db04-restore-drill-20260810\Server.MirForms\Database\ItemInfoFormNew.cs(363,41): warning CS8605: 取消装箱可能为 null 的值。 [C:\Users\luo\.codex\worktrees\p3-db04-restore-drill-20260810\Server.MirForms\Server.csproj]
C:\Users\luo\.codex\worktrees\p3-db04-restore-drill-20260810\Server.MirForms\Database\ItemInfoFormNew.cs(364,35): warning CS8605: 取消装箱可能为 null 的值。 [C:\Users\luo\.codex\worktrees\p3-db04-restore-drill-20260810\Server.MirForms\Server.csproj]
C:\Users\luo\.codex\worktrees\p3-db04-restore-drill-20260810\Server.MirForms\Database\ItemInfoFormNew.cs(365,35): warning CS8605: 取消装箱可能为 null 的值。 [C:\Users\luo\.codex\worktrees\p3-db04-restore-drill-20260810\Server.MirForms\Server.csproj]
C:\Users\luo\.codex\worktrees\p3-db04-restore-drill-20260810\Server.MirForms\Database\ItemInfoFormNew.cs(366,32): warning CS8605: 取消装箱可能为 null 的值。 [C:\Users\luo\.codex\worktrees\p3-db04-restore-drill-20260810\Server.MirForms\Server.csproj]
C:\Users\luo\.codex\worktrees\p3-db04-restore-drill-20260810\Server.MirForms\Database\ItemInfoFormNew.cs(367,35): warning CS8605: 取消装箱可能为 null 的值。 [C:\Users\luo\.codex\worktrees\p3-db04-restore-drill-20260810\Server.MirForms\Server.csproj]
C:\Users\luo\.codex\worktrees\p3-db04-restore-drill-20260810\Server.MirForms\Database\ItemInfoFormNew.cs(368,37): warning CS8605: 取消装箱可能为 null 的值。 [C:\Users\luo\.codex\worktrees\p3-db04-restore-drill-20260810\Server.MirForms\Server.csproj]
C:\Users\luo\.codex\worktrees\p3-db04-restore-drill-20260810\Server.MirForms\Database\ItemInfoFormNew.cs(370,30): warning CS8605: 取消装箱可能为 null 的值。 [C:\Users\luo\.codex\worktrees\p3-db04-restore-drill-20260810\Server.MirForms\Server.csproj]
C:\Users\luo\.codex\worktrees\p3-db04-restore-drill-20260810\Server.MirForms\Database\ItemInfoFormNew.cs(370,79): warning CS8605: 取消装箱可能为 null 的值。 [C:\Users\luo\.codex\worktrees\p3-db04-restore-drill-20260810\Server.MirForms\Server.csproj]
C:\Users\luo\.codex\worktrees\p3-db04-restore-drill-20260810\Server.MirForms\Database\ItemInfoFormNew.cs(372,35): warning CS8605: 取消装箱可能为 null 的值。 [C:\Users\luo\.codex\worktrees\p3-db04-restore-drill-20260810\Server.MirForms\Server.csproj]
C:\Users\luo\.codex\worktrees\p3-db04-restore-drill-20260810\Server.MirForms\Database\ItemInfoFormNew.cs(373,30): warning CS8605: 取消装箱可能为 null 的值。 [C:\Users\luo\.codex\worktrees\p3-db04-restore-drill-20260810\Server.MirForms\Server.csproj]
C:\Users\luo\.codex\worktrees\p3-db04-restore-drill-20260810\Server.MirForms\Database\ItemInfoFormNew.cs(374,32): warning CS8602: 解引用可能出现空引用。 [C:\Users\luo\.codex\worktrees\p3-db04-restore-drill-20260810\Server.MirForms\Server.csproj]
C:\Users\luo\.codex\worktrees\p3-db04-restore-drill-20260810\Server.MirForms\Database\ItemInfoFormNew.cs(388,48): warning CS8605: 取消装箱可能为 null 的值。 [C:\Users\luo\.codex\worktrees\p3-db04-restore-drill-20260810\Server.MirForms\Server.csproj]
C:\Users\luo\.codex\worktrees\p3-db04-restore-drill-20260810\Server.MirForms\Database\ItemInfoFormNew.cs(396,29): warning CS8605: 取消装箱可能为 null 的值。 [C:\Users\luo\.codex\worktrees\p3-db04-restore-drill-20260810\Server.MirForms\Server.csproj]
C:\Users\luo\.codex\worktrees\p3-db04-restore-drill-20260810\Server.MirForms\Database\ItemInfoFormNew.cs(407,29): warning CS8605: 取消装箱可能为 null 的值。 [C:\Users\luo\.codex\worktrees\p3-db04-restore-drill-20260810\Server.MirForms\Server.csproj]
C:\Users\luo\.codex\worktrees\p3-db04-restore-drill-20260810\Server.MirForms\Systems\GuildInfoForm.cs(532,13): warning CS8602: 解引用可能出现空引用。 [C:\Users\luo\.codex\worktrees\p3-db04-restore-drill-20260810\Server.MirForms\Server.csproj]
C:\Users\luo\.codex\worktrees\p3-db04-restore-drill-20260810\Server.MirForms\Database\ItemInfoFormNew.cs(422,25): warning CS8602: 解引用可能出现空引用。 [C:\Users\luo\.codex\worktrees\p3-db04-restore-drill-20260810\Server.MirForms\Server.csproj]
C:\Users\luo\.codex\worktrees\p3-db04-restore-drill-20260810\Server.MirForms\Database\ItemInfoFormNew.cs(428,20): warning CS8603: 可能返回 null 引用。 [C:\Users\luo\.codex\worktrees\p3-db04-restore-drill-20260810\Server.MirForms\Server.csproj]
C:\Users\luo\.codex\worktrees\p3-db04-restore-drill-20260810\Server.MirForms\Systems\GuildInfoForm.cs(541,13): warning CS8602: 解引用可能出现空引用。 [C:\Users\luo\.codex\worktrees\p3-db04-restore-drill-20260810\Server.MirForms\Server.csproj]
C:\Users\luo\.codex\worktrees\p3-db04-restore-drill-20260810\Server.MirForms\Systems\GuildInfoForm.cs(550,13): warning CS8602: 解引用可能出现空引用。 [C:\Users\luo\.codex\worktrees\p3-db04-restore-drill-20260810\Server.MirForms\Server.csproj]
C:\Users\luo\.codex\worktrees\p3-db04-restore-drill-20260810\Server.MirForms\VisualMapInfo\Class\LockBitmap.cs(8,25): warning CS8625: 无法将 null 字面量转换为非 null 的引用类型。 [C:\Users\luo\.codex\worktrees\p3-db04-restore-drill-20260810\Server.MirForms\Server.csproj]
C:\Users\luo\.codex\worktrees\p3-db04-restore-drill-20260810\Server.MirForms\VisualMapInfo\Class\LockBitmap.cs(10,33): warning CS8625: 无法将 null 字面量转换为非 null 的引用类型。 [C:\Users\luo\.codex\worktrees\p3-db04-restore-drill-20260810\Server.MirForms\Server.csproj]
C:\Users\luo\.codex\worktrees\p3-db04-restore-drill-20260810\Server.MirForms\Systems\GuildInfoForm.cs(559,13): warning CS8602: 解引用可能出现空引用。 [C:\Users\luo\.codex\worktrees\p3-db04-restore-drill-20260810\Server.MirForms\Server.csproj]
C:\Users\luo\.codex\worktrees\p3-db04-restore-drill-20260810\Server.MirForms\Systems\GuildInfoForm.cs(568,13): warning CS8602: 解引用可能出现空引用。 [C:\Users\luo\.codex\worktrees\p3-db04-restore-drill-20260810\Server.MirForms\Server.csproj]
C:\Users\luo\.codex\worktrees\p3-db04-restore-drill-20260810\Server.MirForms\Systems\GuildInfoForm.cs(577,13): warning CS8602: 解引用可能出现空引用。 [C:\Users\luo\.codex\worktrees\p3-db04-restore-drill-20260810\Server.MirForms\Server.csproj]
C:\Users\luo\.codex\worktrees\p3-db04-restore-drill-20260810\Server.MirForms\Systems\GuildInfoForm.cs(586,13): warning CS8602: 解引用可能出现空引用。 [C:\Users\luo\.codex\worktrees\p3-db04-restore-drill-20260810\Server.MirForms\Server.csproj]
C:\Users\luo\.codex\worktrees\p3-db04-restore-drill-20260810\Server.MirForms\Systems\GuildInfoForm.cs(595,13): warning CS8602: 解引用可能出现空引用。 [C:\Users\luo\.codex\worktrees\p3-db04-restore-drill-20260810\Server.MirForms\Server.csproj]
C:\Users\luo\.codex\worktrees\p3-db04-restore-drill-20260810\Server.MirForms\Systems\GuildInfoForm.cs(604,13): warning CS8602: 解引用可能出现空引用。 [C:\Users\luo\.codex\worktrees\p3-db04-restore-drill-20260810\Server.MirForms\Server.csproj]
C:\Users\luo\.codex\worktrees\p3-db04-restore-drill-20260810\Server.MirForms\Database\MonsterInfoFormNew.cs(458,41): warning CS8602: 解引用可能出现空引用。 [C:\Users\luo\.codex\worktrees\p3-db04-restore-drill-20260810\Server.MirForms\Server.csproj]
C:\Users\luo\.codex\worktrees\p3-db04-restore-drill-20260810\Server.MirForms\Systems\GuildInfoForm.cs(613,13): warning CS8602: 解引用可能出现空引用。 [C:\Users\luo\.codex\worktrees\p3-db04-restore-drill-20260810\Server.MirForms\Server.csproj]
C:\Users\luo\.codex\worktrees\p3-db04-restore-drill-20260810\Server.MirForms\Systems\GuildInfoForm.cs(622,13): warning CS8602: 解引用可能出现空引用。 [C:\Users\luo\.codex\worktrees\p3-db04-restore-drill-20260810\Server.MirForms\Server.csproj]
C:\Users\luo\.codex\worktrees\p3-db04-restore-drill-20260810\Server.MirForms\Systems\GuildInfoForm.cs(631,13): warning CS8602: 解引用可能出现空引用。 [C:\Users\luo\.codex\worktrees\p3-db04-restore-drill-20260810\Server.MirForms\Server.csproj]
C:\Users\luo\.codex\worktrees\p3-db04-restore-drill-20260810\Server.MirForms\Systems\GuildInfoForm.cs(641,13): warning CS8602: 解引用可能出现空引用。 [C:\Users\luo\.codex\worktrees\p3-db04-restore-drill-20260810\Server.MirForms\Server.csproj]
C:\Users\luo\.codex\worktrees\p3-db04-restore-drill-20260810\Server.MirForms\Database\MonsterInfoFormNew.cs(545,41): warning CS8602: 解引用可能出现空引用。 [C:\Users\luo\.codex\worktrees\p3-db04-restore-drill-20260810\Server.MirForms\Server.csproj]
C:\Users\luo\.codex\worktrees\p3-db04-restore-drill-20260810\Server.MirForms\Systems\MonsterTunerForm.cs(53,35): warning CS8600: 将 null 文本或可能的 null 值转换为不可为 null 类型。 [C:\Users\luo\.codex\worktrees\p3-db04-restore-drill-20260810\Server.MirForms\Server.csproj]
C:\Users\luo\.codex\worktrees\p3-db04-restore-drill-20260810\Server.MirForms\Systems\MonsterTunerForm.cs(100,35): warning CS8600: 将 null 文本或可能的 null 值转换为不可为 null 类型。 [C:\Users\luo\.codex\worktrees\p3-db04-restore-drill-20260810\Server.MirForms\Server.csproj]
C:\Users\luo\.codex\worktrees\p3-db04-restore-drill-20260810\Server.MirForms\Database\MonsterInfoFormNew.cs(607,17): warning CS8602: 解引用可能出现空引用。 [C:\Users\luo\.codex\worktrees\p3-db04-restore-drill-20260810\Server.MirForms\Server.csproj]
C:\Users\luo\.codex\worktrees\p3-db04-restore-drill-20260810\Server.MirForms\Database\MonsterInfoFormNew.cs(609,29): warning CS8605: 取消装箱可能为 null 的值。 [C:\Users\luo\.codex\worktrees\p3-db04-restore-drill-20260810\Server.MirForms\Server.csproj]
C:\Users\luo\.codex\worktrees\p3-db04-restore-drill-20260810\Server.MirForms\Database\MapInfoForm.cs(1090,28): warning CS8600: 将 null 文本或可能的 null 值转换为不可为 null 类型。 [C:\Users\luo\.codex\worktrees\p3-db04-restore-drill-20260810\Server.MirForms\Server.csproj]
C:\Users\luo\.codex\worktrees\p3-db04-restore-drill-20260810\Server.MirForms\BalanceConfigForm.cs(1540,35): warning CS8602: 解引用可能出现空引用。 [C:\Users\luo\.codex\worktrees\p3-db04-restore-drill-20260810\Server.MirForms\Server.csproj]
C:\Users\luo\.codex\worktrees\p3-db04-restore-drill-20260810\Server.MirForms\BalanceConfigForm.cs(1548,37): warning CS8602: 解引用可能出现空引用。 [C:\Users\luo\.codex\worktrees\p3-db04-restore-drill-20260810\Server.MirForms\Server.csproj]
C:\Users\luo\.codex\worktrees\p3-db04-restore-drill-20260810\Server.MirForms\Database\ItemInfoFormNew.cs(443,23): warning CS8602: 解引用可能出现空引用。 [C:\Users\luo\.codex\worktrees\p3-db04-restore-drill-20260810\Server.MirForms\Server.csproj]
C:\Users\luo\.codex\worktrees\p3-db04-restore-drill-20260810\Server.MirForms\Database\ItemInfoFormNew.cs(608,31): warning CS8605: 取消装箱可能为 null 的值。 [C:\Users\luo\.codex\worktrees\p3-db04-restore-drill-20260810\Server.MirForms\Server.csproj]
C:\Users\luo\.codex\worktrees\p3-db04-restore-drill-20260810\Server.MirForms\BalanceConfigForm.cs(1571,31): warning CS8605: 取消装箱可能为 null 的值。 [C:\Users\luo\.codex\worktrees\p3-db04-restore-drill-20260810\Server.MirForms\Server.csproj]
C:\Users\luo\.codex\worktrees\p3-db04-restore-drill-20260810\Server.MirForms\BalanceConfigForm.cs(1578,52): warning CS8602: 解引用可能出现空引用。 [C:\Users\luo\.codex\worktrees\p3-db04-restore-drill-20260810\Server.MirForms\Server.csproj]
C:\Users\luo\.codex\worktrees\p3-db04-restore-drill-20260810\Server.MirForms\BalanceConfigForm.cs(1589,28): warning CS8605: 取消装箱可能为 null 的值。 [C:\Users\luo\.codex\worktrees\p3-db04-restore-drill-20260810\Server.MirForms\Server.csproj]
C:\Users\luo\.codex\worktrees\p3-db04-restore-drill-20260810\Server.MirForms\BalanceConfigForm.cs(1601,32): warning CS8605: 取消装箱可能为 null 的值。 [C:\Users\luo\.codex\worktrees\p3-db04-restore-drill-20260810\Server.MirForms\Server.csproj]
C:\Users\luo\.codex\worktrees\p3-db04-restore-drill-20260810\Server.MirForms\BalanceConfigForm.cs(1620,35): warning CS8602: 解引用可能出现空引用。 [C:\Users\luo\.codex\worktrees\p3-db04-restore-drill-20260810\Server.MirForms\Server.csproj]
C:\Users\luo\.codex\worktrees\p3-db04-restore-drill-20260810\Server.MirForms\Database\ItemInfoFormNew.cs(711,41): warning CS8602: 解引用可能出现空引用。 [C:\Users\luo\.codex\worktrees\p3-db04-restore-drill-20260810\Server.MirForms\Server.csproj]
C:\Users\luo\.codex\worktrees\p3-db04-restore-drill-20260810\Server.MirForms\BalanceConfigForm.cs(1633,27): warning CS8605: 取消装箱可能为 null 的值。 [C:\Users\luo\.codex\worktrees\p3-db04-restore-drill-20260810\Server.MirForms\Server.csproj]
C:\Users\luo\.codex\worktrees\p3-db04-restore-drill-20260810\Server.MirForms\Database\ItemInfoFormNew.cs(819,41): warning CS8602: 解引用可能出现空引用。 [C:\Users\luo\.codex\worktrees\p3-db04-restore-drill-20260810\Server.MirForms\Server.csproj]
C:\Users\luo\.codex\worktrees\p3-db04-restore-drill-20260810\Server.MirForms\VisualMapInfo\Control\MineEntry.cs(64,85): warning CS8622: “void MineEntry.Region_MouseMove(object sender, MouseEventArgs e)”的参数“sender”类型中引用类型的为 Null 性与目标委托“MouseEventHandler”不匹配(可能是由于为 Null 性特性)。 [C:\Users\luo\.codex\worktrees\p3-db04-restore-drill-20260810\Server.MirForms\Server.csproj]
C:\Users\luo\.codex\worktrees\p3-db04-restore-drill-20260810\Server.MirForms\VisualMapInfo\Control\MineEntry.cs(65,85): warning CS8622: “void MineEntry.Region_MouseDown(object sender, MouseEventArgs e)”的参数“sender”类型中引用类型的为 Null 性与目标委托“MouseEventHandler”不匹配(可能是由于为 Null 性特性)。 [C:\Users\luo\.codex\worktrees\p3-db04-restore-drill-20260810\Server.MirForms\Server.csproj]
C:\Users\luo\.codex\worktrees\p3-db04-restore-drill-20260810\Server.MirForms\VisualMapInfo\Control\MineEntry.cs(66,67): warning CS8622: “void MineEntry.Region_MouseEnter(object sender, EventArgs e)”的参数“sender”类型中引用类型的为 Null 性与目标委托“EventHandler”不匹配(可能是由于为 Null 性特性)。 [C:\Users\luo\.codex\worktrees\p3-db04-restore-drill-20260810\Server.MirForms\Server.csproj]
C:\Users\luo\.codex\worktrees\p3-db04-restore-drill-20260810\Server.MirForms\VisualMapInfo\Control\MineEntry.cs(67,67): warning CS8622: “void MineEntry.Region_MouseLeave(object sender, EventArgs e)”的参数“sender”类型中引用类型的为 Null 性与目标委托“EventHandler”不匹配(可能是由于为 Null 性特性)。 [C:\Users\luo\.codex\worktrees\p3-db04-restore-drill-20260810\Server.MirForms\Server.csproj]
C:\Users\luo\.codex\worktrees\p3-db04-restore-drill-20260810\Server.MirForms\VisualMapInfo\Control\MineEntry.cs(68,86): warning CS8622: “void MineEntry.RegionHighlight_MouseClick(object sender, MouseEventArgs e)”的参数“sender”类型中引用类型的为 Null 性与目标委托“MouseEventHandler”不匹配(可能是由于为 Null 性特性)。 [C:\Users\luo\.codex\worktrees\p3-db04-restore-drill-20260810\Server.MirForms\Server.csproj]
C:\Users\luo\.codex\worktrees\p3-db04-restore-drill-20260810\Server.MirForms\VisualMapInfo\Control\MineEntry.cs(69,43): warning CS8622: “void MineEntry.RegionHighlight_MouseHover(object sender, EventArgs e)”的参数“sender”类型中引用类型的为 Null 性与目标委托“EventHandler”不匹配(可能是由于为 Null 性特性)。 [C:\Users\luo\.codex\worktrees\p3-db04-restore-drill-20260810\Server.MirForms\Server.csproj]
C:\Users\luo\.codex\worktrees\p3-db04-restore-drill-20260810\Server.MirForms\VisualMapInfo\Control\RespawnEntry.cs(69,85): warning CS8622: “void RespawnEntry.Region_MouseMove(object sender, MouseEventArgs e)”的参数“sender”类型中引用类型的为 Null 性与目标委托“MouseEventHandler”不匹配(可能是由于为 Null 性特性)。 [C:\Users\luo\.codex\worktrees\p3-db04-restore-drill-20260810\Server.MirForms\Server.csproj]
C:\Users\luo\.codex\worktrees\p3-db04-restore-drill-20260810\Server.MirForms\VisualMapInfo\Control\RespawnEntry.cs(70,85): warning CS8622: “void RespawnEntry.Region_MouseDown(object sender, MouseEventArgs e)”的参数“sender”类型中引用类型的为 Null 性与目标委托“MouseEventHandler”不匹配(可能是由于为 Null 性特性)。 [C:\Users\luo\.codex\worktrees\p3-db04-restore-drill-20260810\Server.MirForms\Server.csproj]
C:\Users\luo\.codex\worktrees\p3-db04-restore-drill-20260810\Server.MirForms\VisualMapInfo\Control\RespawnEntry.cs(71,67): warning CS8622: “void RespawnEntry.Region_MouseEnter(object sender, EventArgs e)”的参数“sender”类型中引用类型的为 Null 性与目标委托“EventHandler”不匹配(可能是由于为 Null 性特性)。 [C:\Users\luo\.codex\worktrees\p3-db04-restore-drill-20260810\Server.MirForms\Server.csproj]
C:\Users\luo\.codex\worktrees\p3-db04-restore-drill-20260810\Server.MirForms\VisualMapInfo\Control\RespawnEntry.cs(72,67): warning CS8622: “void RespawnEntry.Region_MouseLeave(object sender, EventArgs e)”的参数“sender”类型中引用类型的为 Null 性与目标委托“EventHandler”不匹配(可能是由于为 Null 性特性)。 [C:\Users\luo\.codex\worktrees\p3-db04-restore-drill-20260810\Server.MirForms\Server.csproj]
C:\Users\luo\.codex\worktrees\p3-db04-restore-drill-20260810\Server.MirForms\VisualMapInfo\Control\RespawnEntry.cs(73,86): warning CS8622: “void RespawnEntry.RegionHighlight_MouseClick(object sender, MouseEventArgs e)”的参数“sender”类型中引用类型的为 Null 性与目标委托“MouseEventHandler”不匹配(可能是由于为 Null 性特性)。 [C:\Users\luo\.codex\worktrees\p3-db04-restore-drill-20260810\Server.MirForms\Server.csproj]
C:\Users\luo\.codex\worktrees\p3-db04-restore-drill-20260810\Server.MirForms\VisualMapInfo\Control\RespawnEntry.cs(74,43): warning CS8622: “void RespawnEntry.RegionHighlight_MouseHover(object sender, EventArgs e)”的参数“sender”类型中引用类型的为 Null 性与目标委托“EventHandler”不匹配(可能是由于为 Null 性特性)。 [C:\Users\luo\.codex\worktrees\p3-db04-restore-drill-20260810\Server.MirForms\Server.csproj]
C:\Users\luo\.codex\worktrees\p3-db04-restore-drill-20260810\Server.MirForms\Database\ItemInfoForm.cs(1165,45): warning CS8605: 取消装箱可能为 null 的值。 [C:\Users\luo\.codex\worktrees\p3-db04-restore-drill-20260810\Server.MirForms\Server.csproj]
C:\Users\luo\.codex\worktrees\p3-db04-restore-drill-20260810\Server.MirForms\BalanceConfigForm.cs(1728,28): warning CS8605: 取消装箱可能为 null 的值。 [C:\Users\luo\.codex\worktrees\p3-db04-restore-drill-20260810\Server.MirForms\Server.csproj]
C:\Users\luo\.codex\worktrees\p3-db04-restore-drill-20260810\Server.MirForms\BalanceConfigForm.cs(1729,31): warning CS8605: 取消装箱可能为 null 的值。 [C:\Users\luo\.codex\worktrees\p3-db04-restore-drill-20260810\Server.MirForms\Server.csproj]
C:\Users\luo\.codex\worktrees\p3-db04-restore-drill-20260810\Server.MirForms\BalanceConfigForm.cs(1766,28): warning CS8605: 取消装箱可能为 null 的值。 [C:\Users\luo\.codex\worktrees\p3-db04-restore-drill-20260810\Server.MirForms\Server.csproj]
C:\Users\luo\.codex\worktrees\p3-db04-restore-drill-20260810\Server.MirForms\Database\ItemInfoFormNew.cs(929,35): warning CS8602: 解引用可能出现空引用。 [C:\Users\luo\.codex\worktrees\p3-db04-restore-drill-20260810\Server.MirForms\Server.csproj]
C:\Users\luo\.codex\worktrees\p3-db04-restore-drill-20260810\Server.MirForms\Database\ItemInfoFormNew.cs(972,17): warning CS8602: 解引用可能出现空引用。 [C:\Users\luo\.codex\worktrees\p3-db04-restore-drill-20260810\Server.MirForms\Server.csproj]
C:\Users\luo\.codex\worktrees\p3-db04-restore-drill-20260810\Server.MirForms\Database\ItemInfoFormNew.cs(974,29): warning CS8605: 取消装箱可能为 null 的值。 [C:\Users\luo\.codex\worktrees\p3-db04-restore-drill-20260810\Server.MirForms\Server.csproj]
C:\Users\luo\.codex\worktrees\p3-db04-restore-drill-20260810\Server.MirForms\Database\ItemInfoFormNew.cs(992,33): warning CS8605: 取消装箱可能为 null 的值。 [C:\Users\luo\.codex\worktrees\p3-db04-restore-drill-20260810\Server.MirForms\Server.csproj]
C:\Users\luo\.codex\worktrees\p3-db04-restore-drill-20260810\Server.MirForms\Database\ItemInfoFormNew.cs(1023,38): warning CS8605: 取消装箱可能为 null 的值。 [C:\Users\luo\.codex\worktrees\p3-db04-restore-drill-20260810\Server.MirForms\Server.csproj]
C:\Users\luo\.codex\worktrees\p3-db04-restore-drill-20260810\Server.MirForms\VisualMapInfo\Control\RespawnEntry.cs(207,32): warning CS8600: 将 null 文本或可能的 null 值转换为不可为 null 类型。 [C:\Users\luo\.codex\worktrees\p3-db04-restore-drill-20260810\Server.MirForms\Server.csproj]
C:\Users\luo\.codex\worktrees\p3-db04-restore-drill-20260810\Server.MirForms\Database\ItemInfoFormNew.cs(1039,31): warning CS8602: 解引用可能出现空引用。 [C:\Users\luo\.codex\worktrees\p3-db04-restore-drill-20260810\Server.MirForms\Server.csproj]
C:\Users\luo\.codex\worktrees\p3-db04-restore-drill-20260810\Server.MirForms\Database\ItemInfoFormNew.cs(1040,30): warning CS8602: 解引用可能出现空引用。 [C:\Users\luo\.codex\worktrees\p3-db04-restore-drill-20260810\Server.MirForms\Server.csproj]
C:\Users\luo\.codex\worktrees\p3-db04-restore-drill-20260810\Server.MirForms\DropBuilder\DropBuilderForm.cs(344,62): warning CS8602: 解引用可能出现空引用。 [C:\Users\luo\.codex\worktrees\p3-db04-restore-drill-20260810\Server.MirForms\Server.csproj]
C:\Users\luo\.codex\worktrees\p3-db04-restore-drill-20260810\Server.MirForms\DropBuilder\DropBuilderForm.cs(344,62): warning CS8602: 解引用可能出现空引用。 [C:\Users\luo\.codex\worktrees\p3-db04-restore-drill-20260810\Server.MirForms\Server.csproj]
C:\Users\luo\.codex\worktrees\p3-db04-restore-drill-20260810\Server.MirForms\DropBuilder\DropBuilderForm.cs(362,21): warning CS8602: 解引用可能出现空引用。 [C:\Users\luo\.codex\worktrees\p3-db04-restore-drill-20260810\Server.MirForms\Server.csproj]
C:\Users\luo\.codex\worktrees\p3-db04-restore-drill-20260810\Server.MirForms\DropBuilder\DropBuilderForm.cs(362,21): warning CS8602: 解引用可能出现空引用。 [C:\Users\luo\.codex\worktrees\p3-db04-restore-drill-20260810\Server.MirForms\Server.csproj]
C:\Users\luo\.codex\worktrees\p3-db04-restore-drill-20260810\Server.MirForms\DropBuilder\DropBuilderForm.cs(481,83): warning CS8625: 无法将 null 字面量转换为非 null 的引用类型。 [C:\Users\luo\.codex\worktrees\p3-db04-restore-drill-20260810\Server.MirForms\Server.csproj]
C:\Users\luo\.codex\worktrees\p3-db04-restore-drill-20260810\Server.MirForms\Database\MapInfoForm.cs(1542,40): warning CS8602: 解引用可能出现空引用。 [C:\Users\luo\.codex\worktrees\p3-db04-restore-drill-20260810\Server.MirForms\Server.csproj]
C:\Users\luo\.codex\worktrees\p3-db04-restore-drill-20260810\Server.MirForms\Database\MapInfoForm.cs(1621,33): warning CS8622: “void MapInfoForm.VForm_Disposed(object sender, EventArgs e)”的参数“sender”类型中引用类型的为 Null 性与目标委托“FormClosedEventHandler”不匹配(可能是由于为 Null 性特性)。 [C:\Users\luo\.codex\worktrees\p3-db04-restore-drill-20260810\Server.MirForms\Server.csproj]
C:\Users\luo\.codex\worktrees\p3-db04-restore-drill-20260810\Server.MirForms\DropBuilder\DropBuilderForm.cs(497,25): warning CS8602: 解引用可能出现空引用。 [C:\Users\luo\.codex\worktrees\p3-db04-restore-drill-20260810\Server.MirForms\Server.csproj]
C:\Users\luo\.codex\worktrees\p3-db04-restore-drill-20260810\Server.MirForms\DropBuilder\DropBuilderForm.cs(497,25): warning CS8602: 解引用可能出现空引用。 [C:\Users\luo\.codex\worktrees\p3-db04-restore-drill-20260810\Server.MirForms\Server.csproj]
C:\Users\luo\.codex\worktrees\p3-db04-restore-drill-20260810\Server.MirForms\DropBuilder\DropBuilderForm.cs(500,54): warning CS8602: 解引用可能出现空引用。 [C:\Users\luo\.codex\worktrees\p3-db04-restore-drill-20260810\Server.MirForms\Server.csproj]
C:\Users\luo\.codex\worktrees\p3-db04-restore-drill-20260810\Server.MirForms\DropBuilder\DropBuilderForm.cs(500,54): warning CS8602: 解引用可能出现空引用。 [C:\Users\luo\.codex\worktrees\p3-db04-restore-drill-20260810\Server.MirForms\Server.csproj]
C:\Users\luo\.codex\worktrees\p3-db04-restore-drill-20260810\Server.MirForms\DropBuilder\DropBuilderForm.cs(504,54): warning CS8602: 解引用可能出现空引用。 [C:\Users\luo\.codex\worktrees\p3-db04-restore-drill-20260810\Server.MirForms\Server.csproj]
C:\Users\luo\.codex\worktrees\p3-db04-restore-drill-20260810\Server.MirForms\DropBuilder\DropBuilderForm.cs(504,54): warning CS8602: 解引用可能出现空引用。 [C:\Users\luo\.codex\worktrees\p3-db04-restore-drill-20260810\Server.MirForms\Server.csproj]
C:\Users\luo\.codex\worktrees\p3-db04-restore-drill-20260810\Server.MirForms\DropBuilder\DropBuilderForm.cs(508,54): warning CS8602: 解引用可能出现空引用。 [C:\Users\luo\.codex\worktrees\p3-db04-restore-drill-20260810\Server.MirForms\Server.csproj]
C:\Users\luo\.codex\worktrees\p3-db04-restore-drill-20260810\Server.MirForms\DropBuilder\DropBuilderForm.cs(508,54): warning CS8602: 解引用可能出现空引用。 [C:\Users\luo\.codex\worktrees\p3-db04-restore-drill-20260810\Server.MirForms\Server.csproj]
C:\Users\luo\.codex\worktrees\p3-db04-restore-drill-20260810\Server.MirForms\DropBuilder\DropBuilderForm.cs(512,54): warning CS8602: 解引用可能出现空引用。 [C:\Users\luo\.codex\worktrees\p3-db04-restore-drill-20260810\Server.MirForms\Server.csproj]
C:\Users\luo\.codex\worktrees\p3-db04-restore-drill-20260810\Server.MirForms\DropBuilder\DropBuilderForm.cs(512,54): warning CS8602: 解引用可能出现空引用。 [C:\Users\luo\.codex\worktrees\p3-db04-restore-drill-20260810\Server.MirForms\Server.csproj]
C:\Users\luo\.codex\worktrees\p3-db04-restore-drill-20260810\Server.MirForms\DropBuilder\DropBuilderForm.cs(516,54): warning CS8602: 解引用可能出现空引用。 [C:\Users\luo\.codex\worktrees\p3-db04-restore-drill-20260810\Server.MirForms\Server.csproj]
C:\Users\luo\.codex\worktrees\p3-db04-restore-drill-20260810\Server.MirForms\DropBuilder\DropBuilderForm.cs(516,54): warning CS8602: 解引用可能出现空引用。 [C:\Users\luo\.codex\worktrees\p3-db04-restore-drill-20260810\Server.MirForms\Server.csproj]
C:\Users\luo\.codex\worktrees\p3-db04-restore-drill-20260810\Server.MirForms\DropBuilder\DropBuilderForm.cs(520,54): warning CS8602: 解引用可能出现空引用。 [C:\Users\luo\.codex\worktrees\p3-db04-restore-drill-20260810\Server.MirForms\Server.csproj]
C:\Users\luo\.codex\worktrees\p3-db04-restore-drill-20260810\Server.MirForms\DropBuilder\DropBuilderForm.cs(520,54): warning CS8602: 解引用可能出现空引用。 [C:\Users\luo\.codex\worktrees\p3-db04-restore-drill-20260810\Server.MirForms\Server.csproj]
C:\Users\luo\.codex\worktrees\p3-db04-restore-drill-20260810\Server.MirForms\DropBuilder\DropBuilderForm.cs(524,55): warning CS8602: 解引用可能出现空引用。 [C:\Users\luo\.codex\worktrees\p3-db04-restore-drill-20260810\Server.MirForms\Server.csproj]
C:\Users\luo\.codex\worktrees\p3-db04-restore-drill-20260810\Server.MirForms\DropBuilder\DropBuilderForm.cs(524,55): warning CS8602: 解引用可能出现空引用。 [C:\Users\luo\.codex\worktrees\p3-db04-restore-drill-20260810\Server.MirForms\Server.csproj]
C:\Users\luo\.codex\worktrees\p3-db04-restore-drill-20260810\Server.MirForms\DropBuilder\DropBuilderForm.cs(528,54): warning CS8602: 解引用可能出现空引用。 [C:\Users\luo\.codex\worktrees\p3-db04-restore-drill-20260810\Server.MirForms\Server.csproj]
C:\Users\luo\.codex\worktrees\p3-db04-restore-drill-20260810\Server.MirForms\DropBuilder\DropBuilderForm.cs(528,54): warning CS8602: 解引用可能出现空引用。 [C:\Users\luo\.codex\worktrees\p3-db04-restore-drill-20260810\Server.MirForms\Server.csproj]
C:\Users\luo\.codex\worktrees\p3-db04-restore-drill-20260810\Server.MirForms\DropBuilder\DropBuilderForm.cs(532,54): warning CS8602: 解引用可能出现空引用。 [C:\Users\luo\.codex\worktrees\p3-db04-restore-drill-20260810\Server.MirForms\Server.csproj]
C:\Users\luo\.codex\worktrees\p3-db04-restore-drill-20260810\Server.MirForms\DropBuilder\DropBuilderForm.cs(532,54): warning CS8602: 解引用可能出现空引用。 [C:\Users\luo\.codex\worktrees\p3-db04-restore-drill-20260810\Server.MirForms\Server.csproj]
C:\Users\luo\.codex\worktrees\p3-db04-restore-drill-20260810\Server.MirForms\DropBuilder\DropBuilderForm.cs(536,55): warning CS8602: 解引用可能出现空引用。 [C:\Users\luo\.codex\worktrees\p3-db04-restore-drill-20260810\Server.MirForms\Server.csproj]
C:\Users\luo\.codex\worktrees\p3-db04-restore-drill-20260810\Server.MirForms\DropBuilder\DropBuilderForm.cs(536,55): warning CS8602: 解引用可能出现空引用。 [C:\Users\luo\.codex\worktrees\p3-db04-restore-drill-20260810\Server.MirForms\Server.csproj]
C:\Users\luo\.codex\worktrees\p3-db04-restore-drill-20260810\Server.MirForms\DropBuilder\DropBuilderForm.cs(540,55): warning CS8602: 解引用可能出现空引用。 [C:\Users\luo\.codex\worktrees\p3-db04-restore-drill-20260810\Server.MirForms\Server.csproj]
C:\Users\luo\.codex\worktrees\p3-db04-restore-drill-20260810\Server.MirForms\DropBuilder\DropBuilderForm.cs(540,55): warning CS8602: 解引用可能出现空引用。 [C:\Users\luo\.codex\worktrees\p3-db04-restore-drill-20260810\Server.MirForms\Server.csproj]
C:\Users\luo\.codex\worktrees\p3-db04-restore-drill-20260810\Server.MirForms\DropBuilder\DropBuilderForm.cs(544,54): warning CS8602: 解引用可能出现空引用。 [C:\Users\luo\.codex\worktrees\p3-db04-restore-drill-20260810\Server.MirForms\Server.csproj]
C:\Users\luo\.codex\worktrees\p3-db04-restore-drill-20260810\Server.MirForms\DropBuilder\DropBuilderForm.cs(544,54): warning CS8602: 解引用可能出现空引用。 [C:\Users\luo\.codex\worktrees\p3-db04-restore-drill-20260810\Server.MirForms\Server.csproj]
C:\Users\luo\.codex\worktrees\p3-db04-restore-drill-20260810\Server.MirForms\DropBuilder\DropBuilderForm.cs(548,54): warning CS8602: 解引用可能出现空引用。 [C:\Users\luo\.codex\worktrees\p3-db04-restore-drill-20260810\Server.MirForms\Server.csproj]
C:\Users\luo\.codex\worktrees\p3-db04-restore-drill-20260810\Server.MirForms\DropBuilder\DropBuilderForm.cs(548,54): warning CS8602: 解引用可能出现空引用。 [C:\Users\luo\.codex\worktrees\p3-db04-restore-drill-20260810\Server.MirForms\Server.csproj]
C:\Users\luo\.codex\worktrees\p3-db04-restore-drill-20260810\Server.MirForms\DropBuilder\DropBuilderForm.cs(552,53): warning CS8602: 解引用可能出现空引用。 [C:\Users\luo\.codex\worktrees\p3-db04-restore-drill-20260810\Server.MirForms\Server.csproj]
C:\Users\luo\.codex\worktrees\p3-db04-restore-drill-20260810\Server.MirForms\DropBuilder\DropBuilderForm.cs(552,53): warning CS8602: 解引用可能出现空引用。 [C:\Users\luo\.codex\worktrees\p3-db04-restore-drill-20260810\Server.MirForms\Server.csproj]
C:\Users\luo\.codex\worktrees\p3-db04-restore-drill-20260810\Server.MirForms\DropBuilder\DropBuilderForm.cs(556,56): warning CS8602: 解引用可能出现空引用。 [C:\Users\luo\.codex\worktrees\p3-db04-restore-drill-20260810\Server.MirForms\Server.csproj]
C:\Users\luo\.codex\worktrees\p3-db04-restore-drill-20260810\Server.MirForms\DropBuilder\DropBuilderForm.cs(556,56): warning CS8602: 解引用可能出现空引用。 [C:\Users\luo\.codex\worktrees\p3-db04-restore-drill-20260810\Server.MirForms\Server.csproj]
C:\Users\luo\.codex\worktrees\p3-db04-restore-drill-20260810\Server.MirForms\DropBuilder\DropBuilderForm.cs(561,54): warning CS8602: 解引用可能出现空引用。 [C:\Users\luo\.codex\worktrees\p3-db04-restore-drill-20260810\Server.MirForms\Server.csproj]
C:\Users\luo\.codex\worktrees\p3-db04-restore-drill-20260810\Server.MirForms\DropBuilder\DropBuilderForm.cs(561,54): warning CS8602: 解引用可能出现空引用。 [C:\Users\luo\.codex\worktrees\p3-db04-restore-drill-20260810\Server.MirForms\Server.csproj]
C:\Users\luo\.codex\worktrees\p3-db04-restore-drill-20260810\Server.MirForms\DropBuilder\DropBuilderForm.cs(565,56): warning CS8602: 解引用可能出现空引用。 [C:\Users\luo\.codex\worktrees\p3-db04-restore-drill-20260810\Server.MirForms\Server.csproj]
C:\Users\luo\.codex\worktrees\p3-db04-restore-drill-20260810\Server.MirForms\DropBuilder\DropBuilderForm.cs(565,56): warning CS8602: 解引用可能出现空引用。 [C:\Users\luo\.codex\worktrees\p3-db04-restore-drill-20260810\Server.MirForms\Server.csproj]
C:\Users\luo\.codex\worktrees\p3-db04-restore-drill-20260810\Server.MirForms\DropBuilder\DropBuilderForm.cs(569,54): warning CS8602: 解引用可能出现空引用。 [C:\Users\luo\.codex\worktrees\p3-db04-restore-drill-20260810\Server.MirForms\Server.csproj]
C:\Users\luo\.codex\worktrees\p3-db04-restore-drill-20260810\Server.MirForms\DropBuilder\DropBuilderForm.cs(569,54): warning CS8602: 解引用可能出现空引用。 [C:\Users\luo\.codex\worktrees\p3-db04-restore-drill-20260810\Server.MirForms\Server.csproj]
C:\Users\luo\.codex\worktrees\p3-db04-restore-drill-20260810\Server.MirForms\DropBuilder\DropBuilderForm.cs(573,55): warning CS8602: 解引用可能出现空引用。 [C:\Users\luo\.codex\worktrees\p3-db04-restore-drill-20260810\Server.MirForms\Server.csproj]
C:\Users\luo\.codex\worktrees\p3-db04-restore-drill-20260810\Server.MirForms\DropBuilder\DropBuilderForm.cs(573,55): warning CS8602: 解引用可能出现空引用。 [C:\Users\luo\.codex\worktrees\p3-db04-restore-drill-20260810\Server.MirForms\Server.csproj]
C:\Users\luo\.codex\worktrees\p3-db04-restore-drill-20260810\Server.MirForms\DropBuilder\DropBuilderForm.cs(577,54): warning CS8602: 解引用可能出现空引用。 [C:\Users\luo\.codex\worktrees\p3-db04-restore-drill-20260810\Server.MirForms\Server.csproj]
C:\Users\luo\.codex\worktrees\p3-db04-restore-drill-20260810\Server.MirForms\DropBuilder\DropBuilderForm.cs(577,54): warning CS8602: 解引用可能出现空引用。 [C:\Users\luo\.codex\worktrees\p3-db04-restore-drill-20260810\Server.MirForms\Server.csproj]
C:\Users\luo\.codex\worktrees\p3-db04-restore-drill-20260810\Server.MirForms\DropBuilder\DropBuilderForm.cs(581,57): warning CS8602: 解引用可能出现空引用。 [C:\Users\luo\.codex\worktrees\p3-db04-restore-drill-20260810\Server.MirForms\Server.csproj]
C:\Users\luo\.codex\worktrees\p3-db04-restore-drill-20260810\Server.MirForms\DropBuilder\DropBuilderForm.cs(581,57): warning CS8602: 解引用可能出现空引用。 [C:\Users\luo\.codex\worktrees\p3-db04-restore-drill-20260810\Server.MirForms\Server.csproj]
C:\Users\luo\.codex\worktrees\p3-db04-restore-drill-20260810\Server.MirForms\DropBuilder\DropBuilderForm.cs(585,54): warning CS8602: 解引用可能出现空引用。 [C:\Users\luo\.codex\worktrees\p3-db04-restore-drill-20260810\Server.MirForms\Server.csproj]
C:\Users\luo\.codex\worktrees\p3-db04-restore-drill-20260810\Server.MirForms\DropBuilder\DropBuilderForm.cs(585,54): warning CS8602: 解引用可能出现空引用。 [C:\Users\luo\.codex\worktrees\p3-db04-restore-drill-20260810\Server.MirForms\Server.csproj]
C:\Users\luo\.codex\worktrees\p3-db04-restore-drill-20260810\Server.MirForms\DropBuilder\DropBuilderForm.cs(589,54): warning CS8602: 解引用可能出现空引用。 [C:\Users\luo\.codex\worktrees\p3-db04-restore-drill-20260810\Server.MirForms\Server.csproj]
C:\Users\luo\.codex\worktrees\p3-db04-restore-drill-20260810\Server.MirForms\DropBuilder\DropBuilderForm.cs(589,54): warning CS8602: 解引用可能出现空引用。 [C:\Users\luo\.codex\worktrees\p3-db04-restore-drill-20260810\Server.MirForms\Server.csproj]
C:\Users\luo\.codex\worktrees\p3-db04-restore-drill-20260810\Server.MirForms\DropBuilder\DropBuilderForm.cs(593,54): warning CS8602: 解引用可能出现空引用。 [C:\Users\luo\.codex\worktrees\p3-db04-restore-drill-20260810\Server.MirForms\Server.csproj]
C:\Users\luo\.codex\worktrees\p3-db04-restore-drill-20260810\Server.MirForms\DropBuilder\DropBuilderForm.cs(593,54): warning CS8602: 解引用可能出现空引用。 [C:\Users\luo\.codex\worktrees\p3-db04-restore-drill-20260810\Server.MirForms\Server.csproj]
C:\Users\luo\.codex\worktrees\p3-db04-restore-drill-20260810\Server.MirForms\DropBuilder\DropBuilderForm.cs(597,55): warning CS8602: 解引用可能出现空引用。 [C:\Users\luo\.codex\worktrees\p3-db04-restore-drill-20260810\Server.MirForms\Server.csproj]
C:\Users\luo\.codex\worktrees\p3-db04-restore-drill-20260810\Server.MirForms\DropBuilder\DropBuilderForm.cs(597,55): warning CS8602: 解引用可能出现空引用。 [C:\Users\luo\.codex\worktrees\p3-db04-restore-drill-20260810\Server.MirForms\Server.csproj]
C:\Users\luo\.codex\worktrees\p3-db04-restore-drill-20260810\Server.MirForms\DropBuilder\DropBuilderForm.cs(601,54): warning CS8602: 解引用可能出现空引用。 [C:\Users\luo\.codex\worktrees\p3-db04-restore-drill-20260810\Server.MirForms\Server.csproj]
C:\Users\luo\.codex\worktrees\p3-db04-restore-drill-20260810\Server.MirForms\DropBuilder\DropBuilderForm.cs(601,54): warning CS8602: 解引用可能出现空引用。 [C:\Users\luo\.codex\worktrees\p3-db04-restore-drill-20260810\Server.MirForms\Server.csproj]
C:\Users\luo\.codex\worktrees\p3-db04-restore-drill-20260810\Server.MirForms\DropBuilder\DropBuilderForm.cs(605,56): warning CS8602: 解引用可能出现空引用。 [C:\Users\luo\.codex\worktrees\p3-db04-restore-drill-20260810\Server.MirForms\Server.csproj]
C:\Users\luo\.codex\worktrees\p3-db04-restore-drill-20260810\Server.MirForms\DropBuilder\DropBuilderForm.cs(605,56): warning CS8602: 解引用可能出现空引用。 [C:\Users\luo\.codex\worktrees\p3-db04-restore-drill-20260810\Server.MirForms\Server.csproj]
C:\Users\luo\.codex\worktrees\p3-db04-restore-drill-20260810\Server.MirForms\DropBuilder\DropBuilderForm.cs(609,54): warning CS8602: 解引用可能出现空引用。 [C:\Users\luo\.codex\worktrees\p3-db04-restore-drill-20260810\Server.MirForms\Server.csproj]
C:\Users\luo\.codex\worktrees\p3-db04-restore-drill-20260810\Server.MirForms\DropBuilder\DropBuilderForm.cs(609,54): warning CS8602: 解引用可能出现空引用。 [C:\Users\luo\.codex\worktrees\p3-db04-restore-drill-20260810\Server.MirForms\Server.csproj]
C:\Users\luo\.codex\worktrees\p3-db04-restore-drill-20260810\Server.MirForms\DropBuilder\DropBuilderForm.cs(613,54): warning CS8602: 解引用可能出现空引用。 [C:\Users\luo\.codex\worktrees\p3-db04-restore-drill-20260810\Server.MirForms\Server.csproj]
C:\Users\luo\.codex\worktrees\p3-db04-restore-drill-20260810\Server.MirForms\DropBuilder\DropBuilderForm.cs(613,54): warning CS8602: 解引用可能出现空引用。 [C:\Users\luo\.codex\worktrees\p3-db04-restore-drill-20260810\Server.MirForms\Server.csproj]
C:\Users\luo\.codex\worktrees\p3-db04-restore-drill-20260810\Server.MirForms\DropBuilder\DropBuilderForm.cs(617,54): warning CS8602: 解引用可能出现空引用。 [C:\Users\luo\.codex\worktrees\p3-db04-restore-drill-20260810\Server.MirForms\Server.csproj]
C:\Users\luo\.codex\worktrees\p3-db04-restore-drill-20260810\Server.MirForms\DropBuilder\DropBuilderForm.cs(617,54): warning CS8602: 解引用可能出现空引用。 [C:\Users\luo\.codex\worktrees\p3-db04-restore-drill-20260810\Server.MirForms\Server.csproj]
C:\Users\luo\.codex\worktrees\p3-db04-restore-drill-20260810\Server.MirForms\DropBuilder\DropBuilderForm.cs(621,55): warning CS8602: 解引用可能出现空引用。 [C:\Users\luo\.codex\worktrees\p3-db04-restore-drill-20260810\Server.MirForms\Server.csproj]
C:\Users\luo\.codex\worktrees\p3-db04-restore-drill-20260810\Server.MirForms\DropBuilder\DropBuilderForm.cs(621,55): warning CS8602: 解引用可能出现空引用。 [C:\Users\luo\.codex\worktrees\p3-db04-restore-drill-20260810\Server.MirForms\Server.csproj]
C:\Users\luo\.codex\worktrees\p3-db04-restore-drill-20260810\Server.MirForms\DropBuilder\DropBuilderForm.cs(625,54): warning CS8602: 解引用可能出现空引用。 [C:\Users\luo\.codex\worktrees\p3-db04-restore-drill-20260810\Server.MirForms\Server.csproj]
C:\Users\luo\.codex\worktrees\p3-db04-restore-drill-20260810\Server.MirForms\DropBuilder\DropBuilderForm.cs(625,54): warning CS8602: 解引用可能出现空引用。 [C:\Users\luo\.codex\worktrees\p3-db04-restore-drill-20260810\Server.MirForms\Server.csproj]
C:\Users\luo\.codex\worktrees\p3-db04-restore-drill-20260810\Server.MirForms\DropBuilder\DropBuilderForm.cs(629,53): warning CS8602: 解引用可能出现空引用。 [C:\Users\luo\.codex\worktrees\p3-db04-restore-drill-20260810\Server.MirForms\Server.csproj]
C:\Users\luo\.codex\worktrees\p3-db04-restore-drill-20260810\Server.MirForms\DropBuilder\DropBuilderForm.cs(629,53): warning CS8602: 解引用可能出现空引用。 [C:\Users\luo\.codex\worktrees\p3-db04-restore-drill-20260810\Server.MirForms\Server.csproj]
C:\Users\luo\.codex\worktrees\p3-db04-restore-drill-20260810\Server.MirForms\DropBuilder\DropBuilderForm.cs(633,56): warning CS8602: 解引用可能出现空引用。 [C:\Users\luo\.codex\worktrees\p3-db04-restore-drill-20260810\Server.MirForms\Server.csproj]
C:\Users\luo\.codex\worktrees\p3-db04-restore-drill-20260810\Server.MirForms\DropBuilder\DropBuilderForm.cs(633,56): warning CS8602: 解引用可能出现空引用。 [C:\Users\luo\.codex\worktrees\p3-db04-restore-drill-20260810\Server.MirForms\Server.csproj]
C:\Users\luo\.codex\worktrees\p3-db04-restore-drill-20260810\Server.MirForms\DropBuilder\DropBuilderForm.cs(637,56): warning CS8602: 解引用可能出现空引用。 [C:\Users\luo\.codex\worktrees\p3-db04-restore-drill-20260810\Server.MirForms\Server.csproj]
C:\Users\luo\.codex\worktrees\p3-db04-restore-drill-20260810\Server.MirForms\DropBuilder\DropBuilderForm.cs(637,56): warning CS8602: 解引用可能出现空引用。 [C:\Users\luo\.codex\worktrees\p3-db04-restore-drill-20260810\Server.MirForms\Server.csproj]
C:\Users\luo\.codex\worktrees\p3-db04-restore-drill-20260810\Server.MirForms\DropBuilder\DropBuilderForm.cs(641,54): warning CS8602: 解引用可能出现空引用。 [C:\Users\luo\.codex\worktrees\p3-db04-restore-drill-20260810\Server.MirForms\Server.csproj]
C:\Users\luo\.codex\worktrees\p3-db04-restore-drill-20260810\Server.MirForms\DropBuilder\DropBuilderForm.cs(641,54): warning CS8602: 解引用可能出现空引用。 [C:\Users\luo\.codex\worktrees\p3-db04-restore-drill-20260810\Server.MirForms\Server.csproj]
C:\Users\luo\.codex\worktrees\p3-db04-restore-drill-20260810\Server.MirForms\DropBuilder\DropBuilderForm.cs(645,56): warning CS8602: 解引用可能出现空引用。 [C:\Users\luo\.codex\worktrees\p3-db04-restore-drill-20260810\Server.MirForms\Server.csproj]
C:\Users\luo\.codex\worktrees\p3-db04-restore-drill-20260810\Server.MirForms\DropBuilder\DropBuilderForm.cs(645,56): warning CS8602: 解引用可能出现空引用。 [C:\Users\luo\.codex\worktrees\p3-db04-restore-drill-20260810\Server.MirForms\Server.csproj]
C:\Users\luo\.codex\worktrees\p3-db04-restore-drill-20260810\Server.MirForms\DropBuilder\DropBuilderForm.cs(673,27): warning CS8600: 将 null 文本或可能的 null 值转换为不可为 null 类型。 [C:\Users\luo\.codex\worktrees\p3-db04-restore-drill-20260810\Server.MirForms\Server.csproj]
C:\Users\luo\.codex\worktrees\p3-db04-restore-drill-20260810\Server.MirForms\DropBuilder\DropBuilderForm.cs(673,27): warning CS8602: 解引用可能出现空引用。 [C:\Users\luo\.codex\worktrees\p3-db04-restore-drill-20260810\Server.MirForms\Server.csproj]
C:\Users\luo\.codex\worktrees\p3-db04-restore-drill-20260810\Server.MirForms\DropBuilder\DropBuilderForm.cs(678,32): warning CS8600: 将 null 文本或可能的 null 值转换为不可为 null 类型。 [C:\Users\luo\.codex\worktrees\p3-db04-restore-drill-20260810\Server.MirForms\Server.csproj]
C:\Users\luo\.codex\worktrees\p3-db04-restore-drill-20260810\Server.MirForms\DropBuilder\DropBuilderForm.cs(680,46): warning CS8603: 可能返回 null 引用。 [C:\Users\luo\.codex\worktrees\p3-db04-restore-drill-20260810\Server.MirForms\Server.csproj]
C:\Users\luo\.codex\worktrees\p3-db04-restore-drill-20260810\Server.MirForms\Database\MapInfoForm.cs(1756,28): warning CS8600: 将 null 文本或可能的 null 值转换为不可为 null 类型。 [C:\Users\luo\.codex\worktrees\p3-db04-restore-drill-20260810\Server.MirForms\Server.csproj]
C:\Users\luo\.codex\worktrees\p3-db04-restore-drill-20260810\Server.MirForms\Database\MapInfoForm.cs(1762,21): warning CS8602: 解引用可能出现空引用。 [C:\Users\luo\.codex\worktrees\p3-db04-restore-drill-20260810\Server.MirForms\Server.csproj]
C:\Users\luo\.codex\worktrees\p3-db04-restore-drill-20260810\Server.MirForms\Database\MapInfoForm.cs(1764,94): warning CS8602: 解引用可能出现空引用。 [C:\Users\luo\.codex\worktrees\p3-db04-restore-drill-20260810\Server.MirForms\Server.csproj]
C:\Users\luo\.codex\worktrees\p3-db04-restore-drill-20260810\Server.MirForms\Database\MapInfoForm.cs(1764,41): warning CS8600: 将 null 文本或可能的 null 值转换为不可为 null 类型。 [C:\Users\luo\.codex\worktrees\p3-db04-restore-drill-20260810\Server.MirForms\Server.csproj]
C:\Users\luo\.codex\worktrees\p3-db04-restore-drill-20260810\Server.MirForms\Database\MapInfoForm.cs(1771,49): warning CS8600: 将 null 文本或可能的 null 值转换为不可为 null 类型。 [C:\Users\luo\.codex\worktrees\p3-db04-restore-drill-20260810\Server.MirForms\Server.csproj]
C:\Users\luo\.codex\worktrees\p3-db04-restore-drill-20260810\Server.MirForms\Database\ItemInfoForm.cs(1913,47): warning CS8605: 取消装箱可能为 null 的值。 [C:\Users\luo\.codex\worktrees\p3-db04-restore-drill-20260810\Server.MirForms\Server.csproj]
C:\Users\luo\.codex\worktrees\p3-db04-restore-drill-20260810\Server.MirForms\DropBuilder\DropBuilderForm.cs(976,87): warning CS8625: 无法将 null 字面量转换为非 null 的引用类型。 [C:\Users\luo\.codex\worktrees\p3-db04-restore-drill-20260810\Server.MirForms\Server.csproj]
C:\Users\luo\.codex\worktrees\p3-db04-restore-drill-20260810\Server.MirForms\DropBuilder\DropBuilderForm.cs(982,87): warning CS8625: 无法将 null 字面量转换为非 null 的引用类型。 [C:\Users\luo\.codex\worktrees\p3-db04-restore-drill-20260810\Server.MirForms\Server.csproj]
C:\Users\luo\.codex\worktrees\p3-db04-restore-drill-20260810\Server.MirForms\Systems\ScriptDebugForm.cs(2094,60): warning CS8602: 解引用可能出现空引用。 [C:\Users\luo\.codex\worktrees\p3-db04-restore-drill-20260810\Server.MirForms\Server.csproj]
C:\Users\luo\.codex\worktrees\p3-db04-restore-drill-20260810\Server.MirForms\Systems\ScriptDebugForm.cs(2095,61): warning CS8602: 解引用可能出现空引用。 [C:\Users\luo\.codex\worktrees\p3-db04-restore-drill-20260810\Server.MirForms\Server.csproj]
C:\Users\luo\.codex\worktrees\p3-db04-restore-drill-20260810\Server.MirForms\Systems\ScriptDebugForm.cs(2096,55): warning CS8602: 解引用可能出现空引用。 [C:\Users\luo\.codex\worktrees\p3-db04-restore-drill-20260810\Server.MirForms\Server.csproj]
C:\Users\luo\.codex\worktrees\p3-db04-restore-drill-20260810\Server.MirForms\Systems\ScriptDebugForm.cs(2097,56): warning CS8602: 解引用可能出现空引用。 [C:\Users\luo\.codex\worktrees\p3-db04-restore-drill-20260810\Server.MirForms\Server.csproj]
C:\Users\luo\.codex\worktrees\p3-db04-restore-drill-20260810\Server.MirForms\Systems\ScriptDebugForm.cs(2098,54): warning CS8602: 解引用可能出现空引用。 [C:\Users\luo\.codex\worktrees\p3-db04-restore-drill-20260810\Server.MirForms\Server.csproj]
C:\Users\luo\.codex\worktrees\p3-db04-restore-drill-20260810\Server.MirForms\Systems\ScriptDebugForm.cs(2099,54): warning CS8602: 解引用可能出现空引用。 [C:\Users\luo\.codex\worktrees\p3-db04-restore-drill-20260810\Server.MirForms\Server.csproj]
C:\Users\luo\.codex\worktrees\p3-db04-restore-drill-20260810\Server.MirForms\Systems\ScriptDebugForm.cs(2100,59): warning CS8602: 解引用可能出现空引用。 [C:\Users\luo\.codex\worktrees\p3-db04-restore-drill-20260810\Server.MirForms\Server.csproj]
C:\Users\luo\.codex\worktrees\p3-db04-restore-drill-20260810\Server.MirForms\Systems\ScriptDebugForm.cs(2101,61): warning CS8602: 解引用可能出现空引用。 [C:\Users\luo\.codex\worktrees\p3-db04-restore-drill-20260810\Server.MirForms\Server.csproj]
C:\Users\luo\.codex\worktrees\p3-db04-restore-drill-20260810\Server.MirForms\Systems\ScriptDebugExpressionEvaluator.cs(39,22): warning VSTHRD002: Synchronously waiting on tasks or awaiters may cause deadlocks. Use await or JoinableTaskFactory.Run instead. (https://github.com/Microsoft/vs-threading/blob/main/doc/analyzers/VSTHRD002.md) [C:\Users\luo\.codex\worktrees\p3-db04-restore-drill-20260810\Server.MirForms\Server.csproj]
C:\Users\luo\.codex\worktrees\p3-db04-restore-drill-20260810\Server.MirForms\Systems\ScriptDebugExpressionEvaluator.cs(41,34): warning VSTHRD002: Synchronously waiting on tasks or awaiters may cause deadlocks. Use await or JoinableTaskFactory.Run instead. (https://github.com/Microsoft/vs-threading/blob/main/doc/analyzers/VSTHRD002.md) [C:\Users\luo\.codex\worktrees\p3-db04-restore-drill-20260810\Server.MirForms\Server.csproj]
C:\Users\luo\.codex\worktrees\p3-db04-restore-drill-20260810\Server.MirForms\Systems\ScriptDebugForm.cs(241,61): warning VSTHRD101: Avoid using async lambda for a void returning delegate type, because any exceptions not handled by the delegate will crash the process (https://github.com/Microsoft/vs-threading/blob/main/doc/analyzers/VSTHRD101.md) [C:\Users\luo\.codex\worktrees\p3-db04-restore-drill-20260810\Server.MirForms\Server.csproj]
C:\Users\luo\.codex\worktrees\p3-db04-restore-drill-20260810\Server.MirForms\Systems\ScriptDebugForm.cs(242,55): warning VSTHRD101: Avoid using async lambda for a void returning delegate type, because any exceptions not handled by the delegate will crash the process (https://github.com/Microsoft/vs-threading/blob/main/doc/analyzers/VSTHRD101.md) [C:\Users\luo\.codex\worktrees\p3-db04-restore-drill-20260810\Server.MirForms\Server.csproj]
C:\Users\luo\.codex\worktrees\p3-db04-restore-drill-20260810\Server.MirForms\Systems\ScriptDebugForm.cs(243,59): warning VSTHRD101: Avoid using async lambda for a void returning delegate type, because any exceptions not handled by the delegate will crash the process (https://github.com/Microsoft/vs-threading/blob/main/doc/analyzers/VSTHRD101.md) [C:\Users\luo\.codex\worktrees\p3-db04-restore-drill-20260810\Server.MirForms\Server.csproj]
C:\Users\luo\.codex\worktrees\p3-db04-restore-drill-20260810\Server.MirForms\Systems\ScriptDebugForm.cs(283,55): warning VSTHRD101: Avoid using async lambda for a void returning delegate type, because any exceptions not handled by the delegate will crash the process (https://github.com/Microsoft/vs-threading/blob/main/doc/analyzers/VSTHRD101.md) [C:\Users\luo\.codex\worktrees\p3-db04-restore-drill-20260810\Server.MirForms\Server.csproj]
C:\Users\luo\.codex\worktrees\p3-db04-restore-drill-20260810\Server.MirForms\Systems\ScriptDebugForm.cs(288,60): warning VSTHRD101: Avoid using async lambda for a void returning delegate type, because any exceptions not handled by the delegate will crash the process (https://github.com/Microsoft/vs-threading/blob/main/doc/analyzers/VSTHRD101.md) [C:\Users\luo\.codex\worktrees\p3-db04-restore-drill-20260810\Server.MirForms\Server.csproj]
C:\Users\luo\.codex\worktrees\p3-db04-restore-drill-20260810\Server.MirForms\Systems\ScriptDebugForm.cs(309,65): warning VSTHRD101: Avoid using async lambda for a void returning delegate type, because any exceptions not handled by the delegate will crash the process (https://github.com/Microsoft/vs-threading/blob/main/doc/analyzers/VSTHRD101.md) [C:\Users\luo\.codex\worktrees\p3-db04-restore-drill-20260810\Server.MirForms\Server.csproj]
C:\Users\luo\.codex\worktrees\p3-db04-restore-drill-20260810\Server.MirForms\Systems\ScriptDebugForm.cs(330,59): warning VSTHRD101: Avoid using async lambda for a void returning delegate type, because any exceptions not handled by the delegate will crash the process (https://github.com/Microsoft/vs-threading/blob/main/doc/analyzers/VSTHRD101.md) [C:\Users\luo\.codex\worktrees\p3-db04-restore-drill-20260810\Server.MirForms\Server.csproj]
C:\Users\luo\.codex\worktrees\p3-db04-restore-drill-20260810\Server.MirForms\Systems\ScriptDebugForm.cs(331,49): warning VSTHRD101: Avoid using async lambda for a void returning delegate type, because any exceptions not handled by the delegate will crash the process (https://github.com/Microsoft/vs-threading/blob/main/doc/analyzers/VSTHRD101.md) [C:\Users\luo\.codex\worktrees\p3-db04-restore-drill-20260810\Server.MirForms\Server.csproj]
C:\Users\luo\.codex\worktrees\p3-db04-restore-drill-20260810\Server.MirForms\Systems\ScriptDebugForm.cs(334,61): warning VSTHRD101: Avoid using async lambda for a void returning delegate type, because any exceptions not handled by the delegate will crash the process (https://github.com/Microsoft/vs-threading/blob/main/doc/analyzers/VSTHRD101.md) [C:\Users\luo\.codex\worktrees\p3-db04-restore-drill-20260810\Server.MirForms\Server.csproj]
C:\Users\luo\.codex\worktrees\p3-db04-restore-drill-20260810\Server.MirForms\Systems\ScriptDebugForm.cs(335,58): warning VSTHRD101: Avoid using async lambda for a void returning delegate type, because any exceptions not handled by the delegate will crash the process (https://github.com/Microsoft/vs-threading/blob/main/doc/analyzers/VSTHRD101.md) [C:\Users\luo\.codex\worktrees\p3-db04-restore-drill-20260810\Server.MirForms\Server.csproj]
C:\Users\luo\.codex\worktrees\p3-db04-restore-drill-20260810\Server.MirForms\Systems\ScriptDebugForm.cs(343,66): warning VSTHRD101: Avoid using async lambda for a void returning delegate type, because any exceptions not handled by the delegate will crash the process (https://github.com/Microsoft/vs-threading/blob/main/doc/analyzers/VSTHRD101.md) [C:\Users\luo\.codex\worktrees\p3-db04-restore-drill-20260810\Server.MirForms\Server.csproj]
C:\Users\luo\.codex\worktrees\p3-db04-restore-drill-20260810\Server.MirForms\Systems\ScriptDebugForm.cs(353,61): warning VSTHRD101: Avoid using async lambda for a void returning delegate type, because any exceptions not handled by the delegate will crash the process (https://github.com/Microsoft/vs-threading/blob/main/doc/analyzers/VSTHRD101.md) [C:\Users\luo\.codex\worktrees\p3-db04-restore-drill-20260810\Server.MirForms\Server.csproj]
C:\Users\luo\.codex\worktrees\p3-db04-restore-drill-20260810\Server.MirForms\Systems\ScriptDebugForm.cs(354,60): warning VSTHRD101: Avoid using async lambda for a void returning delegate type, because any exceptions not handled by the delegate will crash the process (https://github.com/Microsoft/vs-threading/blob/main/doc/analyzers/VSTHRD101.md) [C:\Users\luo\.codex\worktrees\p3-db04-restore-drill-20260810\Server.MirForms\Server.csproj]
C:\Users\luo\.codex\worktrees\p3-db04-restore-drill-20260810\Server.MirForms\Systems\ScriptDebugForm.cs(799,28): warning VSTHRD100: Avoid "async void" methods, because any exceptions not handled by the method will crash the process (https://github.com/Microsoft/vs-threading/blob/main/doc/analyzers/VSTHRD100.md) [C:\Users\luo\.codex\worktrees\p3-db04-restore-drill-20260810\Server.MirForms\Server.csproj]
  Server -> C:\Users\luo\.codex\worktrees\p3-db04-restore-drill-20260810\Server.MirForms\bin\Release\Server.dll

已成功生成。

C:\Users\luo\.codex\worktrees\p3-db04-restore-drill-20260810\Server.MirForms\Server.csproj : warning NU1902: 包 "log4net" 3.0.3 具有已知的 中 严重性漏洞，https://github.com/advisories/GHSA-4f7c-pmjv-c25w
C:\Users\luo\.codex\worktrees\p3-db04-restore-drill-20260810\Server.MirForms\Server.csproj : warning NU1903: 包 "SQLitePCLRaw.lib.e_sqlite3" 2.1.11 具有已知的 高 严重性漏洞，https://github.com/advisories/GHSA-2m69-gcr7-jv3q
C:\Users\luo\.codex\worktrees\p3-db04-restore-drill-20260810\Server\Server.Library.csproj : warning NU1902: 包 "log4net" 3.0.3 具有已知的 中 严重性漏洞，https://github.com/advisories/GHSA-4f7c-pmjv-c25w
C:\Users\luo\.codex\worktrees\p3-db04-restore-drill-20260810\Server\Server.Library.csproj : warning NU1903: 包 "SQLitePCLRaw.lib.e_sqlite3" 2.1.11 具有已知的 高 严重性漏洞，https://github.com/advisories/GHSA-2m69-gcr7-jv3q
C:\Users\luo\.codex\worktrees\p3-db04-restore-drill-20260810\Server.MirForms\Account\PlayerInfoForm.cs(10,35): warning CS8625: 无法将 null 字面量转换为非 null 的引用类型。 [C:\Users\luo\.codex\worktrees\p3-db04-restore-drill-20260810\Server.MirForms\Server.csproj]
C:\Users\luo\.codex\worktrees\p3-db04-restore-drill-20260810\Server.MirForms\Database\RecipeInfoForm.cs(29,26): warning CS8622: “void RecipeInfoForm.RecipeInfoForm_Load(object sender, EventArgs e)”的参数“sender”类型中引用类型的为 Null 性与目标委托“EventHandler”不匹配(可能是由于为 Null 性特性)。 [C:\Users\luo\.codex\worktrees\p3-db04-restore-drill-20260810\Server.MirForms\Server.csproj]
C:\Users\luo\.codex\worktrees\p3-db04-restore-drill-20260810\Server.MirForms\Database\RecipeInfoForm.cs(30,48): warning CS8622: “void RecipeInfoForm.RecipeList_SelectedIndexChanged(object sender, EventArgs e)”的参数“sender”类型中引用类型的为 Null 性与目标委托“EventHandler”不匹配(可能是由于为 Null 性特性)。 [C:\Users\luo\.codex\worktrees\p3-db04-restore-drill-20260810\Server.MirForms\Server.csproj]
C:\Users\luo\.codex\worktrees\p3-db04-restore-drill-20260810\Server.MirForms\Database\RecipeInfoForm.cs(33,47): warning CS8622: “void RecipeInfoForm.TextBox_TextChanged(object sender, EventArgs e)”的参数“sender”类型中引用类型的为 Null 性与目标委托“EventHandler”不匹配(可能是由于为 Null 性特性)。 [C:\Users\luo\.codex\worktrees\p3-db04-restore-drill-20260810\Server.MirForms\Server.csproj]
C:\Users\luo\.codex\worktrees\p3-db04-restore-drill-20260810\Server.MirForms\Database\RecipeInfoForm.cs(34,42): warning CS8622: “void RecipeInfoForm.TextBox_TextChanged(object sender, EventArgs e)”的参数“sender”类型中引用类型的为 Null 性与目标委托“EventHandler”不匹配(可能是由于为 Null 性特性)。 [C:\Users\luo\.codex\worktrees\p3-db04-restore-drill-20260810\Server.MirForms\Server.csproj]
C:\Users\luo\.codex\worktrees\p3-db04-restore-drill-20260810\Server.MirForms\Database\RecipeInfoForm.cs(35,40): warning CS8622: “void RecipeInfoForm.TextBox_TextChanged(object sender, EventArgs e)”的参数“sender”类型中引用类型的为 Null 性与目标委托“EventHandler”不匹配(可能是由于为 Null 性特性)。 [C:\Users\luo\.codex\worktrees\p3-db04-restore-drill-20260810\Server.MirForms\Server.csproj]
C:\Users\luo\.codex\worktrees\p3-db04-restore-drill-20260810\Server.MirForms\Database\RecipeInfoForm.cs(36,40): warning CS8622: “void RecipeInfoForm.TextBox_TextChanged(object sender, EventArgs e)”的参数“sender”类型中引用类型的为 Null 性与目标委托“EventHandler”不匹配(可能是由于为 Null 性特性)。 [C:\Users\luo\.codex\worktrees\p3-db04-restore-drill-20260810\Server.MirForms\Server.csproj]
C:\Users\luo\.codex\worktrees\p3-db04-restore-drill-20260810\Server.MirForms\Database\RecipeInfoForm.cs(37,51): warning CS8622: “void RecipeInfoForm.TextBox_TextChanged(object sender, EventArgs e)”的参数“sender”类型中引用类型的为 Null 性与目标委托“EventHandler”不匹配(可能是由于为 Null 性特性)。 [C:\Users\luo\.codex\worktrees\p3-db04-restore-drill-20260810\Server.MirForms\Server.csproj]
C:\Users\luo\.codex\worktrees\p3-db04-restore-drill-20260810\Server.MirForms\Database\RecipeInfoForm.cs(38,53): warning CS8622: “void RecipeInfoForm.TextBox_TextChanged(object sender, EventArgs e)”的参数“sender”类型中引用类型的为 Null 性与目标委托“EventHandler”不匹配(可能是由于为 Null 性特性)。 [C:\Users\luo\.codex\worktrees\p3-db04-restore-drill-20260810\Server.MirForms\Server.csproj]
C:\Users\luo\.codex\worktrees\p3-db04-restore-drill-20260810\Server.MirForms\Database\RecipeInfoForm.cs(39,44): warning CS8622: “void RecipeInfoForm.TextBox_TextChanged(object sender, EventArgs e)”的参数“sender”类型中引用类型的为 Null 性与目标委托“EventHandler”不匹配(可能是由于为 Null 性特性)。 [C:\Users\luo\.codex\worktrees\p3-db04-restore-drill-20260810\Server.MirForms\Server.csproj]
C:\Users\luo\.codex\worktrees\p3-db04-restore-drill-20260810\Server.MirForms\Database\RecipeInfoForm.cs(40,51): warning CS8622: “void RecipeInfoForm.TextBox_TextChanged(object sender, EventArgs e)”的参数“sender”类型中引用类型的为 Null 性与目标委托“EventHandler”不匹配(可能是由于为 Null 性特性)。 [C:\Users\luo\.codex\worktrees\p3-db04-restore-drill-20260810\Server.MirForms\Server.csproj]
C:\Users\luo\.codex\worktrees\p3-db04-restore-drill-20260810\Server.MirForms\Database\RecipeInfoForm.cs(41,53): warning CS8622: “void RecipeInfoForm.TextBox_TextChanged(object sender, EventArgs e)”的参数“sender”类型中引用类型的为 Null 性与目标委托“EventHandler”不匹配(可能是由于为 Null 性特性)。 [C:\Users\luo\.codex\worktrees\p3-db04-restore-drill-20260810\Server.MirForms\Server.csproj]
C:\Users\luo\.codex\worktrees\p3-db04-restore-drill-20260810\Server.MirForms\Database\RecipeInfoForm.cs(42,44): warning CS8622: “void RecipeInfoForm.TextBox_TextChanged(object sender, EventArgs e)”的参数“sender”类型中引用类型的为 Null 性与目标委托“EventHandler”不匹配(可能是由于为 Null 性特性)。 [C:\Users\luo\.codex\worktrees\p3-db04-restore-drill-20260810\Server.MirForms\Server.csproj]
C:\Users\luo\.codex\worktrees\p3-db04-restore-drill-20260810\Server.MirForms\Database\RecipeInfoForm.cs(43,51): warning CS8622: “void RecipeInfoForm.TextBox_TextChanged(object sender, EventArgs e)”的参数“sender”类型中引用类型的为 Null 性与目标委托“EventHandler”不匹配(可能是由于为 Null 性特性)。 [C:\Users\luo\.codex\worktrees\p3-db04-restore-drill-20260810\Server.MirForms\Server.csproj]
C:\Users\luo\.codex\worktrees\p3-db04-restore-drill-20260810\Server.MirForms\Database\RecipeInfoForm.cs(44,53): warning CS8622: “void RecipeInfoForm.TextBox_TextChanged(object sender, EventArgs e)”的参数“sender”类型中引用类型的为 Null 性与目标委托“EventHandler”不匹配(可能是由于为 Null 性特性)。 [C:\Users\luo\.codex\worktrees\p3-db04-restore-drill-20260810\Server.MirForms\Server.csproj]
C:\Users\luo\.codex\worktrees\p3-db04-restore-drill-20260810\Server.MirForms\Database\RecipeInfoForm.cs(45,51): warning CS8622: “void RecipeInfoForm.TextBox_TextChanged(object sender, EventArgs e)”的参数“sender”类型中引用类型的为 Null 性与目标委托“EventHandler”不匹配(可能是由于为 Null 性特性)。 [C:\Users\luo\.codex\worktrees\p3-db04-restore-drill-20260810\Server.MirForms\Server.csproj]
C:\Users\luo\.codex\worktrees\p3-db04-restore-drill-20260810\Server.MirForms\Database\RecipeInfoForm.cs(46,53): warning CS8622: “void RecipeInfoForm.TextBox_TextChanged(object sender, EventArgs e)”的参数“sender”类型中引用类型的为 Null 性与目标委托“EventHandler”不匹配(可能是由于为 Null 性特性)。 [C:\Users\luo\.codex\worktrees\p3-db04-restore-drill-20260810\Server.MirForms\Server.csproj]
C:\Users\luo\.codex\worktrees\p3-db04-restore-drill-20260810\Server.MirForms\Database\RecipeInfoForm.cs(47,44): warning CS8622: “void RecipeInfoForm.TextBox_TextChanged(object sender, EventArgs e)”的参数“sender”类型中引用类型的为 Null 性与目标委托“EventHandler”不匹配(可能是由于为 Null 性特性)。 [C:\Users\luo\.codex\worktrees\p3-db04-restore-drill-20260810\Server.MirForms\Server.csproj]
C:\Users\luo\.codex\worktrees\p3-db04-restore-drill-20260810\Server.MirForms\VisualMapInfo\VForm.cs(27,52): warning CS8622: “void VForm.FocusModeActivated(object sender, EventArgs e)”的参数“sender”类型中引用类型的为 Null 性与目标委托“EventHandler”不匹配(可能是由于为 Null 性特性)。 [C:\Users\luo\.codex\worktrees\p3-db04-restore-drill-20260810\Server.MirForms\Server.csproj]
C:\Users\luo\.codex\worktrees\p3-db04-restore-drill-20260810\Server.MirForms\Database\RecipeInfoForm.cs(90,35): warning CS8602: 解引用可能出现空引用。 [C:\Users\luo\.codex\worktrees\p3-db04-restore-drill-20260810\Server.MirForms\Server.csproj]
C:\Users\luo\.codex\worktrees\p3-db04-restore-drill-20260810\Server.MirForms\Database\RecipeInfoForm.cs(90,35): warning CS8600: 将 null 文本或可能的 null 值转换为不可为 null 类型。 [C:\Users\luo\.codex\worktrees\p3-db04-restore-drill-20260810\Server.MirForms\Server.csproj]
C:\Users\luo\.codex\worktrees\p3-db04-restore-drill-20260810\Server.MirForms\Database\RecipeInfoForm.cs(91,47): warning CS8602: 解引用可能出现空引用。 [C:\Users\luo\.codex\worktrees\p3-db04-restore-drill-20260810\Server.MirForms\Server.csproj]
C:\Users\luo\.codex\worktrees\p3-db04-restore-drill-20260810\Server.MirForms\BalanceConfigForm.cs(56,17): warning CS8602: 解引用可能出现空引用。 [C:\Users\luo\.codex\worktrees\p3-db04-restore-drill-20260810\Server.MirForms\Server.csproj]
C:\Users\luo\.codex\worktrees\p3-db04-restore-drill-20260810\Server.MirForms\BalanceConfigForm.cs(65,31): warning CS8605: 取消装箱可能为 null 的值。 [C:\Users\luo\.codex\worktrees\p3-db04-restore-drill-20260810\Server.MirForms\Server.csproj]
C:\Users\luo\.codex\worktrees\p3-db04-restore-drill-20260810\Server.MirForms\Systems\SystemInfoForm.cs(137,48): warning CS8600: 将 null 文本或可能的 null 值转换为不可为 null 类型。 [C:\Users\luo\.codex\worktrees\p3-db04-restore-drill-20260810\Server.MirForms\Server.csproj]
C:\Users\luo\.codex\worktrees\p3-db04-restore-drill-20260810\Server.MirForms\Systems\SystemInfoForm.cs(138,49): warning CS8602: 解引用可能出现空引用。 [C:\Users\luo\.codex\worktrees\p3-db04-restore-drill-20260810\Server.MirForms\Server.csproj]
C:\Users\luo\.codex\worktrees\p3-db04-restore-drill-20260810\Server.MirForms\ConfigForm.cs(119,63): warning CS8600: 将 null 文本或可能的 null 值转换为不可为 null 类型。 [C:\Users\luo\.codex\worktrees\p3-db04-restore-drill-20260810\Server.MirForms\Server.csproj]
C:\Users\luo\.codex\worktrees\p3-db04-restore-drill-20260810\Server.MirForms\Account\PlayerInfoForm.cs(66,35): warning CS8602: 解引用可能出现空引用。 [C:\Users\luo\.codex\worktrees\p3-db04-restore-drill-20260810\Server.MirForms\Server.csproj]
C:\Users\luo\.codex\worktrees\p3-db04-restore-drill-20260810\Server.MirForms\Database\MagicInfoForm.cs(23,35): warning CS8600: 将 null 文本或可能的 null 值转换为不可为 null 类型。 [C:\Users\luo\.codex\worktrees\p3-db04-restore-drill-20260810\Server.MirForms\Server.csproj]
C:\Users\luo\.codex\worktrees\p3-db04-restore-drill-20260810\Server.MirForms\Database\MagicInfoForm.cs(23,35): warning CS8601: 可能的 null 引用赋值。 [C:\Users\luo\.codex\worktrees\p3-db04-restore-drill-20260810\Server.MirForms\Server.csproj]
C:\Users\luo\.codex\worktrees\p3-db04-restore-drill-20260810\Server.MirForms\ConfigForm.cs(212,44): warning CS8622: “void ConfigForm.CheckUShort(object sender, EventArgs e)”的参数“sender”类型中引用类型的为 Null 性与目标委托“EventHandler”不匹配(可能是由于为 Null 性特性)。 [C:\Users\luo\.codex\worktrees\p3-db04-restore-drill-20260810\Server.MirForms\Server.csproj]
C:\Users\luo\.codex\worktrees\p3-db04-restore-drill-20260810\Server.MirForms\ConfigForm.cs(232,50): warning CS8622: “void ConfigForm.TlsCertificateBrowseButton_Click(object sender, EventArgs e)”的参数“sender”类型中引用类型的为 Null 性与目标委托“EventHandler”不匹配(可能是由于为 Null 性特性)。 [C:\Users\luo\.codex\worktrees\p3-db04-restore-drill-20260810\Server.MirForms\Server.csproj]
C:\Users\luo\.codex\worktrees\p3-db04-restore-drill-20260810\Server.MirForms\ConfigForm.cs(274,83): warning CS8600: 将 null 文本或可能的 null 值转换为不可为 null 类型。 [C:\Users\luo\.codex\worktrees\p3-db04-restore-drill-20260810\Server.MirForms\Server.csproj]
C:\Users\luo\.codex\worktrees\p3-db04-restore-drill-20260810\Server.MirForms\Database\MapInfoForm.cs(51,52): warning CS8622: “void MapInfoForm.MapInfoListBox_SelectedIndexChanged(object sender, EventArgs e)”的参数“sender”类型中引用类型的为 Null 性与目标委托“EventHandler”不匹配(可能是由于为 Null 性特性)。 [C:\Users\luo\.codex\worktrees\p3-db04-restore-drill-20260810\Server.MirForms\Server.csproj]
C:\Users\luo\.codex\worktrees\p3-db04-restore-drill-20260810\Server.MirForms\Database\MapInfoForm.cs(55,39): warning CS8600: 将 null 文本或可能的 null 值转换为不可为 null 类型。 [C:\Users\luo\.codex\worktrees\p3-db04-restore-drill-20260810\Server.MirForms\Server.csproj]
C:\Users\luo\.codex\worktrees\p3-db04-restore-drill-20260810\Server.MirForms\Database\MapInfoForm.cs(75,52): warning CS8622: “void MapInfoForm.MapInfoListBox_SelectedIndexChanged(object sender, EventArgs e)”的参数“sender”类型中引用类型的为 Null 性与目标委托“EventHandler”不匹配(可能是由于为 Null 性特性)。 [C:\Users\luo\.codex\worktrees\p3-db04-restore-drill-20260810\Server.MirForms\Server.csproj]
C:\Users\luo\.codex\worktrees\p3-db04-restore-drill-20260810\Server.MirForms\VisualMapInfo\VForm.cs(209,45): warning CS8625: 无法将 null 字面量转换为非 null 的引用类型。 [C:\Users\luo\.codex\worktrees\p3-db04-restore-drill-20260810\Server.MirForms\Server.csproj]
C:\Users\luo\.codex\worktrees\p3-db04-restore-drill-20260810\Server.MirForms\VisualMapInfo\VForm.cs(262,65): warning CS8625: 无法将 null 字面量转换为非 null 的引用类型。 [C:\Users\luo\.codex\worktrees\p3-db04-restore-drill-20260810\Server.MirForms\Server.csproj]
C:\Users\luo\.codex\worktrees\p3-db04-restore-drill-20260810\Server.MirForms\VisualMapInfo\VForm.cs(264,69): warning CS8625: 无法将 null 字面量转换为非 null 的引用类型。 [C:\Users\luo\.codex\worktrees\p3-db04-restore-drill-20260810\Server.MirForms\Server.csproj]
C:\Users\luo\.codex\worktrees\p3-db04-restore-drill-20260810\Server.MirForms\VisualMapInfo\VForm.cs(266,47): warning CS8625: 无法将 null 字面量转换为非 null 的引用类型。 [C:\Users\luo\.codex\worktrees\p3-db04-restore-drill-20260810\Server.MirForms\Server.csproj]
C:\Users\luo\.codex\worktrees\p3-db04-restore-drill-20260810\Server.MirForms\VisualMapInfo\VForm.cs(267,50): warning CS8625: 无法将 null 字面量转换为非 null 的引用类型。 [C:\Users\luo\.codex\worktrees\p3-db04-restore-drill-20260810\Server.MirForms\Server.csproj]
C:\Users\luo\.codex\worktrees\p3-db04-restore-drill-20260810\Server.MirForms\Systems\SystemInfoForm.cs(785,68): warning CS8601: 可能的 null 引用赋值。 [C:\Users\luo\.codex\worktrees\p3-db04-restore-drill-20260810\Server.MirForms\Server.csproj]
C:\Users\luo\.codex\worktrees\p3-db04-restore-drill-20260810\Server.MirForms\VisualMapInfo\VForm.cs(273,17): warning CS8602: 解引用可能出现空引用。 [C:\Users\luo\.codex\worktrees\p3-db04-restore-drill-20260810\Server.MirForms\Server.csproj]
C:\Users\luo\.codex\worktrees\p3-db04-restore-drill-20260810\Server.MirForms\Database\RecipeInfoForm.cs(410,37): warning CS8602: 解引用可能出现空引用。 [C:\Users\luo\.codex\worktrees\p3-db04-restore-drill-20260810\Server.MirForms\Server.csproj]
C:\Users\luo\.codex\worktrees\p3-db04-restore-drill-20260810\Server.MirForms\Database\RecipeInfoForm.cs(410,37): warning CS8602: 解引用可能出现空引用。 [C:\Users\luo\.codex\worktrees\p3-db04-restore-drill-20260810\Server.MirForms\Server.csproj]
C:\Users\luo\.codex\worktrees\p3-db04-restore-drill-20260810\Server.MirForms\Database\MonsterInfoForm.cs(184,56): warning CS8622: “void MonsterInfoForm.MonsterInfoListBox_SelectedIndexChanged(object sender, EventArgs e)”的参数“sender”类型中引用类型的为 Null 性与目标委托“EventHandler”不匹配(可能是由于为 Null 性特性)。 [C:\Users\luo\.codex\worktrees\p3-db04-restore-drill-20260810\Server.MirForms\Server.csproj]
C:\Users\luo\.codex\worktrees\p3-db04-restore-drill-20260810\Server.MirForms\Database\MonsterInfoForm.cs(193,56): warning CS8622: “void MonsterInfoForm.MonsterInfoListBox_SelectedIndexChanged(object sender, EventArgs e)”的参数“sender”类型中引用类型的为 Null 性与目标委托“EventHandler”不匹配(可能是由于为 Null 性特性)。 [C:\Users\luo\.codex\worktrees\p3-db04-restore-drill-20260810\Server.MirForms\Server.csproj]
C:\Users\luo\.codex\worktrees\p3-db04-restore-drill-20260810\Server.MirForms\Database\MapInfoForm.cs(223,25): warning CS8625: 无法将 null 字面量转换为非 null 的引用类型。 [C:\Users\luo\.codex\worktrees\p3-db04-restore-drill-20260810\Server.MirForms\Server.csproj]
C:\Users\luo\.codex\worktrees\p3-db04-restore-drill-20260810\Server.MirForms\Database\MagicInfoForm.cs(178,50): warning CS8622: “void MagicInfoForm.MagiclistBox_SelectedIndexChanged(object sender, EventArgs e)”的参数“sender”类型中引用类型的为 Null 性与目标委托“EventHandler”不匹配(可能是由于为 Null 性特性)。 [C:\Users\luo\.codex\worktrees\p3-db04-restore-drill-20260810\Server.MirForms\Server.csproj]
C:\Users\luo\.codex\worktrees\p3-db04-restore-drill-20260810\Server.MirForms\Database\MagicInfoForm.cs(268,44): warning CS8622: “void MagicInfoForm.txtDmgMultBoost_TextChanged(object sender, EventArgs e)”的参数“sender”类型中引用类型的为 Null 性与目标委托“EventHandler”不匹配(可能是由于为 Null 性特性)。 [C:\Users\luo\.codex\worktrees\p3-db04-restore-drill-20260810\Server.MirForms\Server.csproj]
C:\Users\luo\.codex\worktrees\p3-db04-restore-drill-20260810\Server.MirForms\Database\MagicInfoForm.cs(277,43): warning CS8622: “void MagicInfoForm.txtDmgMultBase_TextChanged(object sender, EventArgs e)”的参数“sender”类型中引用类型的为 Null 性与目标委托“EventHandler”不匹配(可能是由于为 Null 性特性)。 [C:\Users\luo\.codex\worktrees\p3-db04-restore-drill-20260810\Server.MirForms\Server.csproj]
C:\Users\luo\.codex\worktrees\p3-db04-restore-drill-20260810\Server.MirForms\Database\MagicInfoForm.cs(304,43): warning CS8622: “void MagicInfoForm.txtDmgBonusMax_TextChanged(object sender, EventArgs e)”的参数“sender”类型中引用类型的为 Null 性与目标委托“EventHandler”不匹配(可能是由于为 Null 性特性)。 [C:\Users\luo\.codex\worktrees\p3-db04-restore-drill-20260810\Server.MirForms\Server.csproj]
C:\Users\luo\.codex\worktrees\p3-db04-restore-drill-20260810\Server.MirForms\Database\MagicInfoForm.cs(313,43): warning CS8622: “void MagicInfoForm.txtDmgBonusMin_TextChanged(object sender, EventArgs e)”的参数“sender”类型中引用类型的为 Null 性与目标委托“EventHandler”不匹配(可能是由于为 Null 性特性)。 [C:\Users\luo\.codex\worktrees\p3-db04-restore-drill-20260810\Server.MirForms\Server.csproj]
C:\Users\luo\.codex\worktrees\p3-db04-restore-drill-20260810\Server.MirForms\Database\MagicInfoForm.cs(340,42): warning CS8622: “void MagicInfoForm.txtDmgBaseMax_TextChanged(object sender, EventArgs e)”的参数“sender”类型中引用类型的为 Null 性与目标委托“EventHandler”不匹配(可能是由于为 Null 性特性)。 [C:\Users\luo\.codex\worktrees\p3-db04-restore-drill-20260810\Server.MirForms\Server.csproj]
C:\Users\luo\.codex\worktrees\p3-db04-restore-drill-20260810\Server.MirForms\Database\MagicInfoForm.cs(349,42): warning CS8622: “void MagicInfoForm.txtDmgBaseMin_TextChanged(object sender, EventArgs e)”的参数“sender”类型中引用类型的为 Null 性与目标委托“EventHandler”不匹配(可能是由于为 Null 性特性)。 [C:\Users\luo\.codex\worktrees\p3-db04-restore-drill-20260810\Server.MirForms\Server.csproj]
C:\Users\luo\.codex\worktrees\p3-db04-restore-drill-20260810\Server.MirForms\Database\MagicInfoForm.cs(409,37): warning CS8622: “void MagicInfoForm.txtRange_TextChanged(object sender, EventArgs e)”的参数“sender”类型中引用类型的为 Null 性与目标委托“EventHandler”不匹配(可能是由于为 Null 性特性)。 [C:\Users\luo\.codex\worktrees\p3-db04-restore-drill-20260810\Server.MirForms\Server.csproj]
C:\Users\luo\.codex\worktrees\p3-db04-restore-drill-20260810\Server.MirForms\Database\MagicInfoForm.cs(418,46): warning CS8622: “void MagicInfoForm.txtDelayReduction_TextChanged(object sender, EventArgs e)”的参数“sender”类型中引用类型的为 Null 性与目标委托“EventHandler”不匹配(可能是由于为 Null 性特性)。 [C:\Users\luo\.codex\worktrees\p3-db04-restore-drill-20260810\Server.MirForms\Server.csproj]
C:\Users\luo\.codex\worktrees\p3-db04-restore-drill-20260810\Server.MirForms\Database\MagicInfoForm.cs(427,41): warning CS8622: “void MagicInfoForm.txtDelayBase_TextChanged(object sender, EventArgs e)”的参数“sender”类型中引用类型的为 Null 性与目标委托“EventHandler”不匹配(可能是由于为 Null 性特性)。 [C:\Users\luo\.codex\worktrees\p3-db04-restore-drill-20260810\Server.MirForms\Server.csproj]
C:\Users\luo\.codex\worktrees\p3-db04-restore-drill-20260810\Server.MirForms\Database\MagicInfoForm.cs(476,42): warning CS8622: “void MagicInfoForm.txtMPIncrease_TextChanged(object sender, EventArgs e)”的参数“sender”类型中引用类型的为 Null 性与目标委托“EventHandler”不匹配(可能是由于为 Null 性特性)。 [C:\Users\luo\.codex\worktrees\p3-db04-restore-drill-20260810\Server.MirForms\Server.csproj]
C:\Users\luo\.codex\worktrees\p3-db04-restore-drill-20260810\Server.MirForms\Database\MagicInfoForm.cs(485,38): warning CS8622: “void MagicInfoForm.txtMPBase_TextChanged(object sender, EventArgs e)”的参数“sender”类型中引用类型的为 Null 性与目标委托“EventHandler”不匹配(可能是由于为 Null 性特性)。 [C:\Users\luo\.codex\worktrees\p3-db04-restore-drill-20260810\Server.MirForms\Server.csproj]
C:\Users\luo\.codex\worktrees\p3-db04-restore-drill-20260810\Server.MirForms\Database\MagicInfoForm.cs(541,47): warning CS8622: “void MagicInfoForm.txtSkillLvl3Points_TextChanged(object sender, EventArgs e)”的参数“sender”类型中引用类型的为 Null 性与目标委托“EventHandler”不匹配(可能是由于为 Null 性特性)。 [C:\Users\luo\.codex\worktrees\p3-db04-restore-drill-20260810\Server.MirForms\Server.csproj]
C:\Users\luo\.codex\worktrees\p3-db04-restore-drill-20260810\Server.MirForms\Database\MagicInfoForm.cs(549,47): warning CS8622: “void MagicInfoForm.txtSkillLvl2Points_TextChanged(object sender, EventArgs e)”的参数“sender”类型中引用类型的为 Null 性与目标委托“EventHandler”不匹配(可能是由于为 Null 性特性)。 [C:\Users\luo\.codex\worktrees\p3-db04-restore-drill-20260810\Server.MirForms\Server.csproj]
C:\Users\luo\.codex\worktrees\p3-db04-restore-drill-20260810\Server.MirForms\Database\MagicInfoForm.cs(557,47): warning CS8622: “void MagicInfoForm.txtSkillLvl1Points_TextChanged(object sender, EventArgs e)”的参数“sender”类型中引用类型的为 Null 性与目标委托“EventHandler”不匹配(可能是由于为 Null 性特性)。 [C:\Users\luo\.codex\worktrees\p3-db04-restore-drill-20260810\Server.MirForms\Server.csproj]
C:\Users\luo\.codex\worktrees\p3-db04-restore-drill-20260810\Server.MirForms\Database\MagicInfoForm.cs(592,44): warning CS8622: “void MagicInfoForm.txtSkillLvl3Req_TextChanged(object sender, EventArgs e)”的参数“sender”类型中引用类型的为 Null 性与目标委托“EventHandler”不匹配(可能是由于为 Null 性特性)。 [C:\Users\luo\.codex\worktrees\p3-db04-restore-drill-20260810\Server.MirForms\Server.csproj]
C:\Users\luo\.codex\worktrees\p3-db04-restore-drill-20260810\Server.MirForms\Database\MagicInfoForm.cs(600,44): warning CS8622: “void MagicInfoForm.txtSkillLvl2Req_TextChanged(object sender, EventArgs e)”的参数“sender”类型中引用类型的为 Null 性与目标委托“EventHandler”不匹配(可能是由于为 Null 性特性)。 [C:\Users\luo\.codex\worktrees\p3-db04-restore-drill-20260810\Server.MirForms\Server.csproj]
C:\Users\luo\.codex\worktrees\p3-db04-restore-drill-20260810\Server.MirForms\Database\MagicInfoForm.cs(608,44): warning CS8622: “void MagicInfoForm.txtSkillLvl1Req_TextChanged(object sender, EventArgs e)”的参数“sender”类型中引用类型的为 Null 性与目标委托“EventHandler”不匹配(可能是由于为 Null 性特性)。 [C:\Users\luo\.codex\worktrees\p3-db04-restore-drill-20260810\Server.MirForms\Server.csproj]
C:\Users\luo\.codex\worktrees\p3-db04-restore-drill-20260810\Server.MirForms\Database\MagicInfoForm.cs(652,41): warning CS8622: “void MagicInfoForm.txtSkillIcon_TextChanged(object sender, EventArgs e)”的参数“sender”类型中引用类型的为 Null 性与目标委托“EventHandler”不匹配(可能是由于为 Null 性特性)。 [C:\Users\luo\.codex\worktrees\p3-db04-restore-drill-20260810\Server.MirForms\Server.csproj]
C:\Users\luo\.codex\worktrees\p3-db04-restore-drill-20260810\Server.MirForms\Database\MagicInfoForm.cs(678,40): warning CS8622: “void MagicInfoForm.textBoxName_TextChanged(object sender, EventArgs e)”的参数“sender”类型中引用类型的为 Null 性与目标委托“EventHandler”不匹配(可能是由于为 Null 性特性)。 [C:\Users\luo\.codex\worktrees\p3-db04-restore-drill-20260810\Server.MirForms\Server.csproj]
C:\Users\luo\.codex\worktrees\p3-db04-restore-drill-20260810\Server.MirForms\Database\MagicInfoForm.cs(705,27): warning CS8622: “void MagicInfoForm.MagicInfoForm_FormClosed(object sender, FormClosedEventArgs e)”的参数“sender”类型中引用类型的为 Null 性与目标委托“FormClosedEventHandler”不匹配(可能是由于为 Null 性特性)。 [C:\Users\luo\.codex\worktrees\p3-db04-restore-drill-20260810\Server.MirForms\Server.csproj]
C:\Users\luo\.codex\worktrees\p3-db04-restore-drill-20260810\Server.MirForms\Database\MagicInfoForm.cs(734,32): warning CS8602: 解引用可能出现空引用。 [C:\Users\luo\.codex\worktrees\p3-db04-restore-drill-20260810\Server.MirForms\Server.csproj]
C:\Users\luo\.codex\worktrees\p3-db04-restore-drill-20260810\Server.MirForms\Database\MagicInfoForm.cs(743,34): warning CS8602: 解引用可能出现空引用。 [C:\Users\luo\.codex\worktrees\p3-db04-restore-drill-20260810\Server.MirForms\Server.csproj]
C:\Users\luo\.codex\worktrees\p3-db04-restore-drill-20260810\Server.MirForms\Database\NPCInfoForm.cs(143,52): warning CS8622: “void NPCInfoForm.NPCInfoListBox_SelectedIndexChanged(object sender, EventArgs e)”的参数“sender”类型中引用类型的为 Null 性与目标委托“EventHandler”不匹配(可能是由于为 Null 性特性)。 [C:\Users\luo\.codex\worktrees\p3-db04-restore-drill-20260810\Server.MirForms\Server.csproj]
C:\Users\luo\.codex\worktrees\p3-db04-restore-drill-20260810\Server.MirForms\Database\NPCInfoForm.cs(153,52): warning CS8622: “void NPCInfoForm.NPCInfoListBox_SelectedIndexChanged(object sender, EventArgs e)”的参数“sender”类型中引用类型的为 Null 性与目标委托“EventHandler”不匹配(可能是由于为 Null 性特性)。 [C:\Users\luo\.codex\worktrees\p3-db04-restore-drill-20260810\Server.MirForms\Server.csproj]
C:\Users\luo\.codex\worktrees\p3-db04-restore-drill-20260810\Server.MirForms\Database\MagicInfoForm.cs(753,32): warning CS8602: 解引用可能出现空引用。 [C:\Users\luo\.codex\worktrees\p3-db04-restore-drill-20260810\Server.MirForms\Server.csproj]
C:\Users\luo\.codex\worktrees\p3-db04-restore-drill-20260810\Server.MirForms\Database\MagicInfoForm.cs(763,33): warning CS8602: 解引用可能出现空引用。 [C:\Users\luo\.codex\worktrees\p3-db04-restore-drill-20260810\Server.MirForms\Server.csproj]
C:\Users\luo\.codex\worktrees\p3-db04-restore-drill-20260810\Server.MirForms\Account\Market.cs(165,13): warning CS8602: 解引用可能出现空引用。 [C:\Users\luo\.codex\worktrees\p3-db04-restore-drill-20260810\Server.MirForms\Server.csproj]
C:\Users\luo\.codex\worktrees\p3-db04-restore-drill-20260810\Server.MirForms\VisualMapInfo\VForm.cs(314,17): warning CS8602: 解引用可能出现空引用。 [C:\Users\luo\.codex\worktrees\p3-db04-restore-drill-20260810\Server.MirForms\Server.csproj]
C:\Users\luo\.codex\worktrees\p3-db04-restore-drill-20260810\Server.MirForms\VisualMapInfo\VForm.cs(324,65): warning CS8625: 无法将 null 字面量转换为非 null 的引用类型。 [C:\Users\luo\.codex\worktrees\p3-db04-restore-drill-20260810\Server.MirForms\Server.csproj]
C:\Users\luo\.codex\worktrees\p3-db04-restore-drill-20260810\Server.MirForms\VisualMapInfo\VForm.cs(336,69): warning CS8625: 无法将 null 字面量转换为非 null 的引用类型。 [C:\Users\luo\.codex\worktrees\p3-db04-restore-drill-20260810\Server.MirForms\Server.csproj]
C:\Users\luo\.codex\worktrees\p3-db04-restore-drill-20260810\Server.MirForms\Database\QuestInfoForm.cs(103,35): warning CS8600: 将 null 文本或可能的 null 值转换为不可为 null 类型。 [C:\Users\luo\.codex\worktrees\p3-db04-restore-drill-20260810\Server.MirForms\Server.csproj]
C:\Users\luo\.codex\worktrees\p3-db04-restore-drill-20260810\Server.MirForms\Database\QuestInfoForm.cs(107,29): warning CS8600: 将 null 文本或可能的 null 值转换为不可为 null 类型。 [C:\Users\luo\.codex\worktrees\p3-db04-restore-drill-20260810\Server.MirForms\Server.csproj]
C:\Users\luo\.codex\worktrees\p3-db04-restore-drill-20260810\Server.MirForms\SMain.cs(41,52): warning CS8622: “void SMain.scriptDebugToolStripMenuItem_Click(object sender, EventArgs e)”的参数“sender”类型中引用类型的为 Null 性与目标委托“EventHandler”不匹配(可能是由于为 Null 性特性)。 [C:\Users\luo\.codex\worktrees\p3-db04-restore-drill-20260810\Server.MirForms\Server.csproj]
C:\Users\luo\.codex\worktrees\p3-db04-restore-drill-20260810\Server.MirForms\Database\NPCInfoForm.cs(286,32): warning CS8600: 将 null 文本或可能的 null 值转换为不可为 null 类型。 [C:\Users\luo\.codex\worktrees\p3-db04-restore-drill-20260810\Server.MirForms\Server.csproj]
C:\Users\luo\.codex\worktrees\p3-db04-restore-drill-20260810\Server.MirForms\Database\NPCInfoForm.cs(287,49): warning CS8602: 解引用可能出现空引用。 [C:\Users\luo\.codex\worktrees\p3-db04-restore-drill-20260810\Server.MirForms\Server.csproj]
C:\Users\luo\.codex\worktrees\p3-db04-restore-drill-20260810\Server.MirForms\Account\AccountInfoForm.cs(120,61): warning CS8622: “void AccountInfoForm.AccountInfoListView_SelectedIndexChanged(object sender, EventArgs e)”的参数“sender”类型中引用类型的为 Null 性与目标委托“EventHandler”不匹配(可能是由于为 Null 性特性)。 [C:\Users\luo\.codex\worktrees\p3-db04-restore-drill-20260810\Server.MirForms\Server.csproj]
C:\Users\luo\.codex\worktrees\p3-db04-restore-drill-20260810\Server.MirForms\Account\AccountInfoForm.cs(130,61): warning CS8622: “void AccountInfoForm.AccountInfoListView_SelectedIndexChanged(object sender, EventArgs e)”的参数“sender”类型中引用类型的为 Null 性与目标委托“EventHandler”不匹配(可能是由于为 Null 性特性)。 [C:\Users\luo\.codex\worktrees\p3-db04-restore-drill-20260810\Server.MirForms\Server.csproj]
C:\Users\luo\.codex\worktrees\p3-db04-restore-drill-20260810\Server.MirForms\Account\AccountInfoForm.cs(138,43): warning CS8604: “void List<AccountInfo>.Add(AccountInfo item)”中的形参“item”可能传入 null 引用实参。 [C:\Users\luo\.codex\worktrees\p3-db04-restore-drill-20260810\Server.MirForms\Server.csproj]
C:\Users\luo\.codex\worktrees\p3-db04-restore-drill-20260810\Server.MirForms\Account\AccountInfoForm.cs(214,41): warning CS8600: 将 null 文本或可能的 null 值转换为不可为 null 类型。 [C:\Users\luo\.codex\worktrees\p3-db04-restore-drill-20260810\Server.MirForms\Server.csproj]
C:\Users\luo\.codex\worktrees\p3-db04-restore-drill-20260810\Server.MirForms\VisualMapInfo\VForm.cs(474,42): warning CS8625: 无法将 null 字面量转换为非 null 的引用类型。 [C:\Users\luo\.codex\worktrees\p3-db04-restore-drill-20260810\Server.MirForms\Server.csproj]
C:\Users\luo\.codex\worktrees\p3-db04-restore-drill-20260810\Server.MirForms\Database\NPCInfoForm.cs(400,43): warning CS8604: “DirectoryInfo Directory.CreateDirectory(string path)”中的形参“path”可能传入 null 引用实参。 [C:\Users\luo\.codex\worktrees\p3-db04-restore-drill-20260810\Server.MirForms\Server.csproj]
C:\Users\luo\.codex\worktrees\p3-db04-restore-drill-20260810\Server.MirForms\Database\QuestInfoForm.cs(146,54): warning CS8622: “void QuestInfoForm.QuestInfoListBox_SelectedIndexChanged(object sender, EventArgs e)”的参数“sender”类型中引用类型的为 Null 性与目标委托“EventHandler”不匹配(可能是由于为 Null 性特性)。 [C:\Users\luo\.codex\worktrees\p3-db04-restore-drill-20260810\Server.MirForms\Server.csproj]
C:\Users\luo\.codex\worktrees\p3-db04-restore-drill-20260810\Server.MirForms\Database\QuestInfoForm.cs(155,54): warning CS8622: “void QuestInfoForm.QuestInfoListBox_SelectedIndexChanged(object sender, EventArgs e)”的参数“sender”类型中引用类型的为 Null 性与目标委托“EventHandler”不匹配(可能是由于为 Null 性特性)。 [C:\Users\luo\.codex\worktrees\p3-db04-restore-drill-20260810\Server.MirForms\Server.csproj]
C:\Users\luo\.codex\worktrees\p3-db04-restore-drill-20260810\Server.MirForms\Database\MapInfoForm.cs(282,25): warning CS8625: 无法将 null 字面量转换为非 null 的引用类型。 [C:\Users\luo\.codex\worktrees\p3-db04-restore-drill-20260810\Server.MirForms\Server.csproj]
C:\Users\luo\.codex\worktrees\p3-db04-restore-drill-20260810\Server.MirForms\Database\MonsterInfoFormNew.cs(34,19): warning CS8600: 将 null 文本或可能的 null 值转换为不可为 null 类型。 [C:\Users\luo\.codex\worktrees\p3-db04-restore-drill-20260810\Server.MirForms\Server.csproj]
C:\Users\luo\.codex\worktrees\p3-db04-restore-drill-20260810\Server.MirForms\Database\MonsterInfoFormNew.cs(39,13): warning CS8602: 解引用可能出现空引用。 [C:\Users\luo\.codex\worktrees\p3-db04-restore-drill-20260810\Server.MirForms\Server.csproj]
C:\Users\luo\.codex\worktrees\p3-db04-restore-drill-20260810\Server.MirForms\Database\QuestInfoForm.cs(275,47): warning CS8605: 取消装箱可能为 null 的值。 [C:\Users\luo\.codex\worktrees\p3-db04-restore-drill-20260810\Server.MirForms\Server.csproj]
C:\Users\luo\.codex\worktrees\p3-db04-restore-drill-20260810\Server.MirForms\Database\MonsterInfoFormNew.cs(80,46): warning CS8602: 解引用可能出现空引用。 [C:\Users\luo\.codex\worktrees\p3-db04-restore-drill-20260810\Server.MirForms\Server.csproj]
C:\Users\luo\.codex\worktrees\p3-db04-restore-drill-20260810\Server.MirForms\Database\MonsterInfoFormNew.cs(87,38): warning CS8602: 解引用可能出现空引用。 [C:\Users\luo\.codex\worktrees\p3-db04-restore-drill-20260810\Server.MirForms\Server.csproj]
C:\Users\luo\.codex\worktrees\p3-db04-restore-drill-20260810\Server.MirForms\VisualMapInfo\VForm.cs(719,32): warning CS8600: 将 null 文本或可能的 null 值转换为不可为 null 类型。 [C:\Users\luo\.codex\worktrees\p3-db04-restore-drill-20260810\Server.MirForms\Server.csproj]
C:\Users\luo\.codex\worktrees\p3-db04-restore-drill-20260810\Server.MirForms\VisualMapInfo\VForm.cs(743,60): warning CS8602: 解引用可能出现空引用。 [C:\Users\luo\.codex\worktrees\p3-db04-restore-drill-20260810\Server.MirForms\Server.csproj]
C:\Users\luo\.codex\worktrees\p3-db04-restore-drill-20260810\Server.MirForms\Systems\GuildItemForm.cs(25,26): warning CS8622: “void GuildItemForm.GuildItemForm_Load(object sender, EventArgs e)”的参数“sender”类型中引用类型的为 Null 性与目标委托“EventHandler”不匹配(可能是由于为 Null 性特性)。 [C:\Users\luo\.codex\worktrees\p3-db04-restore-drill-20260810\Server.MirForms\Server.csproj]
C:\Users\luo\.codex\worktrees\p3-db04-restore-drill-20260810\Server.MirForms\Database\ItemInfoFormNew.cs(38,50): warning CS8622: “void ItemInfoFormNew.CellValueChanged(object sender, DataGridViewCellEventArgs e)”的参数“sender”类型中引用类型的为 Null 性与目标委托“DataGridViewCellEventHandler”不匹配(可能是由于为 Null 性特性)。 [C:\Users\luo\.codex\worktrees\p3-db04-restore-drill-20260810\Server.MirForms\Server.csproj]
C:\Users\luo\.codex\worktrees\p3-db04-restore-drill-20260810\Server.MirForms\Database\ItemInfoFormNew.cs(39,48): warning CS8622: “void ItemInfoFormNew.itemInfoGridView_CellValidating(object sender, DataGridViewCellValidatingEventArgs e)”的参数“sender”类型中引用类型的为 Null 性与目标委托“DataGridViewCellValidatingEventHandler”不匹配(可能是由于为 Null 性特性)。 [C:\Users\luo\.codex\worktrees\p3-db04-restore-drill-20260810\Server.MirForms\Server.csproj]
C:\Users\luo\.codex\worktrees\p3-db04-restore-drill-20260810\Server.MirForms\Database\ItemInfoFormNew.cs(40,44): warning CS8622: “void ItemInfoFormNew.ItemInfoGridView_MouseClick(object sender, MouseEventArgs e)”的参数“sender”类型中引用类型的为 Null 性与目标委托“MouseEventHandler”不匹配(可能是由于为 Null 性特性)。 [C:\Users\luo\.codex\worktrees\p3-db04-restore-drill-20260810\Server.MirForms\Server.csproj]
C:\Users\luo\.codex\worktrees\p3-db04-restore-drill-20260810\Server.MirForms\Database\ItemInfoFormNew.cs(41,50): warning CS8622: “void ItemInfoFormNew.ItemInfoGridView_SelectionChanged(object sender, EventArgs e)”的参数“sender”类型中引用类型的为 Null 性与目标委托“EventHandler”不匹配(可能是由于为 Null 性特性)。 [C:\Users\luo\.codex\worktrees\p3-db04-restore-drill-20260810\Server.MirForms\Server.csproj]
C:\Users\luo\.codex\worktrees\p3-db04-restore-drill-20260810\Server.MirForms\SMain.cs(115,65): warning CS8600: 将 null 文本或可能的 null 值转换为不可为 null 类型。 [C:\Users\luo\.codex\worktrees\p3-db04-restore-drill-20260810\Server.MirForms\Server.csproj]
C:\Users\luo\.codex\worktrees\p3-db04-restore-drill-20260810\Server.MirForms\SMain.cs(124,63): warning CS8600: 将 null 文本或可能的 null 值转换为不可为 null 类型。 [C:\Users\luo\.codex\worktrees\p3-db04-restore-drill-20260810\Server.MirForms\Server.csproj]
C:\Users\luo\.codex\worktrees\p3-db04-restore-drill-20260810\Server.MirForms\SMain.cs(133,62): warning CS8600: 将 null 文本或可能的 null 值转换为不可为 null 类型。 [C:\Users\luo\.codex\worktrees\p3-db04-restore-drill-20260810\Server.MirForms\Server.csproj]
C:\Users\luo\.codex\worktrees\p3-db04-restore-drill-20260810\Server.MirForms\Database\ItemInfoFormNew.cs(47,19): warning CS8600: 将 null 文本或可能的 null 值转换为不可为 null 类型。 [C:\Users\luo\.codex\worktrees\p3-db04-restore-drill-20260810\Server.MirForms\Server.csproj]
C:\Users\luo\.codex\worktrees\p3-db04-restore-drill-20260810\Server.MirForms\Database\ItemInfoFormNew.cs(52,13): warning CS8602: 解引用可能出现空引用。 [C:\Users\luo\.codex\worktrees\p3-db04-restore-drill-20260810\Server.MirForms\Server.csproj]
C:\Users\luo\.codex\worktrees\p3-db04-restore-drill-20260810\Server.MirForms\Database\ItemInfoFormNew.cs(68,71): warning CS8625: 无法将 null 字面量转换为非 null 的引用类型。 [C:\Users\luo\.codex\worktrees\p3-db04-restore-drill-20260810\Server.MirForms\Server.csproj]
C:\Users\luo\.codex\worktrees\p3-db04-restore-drill-20260810\Server.MirForms\Database\MapInfoForm.cs(398,25): warning CS8625: 无法将 null 字面量转换为非 null 的引用类型。 [C:\Users\luo\.codex\worktrees\p3-db04-restore-drill-20260810\Server.MirForms\Server.csproj]
C:\Users\luo\.codex\worktrees\p3-db04-restore-drill-20260810\Server.MirForms\Systems\GuildItemForm.cs(122,66): warning CS8600: 将 null 文本或可能的 null 值转换为不可为 null 类型。 [C:\Users\luo\.codex\worktrees\p3-db04-restore-drill-20260810\Server.MirForms\Server.csproj]
C:\Users\luo\.codex\worktrees\p3-db04-restore-drill-20260810\Server.MirForms\Systems\ConquestInfoForm.cs(201,32): warning CS8600: 将 null 文本或可能的 null 值转换为不可为 null 类型。 [C:\Users\luo\.codex\worktrees\p3-db04-restore-drill-20260810\Server.MirForms\Server.csproj]
C:\Users\luo\.codex\worktrees\p3-db04-restore-drill-20260810\Server.MirForms\Systems\ConquestInfoForm.cs(201,32): warning CS8601: 可能的 null 引用赋值。 [C:\Users\luo\.codex\worktrees\p3-db04-restore-drill-20260810\Server.MirForms\Server.csproj]
C:\Users\luo\.codex\worktrees\p3-db04-restore-drill-20260810\Server.MirForms\Systems\ConquestInfoForm.cs(245,44): warning CS8604: “int ObjectCollection.Add(object item)”中的形参“item”可能传入 null 引用实参。 [C:\Users\luo\.codex\worktrees\p3-db04-restore-drill-20260810\Server.MirForms\Server.csproj]
C:\Users\luo\.codex\worktrees\p3-db04-restore-drill-20260810\Server.MirForms\Database\MonsterInfoForm.cs(648,50): warning CS8605: 取消装箱可能为 null 的值。 [C:\Users\luo\.codex\worktrees\p3-db04-restore-drill-20260810\Server.MirForms\Server.csproj]
C:\Users\luo\.codex\worktrees\p3-db04-restore-drill-20260810\Server.MirForms\Systems\ConquestInfoForm.cs(342,34): warning CS8600: 将 null 文本或可能的 null 值转换为不可为 null 类型。 [C:\Users\luo\.codex\worktrees\p3-db04-restore-drill-20260810\Server.MirForms\Server.csproj]
C:\Users\luo\.codex\worktrees\p3-db04-restore-drill-20260810\Server.MirForms\Systems\ConquestInfoForm.cs(342,34): warning CS8601: 可能的 null 引用赋值。 [C:\Users\luo\.codex\worktrees\p3-db04-restore-drill-20260810\Server.MirForms\Server.csproj]
C:\Users\luo\.codex\worktrees\p3-db04-restore-drill-20260810\Server.MirForms\Systems\ConquestInfoForm.cs(346,34): warning CS8625: 无法将 null 字面量转换为非 null 的引用类型。 [C:\Users\luo\.codex\worktrees\p3-db04-restore-drill-20260810\Server.MirForms\Server.csproj]
C:\Users\luo\.codex\worktrees\p3-db04-restore-drill-20260810\Server.MirForms\Systems\ConquestInfoForm.cs(353,32): warning CS8600: 将 null 文本或可能的 null 值转换为不可为 null 类型。 [C:\Users\luo\.codex\worktrees\p3-db04-restore-drill-20260810\Server.MirForms\Server.csproj]
C:\Users\luo\.codex\worktrees\p3-db04-restore-drill-20260810\Server.MirForms\Systems\ConquestInfoForm.cs(354,48): warning CS8602: 解引用可能出现空引用。 [C:\Users\luo\.codex\worktrees\p3-db04-restore-drill-20260810\Server.MirForms\Server.csproj]
C:\Users\luo\.codex\worktrees\p3-db04-restore-drill-20260810\Server.MirForms\Database\QuestInfoForm.cs(362,34): warning CS8600: 将 null 文本或可能的 null 值转换为不可为 null 类型。 [C:\Users\luo\.codex\worktrees\p3-db04-restore-drill-20260810\Server.MirForms\Server.csproj]
C:\Users\luo\.codex\worktrees\p3-db04-restore-drill-20260810\Server.MirForms\Database\QuestInfoForm.cs(364,56): warning CS8602: 解引用可能出现空引用。 [C:\Users\luo\.codex\worktrees\p3-db04-restore-drill-20260810\Server.MirForms\Server.csproj]
C:\Users\luo\.codex\worktrees\p3-db04-restore-drill-20260810\Server.MirForms\Database\QuestInfoForm.cs(373,56): warning CS8605: 取消装箱可能为 null 的值。 [C:\Users\luo\.codex\worktrees\p3-db04-restore-drill-20260810\Server.MirForms\Server.csproj]
C:\Users\luo\.codex\worktrees\p3-db04-restore-drill-20260810\Server.MirForms\Database\MapInfoForm.cs(492,25): warning CS8625: 无法将 null 字面量转换为非 null 的引用类型。 [C:\Users\luo\.codex\worktrees\p3-db04-restore-drill-20260810\Server.MirForms\Server.csproj]
C:\Users\luo\.codex\worktrees\p3-db04-restore-drill-20260810\Server.MirForms\Database\QuestInfoForm.cs(388,43): warning CS8604: “DirectoryInfo Directory.CreateDirectory(string path)”中的形参“path”可能传入 null 引用实参。 [C:\Users\luo\.codex\worktrees\p3-db04-restore-drill-20260810\Server.MirForms\Server.csproj]
C:\Users\luo\.codex\worktrees\p3-db04-restore-drill-20260810\Server.MirForms\Database\MapInfoForm.cs(543,52): warning CS8622: “void MapInfoForm.MapInfoListBox_SelectedIndexChanged(object sender, EventArgs e)”的参数“sender”类型中引用类型的为 Null 性与目标委托“EventHandler”不匹配(可能是由于为 Null 性特性)。 [C:\Users\luo\.codex\worktrees\p3-db04-restore-drill-20260810\Server.MirForms\Server.csproj]
C:\Users\luo\.codex\worktrees\p3-db04-restore-drill-20260810\Server.MirForms\Database\MapInfoForm.cs(552,52): warning CS8622: “void MapInfoForm.MapInfoListBox_SelectedIndexChanged(object sender, EventArgs e)”的参数“sender”类型中引用类型的为 Null 性与目标委托“EventHandler”不匹配(可能是由于为 Null 性特性)。 [C:\Users\luo\.codex\worktrees\p3-db04-restore-drill-20260810\Server.MirForms\Server.csproj]
C:\Users\luo\.codex\worktrees\p3-db04-restore-drill-20260810\Server.MirForms\Database\MonsterInfoFormNew.cs(129,57): warning CS8604: “DataColumn DataColumnCollection.Add(string? columnName, Type type)”中的形参“type”可能传入 null 引用实参。 [C:\Users\luo\.codex\worktrees\p3-db04-restore-drill-20260810\Server.MirForms\Server.csproj]
C:\Users\luo\.codex\worktrees\p3-db04-restore-drill-20260810\Server.MirForms\Database\MapInfoForm.cs(556,57): warning CS8622: “void MapInfoForm.SafeZoneInfoListBox_SelectedIndexChanged(object sender, EventArgs e)”的参数“sender”类型中引用类型的为 Null 性与目标委托“EventHandler”不匹配(可能是由于为 Null 性特性)。 [C:\Users\luo\.codex\worktrees\p3-db04-restore-drill-20260810\Server.MirForms\Server.csproj]
C:\Users\luo\.codex\worktrees\p3-db04-restore-drill-20260810\Server.MirForms\Database\MapInfoForm.cs(565,57): warning CS8622: “void MapInfoForm.SafeZoneInfoListBox_SelectedIndexChanged(object sender, EventArgs e)”的参数“sender”类型中引用类型的为 Null 性与目标委托“EventHandler”不匹配(可能是由于为 Null 性特性)。 [C:\Users\luo\.codex\worktrees\p3-db04-restore-drill-20260810\Server.MirForms\Server.csproj]
C:\Users\luo\.codex\worktrees\p3-db04-restore-drill-20260810\Server.MirForms\Database\MonsterInfoFormNew.cs(176,18): warning CS8602: 解引用可能出现空引用。 [C:\Users\luo\.codex\worktrees\p3-db04-restore-drill-20260810\Server.MirForms\Server.csproj]
C:\Users\luo\.codex\worktrees\p3-db04-restore-drill-20260810\Server.MirForms\Database\MonsterInfoFormNew.cs(182,14): warning CS8602: 解引用可能出现空引用。 [C:\Users\luo\.codex\worktrees\p3-db04-restore-drill-20260810\Server.MirForms\Server.csproj]
C:\Users\luo\.codex\worktrees\p3-db04-restore-drill-20260810\Server.MirForms\Systems\ConquestInfoForm.cs(459,28): warning CS8600: 将 null 文本或可能的 null 值转换为不可为 null 类型。 [C:\Users\luo\.codex\worktrees\p3-db04-restore-drill-20260810\Server.MirForms\Server.csproj]
C:\Users\luo\.codex\worktrees\p3-db04-restore-drill-20260810\Server.MirForms\Systems\ConquestInfoForm.cs(460,41): warning CS8602: 解引用可能出现空引用。 [C:\Users\luo\.codex\worktrees\p3-db04-restore-drill-20260810\Server.MirForms\Server.csproj]
C:\Users\luo\.codex\worktrees\p3-db04-restore-drill-20260810\Server.MirForms\Systems\ConquestInfoForm.cs(468,28): warning CS8600: 将 null 文本或可能的 null 值转换为不可为 null 类型。 [C:\Users\luo\.codex\worktrees\p3-db04-restore-drill-20260810\Server.MirForms\Server.csproj]
C:\Users\luo\.codex\worktrees\p3-db04-restore-drill-20260810\Server.MirForms\Systems\ConquestInfoForm.cs(469,44): warning CS8602: 解引用可能出现空引用。 [C:\Users\luo\.codex\worktrees\p3-db04-restore-drill-20260810\Server.MirForms\Server.csproj]
C:\Users\luo\.codex\worktrees\p3-db04-restore-drill-20260810\Server.MirForms\Systems\ConquestInfoForm.cs(477,32): warning CS8600: 将 null 文本或可能的 null 值转换为不可为 null 类型。 [C:\Users\luo\.codex\worktrees\p3-db04-restore-drill-20260810\Server.MirForms\Server.csproj]
C:\Users\luo\.codex\worktrees\p3-db04-restore-drill-20260810\Server.MirForms\Systems\ConquestInfoForm.cs(478,39): warning CS8602: 解引用可能出现空引用。 [C:\Users\luo\.codex\worktrees\p3-db04-restore-drill-20260810\Server.MirForms\Server.csproj]
C:\Users\luo\.codex\worktrees\p3-db04-restore-drill-20260810\Server.MirForms\Systems\ConquestInfoForm.cs(503,32): warning CS8600: 将 null 文本或可能的 null 值转换为不可为 null 类型。 [C:\Users\luo\.codex\worktrees\p3-db04-restore-drill-20260810\Server.MirForms\Server.csproj]
C:\Users\luo\.codex\worktrees\p3-db04-restore-drill-20260810\Server.MirForms\Systems\ConquestInfoForm.cs(503,32): warning CS8601: 可能的 null 引用赋值。 [C:\Users\luo\.codex\worktrees\p3-db04-restore-drill-20260810\Server.MirForms\Server.csproj]
C:\Users\luo\.codex\worktrees\p3-db04-restore-drill-20260810\Server.MirForms\Systems\ConquestInfoForm.cs(507,32): warning CS8625: 无法将 null 字面量转换为非 null 的引用类型。 [C:\Users\luo\.codex\worktrees\p3-db04-restore-drill-20260810\Server.MirForms\Server.csproj]
C:\Users\luo\.codex\worktrees\p3-db04-restore-drill-20260810\Server.MirForms\Systems\GuildInfoForm.cs(73,32): warning CS8625: 无法将 null 字面量转换为非 null 的引用类型。 [C:\Users\luo\.codex\worktrees\p3-db04-restore-drill-20260810\Server.MirForms\Server.csproj]
C:\Users\luo\.codex\worktrees\p3-db04-restore-drill-20260810\Server.MirForms\Systems\ConquestInfoForm.cs(531,32): warning CS8600: 将 null 文本或可能的 null 值转换为不可为 null 类型。 [C:\Users\luo\.codex\worktrees\p3-db04-restore-drill-20260810\Server.MirForms\Server.csproj]
C:\Users\luo\.codex\worktrees\p3-db04-restore-drill-20260810\Server.MirForms\Systems\ConquestInfoForm.cs(532,37): warning CS8602: 解引用可能出现空引用。 [C:\Users\luo\.codex\worktrees\p3-db04-restore-drill-20260810\Server.MirForms\Server.csproj]
C:\Users\luo\.codex\worktrees\p3-db04-restore-drill-20260810\Server.MirForms\Systems\ConquestInfoForm.cs(566,32): warning CS8600: 将 null 文本或可能的 null 值转换为不可为 null 类型。 [C:\Users\luo\.codex\worktrees\p3-db04-restore-drill-20260810\Server.MirForms\Server.csproj]
C:\Users\luo\.codex\worktrees\p3-db04-restore-drill-20260810\Server.MirForms\Systems\ConquestInfoForm.cs(566,32): warning CS8601: 可能的 null 引用赋值。 [C:\Users\luo\.codex\worktrees\p3-db04-restore-drill-20260810\Server.MirForms\Server.csproj]
C:\Users\luo\.codex\worktrees\p3-db04-restore-drill-20260810\Server.MirForms\Systems\ConquestInfoForm.cs(570,32): warning CS8625: 无法将 null 字面量转换为非 null 的引用类型。 [C:\Users\luo\.codex\worktrees\p3-db04-restore-drill-20260810\Server.MirForms\Server.csproj]
C:\Users\luo\.codex\worktrees\p3-db04-restore-drill-20260810\Server.MirForms\Account\AccountInfoForm.cs(595,43): warning CS8600: 将 null 文本或可能的 null 值转换为不可为 null 类型。 [C:\Users\luo\.codex\worktrees\p3-db04-restore-drill-20260810\Server.MirForms\Server.csproj]
C:\Users\luo\.codex\worktrees\p3-db04-restore-drill-20260810\Server.MirForms\Systems\ConquestInfoForm.cs(578,32): warning CS8600: 将 null 文本或可能的 null 值转换为不可为 null 类型。 [C:\Users\luo\.codex\worktrees\p3-db04-restore-drill-20260810\Server.MirForms\Server.csproj]
C:\Users\luo\.codex\worktrees\p3-db04-restore-drill-20260810\Server.MirForms\Systems\ConquestInfoForm.cs(579,37): warning CS8602: 解引用可能出现空引用。 [C:\Users\luo\.codex\worktrees\p3-db04-restore-drill-20260810\Server.MirForms\Server.csproj]
C:\Users\luo\.codex\worktrees\p3-db04-restore-drill-20260810\Server.MirForms\Systems\GuildInfoForm.cs(236,95): warning CS8600: 将 null 文本或可能的 null 值转换为不可为 null 类型。 [C:\Users\luo\.codex\worktrees\p3-db04-restore-drill-20260810\Server.MirForms\Server.csproj]
C:\Users\luo\.codex\worktrees\p3-db04-restore-drill-20260810\Server.MirForms\Systems\ConquestInfoForm.cs(686,41): warning CS8605: 取消装箱可能为 null 的值。 [C:\Users\luo\.codex\worktrees\p3-db04-restore-drill-20260810\Server.MirForms\Server.csproj]
C:\Users\luo\.codex\worktrees\p3-db04-restore-drill-20260810\Server.MirForms\Systems\ConquestInfoForm.cs(693,37): warning CS8605: 取消装箱可能为 null 的值。 [C:\Users\luo\.codex\worktrees\p3-db04-restore-drill-20260810\Server.MirForms\Server.csproj]
C:\Users\luo\.codex\worktrees\p3-db04-restore-drill-20260810\Server.MirForms\Database\MapInfoForm.cs(569,56): warning CS8622: “void MapInfoForm.RespawnInfoListBox_SelectedIndexChanged(object sender, EventArgs e)”的参数“sender”类型中引用类型的为 Null 性与目标委托“EventHandler”不匹配(可能是由于为 Null 性特性)。 [C:\Users\luo\.codex\worktrees\p3-db04-restore-drill-20260810\Server.MirForms\Server.csproj]
C:\Users\luo\.codex\worktrees\p3-db04-restore-drill-20260810\Server.MirForms\Database\MapInfoForm.cs(584,56): warning CS8622: “void MapInfoForm.RespawnInfoListBox_SelectedIndexChanged(object sender, EventArgs e)”的参数“sender”类型中引用类型的为 Null 性与目标委托“EventHandler”不匹配(可能是由于为 Null 性特性)。 [C:\Users\luo\.codex\worktrees\p3-db04-restore-drill-20260810\Server.MirForms\Server.csproj]
C:\Users\luo\.codex\worktrees\p3-db04-restore-drill-20260810\Server.MirForms\Database\ItemInfoFormNew.cs(217,57): warning CS8604: “DataColumn DataColumnCollection.Add(string? columnName, Type type)”中的形参“type”可能传入 null 引用实参。 [C:\Users\luo\.codex\worktrees\p3-db04-restore-drill-20260810\Server.MirForms\Server.csproj]
C:\Users\luo\.codex\worktrees\p3-db04-restore-drill-20260810\Server.MirForms\Database\ItemInfoFormNew.cs(285,13): warning CS8602: 解引用可能出现空引用。 [C:\Users\luo\.codex\worktrees\p3-db04-restore-drill-20260810\Server.MirForms\Server.csproj]
C:\Users\luo\.codex\worktrees\p3-db04-restore-drill-20260810\Server.MirForms\Database\ItemInfoFormNew.cs(296,31): warning CS8605: 取消装箱可能为 null 的值。 [C:\Users\luo\.codex\worktrees\p3-db04-restore-drill-20260810\Server.MirForms\Server.csproj]
C:\Users\luo\.codex\worktrees\p3-db04-restore-drill-20260810\Server.MirForms\Database\ItemInfoFormNew.cs(301,18): warning CS8602: 解引用可能出现空引用。 [C:\Users\luo\.codex\worktrees\p3-db04-restore-drill-20260810\Server.MirForms\Server.csproj]
C:\Users\luo\.codex\worktrees\p3-db04-restore-drill-20260810\Server.MirForms\Database\ItemInfoFormNew.cs(307,14): warning CS8602: 解引用可能出现空引用。 [C:\Users\luo\.codex\worktrees\p3-db04-restore-drill-20260810\Server.MirForms\Server.csproj]
C:\Users\luo\.codex\worktrees\p3-db04-restore-drill-20260810\Server.MirForms\Database\MapInfoForm.cs(588,57): warning CS8622: “void MapInfoForm.MovementInfoListBox_SelectedIndexChanged(object sender, EventArgs e)”的参数“sender”类型中引用类型的为 Null 性与目标委托“EventHandler”不匹配(可能是由于为 Null 性特性)。 [C:\Users\luo\.codex\worktrees\p3-db04-restore-drill-20260810\Server.MirForms\Server.csproj]
C:\Users\luo\.codex\worktrees\p3-db04-restore-drill-20260810\Server.MirForms\Database\MapInfoForm.cs(597,57): warning CS8622: “void MapInfoForm.MovementInfoListBox_SelectedIndexChanged(object sender, EventArgs e)”的参数“sender”类型中引用类型的为 Null 性与目标委托“EventHandler”不匹配(可能是由于为 Null 性特性)。 [C:\Users\luo\.codex\worktrees\p3-db04-restore-drill-20260810\Server.MirForms\Server.csproj]
C:\Users\luo\.codex\worktrees\p3-db04-restore-drill-20260810\Server.MirForms\Database\MonsterInfoForm.cs(748,40): warning CS8600: 将 null 文本或可能的 null 值转换为不可为 null 类型。 [C:\Users\luo\.codex\worktrees\p3-db04-restore-drill-20260810\Server.MirForms\Server.csproj]
C:\Users\luo\.codex\worktrees\p3-db04-restore-drill-20260810\Server.MirForms\Database\MapInfoForm.cs(603,51): warning CS8622: “void MapInfoForm.MZListlistBox_SelectedIndexChanged(object sender, EventArgs e)”的参数“sender”类型中引用类型的为 Null 性与目标委托“EventHandler”不匹配(可能是由于为 Null 性特性)。 [C:\Users\luo\.codex\worktrees\p3-db04-restore-drill-20260810\Server.MirForms\Server.csproj]
C:\Users\luo\.codex\worktrees\p3-db04-restore-drill-20260810\Server.MirForms\Database\MapInfoForm.cs(611,51): warning CS8622: “void MapInfoForm.MZListlistBox_SelectedIndexChanged(object sender, EventArgs e)”的参数“sender”类型中引用类型的为 Null 性与目标委托“EventHandler”不匹配(可能是由于为 Null 性特性)。 [C:\Users\luo\.codex\worktrees\p3-db04-restore-drill-20260810\Server.MirForms\Server.csproj]
C:\Users\luo\.codex\worktrees\p3-db04-restore-drill-20260810\Server.MirForms\Systems\ConquestInfoForm.cs(869,33): warning CS8600: 将 null 文本或可能的 null 值转换为不可为 null 类型。 [C:\Users\luo\.codex\worktrees\p3-db04-restore-drill-20260810\Server.MirForms\Server.csproj]
C:\Users\luo\.codex\worktrees\p3-db04-restore-drill-20260810\Server.MirForms\Systems\ConquestInfoForm.cs(869,33): warning CS8601: 可能的 null 引用赋值。 [C:\Users\luo\.codex\worktrees\p3-db04-restore-drill-20260810\Server.MirForms\Server.csproj]
C:\Users\luo\.codex\worktrees\p3-db04-restore-drill-20260810\Server.MirForms\Systems\ConquestInfoForm.cs(873,33): warning CS8625: 无法将 null 字面量转换为非 null 的引用类型。 [C:\Users\luo\.codex\worktrees\p3-db04-restore-drill-20260810\Server.MirForms\Server.csproj]
C:\Users\luo\.codex\worktrees\p3-db04-restore-drill-20260810\Server.MirForms\Database\MapInfoForm.cs(677,13): warning CS8602: 解引用可能出现空引用。 [C:\Users\luo\.codex\worktrees\p3-db04-restore-drill-20260810\Server.MirForms\Server.csproj]
C:\Users\luo\.codex\worktrees\p3-db04-restore-drill-20260810\Server.MirForms\Database\ItemInfoForm.cs(453,53): warning CS8622: “void ItemInfoForm.ItemInfoListBox_SelectedIndexChanged(object sender, EventArgs e)”的参数“sender”类型中引用类型的为 Null 性与目标委托“EventHandler”不匹配(可能是由于为 Null 性特性)。 [C:\Users\luo\.codex\worktrees\p3-db04-restore-drill-20260810\Server.MirForms\Server.csproj]
C:\Users\luo\.codex\worktrees\p3-db04-restore-drill-20260810\Server.MirForms\Database\ItemInfoForm.cs(468,53): warning CS8622: “void ItemInfoForm.ItemInfoListBox_SelectedIndexChanged(object sender, EventArgs e)”的参数“sender”类型中引用类型的为 Null 性与目标委托“EventHandler”不匹配(可能是由于为 Null 性特性)。 [C:\Users\luo\.codex\worktrees\p3-db04-restore-drill-20260810\Server.MirForms\Server.csproj]
C:\Users\luo\.codex\worktrees\p3-db04-restore-drill-20260810\Server.MirForms\Database\ItemInfoForm.cs(480,38): warning CS8605: 取消装箱可能为 null 的值。 [C:\Users\luo\.codex\worktrees\p3-db04-restore-drill-20260810\Server.MirForms\Server.csproj]
C:\Users\luo\.codex\worktrees\p3-db04-restore-drill-20260810\Server.MirForms\DropBuilder\DropBuilderForm.cs(156,83): warning CS8625: 无法将 null 字面量转换为非 null 的引用类型。 [C:\Users\luo\.codex\worktrees\p3-db04-restore-drill-20260810\Server.MirForms\Server.csproj]
C:\Users\luo\.codex\worktrees\p3-db04-restore-drill-20260810\Server.MirForms\Database\MapInfoForm.cs(704,46): warning CS8605: 取消装箱可能为 null 的值。 [C:\Users\luo\.codex\worktrees\p3-db04-restore-drill-20260810\Server.MirForms\Server.csproj]
C:\Users\luo\.codex\worktrees\p3-db04-restore-drill-20260810\Server.MirForms\Program.cs(40,29): warning CS0168: 声明了变量“ex”，但从未使用过 [C:\Users\luo\.codex\worktrees\p3-db04-restore-drill-20260810\Server.MirForms\Server.csproj]
C:\Users\luo\.codex\worktrees\p3-db04-restore-drill-20260810\Server.MirForms\Database\ItemInfoForm.cs(522,46): warning CS8605: 取消装箱可能为 null 的值。 [C:\Users\luo\.codex\worktrees\p3-db04-restore-drill-20260810\Server.MirForms\Server.csproj]
C:\Users\luo\.codex\worktrees\p3-db04-restore-drill-20260810\Server.MirForms\Database\ItemInfoForm.cs(529,54): warning CS8605: 取消装箱可能为 null 的值。 [C:\Users\luo\.codex\worktrees\p3-db04-restore-drill-20260810\Server.MirForms\Server.csproj]
C:\Users\luo\.codex\worktrees\p3-db04-restore-drill-20260810\Server.MirForms\Database\ItemInfoForm.cs(536,56): warning CS8605: 取消装箱可能为 null 的值。 [C:\Users\luo\.codex\worktrees\p3-db04-restore-drill-20260810\Server.MirForms\Server.csproj]
C:\Users\luo\.codex\worktrees\p3-db04-restore-drill-20260810\Server.MirForms\Database\ItemInfoForm.cs(543,55): warning CS8605: 取消装箱可能为 null 的值。 [C:\Users\luo\.codex\worktrees\p3-db04-restore-drill-20260810\Server.MirForms\Server.csproj]
C:\Users\luo\.codex\worktrees\p3-db04-restore-drill-20260810\Server.MirForms\Database\MonsterInfoFormNew.cs(204,42): warning CS8600: 将 null 文本或可能的 null 值转换为不可为 null 类型。 [C:\Users\luo\.codex\worktrees\p3-db04-restore-drill-20260810\Server.MirForms\Server.csproj]
C:\Users\luo\.codex\worktrees\p3-db04-restore-drill-20260810\Server.MirForms\Database\MonsterInfoFormNew.cs(212,33): warning CS8605: 取消装箱可能为 null 的值。 [C:\Users\luo\.codex\worktrees\p3-db04-restore-drill-20260810\Server.MirForms\Server.csproj]
C:\Users\luo\.codex\worktrees\p3-db04-restore-drill-20260810\Server.MirForms\Database\MonsterInfoFormNew.cs(214,31): warning CS8600: 将 null 文本或可能的 null 值转换为不可为 null 类型。 [C:\Users\luo\.codex\worktrees\p3-db04-restore-drill-20260810\Server.MirForms\Server.csproj]
C:\Users\luo\.codex\worktrees\p3-db04-restore-drill-20260810\Server.MirForms\Database\MonsterInfoFormNew.cs(216,64): warning CS8605: 取消装箱可能为 null 的值。 [C:\Users\luo\.codex\worktrees\p3-db04-restore-drill-20260810\Server.MirForms\Server.csproj]
C:\Users\luo\.codex\worktrees\p3-db04-restore-drill-20260810\Server.MirForms\Database\MonsterInfoFormNew.cs(219,17): warning CS8602: 解引用可能出现空引用。 [C:\Users\luo\.codex\worktrees\p3-db04-restore-drill-20260810\Server.MirForms\Server.csproj]
C:\Users\luo\.codex\worktrees\p3-db04-restore-drill-20260810\Server.MirForms\Database\MonsterInfoFormNew.cs(219,32): warning CS8600: 将 null 文本或可能的 null 值转换为不可为 null 类型。 [C:\Users\luo\.codex\worktrees\p3-db04-restore-drill-20260810\Server.MirForms\Server.csproj]
C:\Users\luo\.codex\worktrees\p3-db04-restore-drill-20260810\Server.MirForms\Database\MonsterInfoFormNew.cs(220,33): warning CS8605: 取消装箱可能为 null 的值。 [C:\Users\luo\.codex\worktrees\p3-db04-restore-drill-20260810\Server.MirForms\Server.csproj]
C:\Users\luo\.codex\worktrees\p3-db04-restore-drill-20260810\Server.MirForms\Database\MonsterInfoFormNew.cs(221,30): warning CS8605: 取消装箱可能为 null 的值。 [C:\Users\luo\.codex\worktrees\p3-db04-restore-drill-20260810\Server.MirForms\Server.csproj]
C:\Users\luo\.codex\worktrees\p3-db04-restore-drill-20260810\Server.MirForms\Database\MonsterInfoFormNew.cs(222,33): warning CS8605: 取消装箱可能为 null 的值。 [C:\Users\luo\.codex\worktrees\p3-db04-restore-drill-20260810\Server.MirForms\Server.csproj]
C:\Users\luo\.codex\worktrees\p3-db04-restore-drill-20260810\Server.MirForms\Database\MonsterInfoFormNew.cs(223,34): warning CS8605: 取消装箱可能为 null 的值。 [C:\Users\luo\.codex\worktrees\p3-db04-restore-drill-20260810\Server.MirForms\Server.csproj]
C:\Users\luo\.codex\worktrees\p3-db04-restore-drill-20260810\Server.MirForms\Database\MonsterInfoFormNew.cs(224,33): warning CS8605: 取消装箱可能为 null 的值。 [C:\Users\luo\.codex\worktrees\p3-db04-restore-drill-20260810\Server.MirForms\Server.csproj]
C:\Users\luo\.codex\worktrees\p3-db04-restore-drill-20260810\Server.MirForms\Database\MonsterInfoFormNew.cs(225,39): warning CS8605: 取消装箱可能为 null 的值。 [C:\Users\luo\.codex\worktrees\p3-db04-restore-drill-20260810\Server.MirForms\Server.csproj]
C:\Users\luo\.codex\worktrees\p3-db04-restore-drill-20260810\Server.MirForms\Database\MonsterInfoFormNew.cs(226,37): warning CS8605: 取消装箱可能为 null 的值。 [C:\Users\luo\.codex\worktrees\p3-db04-restore-drill-20260810\Server.MirForms\Server.csproj]
C:\Users\luo\.codex\worktrees\p3-db04-restore-drill-20260810\Server.MirForms\Database\MonsterInfoFormNew.cs(227,37): warning CS8605: 取消装箱可能为 null 的值。 [C:\Users\luo\.codex\worktrees\p3-db04-restore-drill-20260810\Server.MirForms\Server.csproj]
C:\Users\luo\.codex\worktrees\p3-db04-restore-drill-20260810\Server.MirForms\Database\MonsterInfoFormNew.cs(228,35): warning CS8605: 取消装箱可能为 null 的值。 [C:\Users\luo\.codex\worktrees\p3-db04-restore-drill-20260810\Server.MirForms\Server.csproj]
C:\Users\luo\.codex\worktrees\p3-db04-restore-drill-20260810\Server.MirForms\Database\MonsterInfoFormNew.cs(229,38): warning CS8605: 取消装箱可能为 null 的值。 [C:\Users\luo\.codex\worktrees\p3-db04-restore-drill-20260810\Server.MirForms\Server.csproj]
C:\Users\luo\.codex\worktrees\p3-db04-restore-drill-20260810\Server.MirForms\Database\MonsterInfoFormNew.cs(230,35): warning CS8605: 取消装箱可能为 null 的值。 [C:\Users\luo\.codex\worktrees\p3-db04-restore-drill-20260810\Server.MirForms\Server.csproj]
C:\Users\luo\.codex\worktrees\p3-db04-restore-drill-20260810\Server.MirForms\Database\MonsterInfoFormNew.cs(231,35): warning CS8605: 取消装箱可能为 null 的值。 [C:\Users\luo\.codex\worktrees\p3-db04-restore-drill-20260810\Server.MirForms\Server.csproj]
C:\Users\luo\.codex\worktrees\p3-db04-restore-drill-20260810\Server.MirForms\Database\MonsterInfoFormNew.cs(232,34): warning CS8605: 取消装箱可能为 null 的值。 [C:\Users\luo\.codex\worktrees\p3-db04-restore-drill-20260810\Server.MirForms\Server.csproj]
C:\Users\luo\.codex\worktrees\p3-db04-restore-drill-20260810\Server.MirForms\Database\MonsterInfoFormNew.cs(233,35): warning CS8605: 取消装箱可能为 null 的值。 [C:\Users\luo\.codex\worktrees\p3-db04-restore-drill-20260810\Server.MirForms\Server.csproj]
C:\Users\luo\.codex\worktrees\p3-db04-restore-drill-20260810\Server.MirForms\Database\MonsterInfoFormNew.cs(234,36): warning CS8600: 将 null 文本或可能的 null 值转换为不可为 null 类型。 [C:\Users\luo\.codex\worktrees\p3-db04-restore-drill-20260810\Server.MirForms\Server.csproj]
C:\Users\luo\.codex\worktrees\p3-db04-restore-drill-20260810\Server.MirForms\Database\MonsterInfoFormNew.cs(246,51): warning CS8605: 取消装箱可能为 null 的值。 [C:\Users\luo\.codex\worktrees\p3-db04-restore-drill-20260810\Server.MirForms\Server.csproj]
C:\Users\luo\.codex\worktrees\p3-db04-restore-drill-20260810\Server.MirForms\Database\MonsterInfoFormNew.cs(258,25): warning CS8602: 解引用可能出现空引用。 [C:\Users\luo\.codex\worktrees\p3-db04-restore-drill-20260810\Server.MirForms\Server.csproj]
C:\Users\luo\.codex\worktrees\p3-db04-restore-drill-20260810\Server.MirForms\Database\MonsterInfoFormNew.cs(264,20): warning CS8603: 可能返回 null 引用。 [C:\Users\luo\.codex\worktrees\p3-db04-restore-drill-20260810\Server.MirForms\Server.csproj]
C:\Users\luo\.codex\worktrees\p3-db04-restore-drill-20260810\Server.MirForms\Database\MonsterInfoFormNew.cs(280,23): warning CS8602: 解引用可能出现空引用。 [C:\Users\luo\.codex\worktrees\p3-db04-restore-drill-20260810\Server.MirForms\Server.csproj]
C:\Users\luo\.codex\worktrees\p3-db04-restore-drill-20260810\Server.MirForms\Systems\GuildInfoForm.cs(440,13): warning CS8602: 解引用可能出现空引用。 [C:\Users\luo\.codex\worktrees\p3-db04-restore-drill-20260810\Server.MirForms\Server.csproj]
C:\Users\luo\.codex\worktrees\p3-db04-restore-drill-20260810\Server.MirForms\Systems\GuildInfoForm.cs(449,13): warning CS8602: 解引用可能出现空引用。 [C:\Users\luo\.codex\worktrees\p3-db04-restore-drill-20260810\Server.MirForms\Server.csproj]
C:\Users\luo\.codex\worktrees\p3-db04-restore-drill-20260810\Server.MirForms\Systems\ConquestInfoForm.cs(954,32): warning CS8600: 将 null 文本或可能的 null 值转换为不可为 null 类型。 [C:\Users\luo\.codex\worktrees\p3-db04-restore-drill-20260810\Server.MirForms\Server.csproj]
C:\Users\luo\.codex\worktrees\p3-db04-restore-drill-20260810\Server.MirForms\Systems\ConquestInfoForm.cs(955,38): warning CS8602: 解引用可能出现空引用。 [C:\Users\luo\.codex\worktrees\p3-db04-restore-drill-20260810\Server.MirForms\Server.csproj]
C:\Users\luo\.codex\worktrees\p3-db04-restore-drill-20260810\Server.MirForms\Systems\GuildInfoForm.cs(459,13): warning CS8602: 解引用可能出现空引用。 [C:\Users\luo\.codex\worktrees\p3-db04-restore-drill-20260810\Server.MirForms\Server.csproj]
C:\Users\luo\.codex\worktrees\p3-db04-restore-drill-20260810\Server.MirForms\Systems\GuildInfoForm.cs(469,13): warning CS8602: 解引用可能出现空引用。 [C:\Users\luo\.codex\worktrees\p3-db04-restore-drill-20260810\Server.MirForms\Server.csproj]
C:\Users\luo\.codex\worktrees\p3-db04-restore-drill-20260810\Server.MirForms\Systems\GuildInfoForm.cs(478,13): warning CS8602: 解引用可能出现空引用。 [C:\Users\luo\.codex\worktrees\p3-db04-restore-drill-20260810\Server.MirForms\Server.csproj]
C:\Users\luo\.codex\worktrees\p3-db04-restore-drill-20260810\Server.MirForms\Systems\GuildInfoForm.cs(487,13): warning CS8602: 解引用可能出现空引用。 [C:\Users\luo\.codex\worktrees\p3-db04-restore-drill-20260810\Server.MirForms\Server.csproj]
C:\Users\luo\.codex\worktrees\p3-db04-restore-drill-20260810\Server.MirForms\Database\MapInfoForm.cs(817,32): warning CS8600: 将 null 文本或可能的 null 值转换为不可为 null 类型。 [C:\Users\luo\.codex\worktrees\p3-db04-restore-drill-20260810\Server.MirForms\Server.csproj]
C:\Users\luo\.codex\worktrees\p3-db04-restore-drill-20260810\Server.MirForms\Systems\ConquestInfoForm.cs(1022,32): warning CS8600: 将 null 文本或可能的 null 值转换为不可为 null 类型。 [C:\Users\luo\.codex\worktrees\p3-db04-restore-drill-20260810\Server.MirForms\Server.csproj]
C:\Users\luo\.codex\worktrees\p3-db04-restore-drill-20260810\Server.MirForms\Systems\ConquestInfoForm.cs(1022,32): warning CS8601: 可能的 null 引用赋值。 [C:\Users\luo\.codex\worktrees\p3-db04-restore-drill-20260810\Server.MirForms\Server.csproj]
C:\Users\luo\.codex\worktrees\p3-db04-restore-drill-20260810\Server.MirForms\Systems\ConquestInfoForm.cs(1026,32): warning CS8625: 无法将 null 字面量转换为非 null 的引用类型。 [C:\Users\luo\.codex\worktrees\p3-db04-restore-drill-20260810\Server.MirForms\Server.csproj]
C:\Users\luo\.codex\worktrees\p3-db04-restore-drill-20260810\Server.MirForms\Systems\MonsterTunerForm.cs(25,35): warning CS8600: 将 null 文本或可能的 null 值转换为不可为 null 类型。 [C:\Users\luo\.codex\worktrees\p3-db04-restore-drill-20260810\Server.MirForms\Server.csproj]
C:\Users\luo\.codex\worktrees\p3-db04-restore-drill-20260810\Server.MirForms\Systems\ConquestInfoForm.cs(1051,40): warning CS8600: 将 null 文本或可能的 null 值转换为不可为 null 类型。 [C:\Users\luo\.codex\worktrees\p3-db04-restore-drill-20260810\Server.MirForms\Server.csproj]
C:\Users\luo\.codex\worktrees\p3-db04-restore-drill-20260810\Server.MirForms\Systems\ConquestInfoForm.cs(1051,40): warning CS8601: 可能的 null 引用赋值。 [C:\Users\luo\.codex\worktrees\p3-db04-restore-drill-20260810\Server.MirForms\Server.csproj]
C:\Users\luo\.codex\worktrees\p3-db04-restore-drill-20260810\Server.MirForms\Systems\ConquestInfoForm.cs(1055,40): warning CS8625: 无法将 null 字面量转换为非 null 的引用类型。 [C:\Users\luo\.codex\worktrees\p3-db04-restore-drill-20260810\Server.MirForms\Server.csproj]
C:\Users\luo\.codex\worktrees\p3-db04-restore-drill-20260810\Server.MirForms\Database\MapForm.cs(8,41): warning CS8625: 无法将 null 字面量转换为非 null 的引用类型。 [C:\Users\luo\.codex\worktrees\p3-db04-restore-drill-20260810\Server.MirForms\Server.csproj]
C:\Users\luo\.codex\worktrees\p3-db04-restore-drill-20260810\Server.MirForms\VisualMapInfo\Class\VisualizerGlobal.cs(15,42): warning CS8625: 无法将 null 字面量转换为非 null 的引用类型。 [C:\Users\luo\.codex\worktrees\p3-db04-restore-drill-20260810\Server.MirForms\Server.csproj]
C:\Users\luo\.codex\worktrees\p3-db04-restore-drill-20260810\Server.MirForms\VisualMapInfo\Class\VisualizerGlobal.cs(32,39): warning CS8625: 无法将 null 字面量转换为非 null 的引用类型。 [C:\Users\luo\.codex\worktrees\p3-db04-restore-drill-20260810\Server.MirForms\Server.csproj]
C:\Users\luo\.codex\worktrees\p3-db04-restore-drill-20260810\Server.MirForms\VisualMapInfo\Class\VisualizerGlobal.cs(32,45): warning CS8625: 无法将 null 字面量转换为非 null 的引用类型。 [C:\Users\luo\.codex\worktrees\p3-db04-restore-drill-20260810\Server.MirForms\Server.csproj]
C:\Users\luo\.codex\worktrees\p3-db04-restore-drill-20260810\Server.MirForms\VisualMapInfo\Class\VisualizerGlobal.cs(40,27): warning CS8625: 无法将 null 字面量转换为非 null 的引用类型。 [C:\Users\luo\.codex\worktrees\p3-db04-restore-drill-20260810\Server.MirForms\Server.csproj]
C:\Users\luo\.codex\worktrees\p3-db04-restore-drill-20260810\Server.MirForms\Systems\GuildInfoForm.cs(496,13): warning CS8602: 解引用可能出现空引用。 [C:\Users\luo\.codex\worktrees\p3-db04-restore-drill-20260810\Server.MirForms\Server.csproj]
C:\Users\luo\.codex\worktrees\p3-db04-restore-drill-20260810\Server.MirForms\Systems\GuildInfoForm.cs(505,13): warning CS8602: 解引用可能出现空引用。 [C:\Users\luo\.codex\worktrees\p3-db04-restore-drill-20260810\Server.MirForms\Server.csproj]
C:\Users\luo\.codex\worktrees\p3-db04-restore-drill-20260810\Server.MirForms\Systems\GuildInfoForm.cs(514,13): warning CS8602: 解引用可能出现空引用。 [C:\Users\luo\.codex\worktrees\p3-db04-restore-drill-20260810\Server.MirForms\Server.csproj]
C:\Users\luo\.codex\worktrees\p3-db04-restore-drill-20260810\Server.MirForms\Systems\GuildInfoForm.cs(523,13): warning CS8602: 解引用可能出现空引用。 [C:\Users\luo\.codex\worktrees\p3-db04-restore-drill-20260810\Server.MirForms\Server.csproj]
C:\Users\luo\.codex\worktrees\p3-db04-restore-drill-20260810\Server.MirForms\Database\ItemInfoFormNew.cs(329,42): warning CS8600: 将 null 文本或可能的 null 值转换为不可为 null 类型。 [C:\Users\luo\.codex\worktrees\p3-db04-restore-drill-20260810\Server.MirForms\Server.csproj]
C:\Users\luo\.codex\worktrees\p3-db04-restore-drill-20260810\Server.MirForms\Database\ItemInfoFormNew.cs(337,33): warning CS8605: 取消装箱可能为 null 的值。 [C:\Users\luo\.codex\worktrees\p3-db04-restore-drill-20260810\Server.MirForms\Server.csproj]
C:\Users\luo\.codex\worktrees\p3-db04-restore-drill-20260810\Server.MirForms\Database\ItemInfoFormNew.cs(339,28): warning CS8600: 将 null 文本或可能的 null 值转换为不可为 null 类型。 [C:\Users\luo\.codex\worktrees\p3-db04-restore-drill-20260810\Server.MirForms\Server.csproj]
C:\Users\luo\.codex\worktrees\p3-db04-restore-drill-20260810\Server.MirForms\Database\ItemInfoFormNew.cs(341,64): warning CS8605: 取消装箱可能为 null 的值。 [C:\Users\luo\.codex\worktrees\p3-db04-restore-drill-20260810\Server.MirForms\Server.csproj]
C:\Users\luo\.codex\worktrees\p3-db04-restore-drill-20260810\Server.MirForms\Database\ItemInfoFormNew.cs(344,17): warning CS8602: 解引用可能出现空引用。 [C:\Users\luo\.codex\worktrees\p3-db04-restore-drill-20260810\Server.MirForms\Server.csproj]
C:\Users\luo\.codex\worktrees\p3-db04-restore-drill-20260810\Server.MirForms\Database\ItemInfoFormNew.cs(344,29): warning CS8600: 将 null 文本或可能的 null 值转换为不可为 null 类型。 [C:\Users\luo\.codex\worktrees\p3-db04-restore-drill-20260810\Server.MirForms\Server.csproj]
C:\Users\luo\.codex\worktrees\p3-db04-restore-drill-20260810\Server.MirForms\Database\ItemInfoFormNew.cs(345,29): warning CS8605: 取消装箱可能为 null 的值。 [C:\Users\luo\.codex\worktrees\p3-db04-restore-drill-20260810\Server.MirForms\Server.csproj]
C:\Users\luo\.codex\worktrees\p3-db04-restore-drill-20260810\Server.MirForms\Database\ItemInfoFormNew.cs(346,30): warning CS8605: 取消装箱可能为 null 的值。 [C:\Users\luo\.codex\worktrees\p3-db04-restore-drill-20260810\Server.MirForms\Server.csproj]
C:\Users\luo\.codex\worktrees\p3-db04-restore-drill-20260810\Server.MirForms\Database\ItemInfoFormNew.cs(347,37): warning CS8605: 取消装箱可能为 null 的值。 [C:\Users\luo\.codex\worktrees\p3-db04-restore-drill-20260810\Server.MirForms\Server.csproj]
C:\Users\luo\.codex\worktrees\p3-db04-restore-drill-20260810\Server.MirForms\Database\ItemInfoFormNew.cs(348,39): warning CS8605: 取消装箱可能为 null 的值。 [C:\Users\luo\.codex\worktrees\p3-db04-restore-drill-20260810\Server.MirForms\Server.csproj]
C:\Users\luo\.codex\worktrees\p3-db04-restore-drill-20260810\Server.MirForms\Database\ItemInfoFormNew.cs(349,38): warning CS8605: 取消装箱可能为 null 的值。 [C:\Users\luo\.codex\worktrees\p3-db04-restore-drill-20260810\Server.MirForms\Server.csproj]
C:\Users\luo\.codex\worktrees\p3-db04-restore-drill-20260810\Server.MirForms\Database\ItemInfoFormNew.cs(350,28): warning CS8605: 取消装箱可能为 null 的值。 [C:\Users\luo\.codex\worktrees\p3-db04-restore-drill-20260810\Server.MirForms\Server.csproj]
C:\Users\luo\.codex\worktrees\p3-db04-restore-drill-20260810\Server.MirForms\Database\ItemInfoFormNew.cs(351,38): warning CS8605: 取消装箱可能为 null 的值。 [C:\Users\luo\.codex\worktrees\p3-db04-restore-drill-20260810\Server.MirForms\Server.csproj]
C:\Users\luo\.codex\worktrees\p3-db04-restore-drill-20260810\Server.MirForms\Database\ItemInfoFormNew.cs(352,39): warning CS8605: 取消装箱可能为 null 的值。 [C:\Users\luo\.codex\worktrees\p3-db04-restore-drill-20260810\Server.MirForms\Server.csproj]
C:\Users\luo\.codex\worktrees\p3-db04-restore-drill-20260810\Server.MirForms\Database\ItemInfoFormNew.cs(353,30): warning CS8605: 取消装箱可能为 null 的值。 [C:\Users\luo\.codex\worktrees\p3-db04-restore-drill-20260810\Server.MirForms\Server.csproj]
C:\Users\luo\.codex\worktrees\p3-db04-restore-drill-20260810\Server.MirForms\Database\ItemInfoFormNew.cs(354,30): warning CS8605: 取消装箱可能为 null 的值。 [C:\Users\luo\.codex\worktrees\p3-db04-restore-drill-20260810\Server.MirForms\Server.csproj]
C:\Users\luo\.codex\worktrees\p3-db04-restore-drill-20260810\Server.MirForms\Database\ItemInfoFormNew.cs(355,31): warning CS8605: 取消装箱可能为 null 的值。 [C:\Users\luo\.codex\worktrees\p3-db04-restore-drill-20260810\Server.MirForms\Server.csproj]
C:\Users\luo\.codex\worktrees\p3-db04-restore-drill-20260810\Server.MirForms\Database\ItemInfoFormNew.cs(356,34): warning CS8605: 取消装箱可能为 null 的值。 [C:\Users\luo\.codex\worktrees\p3-db04-restore-drill-20260810\Server.MirForms\Server.csproj]
C:\Users\luo\.codex\worktrees\p3-db04-restore-drill-20260810\Server.MirForms\Database\ItemInfoFormNew.cs(357,30): warning CS8605: 取消装箱可能为 null 的值。 [C:\Users\luo\.codex\worktrees\p3-db04-restore-drill-20260810\Server.MirForms\Server.csproj]
C:\Users\luo\.codex\worktrees\p3-db04-restore-drill-20260810\Server.MirForms\Database\ItemInfoFormNew.cs(358,31): warning CS8605: 取消装箱可能为 null 的值。 [C:\Users\luo\.codex\worktrees\p3-db04-restore-drill-20260810\Server.MirForms\Server.csproj]
C:\Users\luo\.codex\worktrees\p3-db04-restore-drill-20260810\Server.MirForms\Database\ItemInfoFormNew.cs(360,34): warning CS8605: 取消装箱可能为 null 的值。 [C:\Users\luo\.codex\worktrees\p3-db04-restore-drill-20260810\Server.MirForms\Server.csproj]
C:\Users\luo\.codex\worktrees\p3-db04-restore-drill-20260810\Server.MirForms\Database\ItemInfoFormNew.cs(361,37): warning CS8605: 取消装箱可能为 null 的值。 [C:\Users\luo\.codex\worktrees\p3-db04-restore-drill-20260810\Server.MirForms\Server.csproj]
C:\Users\luo\.codex\worktrees\p3-db04-restore-drill-20260810\Server.MirForms\Database\ItemInfoFormNew.cs(362,40): warning CS8605: 取消装箱可能为 null 的值。 [C:\Users\luo\.codex\worktrees\p3-db04-restore-drill-20260810\Server.MirForms\Server.csproj]
C:\Users\luo\.codex\worktrees\p3-db04-restore-drill-20260810\Server.MirForms\Database\ItemInfoFormNew.cs(363,41): warning CS8605: 取消装箱可能为 null 的值。 [C:\Users\luo\.codex\worktrees\p3-db04-restore-drill-20260810\Server.MirForms\Server.csproj]
C:\Users\luo\.codex\worktrees\p3-db04-restore-drill-20260810\Server.MirForms\Database\ItemInfoFormNew.cs(364,35): warning CS8605: 取消装箱可能为 null 的值。 [C:\Users\luo\.codex\worktrees\p3-db04-restore-drill-20260810\Server.MirForms\Server.csproj]
C:\Users\luo\.codex\worktrees\p3-db04-restore-drill-20260810\Server.MirForms\Database\ItemInfoFormNew.cs(365,35): warning CS8605: 取消装箱可能为 null 的值。 [C:\Users\luo\.codex\worktrees\p3-db04-restore-drill-20260810\Server.MirForms\Server.csproj]
C:\Users\luo\.codex\worktrees\p3-db04-restore-drill-20260810\Server.MirForms\Database\ItemInfoFormNew.cs(366,32): warning CS8605: 取消装箱可能为 null 的值。 [C:\Users\luo\.codex\worktrees\p3-db04-restore-drill-20260810\Server.MirForms\Server.csproj]
C:\Users\luo\.codex\worktrees\p3-db04-restore-drill-20260810\Server.MirForms\Database\ItemInfoFormNew.cs(367,35): warning CS8605: 取消装箱可能为 null 的值。 [C:\Users\luo\.codex\worktrees\p3-db04-restore-drill-20260810\Server.MirForms\Server.csproj]
C:\Users\luo\.codex\worktrees\p3-db04-restore-drill-20260810\Server.MirForms\Database\ItemInfoFormNew.cs(368,37): warning CS8605: 取消装箱可能为 null 的值。 [C:\Users\luo\.codex\worktrees\p3-db04-restore-drill-20260810\Server.MirForms\Server.csproj]
C:\Users\luo\.codex\worktrees\p3-db04-restore-drill-20260810\Server.MirForms\Database\ItemInfoFormNew.cs(370,30): warning CS8605: 取消装箱可能为 null 的值。 [C:\Users\luo\.codex\worktrees\p3-db04-restore-drill-20260810\Server.MirForms\Server.csproj]
C:\Users\luo\.codex\worktrees\p3-db04-restore-drill-20260810\Server.MirForms\Database\ItemInfoFormNew.cs(370,79): warning CS8605: 取消装箱可能为 null 的值。 [C:\Users\luo\.codex\worktrees\p3-db04-restore-drill-20260810\Server.MirForms\Server.csproj]
C:\Users\luo\.codex\worktrees\p3-db04-restore-drill-20260810\Server.MirForms\Database\ItemInfoFormNew.cs(372,35): warning CS8605: 取消装箱可能为 null 的值。 [C:\Users\luo\.codex\worktrees\p3-db04-restore-drill-20260810\Server.MirForms\Server.csproj]
C:\Users\luo\.codex\worktrees\p3-db04-restore-drill-20260810\Server.MirForms\Database\ItemInfoFormNew.cs(373,30): warning CS8605: 取消装箱可能为 null 的值。 [C:\Users\luo\.codex\worktrees\p3-db04-restore-drill-20260810\Server.MirForms\Server.csproj]
C:\Users\luo\.codex\worktrees\p3-db04-restore-drill-20260810\Server.MirForms\Database\ItemInfoFormNew.cs(374,32): warning CS8602: 解引用可能出现空引用。 [C:\Users\luo\.codex\worktrees\p3-db04-restore-drill-20260810\Server.MirForms\Server.csproj]
C:\Users\luo\.codex\worktrees\p3-db04-restore-drill-20260810\Server.MirForms\Database\ItemInfoFormNew.cs(388,48): warning CS8605: 取消装箱可能为 null 的值。 [C:\Users\luo\.codex\worktrees\p3-db04-restore-drill-20260810\Server.MirForms\Server.csproj]
C:\Users\luo\.codex\worktrees\p3-db04-restore-drill-20260810\Server.MirForms\Database\ItemInfoFormNew.cs(396,29): warning CS8605: 取消装箱可能为 null 的值。 [C:\Users\luo\.codex\worktrees\p3-db04-restore-drill-20260810\Server.MirForms\Server.csproj]
C:\Users\luo\.codex\worktrees\p3-db04-restore-drill-20260810\Server.MirForms\Database\ItemInfoFormNew.cs(407,29): warning CS8605: 取消装箱可能为 null 的值。 [C:\Users\luo\.codex\worktrees\p3-db04-restore-drill-20260810\Server.MirForms\Server.csproj]
C:\Users\luo\.codex\worktrees\p3-db04-restore-drill-20260810\Server.MirForms\Systems\GuildInfoForm.cs(532,13): warning CS8602: 解引用可能出现空引用。 [C:\Users\luo\.codex\worktrees\p3-db04-restore-drill-20260810\Server.MirForms\Server.csproj]
C:\Users\luo\.codex\worktrees\p3-db04-restore-drill-20260810\Server.MirForms\Database\ItemInfoFormNew.cs(422,25): warning CS8602: 解引用可能出现空引用。 [C:\Users\luo\.codex\worktrees\p3-db04-restore-drill-20260810\Server.MirForms\Server.csproj]
C:\Users\luo\.codex\worktrees\p3-db04-restore-drill-20260810\Server.MirForms\Database\ItemInfoFormNew.cs(428,20): warning CS8603: 可能返回 null 引用。 [C:\Users\luo\.codex\worktrees\p3-db04-restore-drill-20260810\Server.MirForms\Server.csproj]
C:\Users\luo\.codex\worktrees\p3-db04-restore-drill-20260810\Server.MirForms\Systems\GuildInfoForm.cs(541,13): warning CS8602: 解引用可能出现空引用。 [C:\Users\luo\.codex\worktrees\p3-db04-restore-drill-20260810\Server.MirForms\Server.csproj]
C:\Users\luo\.codex\worktrees\p3-db04-restore-drill-20260810\Server.MirForms\Systems\GuildInfoForm.cs(550,13): warning CS8602: 解引用可能出现空引用。 [C:\Users\luo\.codex\worktrees\p3-db04-restore-drill-20260810\Server.MirForms\Server.csproj]
C:\Users\luo\.codex\worktrees\p3-db04-restore-drill-20260810\Server.MirForms\VisualMapInfo\Class\LockBitmap.cs(8,25): warning CS8625: 无法将 null 字面量转换为非 null 的引用类型。 [C:\Users\luo\.codex\worktrees\p3-db04-restore-drill-20260810\Server.MirForms\Server.csproj]
C:\Users\luo\.codex\worktrees\p3-db04-restore-drill-20260810\Server.MirForms\VisualMapInfo\Class\LockBitmap.cs(10,33): warning CS8625: 无法将 null 字面量转换为非 null 的引用类型。 [C:\Users\luo\.codex\worktrees\p3-db04-restore-drill-20260810\Server.MirForms\Server.csproj]
C:\Users\luo\.codex\worktrees\p3-db04-restore-drill-20260810\Server.MirForms\Systems\GuildInfoForm.cs(559,13): warning CS8602: 解引用可能出现空引用。 [C:\Users\luo\.codex\worktrees\p3-db04-restore-drill-20260810\Server.MirForms\Server.csproj]
C:\Users\luo\.codex\worktrees\p3-db04-restore-drill-20260810\Server.MirForms\Systems\GuildInfoForm.cs(568,13): warning CS8602: 解引用可能出现空引用。 [C:\Users\luo\.codex\worktrees\p3-db04-restore-drill-20260810\Server.MirForms\Server.csproj]
C:\Users\luo\.codex\worktrees\p3-db04-restore-drill-20260810\Server.MirForms\Systems\GuildInfoForm.cs(577,13): warning CS8602: 解引用可能出现空引用。 [C:\Users\luo\.codex\worktrees\p3-db04-restore-drill-20260810\Server.MirForms\Server.csproj]
C:\Users\luo\.codex\worktrees\p3-db04-restore-drill-20260810\Server.MirForms\Systems\GuildInfoForm.cs(586,13): warning CS8602: 解引用可能出现空引用。 [C:\Users\luo\.codex\worktrees\p3-db04-restore-drill-20260810\Server.MirForms\Server.csproj]
C:\Users\luo\.codex\worktrees\p3-db04-restore-drill-20260810\Server.MirForms\Systems\GuildInfoForm.cs(595,13): warning CS8602: 解引用可能出现空引用。 [C:\Users\luo\.codex\worktrees\p3-db04-restore-drill-20260810\Server.MirForms\Server.csproj]
C:\Users\luo\.codex\worktrees\p3-db04-restore-drill-20260810\Server.MirForms\Systems\GuildInfoForm.cs(604,13): warning CS8602: 解引用可能出现空引用。 [C:\Users\luo\.codex\worktrees\p3-db04-restore-drill-20260810\Server.MirForms\Server.csproj]
C:\Users\luo\.codex\worktrees\p3-db04-restore-drill-20260810\Server.MirForms\Database\MonsterInfoFormNew.cs(458,41): warning CS8602: 解引用可能出现空引用。 [C:\Users\luo\.codex\worktrees\p3-db04-restore-drill-20260810\Server.MirForms\Server.csproj]
C:\Users\luo\.codex\worktrees\p3-db04-restore-drill-20260810\Server.MirForms\Systems\GuildInfoForm.cs(613,13): warning CS8602: 解引用可能出现空引用。 [C:\Users\luo\.codex\worktrees\p3-db04-restore-drill-20260810\Server.MirForms\Server.csproj]
C:\Users\luo\.codex\worktrees\p3-db04-restore-drill-20260810\Server.MirForms\Systems\GuildInfoForm.cs(622,13): warning CS8602: 解引用可能出现空引用。 [C:\Users\luo\.codex\worktrees\p3-db04-restore-drill-20260810\Server.MirForms\Server.csproj]
C:\Users\luo\.codex\worktrees\p3-db04-restore-drill-20260810\Server.MirForms\Systems\GuildInfoForm.cs(631,13): warning CS8602: 解引用可能出现空引用。 [C:\Users\luo\.codex\worktrees\p3-db04-restore-drill-20260810\Server.MirForms\Server.csproj]
C:\Users\luo\.codex\worktrees\p3-db04-restore-drill-20260810\Server.MirForms\Systems\GuildInfoForm.cs(641,13): warning CS8602: 解引用可能出现空引用。 [C:\Users\luo\.codex\worktrees\p3-db04-restore-drill-20260810\Server.MirForms\Server.csproj]
C:\Users\luo\.codex\worktrees\p3-db04-restore-drill-20260810\Server.MirForms\Database\MonsterInfoFormNew.cs(545,41): warning CS8602: 解引用可能出现空引用。 [C:\Users\luo\.codex\worktrees\p3-db04-restore-drill-20260810\Server.MirForms\Server.csproj]
C:\Users\luo\.codex\worktrees\p3-db04-restore-drill-20260810\Server.MirForms\Systems\MonsterTunerForm.cs(53,35): warning CS8600: 将 null 文本或可能的 null 值转换为不可为 null 类型。 [C:\Users\luo\.codex\worktrees\p3-db04-restore-drill-20260810\Server.MirForms\Server.csproj]
C:\Users\luo\.codex\worktrees\p3-db04-restore-drill-20260810\Server.MirForms\Systems\MonsterTunerForm.cs(100,35): warning CS8600: 将 null 文本或可能的 null 值转换为不可为 null 类型。 [C:\Users\luo\.codex\worktrees\p3-db04-restore-drill-20260810\Server.MirForms\Server.csproj]
C:\Users\luo\.codex\worktrees\p3-db04-restore-drill-20260810\Server.MirForms\Database\MonsterInfoFormNew.cs(607,17): warning CS8602: 解引用可能出现空引用。 [C:\Users\luo\.codex\worktrees\p3-db04-restore-drill-20260810\Server.MirForms\Server.csproj]
C:\Users\luo\.codex\worktrees\p3-db04-restore-drill-20260810\Server.MirForms\Database\MonsterInfoFormNew.cs(609,29): warning CS8605: 取消装箱可能为 null 的值。 [C:\Users\luo\.codex\worktrees\p3-db04-restore-drill-20260810\Server.MirForms\Server.csproj]
C:\Users\luo\.codex\worktrees\p3-db04-restore-drill-20260810\Server.MirForms\Database\MapInfoForm.cs(1090,28): warning CS8600: 将 null 文本或可能的 null 值转换为不可为 null 类型。 [C:\Users\luo\.codex\worktrees\p3-db04-restore-drill-20260810\Server.MirForms\Server.csproj]
C:\Users\luo\.codex\worktrees\p3-db04-restore-drill-20260810\Server.MirForms\BalanceConfigForm.cs(1540,35): warning CS8602: 解引用可能出现空引用。 [C:\Users\luo\.codex\worktrees\p3-db04-restore-drill-20260810\Server.MirForms\Server.csproj]
C:\Users\luo\.codex\worktrees\p3-db04-restore-drill-20260810\Server.MirForms\BalanceConfigForm.cs(1548,37): warning CS8602: 解引用可能出现空引用。 [C:\Users\luo\.codex\worktrees\p3-db04-restore-drill-20260810\Server.MirForms\Server.csproj]
C:\Users\luo\.codex\worktrees\p3-db04-restore-drill-20260810\Server.MirForms\Database\ItemInfoFormNew.cs(443,23): warning CS8602: 解引用可能出现空引用。 [C:\Users\luo\.codex\worktrees\p3-db04-restore-drill-20260810\Server.MirForms\Server.csproj]
C:\Users\luo\.codex\worktrees\p3-db04-restore-drill-20260810\Server.MirForms\Database\ItemInfoFormNew.cs(608,31): warning CS8605: 取消装箱可能为 null 的值。 [C:\Users\luo\.codex\worktrees\p3-db04-restore-drill-20260810\Server.MirForms\Server.csproj]
C:\Users\luo\.codex\worktrees\p3-db04-restore-drill-20260810\Server.MirForms\BalanceConfigForm.cs(1571,31): warning CS8605: 取消装箱可能为 null 的值。 [C:\Users\luo\.codex\worktrees\p3-db04-restore-drill-20260810\Server.MirForms\Server.csproj]
C:\Users\luo\.codex\worktrees\p3-db04-restore-drill-20260810\Server.MirForms\BalanceConfigForm.cs(1578,52): warning CS8602: 解引用可能出现空引用。 [C:\Users\luo\.codex\worktrees\p3-db04-restore-drill-20260810\Server.MirForms\Server.csproj]
C:\Users\luo\.codex\worktrees\p3-db04-restore-drill-20260810\Server.MirForms\BalanceConfigForm.cs(1589,28): warning CS8605: 取消装箱可能为 null 的值。 [C:\Users\luo\.codex\worktrees\p3-db04-restore-drill-20260810\Server.MirForms\Server.csproj]
C:\Users\luo\.codex\worktrees\p3-db04-restore-drill-20260810\Server.MirForms\BalanceConfigForm.cs(1601,32): warning CS8605: 取消装箱可能为 null 的值。 [C:\Users\luo\.codex\worktrees\p3-db04-restore-drill-20260810\Server.MirForms\Server.csproj]
C:\Users\luo\.codex\worktrees\p3-db04-restore-drill-20260810\Server.MirForms\BalanceConfigForm.cs(1620,35): warning CS8602: 解引用可能出现空引用。 [C:\Users\luo\.codex\worktrees\p3-db04-restore-drill-20260810\Server.MirForms\Server.csproj]
C:\Users\luo\.codex\worktrees\p3-db04-restore-drill-20260810\Server.MirForms\Database\ItemInfoFormNew.cs(711,41): warning CS8602: 解引用可能出现空引用。 [C:\Users\luo\.codex\worktrees\p3-db04-restore-drill-20260810\Server.MirForms\Server.csproj]
C:\Users\luo\.codex\worktrees\p3-db04-restore-drill-20260810\Server.MirForms\BalanceConfigForm.cs(1633,27): warning CS8605: 取消装箱可能为 null 的值。 [C:\Users\luo\.codex\worktrees\p3-db04-restore-drill-20260810\Server.MirForms\Server.csproj]
C:\Users\luo\.codex\worktrees\p3-db04-restore-drill-20260810\Server.MirForms\Database\ItemInfoFormNew.cs(819,41): warning CS8602: 解引用可能出现空引用。 [C:\Users\luo\.codex\worktrees\p3-db04-restore-drill-20260810\Server.MirForms\Server.csproj]
C:\Users\luo\.codex\worktrees\p3-db04-restore-drill-20260810\Server.MirForms\VisualMapInfo\Control\MineEntry.cs(64,85): warning CS8622: “void MineEntry.Region_MouseMove(object sender, MouseEventArgs e)”的参数“sender”类型中引用类型的为 Null 性与目标委托“MouseEventHandler”不匹配(可能是由于为 Null 性特性)。 [C:\Users\luo\.codex\worktrees\p3-db04-restore-drill-20260810\Server.MirForms\Server.csproj]
C:\Users\luo\.codex\worktrees\p3-db04-restore-drill-20260810\Server.MirForms\VisualMapInfo\Control\MineEntry.cs(65,85): warning CS8622: “void MineEntry.Region_MouseDown(object sender, MouseEventArgs e)”的参数“sender”类型中引用类型的为 Null 性与目标委托“MouseEventHandler”不匹配(可能是由于为 Null 性特性)。 [C:\Users\luo\.codex\worktrees\p3-db04-restore-drill-20260810\Server.MirForms\Server.csproj]
C:\Users\luo\.codex\worktrees\p3-db04-restore-drill-20260810\Server.MirForms\VisualMapInfo\Control\MineEntry.cs(66,67): warning CS8622: “void MineEntry.Region_MouseEnter(object sender, EventArgs e)”的参数“sender”类型中引用类型的为 Null 性与目标委托“EventHandler”不匹配(可能是由于为 Null 性特性)。 [C:\Users\luo\.codex\worktrees\p3-db04-restore-drill-20260810\Server.MirForms\Server.csproj]
C:\Users\luo\.codex\worktrees\p3-db04-restore-drill-20260810\Server.MirForms\VisualMapInfo\Control\MineEntry.cs(67,67): warning CS8622: “void MineEntry.Region_MouseLeave(object sender, EventArgs e)”的参数“sender”类型中引用类型的为 Null 性与目标委托“EventHandler”不匹配(可能是由于为 Null 性特性)。 [C:\Users\luo\.codex\worktrees\p3-db04-restore-drill-20260810\Server.MirForms\Server.csproj]
C:\Users\luo\.codex\worktrees\p3-db04-restore-drill-20260810\Server.MirForms\VisualMapInfo\Control\MineEntry.cs(68,86): warning CS8622: “void MineEntry.RegionHighlight_MouseClick(object sender, MouseEventArgs e)”的参数“sender”类型中引用类型的为 Null 性与目标委托“MouseEventHandler”不匹配(可能是由于为 Null 性特性)。 [C:\Users\luo\.codex\worktrees\p3-db04-restore-drill-20260810\Server.MirForms\Server.csproj]
C:\Users\luo\.codex\worktrees\p3-db04-restore-drill-20260810\Server.MirForms\VisualMapInfo\Control\MineEntry.cs(69,43): warning CS8622: “void MineEntry.RegionHighlight_MouseHover(object sender, EventArgs e)”的参数“sender”类型中引用类型的为 Null 性与目标委托“EventHandler”不匹配(可能是由于为 Null 性特性)。 [C:\Users\luo\.codex\worktrees\p3-db04-restore-drill-20260810\Server.MirForms\Server.csproj]
C:\Users\luo\.codex\worktrees\p3-db04-restore-drill-20260810\Server.MirForms\VisualMapInfo\Control\RespawnEntry.cs(69,85): warning CS8622: “void RespawnEntry.Region_MouseMove(object sender, MouseEventArgs e)”的参数“sender”类型中引用类型的为 Null 性与目标委托“MouseEventHandler”不匹配(可能是由于为 Null 性特性)。 [C:\Users\luo\.codex\worktrees\p3-db04-restore-drill-20260810\Server.MirForms\Server.csproj]
C:\Users\luo\.codex\worktrees\p3-db04-restore-drill-20260810\Server.MirForms\VisualMapInfo\Control\RespawnEntry.cs(70,85): warning CS8622: “void RespawnEntry.Region_MouseDown(object sender, MouseEventArgs e)”的参数“sender”类型中引用类型的为 Null 性与目标委托“MouseEventHandler”不匹配(可能是由于为 Null 性特性)。 [C:\Users\luo\.codex\worktrees\p3-db04-restore-drill-20260810\Server.MirForms\Server.csproj]
C:\Users\luo\.codex\worktrees\p3-db04-restore-drill-20260810\Server.MirForms\VisualMapInfo\Control\RespawnEntry.cs(71,67): warning CS8622: “void RespawnEntry.Region_MouseEnter(object sender, EventArgs e)”的参数“sender”类型中引用类型的为 Null 性与目标委托“EventHandler”不匹配(可能是由于为 Null 性特性)。 [C:\Users\luo\.codex\worktrees\p3-db04-restore-drill-20260810\Server.MirForms\Server.csproj]
C:\Users\luo\.codex\worktrees\p3-db04-restore-drill-20260810\Server.MirForms\VisualMapInfo\Control\RespawnEntry.cs(72,67): warning CS8622: “void RespawnEntry.Region_MouseLeave(object sender, EventArgs e)”的参数“sender”类型中引用类型的为 Null 性与目标委托“EventHandler”不匹配(可能是由于为 Null 性特性)。 [C:\Users\luo\.codex\worktrees\p3-db04-restore-drill-20260810\Server.MirForms\Server.csproj]
C:\Users\luo\.codex\worktrees\p3-db04-restore-drill-20260810\Server.MirForms\VisualMapInfo\Control\RespawnEntry.cs(73,86): warning CS8622: “void RespawnEntry.RegionHighlight_MouseClick(object sender, MouseEventArgs e)”的参数“sender”类型中引用类型的为 Null 性与目标委托“MouseEventHandler”不匹配(可能是由于为 Null 性特性)。 [C:\Users\luo\.codex\worktrees\p3-db04-restore-drill-20260810\Server.MirForms\Server.csproj]
C:\Users\luo\.codex\worktrees\p3-db04-restore-drill-20260810\Server.MirForms\VisualMapInfo\Control\RespawnEntry.cs(74,43): warning CS8622: “void RespawnEntry.RegionHighlight_MouseHover(object sender, EventArgs e)”的参数“sender”类型中引用类型的为 Null 性与目标委托“EventHandler”不匹配(可能是由于为 Null 性特性)。 [C:\Users\luo\.codex\worktrees\p3-db04-restore-drill-20260810\Server.MirForms\Server.csproj]
C:\Users\luo\.codex\worktrees\p3-db04-restore-drill-20260810\Server.MirForms\Database\ItemInfoForm.cs(1165,45): warning CS8605: 取消装箱可能为 null 的值。 [C:\Users\luo\.codex\worktrees\p3-db04-restore-drill-20260810\Server.MirForms\Server.csproj]
C:\Users\luo\.codex\worktrees\p3-db04-restore-drill-20260810\Server.MirForms\BalanceConfigForm.cs(1728,28): warning CS8605: 取消装箱可能为 null 的值。 [C:\Users\luo\.codex\worktrees\p3-db04-restore-drill-20260810\Server.MirForms\Server.csproj]
C:\Users\luo\.codex\worktrees\p3-db04-restore-drill-20260810\Server.MirForms\BalanceConfigForm.cs(1729,31): warning CS8605: 取消装箱可能为 null 的值。 [C:\Users\luo\.codex\worktrees\p3-db04-restore-drill-20260810\Server.MirForms\Server.csproj]
C:\Users\luo\.codex\worktrees\p3-db04-restore-drill-20260810\Server.MirForms\BalanceConfigForm.cs(1766,28): warning CS8605: 取消装箱可能为 null 的值。 [C:\Users\luo\.codex\worktrees\p3-db04-restore-drill-20260810\Server.MirForms\Server.csproj]
C:\Users\luo\.codex\worktrees\p3-db04-restore-drill-20260810\Server.MirForms\Database\ItemInfoFormNew.cs(929,35): warning CS8602: 解引用可能出现空引用。 [C:\Users\luo\.codex\worktrees\p3-db04-restore-drill-20260810\Server.MirForms\Server.csproj]
C:\Users\luo\.codex\worktrees\p3-db04-restore-drill-20260810\Server.MirForms\Database\ItemInfoFormNew.cs(972,17): warning CS8602: 解引用可能出现空引用。 [C:\Users\luo\.codex\worktrees\p3-db04-restore-drill-20260810\Server.MirForms\Server.csproj]
C:\Users\luo\.codex\worktrees\p3-db04-restore-drill-20260810\Server.MirForms\Database\ItemInfoFormNew.cs(974,29): warning CS8605: 取消装箱可能为 null 的值。 [C:\Users\luo\.codex\worktrees\p3-db04-restore-drill-20260810\Server.MirForms\Server.csproj]
C:\Users\luo\.codex\worktrees\p3-db04-restore-drill-20260810\Server.MirForms\Database\ItemInfoFormNew.cs(992,33): warning CS8605: 取消装箱可能为 null 的值。 [C:\Users\luo\.codex\worktrees\p3-db04-restore-drill-20260810\Server.MirForms\Server.csproj]
C:\Users\luo\.codex\worktrees\p3-db04-restore-drill-20260810\Server.MirForms\Database\ItemInfoFormNew.cs(1023,38): warning CS8605: 取消装箱可能为 null 的值。 [C:\Users\luo\.codex\worktrees\p3-db04-restore-drill-20260810\Server.MirForms\Server.csproj]
C:\Users\luo\.codex\worktrees\p3-db04-restore-drill-20260810\Server.MirForms\VisualMapInfo\Control\RespawnEntry.cs(207,32): warning CS8600: 将 null 文本或可能的 null 值转换为不可为 null 类型。 [C:\Users\luo\.codex\worktrees\p3-db04-restore-drill-20260810\Server.MirForms\Server.csproj]
C:\Users\luo\.codex\worktrees\p3-db04-restore-drill-20260810\Server.MirForms\Database\ItemInfoFormNew.cs(1039,31): warning CS8602: 解引用可能出现空引用。 [C:\Users\luo\.codex\worktrees\p3-db04-restore-drill-20260810\Server.MirForms\Server.csproj]
C:\Users\luo\.codex\worktrees\p3-db04-restore-drill-20260810\Server.MirForms\Database\ItemInfoFormNew.cs(1040,30): warning CS8602: 解引用可能出现空引用。 [C:\Users\luo\.codex\worktrees\p3-db04-restore-drill-20260810\Server.MirForms\Server.csproj]
C:\Users\luo\.codex\worktrees\p3-db04-restore-drill-20260810\Server.MirForms\DropBuilder\DropBuilderForm.cs(344,62): warning CS8602: 解引用可能出现空引用。 [C:\Users\luo\.codex\worktrees\p3-db04-restore-drill-20260810\Server.MirForms\Server.csproj]
C:\Users\luo\.codex\worktrees\p3-db04-restore-drill-20260810\Server.MirForms\DropBuilder\DropBuilderForm.cs(344,62): warning CS8602: 解引用可能出现空引用。 [C:\Users\luo\.codex\worktrees\p3-db04-restore-drill-20260810\Server.MirForms\Server.csproj]
C:\Users\luo\.codex\worktrees\p3-db04-restore-drill-20260810\Server.MirForms\DropBuilder\DropBuilderForm.cs(362,21): warning CS8602: 解引用可能出现空引用。 [C:\Users\luo\.codex\worktrees\p3-db04-restore-drill-20260810\Server.MirForms\Server.csproj]
C:\Users\luo\.codex\worktrees\p3-db04-restore-drill-20260810\Server.MirForms\DropBuilder\DropBuilderForm.cs(362,21): warning CS8602: 解引用可能出现空引用。 [C:\Users\luo\.codex\worktrees\p3-db04-restore-drill-20260810\Server.MirForms\Server.csproj]
C:\Users\luo\.codex\worktrees\p3-db04-restore-drill-20260810\Server.MirForms\DropBuilder\DropBuilderForm.cs(481,83): warning CS8625: 无法将 null 字面量转换为非 null 的引用类型。 [C:\Users\luo\.codex\worktrees\p3-db04-restore-drill-20260810\Server.MirForms\Server.csproj]
C:\Users\luo\.codex\worktrees\p3-db04-restore-drill-20260810\Server.MirForms\Database\MapInfoForm.cs(1542,40): warning CS8602: 解引用可能出现空引用。 [C:\Users\luo\.codex\worktrees\p3-db04-restore-drill-20260810\Server.MirForms\Server.csproj]
C:\Users\luo\.codex\worktrees\p3-db04-restore-drill-20260810\Server.MirForms\Database\MapInfoForm.cs(1621,33): warning CS8622: “void MapInfoForm.VForm_Disposed(object sender, EventArgs e)”的参数“sender”类型中引用类型的为 Null 性与目标委托“FormClosedEventHandler”不匹配(可能是由于为 Null 性特性)。 [C:\Users\luo\.codex\worktrees\p3-db04-restore-drill-20260810\Server.MirForms\Server.csproj]
C:\Users\luo\.codex\worktrees\p3-db04-restore-drill-20260810\Server.MirForms\DropBuilder\DropBuilderForm.cs(497,25): warning CS8602: 解引用可能出现空引用。 [C:\Users\luo\.codex\worktrees\p3-db04-restore-drill-20260810\Server.MirForms\Server.csproj]
C:\Users\luo\.codex\worktrees\p3-db04-restore-drill-20260810\Server.MirForms\DropBuilder\DropBuilderForm.cs(497,25): warning CS8602: 解引用可能出现空引用。 [C:\Users\luo\.codex\worktrees\p3-db04-restore-drill-20260810\Server.MirForms\Server.csproj]
C:\Users\luo\.codex\worktrees\p3-db04-restore-drill-20260810\Server.MirForms\DropBuilder\DropBuilderForm.cs(500,54): warning CS8602: 解引用可能出现空引用。 [C:\Users\luo\.codex\worktrees\p3-db04-restore-drill-20260810\Server.MirForms\Server.csproj]
C:\Users\luo\.codex\worktrees\p3-db04-restore-drill-20260810\Server.MirForms\DropBuilder\DropBuilderForm.cs(500,54): warning CS8602: 解引用可能出现空引用。 [C:\Users\luo\.codex\worktrees\p3-db04-restore-drill-20260810\Server.MirForms\Server.csproj]
C:\Users\luo\.codex\worktrees\p3-db04-restore-drill-20260810\Server.MirForms\DropBuilder\DropBuilderForm.cs(504,54): warning CS8602: 解引用可能出现空引用。 [C:\Users\luo\.codex\worktrees\p3-db04-restore-drill-20260810\Server.MirForms\Server.csproj]
C:\Users\luo\.codex\worktrees\p3-db04-restore-drill-20260810\Server.MirForms\DropBuilder\DropBuilderForm.cs(504,54): warning CS8602: 解引用可能出现空引用。 [C:\Users\luo\.codex\worktrees\p3-db04-restore-drill-20260810\Server.MirForms\Server.csproj]
C:\Users\luo\.codex\worktrees\p3-db04-restore-drill-20260810\Server.MirForms\DropBuilder\DropBuilderForm.cs(508,54): warning CS8602: 解引用可能出现空引用。 [C:\Users\luo\.codex\worktrees\p3-db04-restore-drill-20260810\Server.MirForms\Server.csproj]
C:\Users\luo\.codex\worktrees\p3-db04-restore-drill-20260810\Server.MirForms\DropBuilder\DropBuilderForm.cs(508,54): warning CS8602: 解引用可能出现空引用。 [C:\Users\luo\.codex\worktrees\p3-db04-restore-drill-20260810\Server.MirForms\Server.csproj]
C:\Users\luo\.codex\worktrees\p3-db04-restore-drill-20260810\Server.MirForms\DropBuilder\DropBuilderForm.cs(512,54): warning CS8602: 解引用可能出现空引用。 [C:\Users\luo\.codex\worktrees\p3-db04-restore-drill-20260810\Server.MirForms\Server.csproj]
C:\Users\luo\.codex\worktrees\p3-db04-restore-drill-20260810\Server.MirForms\DropBuilder\DropBuilderForm.cs(512,54): warning CS8602: 解引用可能出现空引用。 [C:\Users\luo\.codex\worktrees\p3-db04-restore-drill-20260810\Server.MirForms\Server.csproj]
C:\Users\luo\.codex\worktrees\p3-db04-restore-drill-20260810\Server.MirForms\DropBuilder\DropBuilderForm.cs(516,54): warning CS8602: 解引用可能出现空引用。 [C:\Users\luo\.codex\worktrees\p3-db04-restore-drill-20260810\Server.MirForms\Server.csproj]
C:\Users\luo\.codex\worktrees\p3-db04-restore-drill-20260810\Server.MirForms\DropBuilder\DropBuilderForm.cs(516,54): warning CS8602: 解引用可能出现空引用。 [C:\Users\luo\.codex\worktrees\p3-db04-restore-drill-20260810\Server.MirForms\Server.csproj]
C:\Users\luo\.codex\worktrees\p3-db04-restore-drill-20260810\Server.MirForms\DropBuilder\DropBuilderForm.cs(520,54): warning CS8602: 解引用可能出现空引用。 [C:\Users\luo\.codex\worktrees\p3-db04-restore-drill-20260810\Server.MirForms\Server.csproj]
C:\Users\luo\.codex\worktrees\p3-db04-restore-drill-20260810\Server.MirForms\DropBuilder\DropBuilderForm.cs(520,54): warning CS8602: 解引用可能出现空引用。 [C:\Users\luo\.codex\worktrees\p3-db04-restore-drill-20260810\Server.MirForms\Server.csproj]
C:\Users\luo\.codex\worktrees\p3-db04-restore-drill-20260810\Server.MirForms\DropBuilder\DropBuilderForm.cs(524,55): warning CS8602: 解引用可能出现空引用。 [C:\Users\luo\.codex\worktrees\p3-db04-restore-drill-20260810\Server.MirForms\Server.csproj]
C:\Users\luo\.codex\worktrees\p3-db04-restore-drill-20260810\Server.MirForms\DropBuilder\DropBuilderForm.cs(524,55): warning CS8602: 解引用可能出现空引用。 [C:\Users\luo\.codex\worktrees\p3-db04-restore-drill-20260810\Server.MirForms\Server.csproj]
C:\Users\luo\.codex\worktrees\p3-db04-restore-drill-20260810\Server.MirForms\DropBuilder\DropBuilderForm.cs(528,54): warning CS8602: 解引用可能出现空引用。 [C:\Users\luo\.codex\worktrees\p3-db04-restore-drill-20260810\Server.MirForms\Server.csproj]
C:\Users\luo\.codex\worktrees\p3-db04-restore-drill-20260810\Server.MirForms\DropBuilder\DropBuilderForm.cs(528,54): warning CS8602: 解引用可能出现空引用。 [C:\Users\luo\.codex\worktrees\p3-db04-restore-drill-20260810\Server.MirForms\Server.csproj]
C:\Users\luo\.codex\worktrees\p3-db04-restore-drill-20260810\Server.MirForms\DropBuilder\DropBuilderForm.cs(532,54): warning CS8602: 解引用可能出现空引用。 [C:\Users\luo\.codex\worktrees\p3-db04-restore-drill-20260810\Server.MirForms\Server.csproj]
C:\Users\luo\.codex\worktrees\p3-db04-restore-drill-20260810\Server.MirForms\DropBuilder\DropBuilderForm.cs(532,54): warning CS8602: 解引用可能出现空引用。 [C:\Users\luo\.codex\worktrees\p3-db04-restore-drill-20260810\Server.MirForms\Server.csproj]
C:\Users\luo\.codex\worktrees\p3-db04-restore-drill-20260810\Server.MirForms\DropBuilder\DropBuilderForm.cs(536,55): warning CS8602: 解引用可能出现空引用。 [C:\Users\luo\.codex\worktrees\p3-db04-restore-drill-20260810\Server.MirForms\Server.csproj]
C:\Users\luo\.codex\worktrees\p3-db04-restore-drill-20260810\Server.MirForms\DropBuilder\DropBuilderForm.cs(536,55): warning CS8602: 解引用可能出现空引用。 [C:\Users\luo\.codex\worktrees\p3-db04-restore-drill-20260810\Server.MirForms\Server.csproj]
C:\Users\luo\.codex\worktrees\p3-db04-restore-drill-20260810\Server.MirForms\DropBuilder\DropBuilderForm.cs(540,55): warning CS8602: 解引用可能出现空引用。 [C:\Users\luo\.codex\worktrees\p3-db04-restore-drill-20260810\Server.MirForms\Server.csproj]
C:\Users\luo\.codex\worktrees\p3-db04-restore-drill-20260810\Server.MirForms\DropBuilder\DropBuilderForm.cs(540,55): warning CS8602: 解引用可能出现空引用。 [C:\Users\luo\.codex\worktrees\p3-db04-restore-drill-20260810\Server.MirForms\Server.csproj]
C:\Users\luo\.codex\worktrees\p3-db04-restore-drill-20260810\Server.MirForms\DropBuilder\DropBuilderForm.cs(544,54): warning CS8602: 解引用可能出现空引用。 [C:\Users\luo\.codex\worktrees\p3-db04-restore-drill-20260810\Server.MirForms\Server.csproj]
C:\Users\luo\.codex\worktrees\p3-db04-restore-drill-20260810\Server.MirForms\DropBuilder\DropBuilderForm.cs(544,54): warning CS8602: 解引用可能出现空引用。 [C:\Users\luo\.codex\worktrees\p3-db04-restore-drill-20260810\Server.MirForms\Server.csproj]
C:\Users\luo\.codex\worktrees\p3-db04-restore-drill-20260810\Server.MirForms\DropBuilder\DropBuilderForm.cs(548,54): warning CS8602: 解引用可能出现空引用。 [C:\Users\luo\.codex\worktrees\p3-db04-restore-drill-20260810\Server.MirForms\Server.csproj]
C:\Users\luo\.codex\worktrees\p3-db04-restore-drill-20260810\Server.MirForms\DropBuilder\DropBuilderForm.cs(548,54): warning CS8602: 解引用可能出现空引用。 [C:\Users\luo\.codex\worktrees\p3-db04-restore-drill-20260810\Server.MirForms\Server.csproj]
C:\Users\luo\.codex\worktrees\p3-db04-restore-drill-20260810\Server.MirForms\DropBuilder\DropBuilderForm.cs(552,53): warning CS8602: 解引用可能出现空引用。 [C:\Users\luo\.codex\worktrees\p3-db04-restore-drill-20260810\Server.MirForms\Server.csproj]
C:\Users\luo\.codex\worktrees\p3-db04-restore-drill-20260810\Server.MirForms\DropBuilder\DropBuilderForm.cs(552,53): warning CS8602: 解引用可能出现空引用。 [C:\Users\luo\.codex\worktrees\p3-db04-restore-drill-20260810\Server.MirForms\Server.csproj]
C:\Users\luo\.codex\worktrees\p3-db04-restore-drill-20260810\Server.MirForms\DropBuilder\DropBuilderForm.cs(556,56): warning CS8602: 解引用可能出现空引用。 [C:\Users\luo\.codex\worktrees\p3-db04-restore-drill-20260810\Server.MirForms\Server.csproj]
C:\Users\luo\.codex\worktrees\p3-db04-restore-drill-20260810\Server.MirForms\DropBuilder\DropBuilderForm.cs(556,56): warning CS8602: 解引用可能出现空引用。 [C:\Users\luo\.codex\worktrees\p3-db04-restore-drill-20260810\Server.MirForms\Server.csproj]
C:\Users\luo\.codex\worktrees\p3-db04-restore-drill-20260810\Server.MirForms\DropBuilder\DropBuilderForm.cs(561,54): warning CS8602: 解引用可能出现空引用。 [C:\Users\luo\.codex\worktrees\p3-db04-restore-drill-20260810\Server.MirForms\Server.csproj]
C:\Users\luo\.codex\worktrees\p3-db04-restore-drill-20260810\Server.MirForms\DropBuilder\DropBuilderForm.cs(561,54): warning CS8602: 解引用可能出现空引用。 [C:\Users\luo\.codex\worktrees\p3-db04-restore-drill-20260810\Server.MirForms\Server.csproj]
C:\Users\luo\.codex\worktrees\p3-db04-restore-drill-20260810\Server.MirForms\DropBuilder\DropBuilderForm.cs(565,56): warning CS8602: 解引用可能出现空引用。 [C:\Users\luo\.codex\worktrees\p3-db04-restore-drill-20260810\Server.MirForms\Server.csproj]
C:\Users\luo\.codex\worktrees\p3-db04-restore-drill-20260810\Server.MirForms\DropBuilder\DropBuilderForm.cs(565,56): warning CS8602: 解引用可能出现空引用。 [C:\Users\luo\.codex\worktrees\p3-db04-restore-drill-20260810\Server.MirForms\Server.csproj]
C:\Users\luo\.codex\worktrees\p3-db04-restore-drill-20260810\Server.MirForms\DropBuilder\DropBuilderForm.cs(569,54): warning CS8602: 解引用可能出现空引用。 [C:\Users\luo\.codex\worktrees\p3-db04-restore-drill-20260810\Server.MirForms\Server.csproj]
C:\Users\luo\.codex\worktrees\p3-db04-restore-drill-20260810\Server.MirForms\DropBuilder\DropBuilderForm.cs(569,54): warning CS8602: 解引用可能出现空引用。 [C:\Users\luo\.codex\worktrees\p3-db04-restore-drill-20260810\Server.MirForms\Server.csproj]
C:\Users\luo\.codex\worktrees\p3-db04-restore-drill-20260810\Server.MirForms\DropBuilder\DropBuilderForm.cs(573,55): warning CS8602: 解引用可能出现空引用。 [C:\Users\luo\.codex\worktrees\p3-db04-restore-drill-20260810\Server.MirForms\Server.csproj]
C:\Users\luo\.codex\worktrees\p3-db04-restore-drill-20260810\Server.MirForms\DropBuilder\DropBuilderForm.cs(573,55): warning CS8602: 解引用可能出现空引用。 [C:\Users\luo\.codex\worktrees\p3-db04-restore-drill-20260810\Server.MirForms\Server.csproj]
C:\Users\luo\.codex\worktrees\p3-db04-restore-drill-20260810\Server.MirForms\DropBuilder\DropBuilderForm.cs(577,54): warning CS8602: 解引用可能出现空引用。 [C:\Users\luo\.codex\worktrees\p3-db04-restore-drill-20260810\Server.MirForms\Server.csproj]
C:\Users\luo\.codex\worktrees\p3-db04-restore-drill-20260810\Server.MirForms\DropBuilder\DropBuilderForm.cs(577,54): warning CS8602: 解引用可能出现空引用。 [C:\Users\luo\.codex\worktrees\p3-db04-restore-drill-20260810\Server.MirForms\Server.csproj]
C:\Users\luo\.codex\worktrees\p3-db04-restore-drill-20260810\Server.MirForms\DropBuilder\DropBuilderForm.cs(581,57): warning CS8602: 解引用可能出现空引用。 [C:\Users\luo\.codex\worktrees\p3-db04-restore-drill-20260810\Server.MirForms\Server.csproj]
C:\Users\luo\.codex\worktrees\p3-db04-restore-drill-20260810\Server.MirForms\DropBuilder\DropBuilderForm.cs(581,57): warning CS8602: 解引用可能出现空引用。 [C:\Users\luo\.codex\worktrees\p3-db04-restore-drill-20260810\Server.MirForms\Server.csproj]
C:\Users\luo\.codex\worktrees\p3-db04-restore-drill-20260810\Server.MirForms\DropBuilder\DropBuilderForm.cs(585,54): warning CS8602: 解引用可能出现空引用。 [C:\Users\luo\.codex\worktrees\p3-db04-restore-drill-20260810\Server.MirForms\Server.csproj]
C:\Users\luo\.codex\worktrees\p3-db04-restore-drill-20260810\Server.MirForms\DropBuilder\DropBuilderForm.cs(585,54): warning CS8602: 解引用可能出现空引用。 [C:\Users\luo\.codex\worktrees\p3-db04-restore-drill-20260810\Server.MirForms\Server.csproj]
C:\Users\luo\.codex\worktrees\p3-db04-restore-drill-20260810\Server.MirForms\DropBuilder\DropBuilderForm.cs(589,54): warning CS8602: 解引用可能出现空引用。 [C:\Users\luo\.codex\worktrees\p3-db04-restore-drill-20260810\Server.MirForms\Server.csproj]
C:\Users\luo\.codex\worktrees\p3-db04-restore-drill-20260810\Server.MirForms\DropBuilder\DropBuilderForm.cs(589,54): warning CS8602: 解引用可能出现空引用。 [C:\Users\luo\.codex\worktrees\p3-db04-restore-drill-20260810\Server.MirForms\Server.csproj]
C:\Users\luo\.codex\worktrees\p3-db04-restore-drill-20260810\Server.MirForms\DropBuilder\DropBuilderForm.cs(593,54): warning CS8602: 解引用可能出现空引用。 [C:\Users\luo\.codex\worktrees\p3-db04-restore-drill-20260810\Server.MirForms\Server.csproj]
C:\Users\luo\.codex\worktrees\p3-db04-restore-drill-20260810\Server.MirForms\DropBuilder\DropBuilderForm.cs(593,54): warning CS8602: 解引用可能出现空引用。 [C:\Users\luo\.codex\worktrees\p3-db04-restore-drill-20260810\Server.MirForms\Server.csproj]
C:\Users\luo\.codex\worktrees\p3-db04-restore-drill-20260810\Server.MirForms\DropBuilder\DropBuilderForm.cs(597,55): warning CS8602: 解引用可能出现空引用。 [C:\Users\luo\.codex\worktrees\p3-db04-restore-drill-20260810\Server.MirForms\Server.csproj]
C:\Users\luo\.codex\worktrees\p3-db04-restore-drill-20260810\Server.MirForms\DropBuilder\DropBuilderForm.cs(597,55): warning CS8602: 解引用可能出现空引用。 [C:\Users\luo\.codex\worktrees\p3-db04-restore-drill-20260810\Server.MirForms\Server.csproj]
C:\Users\luo\.codex\worktrees\p3-db04-restore-drill-20260810\Server.MirForms\DropBuilder\DropBuilderForm.cs(601,54): warning CS8602: 解引用可能出现空引用。 [C:\Users\luo\.codex\worktrees\p3-db04-restore-drill-20260810\Server.MirForms\Server.csproj]
C:\Users\luo\.codex\worktrees\p3-db04-restore-drill-20260810\Server.MirForms\DropBuilder\DropBuilderForm.cs(601,54): warning CS8602: 解引用可能出现空引用。 [C:\Users\luo\.codex\worktrees\p3-db04-restore-drill-20260810\Server.MirForms\Server.csproj]
C:\Users\luo\.codex\worktrees\p3-db04-restore-drill-20260810\Server.MirForms\DropBuilder\DropBuilderForm.cs(605,56): warning CS8602: 解引用可能出现空引用。 [C:\Users\luo\.codex\worktrees\p3-db04-restore-drill-20260810\Server.MirForms\Server.csproj]
C:\Users\luo\.codex\worktrees\p3-db04-restore-drill-20260810\Server.MirForms\DropBuilder\DropBuilderForm.cs(605,56): warning CS8602: 解引用可能出现空引用。 [C:\Users\luo\.codex\worktrees\p3-db04-restore-drill-20260810\Server.MirForms\Server.csproj]
C:\Users\luo\.codex\worktrees\p3-db04-restore-drill-20260810\Server.MirForms\DropBuilder\DropBuilderForm.cs(609,54): warning CS8602: 解引用可能出现空引用。 [C:\Users\luo\.codex\worktrees\p3-db04-restore-drill-20260810\Server.MirForms\Server.csproj]
C:\Users\luo\.codex\worktrees\p3-db04-restore-drill-20260810\Server.MirForms\DropBuilder\DropBuilderForm.cs(609,54): warning CS8602: 解引用可能出现空引用。 [C:\Users\luo\.codex\worktrees\p3-db04-restore-drill-20260810\Server.MirForms\Server.csproj]
C:\Users\luo\.codex\worktrees\p3-db04-restore-drill-20260810\Server.MirForms\DropBuilder\DropBuilderForm.cs(613,54): warning CS8602: 解引用可能出现空引用。 [C:\Users\luo\.codex\worktrees\p3-db04-restore-drill-20260810\Server.MirForms\Server.csproj]
C:\Users\luo\.codex\worktrees\p3-db04-restore-drill-20260810\Server.MirForms\DropBuilder\DropBuilderForm.cs(613,54): warning CS8602: 解引用可能出现空引用。 [C:\Users\luo\.codex\worktrees\p3-db04-restore-drill-20260810\Server.MirForms\Server.csproj]
C:\Users\luo\.codex\worktrees\p3-db04-restore-drill-20260810\Server.MirForms\DropBuilder\DropBuilderForm.cs(617,54): warning CS8602: 解引用可能出现空引用。 [C:\Users\luo\.codex\worktrees\p3-db04-restore-drill-20260810\Server.MirForms\Server.csproj]
C:\Users\luo\.codex\worktrees\p3-db04-restore-drill-20260810\Server.MirForms\DropBuilder\DropBuilderForm.cs(617,54): warning CS8602: 解引用可能出现空引用。 [C:\Users\luo\.codex\worktrees\p3-db04-restore-drill-20260810\Server.MirForms\Server.csproj]
C:\Users\luo\.codex\worktrees\p3-db04-restore-drill-20260810\Server.MirForms\DropBuilder\DropBuilderForm.cs(621,55): warning CS8602: 解引用可能出现空引用。 [C:\Users\luo\.codex\worktrees\p3-db04-restore-drill-20260810\Server.MirForms\Server.csproj]
C:\Users\luo\.codex\worktrees\p3-db04-restore-drill-20260810\Server.MirForms\DropBuilder\DropBuilderForm.cs(621,55): warning CS8602: 解引用可能出现空引用。 [C:\Users\luo\.codex\worktrees\p3-db04-restore-drill-20260810\Server.MirForms\Server.csproj]
C:\Users\luo\.codex\worktrees\p3-db04-restore-drill-20260810\Server.MirForms\DropBuilder\DropBuilderForm.cs(625,54): warning CS8602: 解引用可能出现空引用。 [C:\Users\luo\.codex\worktrees\p3-db04-restore-drill-20260810\Server.MirForms\Server.csproj]
C:\Users\luo\.codex\worktrees\p3-db04-restore-drill-20260810\Server.MirForms\DropBuilder\DropBuilderForm.cs(625,54): warning CS8602: 解引用可能出现空引用。 [C:\Users\luo\.codex\worktrees\p3-db04-restore-drill-20260810\Server.MirForms\Server.csproj]
C:\Users\luo\.codex\worktrees\p3-db04-restore-drill-20260810\Server.MirForms\DropBuilder\DropBuilderForm.cs(629,53): warning CS8602: 解引用可能出现空引用。 [C:\Users\luo\.codex\worktrees\p3-db04-restore-drill-20260810\Server.MirForms\Server.csproj]
C:\Users\luo\.codex\worktrees\p3-db04-restore-drill-20260810\Server.MirForms\DropBuilder\DropBuilderForm.cs(629,53): warning CS8602: 解引用可能出现空引用。 [C:\Users\luo\.codex\worktrees\p3-db04-restore-drill-20260810\Server.MirForms\Server.csproj]
C:\Users\luo\.codex\worktrees\p3-db04-restore-drill-20260810\Server.MirForms\DropBuilder\DropBuilderForm.cs(633,56): warning CS8602: 解引用可能出现空引用。 [C:\Users\luo\.codex\worktrees\p3-db04-restore-drill-20260810\Server.MirForms\Server.csproj]
C:\Users\luo\.codex\worktrees\p3-db04-restore-drill-20260810\Server.MirForms\DropBuilder\DropBuilderForm.cs(633,56): warning CS8602: 解引用可能出现空引用。 [C:\Users\luo\.codex\worktrees\p3-db04-restore-drill-20260810\Server.MirForms\Server.csproj]
C:\Users\luo\.codex\worktrees\p3-db04-restore-drill-20260810\Server.MirForms\DropBuilder\DropBuilderForm.cs(637,56): warning CS8602: 解引用可能出现空引用。 [C:\Users\luo\.codex\worktrees\p3-db04-restore-drill-20260810\Server.MirForms\Server.csproj]
C:\Users\luo\.codex\worktrees\p3-db04-restore-drill-20260810\Server.MirForms\DropBuilder\DropBuilderForm.cs(637,56): warning CS8602: 解引用可能出现空引用。 [C:\Users\luo\.codex\worktrees\p3-db04-restore-drill-20260810\Server.MirForms\Server.csproj]
C:\Users\luo\.codex\worktrees\p3-db04-restore-drill-20260810\Server.MirForms\DropBuilder\DropBuilderForm.cs(641,54): warning CS8602: 解引用可能出现空引用。 [C:\Users\luo\.codex\worktrees\p3-db04-restore-drill-20260810\Server.MirForms\Server.csproj]
C:\Users\luo\.codex\worktrees\p3-db04-restore-drill-20260810\Server.MirForms\DropBuilder\DropBuilderForm.cs(641,54): warning CS8602: 解引用可能出现空引用。 [C:\Users\luo\.codex\worktrees\p3-db04-restore-drill-20260810\Server.MirForms\Server.csproj]
C:\Users\luo\.codex\worktrees\p3-db04-restore-drill-20260810\Server.MirForms\DropBuilder\DropBuilderForm.cs(645,56): warning CS8602: 解引用可能出现空引用。 [C:\Users\luo\.codex\worktrees\p3-db04-restore-drill-20260810\Server.MirForms\Server.csproj]
C:\Users\luo\.codex\worktrees\p3-db04-restore-drill-20260810\Server.MirForms\DropBuilder\DropBuilderForm.cs(645,56): warning CS8602: 解引用可能出现空引用。 [C:\Users\luo\.codex\worktrees\p3-db04-restore-drill-20260810\Server.MirForms\Server.csproj]
C:\Users\luo\.codex\worktrees\p3-db04-restore-drill-20260810\Server.MirForms\DropBuilder\DropBuilderForm.cs(673,27): warning CS8600: 将 null 文本或可能的 null 值转换为不可为 null 类型。 [C:\Users\luo\.codex\worktrees\p3-db04-restore-drill-20260810\Server.MirForms\Server.csproj]
C:\Users\luo\.codex\worktrees\p3-db04-restore-drill-20260810\Server.MirForms\DropBuilder\DropBuilderForm.cs(673,27): warning CS8602: 解引用可能出现空引用。 [C:\Users\luo\.codex\worktrees\p3-db04-restore-drill-20260810\Server.MirForms\Server.csproj]
C:\Users\luo\.codex\worktrees\p3-db04-restore-drill-20260810\Server.MirForms\DropBuilder\DropBuilderForm.cs(678,32): warning CS8600: 将 null 文本或可能的 null 值转换为不可为 null 类型。 [C:\Users\luo\.codex\worktrees\p3-db04-restore-drill-20260810\Server.MirForms\Server.csproj]
C:\Users\luo\.codex\worktrees\p3-db04-restore-drill-20260810\Server.MirForms\DropBuilder\DropBuilderForm.cs(680,46): warning CS8603: 可能返回 null 引用。 [C:\Users\luo\.codex\worktrees\p3-db04-restore-drill-20260810\Server.MirForms\Server.csproj]
C:\Users\luo\.codex\worktrees\p3-db04-restore-drill-20260810\Server.MirForms\Database\MapInfoForm.cs(1756,28): warning CS8600: 将 null 文本或可能的 null 值转换为不可为 null 类型。 [C:\Users\luo\.codex\worktrees\p3-db04-restore-drill-20260810\Server.MirForms\Server.csproj]
C:\Users\luo\.codex\worktrees\p3-db04-restore-drill-20260810\Server.MirForms\Database\MapInfoForm.cs(1762,21): warning CS8602: 解引用可能出现空引用。 [C:\Users\luo\.codex\worktrees\p3-db04-restore-drill-20260810\Server.MirForms\Server.csproj]
C:\Users\luo\.codex\worktrees\p3-db04-restore-drill-20260810\Server.MirForms\Database\MapInfoForm.cs(1764,94): warning CS8602: 解引用可能出现空引用。 [C:\Users\luo\.codex\worktrees\p3-db04-restore-drill-20260810\Server.MirForms\Server.csproj]
C:\Users\luo\.codex\worktrees\p3-db04-restore-drill-20260810\Server.MirForms\Database\MapInfoForm.cs(1764,41): warning CS8600: 将 null 文本或可能的 null 值转换为不可为 null 类型。 [C:\Users\luo\.codex\worktrees\p3-db04-restore-drill-20260810\Server.MirForms\Server.csproj]
C:\Users\luo\.codex\worktrees\p3-db04-restore-drill-20260810\Server.MirForms\Database\MapInfoForm.cs(1771,49): warning CS8600: 将 null 文本或可能的 null 值转换为不可为 null 类型。 [C:\Users\luo\.codex\worktrees\p3-db04-restore-drill-20260810\Server.MirForms\Server.csproj]
C:\Users\luo\.codex\worktrees\p3-db04-restore-drill-20260810\Server.MirForms\Database\ItemInfoForm.cs(1913,47): warning CS8605: 取消装箱可能为 null 的值。 [C:\Users\luo\.codex\worktrees\p3-db04-restore-drill-20260810\Server.MirForms\Server.csproj]
C:\Users\luo\.codex\worktrees\p3-db04-restore-drill-20260810\Server.MirForms\DropBuilder\DropBuilderForm.cs(976,87): warning CS8625: 无法将 null 字面量转换为非 null 的引用类型。 [C:\Users\luo\.codex\worktrees\p3-db04-restore-drill-20260810\Server.MirForms\Server.csproj]
C:\Users\luo\.codex\worktrees\p3-db04-restore-drill-20260810\Server.MirForms\DropBuilder\DropBuilderForm.cs(982,87): warning CS8625: 无法将 null 字面量转换为非 null 的引用类型。 [C:\Users\luo\.codex\worktrees\p3-db04-restore-drill-20260810\Server.MirForms\Server.csproj]
C:\Users\luo\.codex\worktrees\p3-db04-restore-drill-20260810\Server.MirForms\Systems\ScriptDebugForm.cs(2094,60): warning CS8602: 解引用可能出现空引用。 [C:\Users\luo\.codex\worktrees\p3-db04-restore-drill-20260810\Server.MirForms\Server.csproj]
C:\Users\luo\.codex\worktrees\p3-db04-restore-drill-20260810\Server.MirForms\Systems\ScriptDebugForm.cs(2095,61): warning CS8602: 解引用可能出现空引用。 [C:\Users\luo\.codex\worktrees\p3-db04-restore-drill-20260810\Server.MirForms\Server.csproj]
C:\Users\luo\.codex\worktrees\p3-db04-restore-drill-20260810\Server.MirForms\Systems\ScriptDebugForm.cs(2096,55): warning CS8602: 解引用可能出现空引用。 [C:\Users\luo\.codex\worktrees\p3-db04-restore-drill-20260810\Server.MirForms\Server.csproj]
C:\Users\luo\.codex\worktrees\p3-db04-restore-drill-20260810\Server.MirForms\Systems\ScriptDebugForm.cs(2097,56): warning CS8602: 解引用可能出现空引用。 [C:\Users\luo\.codex\worktrees\p3-db04-restore-drill-20260810\Server.MirForms\Server.csproj]
C:\Users\luo\.codex\worktrees\p3-db04-restore-drill-20260810\Server.MirForms\Systems\ScriptDebugForm.cs(2098,54): warning CS8602: 解引用可能出现空引用。 [C:\Users\luo\.codex\worktrees\p3-db04-restore-drill-20260810\Server.MirForms\Server.csproj]
C:\Users\luo\.codex\worktrees\p3-db04-restore-drill-20260810\Server.MirForms\Systems\ScriptDebugForm.cs(2099,54): warning CS8602: 解引用可能出现空引用。 [C:\Users\luo\.codex\worktrees\p3-db04-restore-drill-20260810\Server.MirForms\Server.csproj]
C:\Users\luo\.codex\worktrees\p3-db04-restore-drill-20260810\Server.MirForms\Systems\ScriptDebugForm.cs(2100,59): warning CS8602: 解引用可能出现空引用。 [C:\Users\luo\.codex\worktrees\p3-db04-restore-drill-20260810\Server.MirForms\Server.csproj]
C:\Users\luo\.codex\worktrees\p3-db04-restore-drill-20260810\Server.MirForms\Systems\ScriptDebugForm.cs(2101,61): warning CS8602: 解引用可能出现空引用。 [C:\Users\luo\.codex\worktrees\p3-db04-restore-drill-20260810\Server.MirForms\Server.csproj]
C:\Users\luo\.codex\worktrees\p3-db04-restore-drill-20260810\Server.MirForms\Systems\ScriptDebugExpressionEvaluator.cs(39,22): warning VSTHRD002: Synchronously waiting on tasks or awaiters may cause deadlocks. Use await or JoinableTaskFactory.Run instead. (https://github.com/Microsoft/vs-threading/blob/main/doc/analyzers/VSTHRD002.md) [C:\Users\luo\.codex\worktrees\p3-db04-restore-drill-20260810\Server.MirForms\Server.csproj]
C:\Users\luo\.codex\worktrees\p3-db04-restore-drill-20260810\Server.MirForms\Systems\ScriptDebugExpressionEvaluator.cs(41,34): warning VSTHRD002: Synchronously waiting on tasks or awaiters may cause deadlocks. Use await or JoinableTaskFactory.Run instead. (https://github.com/Microsoft/vs-threading/blob/main/doc/analyzers/VSTHRD002.md) [C:\Users\luo\.codex\worktrees\p3-db04-restore-drill-20260810\Server.MirForms\Server.csproj]
C:\Users\luo\.codex\worktrees\p3-db04-restore-drill-20260810\Server.MirForms\Systems\ScriptDebugForm.cs(241,61): warning VSTHRD101: Avoid using async lambda for a void returning delegate type, because any exceptions not handled by the delegate will crash the process (https://github.com/Microsoft/vs-threading/blob/main/doc/analyzers/VSTHRD101.md) [C:\Users\luo\.codex\worktrees\p3-db04-restore-drill-20260810\Server.MirForms\Server.csproj]
C:\Users\luo\.codex\worktrees\p3-db04-restore-drill-20260810\Server.MirForms\Systems\ScriptDebugForm.cs(242,55): warning VSTHRD101: Avoid using async lambda for a void returning delegate type, because any exceptions not handled by the delegate will crash the process (https://github.com/Microsoft/vs-threading/blob/main/doc/analyzers/VSTHRD101.md) [C:\Users\luo\.codex\worktrees\p3-db04-restore-drill-20260810\Server.MirForms\Server.csproj]
C:\Users\luo\.codex\worktrees\p3-db04-restore-drill-20260810\Server.MirForms\Systems\ScriptDebugForm.cs(243,59): warning VSTHRD101: Avoid using async lambda for a void returning delegate type, because any exceptions not handled by the delegate will crash the process (https://github.com/Microsoft/vs-threading/blob/main/doc/analyzers/VSTHRD101.md) [C:\Users\luo\.codex\worktrees\p3-db04-restore-drill-20260810\Server.MirForms\Server.csproj]
C:\Users\luo\.codex\worktrees\p3-db04-restore-drill-20260810\Server.MirForms\Systems\ScriptDebugForm.cs(283,55): warning VSTHRD101: Avoid using async lambda for a void returning delegate type, because any exceptions not handled by the delegate will crash the process (https://github.com/Microsoft/vs-threading/blob/main/doc/analyzers/VSTHRD101.md) [C:\Users\luo\.codex\worktrees\p3-db04-restore-drill-20260810\Server.MirForms\Server.csproj]
C:\Users\luo\.codex\worktrees\p3-db04-restore-drill-20260810\Server.MirForms\Systems\ScriptDebugForm.cs(288,60): warning VSTHRD101: Avoid using async lambda for a void returning delegate type, because any exceptions not handled by the delegate will crash the process (https://github.com/Microsoft/vs-threading/blob/main/doc/analyzers/VSTHRD101.md) [C:\Users\luo\.codex\worktrees\p3-db04-restore-drill-20260810\Server.MirForms\Server.csproj]
C:\Users\luo\.codex\worktrees\p3-db04-restore-drill-20260810\Server.MirForms\Systems\ScriptDebugForm.cs(309,65): warning VSTHRD101: Avoid using async lambda for a void returning delegate type, because any exceptions not handled by the delegate will crash the process (https://github.com/Microsoft/vs-threading/blob/main/doc/analyzers/VSTHRD101.md) [C:\Users\luo\.codex\worktrees\p3-db04-restore-drill-20260810\Server.MirForms\Server.csproj]
C:\Users\luo\.codex\worktrees\p3-db04-restore-drill-20260810\Server.MirForms\Systems\ScriptDebugForm.cs(330,59): warning VSTHRD101: Avoid using async lambda for a void returning delegate type, because any exceptions not handled by the delegate will crash the process (https://github.com/Microsoft/vs-threading/blob/main/doc/analyzers/VSTHRD101.md) [C:\Users\luo\.codex\worktrees\p3-db04-restore-drill-20260810\Server.MirForms\Server.csproj]
C:\Users\luo\.codex\worktrees\p3-db04-restore-drill-20260810\Server.MirForms\Systems\ScriptDebugForm.cs(331,49): warning VSTHRD101: Avoid using async lambda for a void returning delegate type, because any exceptions not handled by the delegate will crash the process (https://github.com/Microsoft/vs-threading/blob/main/doc/analyzers/VSTHRD101.md) [C:\Users\luo\.codex\worktrees\p3-db04-restore-drill-20260810\Server.MirForms\Server.csproj]
C:\Users\luo\.codex\worktrees\p3-db04-restore-drill-20260810\Server.MirForms\Systems\ScriptDebugForm.cs(334,61): warning VSTHRD101: Avoid using async lambda for a void returning delegate type, because any exceptions not handled by the delegate will crash the process (https://github.com/Microsoft/vs-threading/blob/main/doc/analyzers/VSTHRD101.md) [C:\Users\luo\.codex\worktrees\p3-db04-restore-drill-20260810\Server.MirForms\Server.csproj]
C:\Users\luo\.codex\worktrees\p3-db04-restore-drill-20260810\Server.MirForms\Systems\ScriptDebugForm.cs(335,58): warning VSTHRD101: Avoid using async lambda for a void returning delegate type, because any exceptions not handled by the delegate will crash the process (https://github.com/Microsoft/vs-threading/blob/main/doc/analyzers/VSTHRD101.md) [C:\Users\luo\.codex\worktrees\p3-db04-restore-drill-20260810\Server.MirForms\Server.csproj]
C:\Users\luo\.codex\worktrees\p3-db04-restore-drill-20260810\Server.MirForms\Systems\ScriptDebugForm.cs(343,66): warning VSTHRD101: Avoid using async lambda for a void returning delegate type, because any exceptions not handled by the delegate will crash the process (https://github.com/Microsoft/vs-threading/blob/main/doc/analyzers/VSTHRD101.md) [C:\Users\luo\.codex\worktrees\p3-db04-restore-drill-20260810\Server.MirForms\Server.csproj]
C:\Users\luo\.codex\worktrees\p3-db04-restore-drill-20260810\Server.MirForms\Systems\ScriptDebugForm.cs(353,61): warning VSTHRD101: Avoid using async lambda for a void returning delegate type, because any exceptions not handled by the delegate will crash the process (https://github.com/Microsoft/vs-threading/blob/main/doc/analyzers/VSTHRD101.md) [C:\Users\luo\.codex\worktrees\p3-db04-restore-drill-20260810\Server.MirForms\Server.csproj]
C:\Users\luo\.codex\worktrees\p3-db04-restore-drill-20260810\Server.MirForms\Systems\ScriptDebugForm.cs(354,60): warning VSTHRD101: Avoid using async lambda for a void returning delegate type, because any exceptions not handled by the delegate will crash the process (https://github.com/Microsoft/vs-threading/blob/main/doc/analyzers/VSTHRD101.md) [C:\Users\luo\.codex\worktrees\p3-db04-restore-drill-20260810\Server.MirForms\Server.csproj]
C:\Users\luo\.codex\worktrees\p3-db04-restore-drill-20260810\Server.MirForms\Systems\ScriptDebugForm.cs(799,28): warning VSTHRD100: Avoid "async void" methods, because any exceptions not handled by the method will crash the process (https://github.com/Microsoft/vs-threading/blob/main/doc/analyzers/VSTHRD100.md) [C:\Users\luo\.codex\worktrees\p3-db04-restore-drill-20260810\Server.MirForms\Server.csproj]
    451 个警告
    0 个错误

已用时间 00:00:05.42
